{
"type": "FeatureCollection",
"name": "ehime",
"crs": { "type": "name", "properties": { "name": "urn:ogc:def:crs:OGC:1.3:CRS84" } },
"features": [
{ "type": "Feature", "properties": { "hokenjo": "宇和島" }, "geometry": { "type": "MultiPolygon", "coordinates": [ [ [ [ 132.332999699999988, 33.1045977 ], [ 132.336933599999981, 33.1063801 ], [ 132.3355703, 33.1091129 ], [ 132.332469, 33.109608099999988 ], [ 132.3276333, 33.1090706 ], [ 132.323748099999989, 33.1073767 ], [ 132.320752699999986, 33.1081927 ], [ 132.3186952, 33.1069924 ], [ 132.318063699999982, 33.102075899999988 ], [ 132.325119699999988, 33.1024954 ], [ 132.330993399999983, 33.1052962 ], [ 132.332999699999988, 33.1045977 ] ] ], [ [ [ 132.3048901, 33.1565813 ], [ 132.3073401, 33.160398 ], [ 132.3105802, 33.1618525 ], [ 132.3089526, 33.1638516 ], [ 132.3048206, 33.1595809 ], [ 132.2970499, 33.1600533 ], [ 132.2955584, 33.1581534 ], [ 132.2895576, 33.1615062 ], [ 132.290389799999986, 33.156934 ], [ 132.292898799999989, 33.1543151 ], [ 132.298701099999988, 33.1541352 ], [ 132.3016261, 33.1525221 ], [ 132.303338, 33.1497609 ], [ 132.3116991, 33.148418 ], [ 132.314769, 33.1509916 ], [ 132.307046899999989, 33.1515562 ], [ 132.3054487, 33.1528554 ], [ 132.3048901, 33.1565813 ] ] ], [ [ [ 132.3312507, 33.1551842 ], [ 132.335199599999982, 33.1581702 ], [ 132.3419673, 33.1596639 ], [ 132.338902300000029, 33.1615222 ], [ 132.329432, 33.1569418 ], [ 132.3312507, 33.1551842 ] ] ], [ [ [ 132.3937645, 33.1656538 ], [ 132.395663899999988, 33.1620862 ], [ 132.3982345, 33.1655321 ], [ 132.397087199999987, 33.1675829 ], [ 132.3937645, 33.1656538 ] ] ], [ [ [ 132.2656733, 33.1740557 ], [ 132.2669869, 33.1800744 ], [ 132.2660445, 33.1836903 ], [ 132.2633918, 33.1846736 ], [ 132.2643292, 33.1798902 ], [ 132.2630451, 33.1733979 ], [ 132.2645114, 33.1726825 ], [ 132.266130299999986, 33.1683157 ], [ 132.2739833, 33.1698194 ], [ 132.279028, 33.1700017 ], [ 132.282362799999987, 33.1692951 ], [ 132.2899148, 33.1628999 ], [ 132.2892262, 33.1662802 ], [ 132.2930734, 33.1695842 ], [ 132.2940281, 33.1756196 ], [ 132.295502299999981, 33.1784049 ], [ 132.2897056, 33.1775414 ], [ 132.2897702, 33.1759417 ], [ 132.2842598, 33.1736579 ], [ 132.281920899999989, 33.1764999 ], [ 132.2798163, 33.1750887 ], [ 132.2797251, 33.172706 ], [ 132.2770212, 33.1712681 ], [ 132.271708099999984, 33.1772382 ], [ 132.2698029, 33.1772995 ], [ 132.268551799999983, 33.1730222 ], [ 132.2656733, 33.1740557 ] ] ], [ [ [ 132.398944699999987, 33.1823199 ], [ 132.4001467, 33.1801914 ], [ 132.4042203, 33.1816013 ], [ 132.4033737, 33.1834319 ], [ 132.398944699999987, 33.1823199 ] ] ], [ [ [ 132.369301800000017, 33.1833429 ], [ 132.374464499999988, 33.1837998 ], [ 132.3725967, 33.1859943 ], [ 132.3684101, 33.1873207 ], [ 132.3662636, 33.1860725 ], [ 132.369301800000017, 33.1833429 ] ] ], [ [ [ 132.382728, 33.2116407 ], [ 132.3799885, 33.2150745 ], [ 132.380171499999989, 33.2181011 ], [ 132.375059099999987, 33.2216285 ], [ 132.3777713, 33.2188245 ], [ 132.3770314, 33.2171974 ], [ 132.3684116, 33.2137068 ], [ 132.3651074, 33.2111233 ], [ 132.365251199999989, 33.2076392 ], [ 132.359375199999988, 33.2054168 ], [ 132.35570389999998, 33.2047385 ], [ 132.3524579, 33.207721 ], [ 132.3471011, 33.2065909 ], [ 132.354053, 33.2039868 ], [ 132.357544599999983, 33.1997291 ], [ 132.3566793, 33.1943465 ], [ 132.3588545, 33.19318 ], [ 132.3576569, 33.1891457 ], [ 132.363728899999984, 33.1878277 ], [ 132.3652444, 33.1894803 ], [ 132.3606694, 33.1939216 ], [ 132.3603038, 33.1963903 ], [ 132.362719299999981, 33.1989437 ], [ 132.3609255, 33.2021777 ], [ 132.3635769, 33.2038036 ], [ 132.3682163, 33.2044183 ], [ 132.3756139, 33.2083285 ], [ 132.3803522, 33.2082324 ], [ 132.3826738, 33.2093819 ], [ 132.382728, 33.2116407 ] ] ], [ [ [ 132.3598226, 33.2279405 ], [ 132.3608664, 33.2251288 ], [ 132.364185599999985, 33.223825 ], [ 132.3619023, 33.2320202 ], [ 132.360097599999989, 33.2316231 ], [ 132.3598226, 33.2279405 ] ] ], [ [ [ 132.4070511, 32.9357981 ], [ 132.4051036, 32.9373503 ], [ 132.4057047, 32.9410408 ], [ 132.405370299999987, 32.946165 ], [ 132.4035769, 32.944370299999989 ], [ 132.4039431, 32.9379778 ], [ 132.402585599999981, 32.9343331 ], [ 132.4070511, 32.9357981 ] ] ], [ [ [ 132.455468199999984, 32.9428387 ], [ 132.458621699999981, 32.9463692 ], [ 132.4583135, 32.9500714 ], [ 132.455182799999989, 32.9521038 ], [ 132.4534242, 32.9488049 ], [ 132.4502874, 32.9471355 ], [ 132.447041399999989, 32.9481087 ], [ 132.441883599999983, 32.9437494 ], [ 132.435621199999986, 32.9430349 ], [ 132.436946100000029, 32.9407015 ], [ 132.444695699999983, 32.9405323 ], [ 132.4469894, 32.9432256 ], [ 132.4503067, 32.9438431 ], [ 132.455468199999984, 32.9428387 ] ] ], [ [ [ 132.6610689, 33.0553394 ], [ 132.6576739, 33.0570575 ], [ 132.662331099999989, 33.0634678 ], [ 132.6666381, 33.0662264 ], [ 132.669502199999982, 33.0711831 ], [ 132.6666769, 33.0804797 ], [ 132.6700511, 33.0855069 ], [ 132.6693114, 33.092391899999988 ], [ 132.6659497, 33.0994781 ], [ 132.6653828, 33.1040411 ], [ 132.6635231, 33.108995 ], [ 132.653890599999983, 33.1104108 ], [ 132.6466364, 33.1155656 ], [ 132.644442199999986, 33.1202269 ], [ 132.6444031, 33.1221875 ], [ 132.638281399999983, 33.12791 ], [ 132.637475599999988, 33.1323917 ], [ 132.6298161, 33.1322944 ], [ 132.6282161, 33.1347567 ], [ 132.6296236, 33.1386031 ], [ 132.632295, 33.1492444 ], [ 132.627574399999986, 33.1534458 ], [ 132.6247894, 33.1593497 ], [ 132.6193342, 33.1626836 ], [ 132.614865, 33.1692894 ], [ 132.6194853, 33.1734658 ], [ 132.6194442, 33.1808794 ], [ 132.6260039, 33.1838642 ], [ 132.63565939999998, 33.1863997 ], [ 132.6370858, 33.1847625 ], [ 132.6371308, 33.1827681 ], [ 132.63442, 33.1787925 ], [ 132.6387325, 33.1736103 ], [ 132.6442328, 33.1729158 ], [ 132.6466786, 33.1718642 ], [ 132.6487833, 33.1679403 ], [ 132.6511669, 33.1670706 ], [ 132.6596647, 33.1600081 ], [ 132.66238, 33.1544189 ], [ 132.667772499999984, 33.1516592 ], [ 132.67356, 33.1499822 ], [ 132.6803578, 33.1441981 ], [ 132.6834658, 33.1391292 ], [ 132.6868881, 33.1348478 ], [ 132.6958353, 33.1375872 ], [ 132.695852799999983, 33.1426117 ], [ 132.698601699999983, 33.1464125 ], [ 132.706819199999984, 33.1506217 ], [ 132.7105606, 33.1531569 ], [ 132.7119597, 33.1560553 ], [ 132.714226100000019, 33.1565778 ], [ 132.7171778, 33.1598772 ], [ 132.7195508, 33.1667875 ], [ 132.725812499999989, 33.1682761 ], [ 132.731308899999988, 33.17395 ], [ 132.7315894, 33.1764028 ], [ 132.734655, 33.1802222 ], [ 132.737837499999983, 33.1821581 ], [ 132.7372164, 33.1863306 ], [ 132.741911099999982, 33.1897433 ], [ 132.7392514, 33.192425 ], [ 132.738415799999984, 33.1958444 ], [ 132.740642500000035, 33.2012836 ], [ 132.7429181, 33.2010414 ], [ 132.74848, 33.2034867 ], [ 132.750748099999981, 33.2024761 ], [ 132.75944, 33.2017036 ], [ 132.7654603, 33.2042331 ], [ 132.767957199999984, 33.2032836 ], [ 132.771850299999983, 33.2055433 ], [ 132.7753531, 33.205821899999989 ], [ 132.7759433, 33.2084094 ], [ 132.7731608, 33.2124367 ], [ 132.7735875, 33.2179689 ], [ 132.7708592, 33.2210425 ], [ 132.771143099999989, 33.2263078 ], [ 132.774597799999981, 33.2283539 ], [ 132.774909399999984, 33.2339942 ], [ 132.7721694, 33.2385725 ], [ 132.7719217, 33.2410631 ], [ 132.777605599999987, 33.2461397 ], [ 132.7777322, 33.2515253 ], [ 132.7796081, 33.2561656 ], [ 132.782167499999986, 33.2569644 ], [ 132.787343599999986, 33.2625817 ], [ 132.7871419, 33.2670389 ], [ 132.7891358, 33.27047 ], [ 132.793117199999983, 33.2748414 ], [ 132.795906699999989, 33.2741619 ], [ 132.8005097, 33.2754975 ], [ 132.8035861, 33.2774858 ], [ 132.8099408, 33.2801681 ], [ 132.814535299999989, 33.2806586 ], [ 132.8175625, 33.2838311 ], [ 132.8243975, 33.2822306 ], [ 132.832629699999984, 33.2853981 ], [ 132.8348492, 33.2880153 ], [ 132.8376336, 33.289405 ], [ 132.8395514, 33.2878617 ], [ 132.849717199999986, 33.2896422 ], [ 132.8513653, 33.2915544 ], [ 132.8577033, 33.2931861 ], [ 132.863057199999986, 33.2977719 ], [ 132.8716475, 33.3031014 ], [ 132.8724617, 33.3049264 ], [ 132.8758872, 33.305197199999988 ], [ 132.8849492, 33.3071033 ], [ 132.8931403, 33.3118872 ], [ 132.8955219, 33.3120042 ], [ 132.898545800000022, 33.3147028 ], [ 132.900666699999988, 33.3206225 ], [ 132.898984399999989, 33.32445 ], [ 132.9033436, 33.33014 ], [ 132.9017667, 33.3357631 ], [ 132.902885, 33.3380408 ], [ 132.9004358, 33.343736899999989 ], [ 132.8947339, 33.3495256 ], [ 132.8937908, 33.3525236 ], [ 132.891144199999985, 33.3547106 ], [ 132.8901339, 33.3575092 ], [ 132.8870617, 33.3587133 ], [ 132.883797499999986, 33.3623492 ], [ 132.8793672, 33.3625394 ], [ 132.874133100000023, 33.3639614 ], [ 132.871977499999986, 33.3658986 ], [ 132.8667431, 33.3680972 ], [ 132.8650389, 33.3674128 ], [ 132.86002, 33.3684553 ], [ 132.8590706, 33.3739075 ], [ 132.856585, 33.3781144 ], [ 132.856502799999987, 33.3825864 ], [ 132.8530475, 33.3882167 ], [ 132.851873899999987, 33.3860656 ], [ 132.846189700000025, 33.3810203 ], [ 132.8402211, 33.3776397 ], [ 132.8375275, 33.3787233 ], [ 132.83373, 33.3758333 ], [ 132.8255225, 33.3730311 ], [ 132.8260467, 33.3699011 ], [ 132.825168099999985, 33.3667036 ], [ 132.822081699999984, 33.3614117 ], [ 132.8213739, 33.3571036 ], [ 132.8193708, 33.3567842 ], [ 132.8147119, 33.3530478 ], [ 132.8123958, 33.349855 ], [ 132.8089014, 33.3482864 ], [ 132.808172499999984, 33.3465269 ], [ 132.803363599999983, 33.3431664 ], [ 132.798227199999985, 33.3438681 ], [ 132.790996399999983, 33.3435914 ], [ 132.788227799999987, 33.3463311 ], [ 132.7845561, 33.3466483 ], [ 132.784420600000033, 33.3509447 ], [ 132.782778600000029, 33.3544825 ], [ 132.7806392, 33.3559631 ], [ 132.7762386, 33.3534417 ], [ 132.7736806, 33.3508586 ], [ 132.769173599999988, 33.3500614 ], [ 132.765805799999981, 33.3483494 ], [ 132.758823299999989, 33.3464711 ], [ 132.7567192, 33.3440578 ], [ 132.753875, 33.3439361 ], [ 132.7492403, 33.3457664 ], [ 132.741689399999984, 33.345005 ], [ 132.734494399999988, 33.3430036 ], [ 132.7307494, 33.346007199999988 ], [ 132.7271108, 33.3445425 ], [ 132.7253858, 33.3456014 ], [ 132.7249128, 33.3485869 ], [ 132.7231667, 33.3505344 ], [ 132.7199903, 33.3507878 ], [ 132.718116100000032, 33.3477247 ], [ 132.714008300000017, 33.3449242 ], [ 132.7082608, 33.3465644 ], [ 132.705725, 33.3459828 ], [ 132.7033811, 33.3479839 ], [ 132.699988099999985, 33.3472978 ], [ 132.6958483, 33.3489322 ], [ 132.6875014, 33.3493583 ], [ 132.6793217, 33.3483503 ], [ 132.678293599999989, 33.3500472 ], [ 132.6623658, 33.3489519 ], [ 132.66135, 33.3477361 ], [ 132.6604217, 33.33906 ], [ 132.6576275, 33.3362025 ], [ 132.6569264, 33.3323361 ], [ 132.648250599999983, 33.3297672 ], [ 132.643765, 33.3272786 ], [ 132.6343161, 33.32879 ], [ 132.6323003, 33.3305558 ], [ 132.628061699999989, 33.3310372 ], [ 132.6218575, 33.3300997 ], [ 132.613247799999982, 33.3305175 ], [ 132.6096039, 33.3317464 ], [ 132.6037456, 33.3306075 ], [ 132.6011406, 33.3266917 ], [ 132.5948869, 33.3270928 ], [ 132.5827797, 33.3271169 ], [ 132.57601889999998, 33.3295169 ], [ 132.5710872, 33.3285422 ], [ 132.569492199999985, 33.3263303 ], [ 132.5633608, 33.3265083 ], [ 132.5537275, 33.3243636 ], [ 132.546224199999983, 33.3269617 ], [ 132.542339699999985, 33.3269258 ], [ 132.5356842, 33.3282961 ], [ 132.5336336, 33.3305744 ], [ 132.5270203, 33.3342672 ], [ 132.5256953, 33.3358511 ], [ 132.5217161, 33.3362247 ], [ 132.5196967, 33.3377725 ], [ 132.513526899999988, 33.3347961 ], [ 132.5071644, 33.3348294 ], [ 132.50712919999998, 33.3299769 ], [ 132.5028072, 33.32801 ], [ 132.5015458, 33.3263392 ], [ 132.5004203, 33.3185572 ], [ 132.497836899999982, 33.315215 ], [ 132.4982463, 33.3119306 ], [ 132.4982454, 33.3119151 ], [ 132.4982406, 33.3118281 ], [ 132.5041022, 33.3146508 ], [ 132.5046356, 33.3166577 ], [ 132.5121062, 33.3188963 ], [ 132.520501199999984, 33.3153637 ], [ 132.5223733, 33.3158354 ], [ 132.526513, 33.3127792 ], [ 132.527906699999988, 33.3105431 ], [ 132.5281559, 33.306583599999989 ], [ 132.524156799999986, 33.304187899999988 ], [ 132.5167721, 33.3049235 ], [ 132.51234359999998, 33.3043708 ], [ 132.5083851, 33.3060794 ], [ 132.5059202, 33.3041205 ], [ 132.5054441, 33.3009894 ], [ 132.4982938, 33.2986075 ], [ 132.493289399999981, 33.2957899 ], [ 132.489405, 33.2945904 ], [ 132.4882445, 33.2919187 ], [ 132.483076, 33.2896292 ], [ 132.4817218, 33.2861857 ], [ 132.483801, 33.2822003 ], [ 132.4795887, 33.279973 ], [ 132.477469, 33.2752397 ], [ 132.4748602, 33.2751073 ], [ 132.4728129, 33.2721775 ], [ 132.475205599999981, 33.2681483 ], [ 132.474448099999989, 33.2653049 ], [ 132.470908799999989, 33.2610084 ], [ 132.469694, 33.2572012 ], [ 132.4735575, 33.2549172 ], [ 132.4751274, 33.2565988 ], [ 132.4746941, 33.2607729 ], [ 132.4769383, 33.2632897 ], [ 132.4805359, 33.2634227 ], [ 132.4840127, 33.2662826 ], [ 132.483362, 33.267743 ], [ 132.479348099999982, 33.2675411 ], [ 132.475738799999988, 33.2698417 ], [ 132.4788389, 33.2722568 ], [ 132.4813795, 33.2727143 ], [ 132.4829179, 33.2748676 ], [ 132.4870033, 33.2740493 ], [ 132.488904, 33.2693473 ], [ 132.4910381, 33.268894 ], [ 132.4937359, 33.2710824 ], [ 132.500948099999988, 33.2701379 ], [ 132.5037685, 33.2680328 ], [ 132.50332419999998, 33.2625072 ], [ 132.5066669, 33.2596553 ], [ 132.5093728, 33.2591773 ], [ 132.515407499999981, 33.2600491 ], [ 132.513654299999985, 33.2639091 ], [ 132.5167784, 33.2655847 ], [ 132.5192, 33.2616801 ], [ 132.521860799999985, 33.2615009 ], [ 132.5265287, 33.2635714 ], [ 132.529966700000017, 33.2635507 ], [ 132.534782, 33.2650397 ], [ 132.538810899999987, 33.2676061 ], [ 132.5381544, 33.2707363 ], [ 132.5428689, 33.2703719 ], [ 132.5412077, 33.2639472 ], [ 132.5427956, 33.2621017 ], [ 132.5409015, 33.2586633 ], [ 132.5369388, 33.2561505 ], [ 132.532922899999988, 33.2547737 ], [ 132.5232801, 33.2529067 ], [ 132.520011899999986, 33.2497419 ], [ 132.523125199999981, 33.2450747 ], [ 132.5307075, 33.2456504 ], [ 132.534117100000032, 33.2421461 ], [ 132.53880909999998, 33.2351123 ], [ 132.550048799999985, 33.2339097 ], [ 132.551352899999983, 33.2302583 ], [ 132.5512823, 33.2257448 ], [ 132.554400499999986, 33.2222972 ], [ 132.557535699999988, 33.2222383 ], [ 132.5576929, 33.2201923 ], [ 132.5533134, 33.2190643 ], [ 132.5513287, 33.2218694 ], [ 132.5462085, 33.2223643 ], [ 132.543281799999988, 33.2262722 ], [ 132.5394819, 33.2269279 ], [ 132.5386804, 33.2226637 ], [ 132.5415834, 33.2196497 ], [ 132.541184099999981, 33.2165788 ], [ 132.5392722, 33.2160741 ], [ 132.5341575, 33.2172269 ], [ 132.5272283, 33.2139146 ], [ 132.5222019, 33.2145356 ], [ 132.5179386, 33.2130624 ], [ 132.51189370000003, 33.2132505 ], [ 132.5090021, 33.2067809 ], [ 132.5058306, 33.2053203 ], [ 132.503580299999982, 33.2027156 ], [ 132.499961, 33.2043677 ], [ 132.499259699999982, 33.2025339 ], [ 132.5046917, 33.201278 ], [ 132.5055135, 33.196647399999989 ], [ 132.4903563, 33.1950837 ], [ 132.4926082, 33.1932101 ], [ 132.500258299999985, 33.190546 ], [ 132.506777, 33.1945605 ], [ 132.508237, 33.1917756 ], [ 132.5049535, 33.1910347 ], [ 132.504282099999983, 33.1879946 ], [ 132.508014, 33.1887949 ], [ 132.5106305, 33.1855369 ], [ 132.5090578, 33.1794438 ], [ 132.5097633, 33.1759822 ], [ 132.5148973, 33.1724547 ], [ 132.501291900000012, 33.1701268 ], [ 132.504509499999983, 33.1752011 ], [ 132.502548100000013, 33.1773277 ], [ 132.5046954, 33.1797273 ], [ 132.5027719, 33.1810222 ], [ 132.4988454, 33.180245 ], [ 132.4987045, 33.1837008 ], [ 132.4947218, 33.182562 ], [ 132.496761, 33.1774481 ], [ 132.49514689999998, 33.1738218 ], [ 132.4967359, 33.1712873 ], [ 132.4914081, 33.1685134 ], [ 132.4894653, 33.1649495 ], [ 132.4867463, 33.1644341 ], [ 132.4812676, 33.1669876 ], [ 132.4771577, 33.1697995 ], [ 132.483842600000031, 33.1747809 ], [ 132.480318399999987, 33.1753869 ], [ 132.483502499999986, 33.1808753 ], [ 132.4827244, 33.1858733 ], [ 132.4794274, 33.1826142 ], [ 132.475917, 33.1836942 ], [ 132.475983499999984, 33.1807387 ], [ 132.4701959, 33.1764183 ], [ 132.4693249, 33.1795868 ], [ 132.465695899999986, 33.1774767 ], [ 132.4651436, 33.1821452 ], [ 132.4624837, 33.1815355 ], [ 132.4582275, 33.1843524 ], [ 132.4575039, 33.1907273 ], [ 132.4559315, 33.1917491 ], [ 132.4553276, 33.1953525 ], [ 132.4572952, 33.196883 ], [ 132.4587206, 33.2024255 ], [ 132.4563269, 33.2015973 ], [ 132.4545837, 33.2036846 ], [ 132.4562929, 33.2061054 ], [ 132.4595744, 33.2078704 ], [ 132.4585619, 33.2107098 ], [ 132.4553005, 33.2093757 ], [ 132.4534544, 33.205475799999988 ], [ 132.4509615, 33.2051704 ], [ 132.451105899999988, 33.2023771 ], [ 132.444223099999988, 33.2010904 ], [ 132.4443042, 33.2039566 ], [ 132.4398354, 33.2041404 ], [ 132.43651, 33.2058467 ], [ 132.4337189, 33.2097429 ], [ 132.430713199999985, 33.2083228 ], [ 132.4272867, 33.2088656 ], [ 132.422692, 33.2109733 ], [ 132.421872799999989, 33.2140097 ], [ 132.4178976, 33.209443 ], [ 132.411701699999981, 33.2065186 ], [ 132.4015147, 33.2064033 ], [ 132.400171199999988, 33.20547 ], [ 132.395234499999987, 33.2062927 ], [ 132.3930684, 33.2049098 ], [ 132.3941139, 33.2023186 ], [ 132.3894647, 33.1980457 ], [ 132.3909711, 33.1972057 ], [ 132.395913299999989, 33.1975399 ], [ 132.398710599999987, 33.1950242 ], [ 132.3968429, 33.1887125 ], [ 132.395619899999986, 33.1871814 ], [ 132.4010108, 33.1846871 ], [ 132.403565499999985, 33.1874357 ], [ 132.407320299999981, 33.1894562 ], [ 132.415149899999989, 33.1904078 ], [ 132.417784399999988, 33.1972776 ], [ 132.4135703, 33.197075 ], [ 132.4102236, 33.1957491 ], [ 132.4066704, 33.1963749 ], [ 132.4075929, 33.1986711 ], [ 132.4048453, 33.1998321 ], [ 132.403598499999987, 33.2053736 ], [ 132.4102299, 33.2050389 ], [ 132.41463779999998, 33.2040178 ], [ 132.4201396, 33.2084461 ], [ 132.4225892, 33.2085527 ], [ 132.4250494, 33.2054231 ], [ 132.4293908, 33.2045686 ], [ 132.4311332, 33.2031163 ], [ 132.4309126, 33.2002396 ], [ 132.43478570000002, 33.198254 ], [ 132.4387208, 33.193306 ], [ 132.437099499999988, 33.1903148 ], [ 132.4391223, 33.187972 ], [ 132.447922, 33.1918951 ], [ 132.446976799999987, 33.1886886 ], [ 132.4470976, 33.1846651 ], [ 132.4507901, 33.1835299 ], [ 132.4576394, 33.1790461 ], [ 132.4581926, 33.1756896 ], [ 132.46410910000003, 33.1703706 ], [ 132.4567801, 33.1683906 ], [ 132.4560219, 33.1713114 ], [ 132.4502733, 33.1718251 ], [ 132.4459558, 33.1705966 ], [ 132.4421486, 33.1679453 ], [ 132.4365305, 33.1696608 ], [ 132.43487589999998, 33.1680234 ], [ 132.4356014, 33.1657492 ], [ 132.43336739999998, 33.1645351 ], [ 132.433996, 33.158399 ], [ 132.4308321, 33.1571437 ], [ 132.4263544, 33.1584458 ], [ 132.425259899999986, 33.1552845 ], [ 132.436043, 33.1515793 ], [ 132.44299239999998, 33.1486412 ], [ 132.444138399999986, 33.146741 ], [ 132.443154099999987, 33.1402429 ], [ 132.4420697, 33.1379005 ], [ 132.446882, 33.1348026 ], [ 132.4488657, 33.1349402 ], [ 132.4518869, 33.1317552 ], [ 132.455242199999986, 33.1350221 ], [ 132.4549719, 33.1386186 ], [ 132.4527502, 33.1401464 ], [ 132.4536071, 33.1425142 ], [ 132.4581751, 33.1403285 ], [ 132.4593509, 33.1377069 ], [ 132.463387499999982, 33.1383139 ], [ 132.4672688, 33.1411483 ], [ 132.4713548, 33.1394779 ], [ 132.473497899999984, 33.1356776 ], [ 132.4763519, 33.134926 ], [ 132.4777493, 33.1367946 ], [ 132.4781243, 33.1419238 ], [ 132.4821614, 33.1384137 ], [ 132.486753199999981, 33.1367917 ], [ 132.493268199999989, 33.1379588 ], [ 132.500310899999988, 33.1371051 ], [ 132.500763100000029, 33.135433 ], [ 132.497564499999982, 33.1319115 ], [ 132.497703, 33.1284695 ], [ 132.4998392, 33.1271963 ], [ 132.499164399999984, 33.1203785 ], [ 132.496129699999983, 33.1217974 ], [ 132.4914777, 33.1202292 ], [ 132.489349, 33.1214209 ], [ 132.488525899999985, 33.1242136 ], [ 132.483663299999989, 33.1247034 ], [ 132.4833097, 33.1204867 ], [ 132.4808246, 33.1196829 ], [ 132.4739482, 33.1210637 ], [ 132.469891800000028, 33.1226599 ], [ 132.4690324, 33.1262149 ], [ 132.4661245, 33.125848 ], [ 132.46245, 33.1269459 ], [ 132.4590976, 33.1249274 ], [ 132.4549212, 33.1243863 ], [ 132.4575954, 33.1213779 ], [ 132.459876899999983, 33.1226984 ], [ 132.4622421, 33.1215149 ], [ 132.4641302, 33.1183357 ], [ 132.46747449999998, 33.117453 ], [ 132.4678963, 33.1142501 ], [ 132.466198, 33.1119859 ], [ 132.47513619999998, 33.1070578 ], [ 132.474508899999989, 33.1033954 ], [ 132.4721247, 33.1026291 ], [ 132.4709206, 33.0993814 ], [ 132.4741894, 33.0971984 ], [ 132.4796531, 33.0988109 ], [ 132.479901499999983, 33.0956462 ], [ 132.4760052, 33.0930939 ], [ 132.4735411, 33.0929171 ], [ 132.468419899999986, 33.0897272 ], [ 132.464439, 33.0908729 ], [ 132.4639435, 33.0885458 ], [ 132.461238399999985, 33.0862135 ], [ 132.4646822, 33.0850188 ], [ 132.4671084, 33.0863116 ], [ 132.470351099999988, 33.0835957 ], [ 132.470391799999987, 33.0804517 ], [ 132.465281799999985, 33.0771807 ], [ 132.469998, 33.0760574 ], [ 132.4710514, 33.0713013 ], [ 132.474730599999987, 33.0731989 ], [ 132.472478, 33.0759604 ], [ 132.4750675, 33.0787812 ], [ 132.472848, 33.0822183 ], [ 132.4765108, 33.0831294 ], [ 132.4782787, 33.0815395 ], [ 132.478540899999985, 33.0781349 ], [ 132.481315699999982, 33.0765089 ], [ 132.486208799999986, 33.0760933 ], [ 132.481703399999986, 33.0728056 ], [ 132.4816113, 33.0699553 ], [ 132.4839508, 33.0674283 ], [ 132.4867736, 33.0674432 ], [ 132.488444099999981, 33.0646651 ], [ 132.4836819, 33.0642336 ], [ 132.4823504, 33.0610158 ], [ 132.4842031, 33.0568836 ], [ 132.479608399999989, 33.056564 ], [ 132.4780743, 33.0648244 ], [ 132.472388699999982, 33.0602059 ], [ 132.4692933, 33.0615202 ], [ 132.4663964, 33.0610138 ], [ 132.462097199999988, 33.0626536 ], [ 132.4572211, 33.058473 ], [ 132.4565466, 33.0568549 ], [ 132.4486762, 33.0554425 ], [ 132.4472389, 33.0586238 ], [ 132.4491573, 33.0610259 ], [ 132.4473774, 33.0624567 ], [ 132.447138, 33.0654774 ], [ 132.4444441, 33.0650707 ], [ 132.4428628, 33.0605889 ], [ 132.443952199999984, 33.0571783 ], [ 132.4375431, 33.0548766 ], [ 132.432181899999989, 33.0542652 ], [ 132.4325962, 33.0562541 ], [ 132.428222399999981, 33.0567465 ], [ 132.4258877, 33.058428 ], [ 132.4283441, 33.0611121 ], [ 132.4276198, 33.0648771 ], [ 132.4249227, 33.0672942 ], [ 132.419364299999984, 33.0646524 ], [ 132.4128791, 33.0631219 ], [ 132.4127509, 33.067188 ], [ 132.415808699999985, 33.0719391 ], [ 132.413568199999986, 33.0723174 ], [ 132.4059107, 33.0695529 ], [ 132.4053447, 33.0607999 ], [ 132.4023781, 33.0587726 ], [ 132.3971917, 33.0572896 ], [ 132.397948, 33.0542969 ], [ 132.4035182, 33.0514218 ], [ 132.404928700000028, 33.0473911 ], [ 132.4029893, 33.0398184 ], [ 132.401286699999986, 33.0387779 ], [ 132.3981219, 33.0407793 ], [ 132.3951941, 33.038768 ], [ 132.3983776, 33.0362322 ], [ 132.398072499999984, 33.0328605 ], [ 132.3961157, 33.0283469 ], [ 132.3919324, 33.0259682 ], [ 132.3861451, 33.0258647 ], [ 132.3785873, 33.022879 ], [ 132.383248, 33.0182886 ], [ 132.3867219, 33.0207164 ], [ 132.3936335, 33.0199479 ], [ 132.3943927, 33.0141172 ], [ 132.39701, 33.0143915 ], [ 132.3954177, 33.0178953 ], [ 132.3969702, 33.0224482 ], [ 132.3996847, 33.023062 ], [ 132.399122, 33.0257466 ], [ 132.401329299999986, 33.0278805 ], [ 132.4047654, 33.0291061 ], [ 132.407094199999989, 33.0273873 ], [ 132.410558399999985, 33.0268253 ], [ 132.404125199999982, 33.034641199999989 ], [ 132.4086264, 33.0401955 ], [ 132.4097526, 33.0459061 ], [ 132.4074381, 33.0480328 ], [ 132.4086022, 33.0503887 ], [ 132.407542799999987, 33.054901 ], [ 132.4119871, 33.0565518 ], [ 132.414330399999983, 33.0549445 ], [ 132.418055, 33.0580691 ], [ 132.422897899999981, 33.0544821 ], [ 132.4249811, 33.055224 ], [ 132.4292767, 33.0527721 ], [ 132.428684299999986, 33.0495169 ], [ 132.4316925, 33.0476254 ], [ 132.432148399999988, 33.0509901 ], [ 132.4374502, 33.051653 ], [ 132.4429701, 33.0481106 ], [ 132.4428892, 33.0419093 ], [ 132.445556, 33.0422313 ], [ 132.450430399999988, 33.0393261 ], [ 132.452254899999986, 33.0351803 ], [ 132.4554961, 33.038873 ], [ 132.4508658, 33.0413913 ], [ 132.449389599999989, 33.0441573 ], [ 132.4496412, 33.047965 ], [ 132.4536061, 33.0475234 ], [ 132.4560847, 33.0492021 ], [ 132.4600609, 33.0462279 ], [ 132.4613665, 33.0478086 ], [ 132.4659742, 33.0497471 ], [ 132.4707995, 33.0492722 ], [ 132.468922599999985, 33.045263 ], [ 132.4689026, 33.0407139 ], [ 132.474558, 33.0420909 ], [ 132.474791, 33.0464426 ], [ 132.4804446, 33.0494801 ], [ 132.4851894, 33.0464175 ], [ 132.4858827, 33.0421814 ], [ 132.483465099999989, 33.0328693 ], [ 132.4814365, 33.030523 ], [ 132.4814662, 33.0279472 ], [ 132.4842701, 33.0243421 ], [ 132.484946799999989, 33.0106715 ], [ 132.4905034, 33.0108855 ], [ 132.4904674, 33.0149448 ], [ 132.4949795, 33.0184013 ], [ 132.4960213, 33.0121183 ], [ 132.5022574, 33.0085952 ], [ 132.5060468, 33.0049453 ], [ 132.506102, 33.0027526 ], [ 132.503179599999982, 33.0018562 ], [ 132.502507399999985, 32.9996551 ], [ 132.503587899999985, 32.9956213 ], [ 132.5005962, 32.9938025 ], [ 132.5041295, 32.9877444 ], [ 132.5077106, 32.9837896 ], [ 132.5094073, 32.9831368 ], [ 132.5112294, 32.9767442 ], [ 132.514204399999983, 32.9757387 ], [ 132.5210328, 32.9762001 ], [ 132.52471509999998, 32.9774731 ], [ 132.5236611, 32.9736283 ], [ 132.5250169, 32.9716063 ], [ 132.5294795, 32.971777 ], [ 132.532528499999984, 32.9736356 ], [ 132.53728, 32.968605 ], [ 132.5399205, 32.9707253 ], [ 132.5422007, 32.9700916 ], [ 132.5452564, 32.9653236 ], [ 132.551182899999986, 32.9636043 ], [ 132.5538886, 32.9602498 ], [ 132.5526711, 32.9574296 ], [ 132.5503259, 32.9568586 ], [ 132.547657, 32.9590244 ], [ 132.544489699999986, 32.9599527 ], [ 132.5417996, 32.9622052 ], [ 132.5373769, 32.9641825 ], [ 132.5310465, 32.9657498 ], [ 132.5279708, 32.9621992 ], [ 132.5278495, 32.9598907 ], [ 132.523509599999983, 32.9614309 ], [ 132.5223667, 32.964763399999988 ], [ 132.5193167, 32.9614899 ], [ 132.516469699999988, 32.9608912 ], [ 132.515196, 32.9664306 ], [ 132.513722299999984, 32.9673237 ], [ 132.5081118, 32.9676301 ], [ 132.5053409, 32.9665316 ], [ 132.5059987, 32.9636936 ], [ 132.4996351, 32.9650857 ], [ 132.501168399999983, 32.9686699 ], [ 132.501533, 32.9731774 ], [ 132.4963152, 32.9753443 ], [ 132.496192899999983, 32.977206 ], [ 132.500869699999981, 32.9794791 ], [ 132.495729399999988, 32.9857139 ], [ 132.4930023, 32.9847407 ], [ 132.488273599999985, 32.9806656 ], [ 132.4849082, 32.980649 ], [ 132.4867021, 32.9734063 ], [ 132.4788007, 32.971762 ], [ 132.473464299999989, 32.9720261 ], [ 132.4716721, 32.9685583 ], [ 132.4775381, 32.9693604 ], [ 132.4809902, 32.9677861 ], [ 132.4829088, 32.9643713 ], [ 132.4816424, 32.9615194 ], [ 132.4863377, 32.9613458 ], [ 132.489848199999983, 32.9594146 ], [ 132.495321099999984, 32.9583951 ], [ 132.5027912, 32.9560473 ], [ 132.500921399999982, 32.9535702 ], [ 132.499818, 32.9485201 ], [ 132.494344499999983, 32.947919299999988 ], [ 132.4958354, 32.9437877 ], [ 132.4937645, 32.9407125 ], [ 132.49070709999998, 32.9399607 ], [ 132.4873165, 32.9417899 ], [ 132.4816272, 32.9381747 ], [ 132.4774349, 32.937893699999989 ], [ 132.476724599999983, 32.9401604 ], [ 132.4687477, 32.9398531 ], [ 132.465562899999981, 32.9424877 ], [ 132.4625902, 32.941481 ], [ 132.460532699999987, 32.9381515 ], [ 132.4627207, 32.9361299 ], [ 132.46839989999998, 32.9363231 ], [ 132.4712308, 32.9344751 ], [ 132.472364199999987, 32.9312952 ], [ 132.4734736, 32.9233821 ], [ 132.4775003, 32.9222815 ], [ 132.477778199999989, 32.9187796 ], [ 132.474926, 32.9151889 ], [ 132.4768205, 32.9130831 ], [ 132.477292299999988, 32.9095498 ], [ 132.4722442, 32.9075406 ], [ 132.476407, 32.9046444 ], [ 132.4847245, 32.9045588 ], [ 132.4892304, 32.9021801 ], [ 132.496451399999984, 32.903414 ], [ 132.4992627, 32.9055002 ], [ 132.5049324, 32.9048578 ], [ 132.5067248, 32.9035391 ], [ 132.512457899999987, 32.902854499999989 ], [ 132.515274100000028, 32.903217399999988 ], [ 132.5174381, 32.9059414 ], [ 132.5216388, 32.9083124 ], [ 132.518879299999981, 32.910341 ], [ 132.5215169, 32.9134991 ], [ 132.5258699, 32.9136792 ], [ 132.5270789, 32.9198268 ], [ 132.5203316, 32.9197383 ], [ 132.515213099999983, 32.9185151 ], [ 132.5119018, 32.9164373 ], [ 132.5049517, 32.914671 ], [ 132.5007721, 32.91494 ], [ 132.497232699999984, 32.9194371 ], [ 132.5063618, 32.9259328 ], [ 132.5105029, 32.9268953 ], [ 132.5161412, 32.9321487 ], [ 132.521768899999984, 32.9317047 ], [ 132.5243429, 32.9337524 ], [ 132.517559399999982, 32.936907 ], [ 132.5151081, 32.9414943 ], [ 132.5128575, 32.9398721 ], [ 132.509208299999983, 32.9401969 ], [ 132.5043618, 32.9430411 ], [ 132.5048203, 32.9470049 ], [ 132.507443199999983, 32.947052 ], [ 132.512665699999985, 32.9501326 ], [ 132.516331, 32.948426499999989 ], [ 132.5185943, 32.9497243 ], [ 132.525248, 32.9487078 ], [ 132.5253449, 32.9455238 ], [ 132.5280252, 32.9455386 ], [ 132.531025199999988, 32.9485642 ], [ 132.5361503, 32.9483654 ], [ 132.5378445, 32.9471248 ], [ 132.536971099999988, 32.9421982 ], [ 132.535481, 32.940659 ], [ 132.5402081, 32.9390785 ], [ 132.539923099999982, 32.9361709 ], [ 132.546037899999988, 32.9347429 ], [ 132.549716099999983, 32.9327577 ], [ 132.55329949999998, 32.9339451 ], [ 132.556374799999986, 32.9334512 ], [ 132.5615776, 32.9307551 ], [ 132.565947599999987, 32.9302642 ], [ 132.5669375, 32.9323158 ], [ 132.5626062, 32.9334574 ], [ 132.55910369999998, 32.9369575 ], [ 132.555093100000022, 32.9376824 ], [ 132.554361199999988, 32.9392461 ], [ 132.5499043, 32.9388523 ], [ 132.549726, 32.9423811 ], [ 132.5480996, 32.9448649 ], [ 132.551339399999989, 32.9471004 ], [ 132.554592499999984, 32.9444578 ], [ 132.5570684, 32.9467512 ], [ 132.562413099999986, 32.94438 ], [ 132.564017899999982, 32.9471983 ], [ 132.5718489, 32.9461495 ], [ 132.5750745, 32.9447668 ], [ 132.5742898, 32.9423766 ], [ 132.577612499999987, 32.9391489 ], [ 132.5798465, 32.9417884 ], [ 132.588199, 32.942465399999989 ], [ 132.593117799999987, 32.9458116 ], [ 132.599275500000033, 32.9450819 ], [ 132.5968251, 32.9432872 ], [ 132.5915697, 32.9412047 ], [ 132.589837599999981, 32.9391996 ], [ 132.5872147, 32.9388054 ], [ 132.5860652, 32.9345626 ], [ 132.58810889999998, 32.929301 ], [ 132.590470499999981, 32.9281158 ], [ 132.590348399999982, 32.9257022 ], [ 132.592332299999981, 32.9239229 ], [ 132.5954358, 32.9248315 ], [ 132.5986833, 32.9229134 ], [ 132.5989918, 32.9199787 ], [ 132.5960412, 32.9170544 ], [ 132.5970989, 32.9136335 ], [ 132.599030199999987, 32.9126163 ], [ 132.6060675, 32.9157837 ], [ 132.6087777, 32.9156342 ], [ 132.6143112, 32.9182846 ], [ 132.620765899999981, 32.9202682 ], [ 132.6279089, 32.9239522 ], [ 132.6308612, 32.9239757 ], [ 132.6472805, 32.9281065 ], [ 132.6512807, 32.9276623 ], [ 132.6548147, 32.925802 ], [ 132.6562711, 32.9323067 ], [ 132.6524733, 32.9391536 ], [ 132.655284699999982, 32.9409611 ], [ 132.658684199999982, 32.9401328 ], [ 132.6606667, 32.942485 ], [ 132.6656736, 32.9417603 ], [ 132.6681147, 32.9429942 ], [ 132.670985299999984, 32.9423111 ], [ 132.6758767, 32.9439431 ], [ 132.678250599999984, 32.9429639 ], [ 132.683391699999987, 32.9468322 ], [ 132.6845119, 32.9495686 ], [ 132.6820483, 32.9558622 ], [ 132.6834672, 32.9631358 ], [ 132.6869375, 32.9645883 ], [ 132.6862083, 32.9678631 ], [ 132.691516399999983, 32.9735711 ], [ 132.690902199999982, 32.9755722 ], [ 132.68744, 32.9758111 ], [ 132.6870653, 32.9822022 ], [ 132.6841814, 32.9862233 ], [ 132.6841531, 32.9894281 ], [ 132.681381099999982, 32.9938161 ], [ 132.6867167, 32.9973483 ], [ 132.6839022, 33.0040461 ], [ 132.6802631, 33.0086025 ], [ 132.6770053, 33.0110581 ], [ 132.6786122, 33.0135511 ], [ 132.675697499999984, 33.0167389 ], [ 132.6755167, 33.022395 ], [ 132.6774336, 33.0250378 ], [ 132.6786731, 33.0293989 ], [ 132.677958599999982, 33.0379953 ], [ 132.6745958, 33.0406808 ], [ 132.671220799999986, 33.0459086 ], [ 132.6661911, 33.0487125 ], [ 132.6610689, 33.0553394 ] ] ], [ [ [ 132.4156767, 33.1079714 ], [ 132.416740399999981, 33.1113465 ], [ 132.420558799999981, 33.1115239 ], [ 132.4221661, 33.1138003 ], [ 132.411599099999989, 33.1104008 ], [ 132.4102354, 33.1073473 ], [ 132.408174799999983, 33.1062916 ], [ 132.4134841, 33.1026075 ], [ 132.416442499999988, 33.1053053 ], [ 132.4156767, 33.1079714 ] ] ], [ [ [ 132.529731200000015, 33.233365 ], [ 132.5281403, 33.2341543 ], [ 132.526238, 33.2384849 ], [ 132.5229291, 33.2379256 ], [ 132.517750899999982, 33.2411581 ], [ 132.5147704, 33.2357056 ], [ 132.5114843, 33.2319387 ], [ 132.5082746, 33.2307467 ], [ 132.5074797, 33.2290455 ], [ 132.511162300000024, 33.2274721 ], [ 132.5108037, 33.2254646 ], [ 132.514273, 33.2247006 ], [ 132.52017189999998, 33.2179044 ], [ 132.5226677, 33.2196081 ], [ 132.5224589, 33.2214107 ], [ 132.5254687, 33.2226853 ], [ 132.5295561, 33.2227433 ], [ 132.5338941, 33.2244773 ], [ 132.5343854, 33.2276974 ], [ 132.529731200000015, 33.233365 ] ] ] ] } },
{ "type": "Feature", "properties": { "hokenjo": "今治" }, "geometry": { "type": "MultiPolygon", "coordinates": [ [ [ [ 133.090984, 34.0222592 ], [ 133.0941939, 34.0195669 ], [ 133.096352, 34.0200341 ], [ 133.0989238, 34.024246399999988 ], [ 133.0969446, 34.0243751 ], [ 133.090984, 34.0222592 ] ] ], [ [ [ 132.9252261, 33.9248558 ], [ 132.925027199999988, 33.9199725 ], [ 132.9267978, 33.9139808 ], [ 132.9239475, 33.9081953 ], [ 132.9255858, 33.9055353 ], [ 132.9277061, 33.9059375 ], [ 132.932775599999985, 33.9025425 ], [ 132.9369106, 33.9019064 ], [ 132.9387764, 33.9052714 ], [ 132.9415208, 33.9068436 ], [ 132.9499394, 33.9080361 ], [ 132.951862799999986, 33.9060792 ], [ 132.957463599999983, 33.9058964 ], [ 132.9600575, 33.902665 ], [ 132.9654064, 33.9067711 ], [ 132.9705997, 33.9051581 ], [ 132.9732683, 33.9065217 ], [ 132.9736531, 33.9101169 ], [ 132.975615299999987, 33.9110628 ], [ 132.975077500000026, 33.919605 ], [ 132.9735047, 33.923040799999988 ], [ 132.9755336, 33.9256456 ], [ 132.9758836, 33.9297806 ], [ 132.9749864, 33.9354189 ], [ 132.977089399999983, 33.9360331 ], [ 132.9788217, 33.9406661 ], [ 132.9773131, 33.9450742 ], [ 132.978632799999986, 33.9483564 ], [ 132.9837961, 33.9510217 ], [ 132.98701029999998, 33.9538792 ], [ 132.9868061, 33.9552689 ], [ 132.99094359999998, 33.9569528 ], [ 132.9968781, 33.9555731 ], [ 133.0054758, 33.9579308 ], [ 133.007763899999986, 33.9547519 ], [ 133.013011399999982, 33.9576992 ], [ 133.0156303, 33.9574242 ], [ 133.0177253, 33.9615961 ], [ 133.0231253, 33.9608136 ], [ 133.023866700000013, 33.9625625 ], [ 133.0295408, 33.9607425 ], [ 133.03383, 33.9605103 ], [ 133.0376786, 33.96648 ], [ 133.040785299999982, 33.9678097 ], [ 133.0388922, 33.9713111 ], [ 133.039521899999983, 33.9756333 ], [ 133.0413644, 33.9776039 ], [ 133.050469199999981, 33.9800633 ], [ 133.052020299999981, 33.981445 ], [ 133.066591200000033, 33.9826665 ], [ 133.061809499999981, 33.9892644 ], [ 133.0589558, 33.9947844 ], [ 133.0599856, 33.9964757 ], [ 133.0519562, 34.0069571 ], [ 133.049708400000014, 34.0105624 ], [ 133.0478302, 34.0159036 ], [ 133.0434029, 34.0236318 ], [ 133.043053499999985, 34.0253713 ], [ 133.0380825, 34.0324818 ], [ 133.036698, 34.0356338 ], [ 133.0372975, 34.0381206 ], [ 133.0314233, 34.0437605 ], [ 133.0299507, 34.0461111 ], [ 133.034267799999981, 34.0490446 ], [ 133.0315105, 34.0529563 ], [ 133.0252935, 34.0499611 ], [ 133.022803400000015, 34.0625886 ], [ 133.0194318, 34.0611399 ], [ 133.0186914, 34.0638263 ], [ 133.0127192, 34.0672445 ], [ 133.008746799999983, 34.067179 ], [ 133.0067875, 34.0659075 ], [ 133.003982900000011, 34.0713119 ], [ 133.0013385, 34.0734549 ], [ 132.9953849, 34.0816222 ], [ 132.9918451, 34.0909683 ], [ 132.988071599999984, 34.0956419 ], [ 132.98469369999998, 34.0976099 ], [ 132.982378899999986, 34.102928 ], [ 132.980303099999986, 34.103598 ], [ 132.981515799999983, 34.1076786 ], [ 132.9786954, 34.1124096 ], [ 132.9773586, 34.1163854 ], [ 132.9729993, 34.1152084 ], [ 132.972446099999985, 34.1116436 ], [ 132.9692063, 34.109582 ], [ 132.9677067, 34.1143882 ], [ 132.9653504, 34.1187816 ], [ 132.9609346, 34.1213998 ], [ 132.957391199999989, 34.1214644 ], [ 132.9531269, 34.1238697 ], [ 132.9532884, 34.1268749 ], [ 132.9492233, 34.1290839 ], [ 132.947908899999987, 34.1342695 ], [ 132.9457352, 34.136003 ], [ 132.946365899999989, 34.1379208 ], [ 132.9430189, 34.1396231 ], [ 132.9415851, 34.1420429 ], [ 132.9390687, 34.1377375 ], [ 132.9380486, 34.1316768 ], [ 132.935336, 34.1254932 ], [ 132.9326586, 34.1255728 ], [ 132.930648, 34.1231259 ], [ 132.9282921, 34.1233443 ], [ 132.9257882, 34.1198219 ], [ 132.9259044, 34.117619 ], [ 132.9236936, 34.1160461 ], [ 132.9192506, 34.1166656 ], [ 132.917101, 34.1179519 ], [ 132.916176899999982, 34.1205907 ], [ 132.909767099999982, 34.1190368 ], [ 132.906551, 34.1207225 ], [ 132.903742599999987, 34.1195407 ], [ 132.900141599999984, 34.1211843 ], [ 132.8965594, 34.1206786 ], [ 132.8946513, 34.1181733 ], [ 132.8968639, 34.1147559 ], [ 132.8953028, 34.1115221 ], [ 132.8992634, 34.1098764 ], [ 132.9031181, 34.1132553 ], [ 132.906867799999986, 34.1134328 ], [ 132.909646399999986, 34.111946 ], [ 132.9134288, 34.1128384 ], [ 132.9162799, 34.1110261 ], [ 132.9203311, 34.1118834 ], [ 132.9262431, 34.1094161 ], [ 132.9295391, 34.0998448 ], [ 132.9285003, 34.0982128 ], [ 132.9314417, 34.0942917 ], [ 132.9302404, 34.0883663 ], [ 132.9276347, 34.0871937 ], [ 132.9203032, 34.0871237 ], [ 132.923043, 34.0806558 ], [ 132.9221919, 34.0745674 ], [ 132.9187416, 34.0663302 ], [ 132.916366399999987, 34.0635637 ], [ 132.9117606, 34.0624817 ], [ 132.9090143, 34.0642155 ], [ 132.898843199999988, 34.0666559 ], [ 132.892310399999985, 34.061867 ], [ 132.8897268, 34.0616482 ], [ 132.8857722, 34.0586163 ], [ 132.8799367, 34.0584763 ], [ 132.8752906, 34.056976 ], [ 132.8686885, 34.0564841 ], [ 132.868722, 34.058367 ], [ 132.8650864, 34.059217 ], [ 132.8574006, 34.0546977 ], [ 132.855423, 34.0460152 ], [ 132.849980599999981, 34.0461347 ], [ 132.848747299999985, 34.0442817 ], [ 132.843641100000013, 34.0433 ], [ 132.8402889, 34.0401189 ], [ 132.837394, 34.0335266 ], [ 132.833183599999984, 34.0325458 ], [ 132.8305235, 34.0335507 ], [ 132.8283927, 34.0297117 ], [ 132.8242945, 34.026705 ], [ 132.8184406, 34.0250136 ], [ 132.8156744, 34.0211577 ], [ 132.810968, 34.018852099999989 ], [ 132.8084854, 34.0186186 ], [ 132.8086136, 34.0172061 ], [ 132.8128375, 34.0154528 ], [ 132.8150389, 34.0125853 ], [ 132.8177275, 34.0117631 ], [ 132.8209053, 34.0070917 ], [ 132.8224075, 34.0031981 ], [ 132.8277847, 34.0019917 ], [ 132.8341381, 33.9985783 ], [ 132.8361519, 34.0008483 ], [ 132.8418919, 34.0047189 ], [ 132.8461489, 34.0032033 ], [ 132.850133299999982, 34.0005614 ], [ 132.8507739, 33.9989536 ], [ 132.858108099999981, 33.9956869 ], [ 132.8608303, 33.9962411 ], [ 132.8653444, 33.9944872 ], [ 132.869475, 33.9956433 ], [ 132.8745106, 33.9954739 ], [ 132.877181399999984, 33.9964294 ], [ 132.8806658, 33.9960586 ], [ 132.8852378, 33.9930508 ], [ 132.8898156, 33.9883997 ], [ 132.88737, 33.9802108 ], [ 132.8883028, 33.976624699999988 ], [ 132.8860928, 33.9659544 ], [ 132.8869944, 33.9645281 ], [ 132.885023099999984, 33.9611078 ], [ 132.8867831, 33.9577944 ], [ 132.8858056, 33.9545503 ], [ 132.8872706, 33.9509108 ], [ 132.891473200000036, 33.9496523 ], [ 132.895741099999981, 33.946655 ], [ 132.9020788, 33.945006 ], [ 132.9043136, 33.9425548 ], [ 132.9101575, 33.9396324 ], [ 132.9140576, 33.9391881 ], [ 132.9162792, 33.9370269 ], [ 132.920420299999989, 33.9365097 ], [ 132.9203886, 33.9334572 ], [ 132.924398599999989, 33.9300439 ], [ 132.9252261, 33.9248558 ] ] ], [ [ [ 132.990229, 34.1185988 ], [ 132.991542, 34.1129625 ], [ 132.9948913, 34.1140585 ], [ 132.99587409999998, 34.1184718 ], [ 132.9936186, 34.1220248 ], [ 132.990229, 34.1185988 ] ] ], [ [ [ 133.0113876, 34.1219825 ], [ 133.0067065, 34.1234627 ], [ 133.009769799999987, 34.1204378 ], [ 133.0113876, 34.1219825 ] ] ], [ [ [ 132.9775507, 34.1229104 ], [ 132.9805979, 34.1231315 ], [ 132.983355099999983, 34.125479 ], [ 132.9839824, 34.1284037 ], [ 132.981806299999988, 34.1289087 ], [ 132.9760537, 34.1272247 ], [ 132.9754632, 34.1250857 ], [ 132.9775507, 34.1229104 ] ] ], [ [ [ 133.057106799999985, 34.1920444 ], [ 133.054576699999984, 34.1917633 ], [ 133.0509199, 34.1930822 ], [ 133.0402282, 34.1941317 ], [ 133.037033899999983, 34.1952891 ], [ 133.032050100000021, 34.1931744 ], [ 133.03024019999998, 34.1933589 ], [ 133.0275739, 34.1852883 ], [ 133.0232883, 34.1843592 ], [ 133.021864099999988, 34.1830386 ], [ 133.0208069, 34.1781919 ], [ 133.022818299999983, 34.1752943 ], [ 133.025136799999984, 34.1750336 ], [ 133.026346, 34.1725619 ], [ 133.0337434, 34.1718667 ], [ 133.0355549, 34.1695442 ], [ 133.035818899999981, 34.1644785 ], [ 133.0400515, 34.159737299999989 ], [ 133.0406773, 34.157245 ], [ 133.0396288, 34.1533546 ], [ 133.0410392, 34.1499573 ], [ 133.039013899999986, 34.1488504 ], [ 133.036925599999989, 34.1523756 ], [ 133.0334795, 34.1510345 ], [ 133.031109499999985, 34.156399 ], [ 133.0263924, 34.1578504 ], [ 133.0245333, 34.1541058 ], [ 133.024239099999988, 34.1491685 ], [ 133.0206519, 34.1451759 ], [ 133.0151512, 34.1418073 ], [ 133.018738399999989, 34.1392019 ], [ 133.0192844, 34.1354026 ], [ 133.0176502, 34.1269527 ], [ 133.020675499999982, 34.1281769 ], [ 133.0224331, 34.1266394 ], [ 133.0215738, 34.1205594 ], [ 133.0200653, 34.1184228 ], [ 133.0153942, 34.1169507 ], [ 133.0129997, 34.1139123 ], [ 133.0127278, 34.1108199 ], [ 133.0241604, 34.1087348 ], [ 133.029547, 34.1101301 ], [ 133.032966499999986, 34.1078649 ], [ 133.035102099999989, 34.1077178 ], [ 133.0374497, 34.1129594 ], [ 133.042746599999987, 34.1131706 ], [ 133.0455821, 34.120455299999989 ], [ 133.0484368, 34.1219751 ], [ 133.053715899999986, 34.1230065 ], [ 133.055525099999983, 34.1245493 ], [ 133.0564367, 34.1277548 ], [ 133.058702, 34.1294609 ], [ 133.061048, 34.1344517 ], [ 133.068328, 34.1367877 ], [ 133.0736415, 34.1420818 ], [ 133.0750612, 34.1420683 ], [ 133.0790446, 34.1452497 ], [ 133.080539, 34.1504291 ], [ 133.0827909, 34.1537867 ], [ 133.0847205, 34.1539296 ], [ 133.08680529999998, 34.1572604 ], [ 133.0910126, 34.157411 ], [ 133.096803, 34.1590627 ], [ 133.101467899999989, 34.1590962 ], [ 133.102268, 34.1626814 ], [ 133.1057964, 34.1635987 ], [ 133.10791039999998, 34.1659019 ], [ 133.10797, 34.1689738 ], [ 133.110587, 34.1695543 ], [ 133.1101329, 34.1719436 ], [ 133.1110909, 34.1769611 ], [ 133.106885399999982, 34.1744157 ], [ 133.1040444, 34.1739743 ], [ 133.0989792, 34.1749829 ], [ 133.092656399999981, 34.1735373 ], [ 133.0904873, 34.1702252 ], [ 133.083292, 34.1694231 ], [ 133.0786534, 34.1725735 ], [ 133.0761401, 34.1769534 ], [ 133.076905399999987, 34.181205399999989 ], [ 133.0757212, 34.1862156 ], [ 133.0685521, 34.1917328 ], [ 133.065049, 34.1912975 ], [ 133.057106799999985, 34.1920444 ] ] ], [ [ [ 133.0109421, 34.1528627 ], [ 133.0085664, 34.1542102 ], [ 133.0036235, 34.1539647 ], [ 133.001798899999983, 34.1566329 ], [ 132.9978791, 34.1586383 ], [ 132.9953377, 34.1565745 ], [ 132.9922392, 34.1563134 ], [ 132.9900125, 34.1542117 ], [ 132.9899816, 34.1512465 ], [ 132.9919526, 34.1495324 ], [ 132.9964646, 34.1498896 ], [ 133.000514399999986, 34.1482007 ], [ 133.0029693, 34.1486914 ], [ 133.006468499999983, 34.1469022 ], [ 133.0094085, 34.1480662 ], [ 133.0109421, 34.1528627 ] ] ], [ [ [ 132.894025, 34.1905079 ], [ 132.8904461, 34.1925705 ], [ 132.8822109, 34.1910848 ], [ 132.8755065, 34.1944726 ], [ 132.873179599999986, 34.1973684 ], [ 132.869791599999985, 34.1938758 ], [ 132.863454599999983, 34.1945077 ], [ 132.861418, 34.1932488 ], [ 132.863874899999985, 34.1902501 ], [ 132.870038699999981, 34.1861218 ], [ 132.8710328, 34.183626 ], [ 132.8746376, 34.1808664 ], [ 132.8754887, 34.1787806 ], [ 132.8793076, 34.1769802 ], [ 132.88350520000003, 34.1814945 ], [ 132.8845569, 34.1848051 ], [ 132.8919864, 34.1838084 ], [ 132.894025, 34.1905079 ] ] ], [ [ [ 133.089771899999988, 34.1856449 ], [ 133.0934344, 34.1877696 ], [ 133.0942887, 34.1918867 ], [ 133.0906886, 34.1918821 ], [ 133.088343899999984, 34.1948681 ], [ 133.087079, 34.1914081 ], [ 133.0839886, 34.1884433 ], [ 133.0825348, 34.1856153 ], [ 133.0853994, 34.1816084 ], [ 133.0887444, 34.182999099999989 ], [ 133.089771899999988, 34.1856449 ] ] ], [ [ [ 132.9426219, 34.1908591 ], [ 132.9373893, 34.1897876 ], [ 132.9384317, 34.187844 ], [ 132.9419619, 34.1885567 ], [ 132.9426219, 34.1908591 ] ] ], [ [ [ 132.8984883, 34.1854699 ], [ 132.9032363, 34.1864849 ], [ 132.907143499999989, 34.1889649 ], [ 132.9080684, 34.1922706 ], [ 132.9051144, 34.1942467 ], [ 132.9016121, 34.1934186 ], [ 132.8999318, 34.1912956 ], [ 132.8959865, 34.1893664 ], [ 132.8960884, 34.1872863 ], [ 132.8984883, 34.1854699 ] ] ], [ [ [ 132.9335935, 34.1830846 ], [ 132.934264, 34.1849547 ], [ 132.930641899999983, 34.1889354 ], [ 132.9288608, 34.1953499 ], [ 132.9238464, 34.2020694 ], [ 132.9208298, 34.2009855 ], [ 132.919186, 34.1987017 ], [ 132.919407399999983, 34.1935596 ], [ 132.9216126, 34.1912154 ], [ 132.922258699999986, 34.1878169 ], [ 132.9182243, 34.186856 ], [ 132.921795799999984, 34.1841197 ], [ 132.9263008, 34.1844071 ], [ 132.9297772, 34.1826758 ], [ 132.9335935, 34.1830846 ] ] ], [ [ [ 132.930668, 34.2009221 ], [ 132.9323368, 34.199 ], [ 132.9372019, 34.2003244 ], [ 132.938343, 34.2034196 ], [ 132.9364895, 34.2055752 ], [ 132.9349091, 34.202599 ], [ 132.930668, 34.2009221 ] ] ], [ [ [ 132.955304399999989, 34.2424548 ], [ 132.9574723, 34.2441929 ], [ 132.9550993, 34.2474702 ], [ 132.9510673, 34.2480172 ], [ 132.949818099999987, 34.2494211 ], [ 132.9477887, 34.2441283 ], [ 132.9490826, 34.2418462 ], [ 132.952720199999987, 34.2433796 ], [ 132.955304399999989, 34.2424548 ] ] ], [ [ [ 133.031765600000028, 34.288789 ], [ 133.0293658, 34.292834 ], [ 133.0259496, 34.295062 ], [ 133.0197063, 34.2964529 ], [ 133.0115231, 34.2996762 ], [ 133.0110152, 34.298527 ], [ 133.0060736, 34.2971186 ], [ 132.9992648, 34.290536 ], [ 132.9951905, 34.2891079 ], [ 132.986061799999987, 34.2911439 ], [ 132.9841045, 34.290495 ], [ 132.9807299, 34.2866589 ], [ 132.982008899999983, 34.2821719 ], [ 132.983814600000017, 34.2819014 ], [ 132.9864508, 34.2748159 ], [ 132.984723, 34.2697171 ], [ 132.9811421, 34.2687421 ], [ 132.978233599999982, 34.2713667 ], [ 132.975781, 34.2703895 ], [ 132.9704633, 34.2703619 ], [ 132.966991899999982, 34.2657098 ], [ 132.964915099999985, 34.2641343 ], [ 132.9651299, 34.261756 ], [ 132.967172200000022, 34.2594206 ], [ 132.9715478, 34.2579853 ], [ 132.9749965, 34.2586591 ], [ 132.978170799999987, 34.261116699999988 ], [ 132.9815748, 34.2611179 ], [ 132.986795600000022, 34.2633872 ], [ 132.989881199999985, 34.2620395 ], [ 132.9925418, 34.2572706 ], [ 132.9890652, 34.2526143 ], [ 132.9920454, 34.2514936 ], [ 132.995320199999981, 34.2471211 ], [ 132.987164, 34.2480257 ], [ 132.987761899999981, 34.2462508 ], [ 132.993571799999984, 34.2453323 ], [ 132.9943615, 34.2428289 ], [ 132.9914436, 34.2390747 ], [ 132.9923369, 34.2369154 ], [ 132.9905767, 34.224981 ], [ 132.9893611, 34.2233328 ], [ 132.9850614, 34.2243885 ], [ 132.9819463, 34.2241966 ], [ 132.980353, 34.2270047 ], [ 132.9745122, 34.2262151 ], [ 132.969388899999984, 34.2279639 ], [ 132.9648502, 34.2271014 ], [ 132.962867099999983, 34.2227266 ], [ 132.956827, 34.2240774 ], [ 132.9530001, 34.2210772 ], [ 132.952459799999986, 34.2170659 ], [ 132.949935899999986, 34.215804 ], [ 132.946632699999981, 34.2094368 ], [ 132.9436852, 34.2088037 ], [ 132.9417272, 34.2037981 ], [ 132.944038299999988, 34.203437799999989 ], [ 132.9476784, 34.205363 ], [ 132.9502223, 34.2046468 ], [ 132.9489235, 34.2015749 ], [ 132.9513251, 34.1976057 ], [ 132.948610799999983, 34.1942561 ], [ 132.95148709999998, 34.1929393 ], [ 132.9546316, 34.1940615 ], [ 132.958661399999983, 34.1921578 ], [ 132.9692602, 34.1937797 ], [ 132.970492299999989, 34.1947354 ], [ 132.9791586, 34.1977603 ], [ 132.9822863, 34.2000246 ], [ 132.9881461, 34.2001797 ], [ 132.9928295, 34.2018884 ], [ 132.995698, 34.2047406 ], [ 132.996136899999982, 34.206857 ], [ 133.0004745, 34.2093336 ], [ 133.007855299999989, 34.2105654 ], [ 133.020262, 34.2111534 ], [ 133.029955199999989, 34.2085091 ], [ 133.032474500000035, 34.2084966 ], [ 133.041123699999986, 34.2111529 ], [ 133.04545779999998, 34.2147846 ], [ 133.0501347, 34.2141533 ], [ 133.0572898, 34.2185296 ], [ 133.0585432, 34.2206715 ], [ 133.0523813, 34.2272208 ], [ 133.053822699999984, 34.2329454 ], [ 133.0532733, 34.2368983 ], [ 133.0517773, 34.2398158 ], [ 133.054734599999989, 34.2479911 ], [ 133.053925099999987, 34.2531412 ], [ 133.0572784, 34.2582555 ], [ 133.048167299999989, 34.2590322 ], [ 133.0492131, 34.2605291 ], [ 133.0448379, 34.2622874 ], [ 133.041702499999985, 34.2693231 ], [ 133.0401606, 34.2701382 ], [ 133.0361786, 34.2769183 ], [ 133.0363907, 34.2788406 ], [ 133.0341439, 34.282778 ], [ 133.035317099999986, 34.2850201 ], [ 133.0342542, 34.2874257 ], [ 133.031765600000028, 34.288789 ] ] ], [ [ [ 133.0966966, 34.0612432 ], [ 133.0965257, 34.0578553 ], [ 133.102135, 34.0586493 ], [ 133.0966966, 34.0612432 ] ] ], [ [ [ 133.1896237, 34.1094183 ], [ 133.1873467, 34.1079731 ], [ 133.1851019, 34.1092826 ], [ 133.1846736, 34.111671199999989 ], [ 133.181295799999987, 34.1119111 ], [ 133.1794195, 34.1108667 ], [ 133.178679099999982, 34.1068096 ], [ 133.1825848, 34.1034307 ], [ 133.187882299999984, 34.1027594 ], [ 133.1881453, 34.1055554 ], [ 133.1913894, 34.1066851 ], [ 133.1896237, 34.1094183 ] ] ], [ [ [ 133.1811444, 34.1158173 ], [ 133.1860743, 34.1159134 ], [ 133.187738, 34.1170758 ], [ 133.186176099999983, 34.1198531 ], [ 133.1913557, 34.1233591 ], [ 133.186603099999985, 34.1231198 ], [ 133.1835025, 34.121945 ], [ 133.1813639, 34.1194182 ], [ 133.1811444, 34.1158173 ] ] ], [ [ [ 133.1560868, 34.1240898 ], [ 133.1555313, 34.1213753 ], [ 133.1587161, 34.1191092 ], [ 133.160810199999986, 34.1226307 ], [ 133.159455, 34.124175 ], [ 133.1560868, 34.1240898 ] ] ], [ [ [ 133.3634578, 34.1629564 ], [ 133.366213099999982, 34.1670458 ], [ 133.365003299999984, 34.1695642 ], [ 133.361525, 34.1716342 ], [ 133.3595392, 34.1740397 ], [ 133.3589086, 34.1716811 ], [ 133.36056, 34.1655969 ], [ 133.3634578, 34.1629564 ] ] ], [ [ [ 133.3257147, 34.1806344 ], [ 133.321254399999987, 34.1789536 ], [ 133.31693, 34.1810403 ], [ 133.3129644, 34.1807247 ], [ 133.3093614, 34.1838178 ], [ 133.3073456, 34.1796372 ], [ 133.310965, 34.1783808 ], [ 133.3173639, 34.1715008 ], [ 133.3217225, 34.1729094 ], [ 133.3264672, 34.1726617 ], [ 133.3281911, 34.173555 ], [ 133.3279953, 34.1790964 ], [ 133.3257147, 34.1806344 ] ] ], [ [ [ 133.268316699999986, 34.1824994 ], [ 133.276453299999986, 34.1842742 ], [ 133.2766164, 34.1875547 ], [ 133.2730475, 34.1928897 ], [ 133.272285, 34.2000553 ], [ 133.2697125, 34.1973803 ], [ 133.2660342, 34.1972261 ], [ 133.2653, 34.1926756 ], [ 133.2656633, 34.1860728 ], [ 133.268316699999986, 34.1824994 ] ] ], [ [ [ 133.1067985, 34.2299646 ], [ 133.1067961, 34.2318063 ], [ 133.11091159999998, 34.233875 ], [ 133.108276400000022, 34.2378316 ], [ 133.1078152, 34.2416667 ], [ 133.101588, 34.2354716 ], [ 133.093478799999986, 34.2381639 ], [ 133.087641100000013, 34.2331642 ], [ 133.0820747, 34.2306204 ], [ 133.0787967, 34.2300365 ], [ 133.073471499999982, 34.2312486 ], [ 133.06898529999998, 34.2359185 ], [ 133.0645817, 34.2352234 ], [ 133.061507, 34.2326416 ], [ 133.059163899999987, 34.2285287 ], [ 133.0592754, 34.2266351 ], [ 133.0625207, 34.222092 ], [ 133.066454, 34.2208508 ], [ 133.065874799999989, 34.2168585 ], [ 133.061071699999985, 34.2154711 ], [ 133.0572731, 34.215398 ], [ 133.0540054, 34.2122194 ], [ 133.0557321, 34.209369 ], [ 133.059775799999983, 34.2064556 ], [ 133.063408, 34.2083632 ], [ 133.070072399999987, 34.2088253 ], [ 133.075222, 34.2019769 ], [ 133.077544, 34.1955819 ], [ 133.081284499999981, 34.1929282 ], [ 133.0831556, 34.1936539 ], [ 133.0897545, 34.1994108 ], [ 133.091015299999981, 34.2013868 ], [ 133.0953178, 34.2044114 ], [ 133.098449499999987, 34.2043923 ], [ 133.1012053, 34.202704499999989 ], [ 133.101625700000028, 34.1997109 ], [ 133.104149, 34.1993184 ], [ 133.1050507, 34.1945607 ], [ 133.1110581, 34.1912405 ], [ 133.1138679, 34.1943809 ], [ 133.1184247, 34.1952806 ], [ 133.1236762, 34.1940789 ], [ 133.126173199999982, 34.1954603 ], [ 133.1256364, 34.1992867 ], [ 133.1230565, 34.2007347 ], [ 133.1223464, 34.2029777 ], [ 133.119122500000032, 34.2029521 ], [ 133.1197809, 34.2064152 ], [ 133.124344, 34.207305 ], [ 133.125520699999981, 34.209597699999989 ], [ 133.1314085, 34.2126058 ], [ 133.13855, 34.211885 ], [ 133.1373328, 34.2150259 ], [ 133.127779799999985, 34.2163838 ], [ 133.118290299999984, 34.2164983 ], [ 133.1181288, 34.218508 ], [ 133.113442, 34.2182682 ], [ 133.108737499999989, 34.2224463 ], [ 133.108334, 34.225896299999988 ], [ 133.1101142, 34.2273627 ], [ 133.1067985, 34.2299646 ] ] ], [ [ [ 133.1527558, 34.2184747 ], [ 133.1536243, 34.2234134 ], [ 133.156535, 34.2245564 ], [ 133.156265599999983, 34.2286255 ], [ 133.157912499999981, 34.2306747 ], [ 133.1543433, 34.2295611 ], [ 133.1529433, 34.2248897 ], [ 133.150703199999981, 34.2246615 ], [ 133.149878299999983, 34.2218158 ], [ 133.1478356, 34.2216167 ], [ 133.1479642, 34.2172353 ], [ 133.1508953, 34.2164611 ], [ 133.1527558, 34.2184747 ] ] ], [ [ [ 133.2562606, 34.2288278 ], [ 133.2600578, 34.2292308 ], [ 133.2633006, 34.2309217 ], [ 133.2636928, 34.2337242 ], [ 133.2596653, 34.2357656 ], [ 133.259252799999985, 34.2331578 ], [ 133.256808899999982, 34.2314344 ], [ 133.2562606, 34.2288278 ] ] ], [ [ [ 133.1671914, 34.2341667 ], [ 133.168283299999985, 34.2374958 ], [ 133.1720703, 34.2414242 ], [ 133.168288099999984, 34.2454314 ], [ 133.16374829999998, 34.2463928 ], [ 133.1585886, 34.2445736 ], [ 133.153605299999981, 34.2438014 ], [ 133.150410599999987, 34.2397917 ], [ 133.15190579999998, 34.2332281 ], [ 133.157633299999986, 34.2346336 ], [ 133.16246, 34.2331347 ], [ 133.1671914, 34.2341667 ] ] ], [ [ [ 133.1960044, 34.2456983 ], [ 133.195637799999986, 34.2488342 ], [ 133.1969608, 34.2505342 ], [ 133.19707, 34.2543347 ], [ 133.1931644, 34.2572783 ], [ 133.189715899999982, 34.2566802 ], [ 133.1846177, 34.2501008 ], [ 133.1846367, 34.2439881 ], [ 133.1821606, 34.2413217 ], [ 133.1816378, 34.2364947 ], [ 133.1829578, 34.2320819 ], [ 133.179364199999981, 34.228343599999988 ], [ 133.1820033, 34.2276119 ], [ 133.1867028, 34.2293036 ], [ 133.1918078, 34.2346806 ], [ 133.1894189, 34.2379981 ], [ 133.191111399999983, 34.2411308 ], [ 133.1914644, 34.2442269 ], [ 133.1960044, 34.2456983 ] ] ], [ [ [ 133.165569, 34.2552773 ], [ 133.16556749999998, 34.2606247 ], [ 133.1579811, 34.2716039 ], [ 133.152455299999986, 34.2776133 ], [ 133.1525028, 34.2804097 ], [ 133.148248100000018, 34.2802017 ], [ 133.143180299999983, 34.2779447 ], [ 133.1417322, 34.2752803 ], [ 133.137725, 34.2720967 ], [ 133.1383042, 34.27039 ], [ 133.1359817, 34.2664806 ], [ 133.1324742, 34.2650986 ], [ 133.1322202, 34.259094 ], [ 133.1308133, 34.2564439 ], [ 133.1328117, 34.2493494 ], [ 133.131565599999988, 34.2451634 ], [ 133.1337867, 34.24103 ], [ 133.140230799999983, 34.2442922 ], [ 133.143598, 34.2441583 ], [ 133.152455299999986, 34.2460356 ], [ 133.1531613, 34.2478367 ], [ 133.1572353, 34.2495789 ], [ 133.1589783, 34.2518864 ], [ 133.165569, 34.2552773 ] ] ], [ [ [ 133.2368306, 34.2771264 ], [ 133.2374547, 34.2807381 ], [ 133.233475299999981, 34.2837753 ], [ 133.2325078, 34.2878658 ], [ 133.229046899999986, 34.2918089 ], [ 133.2263122, 34.2902244 ], [ 133.22375169999998, 34.2903575 ], [ 133.2232817, 34.2878108 ], [ 133.2167325, 34.2841706 ], [ 133.212185, 34.2839778 ], [ 133.210111399999988, 34.2768897 ], [ 133.2040289, 34.2712558 ], [ 133.198838099999989, 34.2687997 ], [ 133.200154699999985, 34.2659603 ], [ 133.199673599999983, 34.2596316 ], [ 133.204150299999981, 34.2581283 ], [ 133.2011458, 34.2528667 ], [ 133.2018899, 34.2507119 ], [ 133.200054599999987, 34.2491694 ], [ 133.2012197, 34.2421075 ], [ 133.200556899999981, 34.2400558 ], [ 133.204294399999981, 34.2390393 ], [ 133.2076183, 34.2393022 ], [ 133.20862, 34.2413244 ], [ 133.2139989, 34.2440047 ], [ 133.2150502, 34.2477798 ], [ 133.219165, 34.2492689 ], [ 133.2155869, 34.2513258 ], [ 133.2123116, 34.2501345 ], [ 133.209696399999984, 34.2526155 ], [ 133.2085353, 34.257468599999989 ], [ 133.2113583, 34.2604389 ], [ 133.220510599999983, 34.2657678 ], [ 133.2269578, 34.2665964 ], [ 133.2291361, 34.2689569 ], [ 133.2309, 34.2735036 ], [ 133.233623599999987, 34.2759286 ], [ 133.2368306, 34.2771264 ] ] ], [ [ [ 133.183837499999981, 34.2702641 ], [ 133.1820247, 34.2759836 ], [ 133.1784128, 34.2772286 ], [ 133.176167599999985, 34.2821119 ], [ 133.1719053, 34.2856161 ], [ 133.168317799999983, 34.2848872 ], [ 133.1659536, 34.2810608 ], [ 133.167091100000022, 34.2776683 ], [ 133.1693764, 34.2755178 ], [ 133.1667986, 34.2729778 ], [ 133.1715594, 34.2699822 ], [ 133.1700875, 34.2655467 ], [ 133.1727937, 34.2580343 ], [ 133.178432, 34.2558126 ], [ 133.1804747, 34.2576553 ], [ 133.186087499999985, 34.2585107 ], [ 133.1869149, 34.2600318 ], [ 133.1856027, 34.2648354 ], [ 133.1859011, 34.2692036 ], [ 133.183837499999981, 34.2702641 ] ] ] ] } },
{ "type": "Feature", "properties": { "hokenjo": "四国中央" }, "geometry": { "type": "MultiPolygon", "coordinates": [ [ [ [ 133.4550128, 33.8369269 ], [ 133.4569228, 33.8356433 ], [ 133.464297499999986, 33.8345181 ], [ 133.4704992, 33.8367897 ], [ 133.473465299999987, 33.8336997 ], [ 133.4776242, 33.8338628 ], [ 133.4832136, 33.8329908 ], [ 133.4872881, 33.8301619 ], [ 133.491872799999982, 33.8323767 ], [ 133.499502799999988, 33.8292422 ], [ 133.5014347, 33.8313875 ], [ 133.50793059999998, 33.8358719 ], [ 133.506531699999982, 33.8399028 ], [ 133.5096886, 33.8482589 ], [ 133.5140922, 33.8472556 ], [ 133.5181053, 33.8473347 ], [ 133.522518099999985, 33.852235 ], [ 133.526354199999986, 33.8536608 ], [ 133.526391099999984, 33.8621114 ], [ 133.5299344, 33.8630092 ], [ 133.536239699999982, 33.8660953 ], [ 133.5359183, 33.8714825 ], [ 133.539555, 33.8745494 ], [ 133.540196399999985, 33.8786844 ], [ 133.543925799999982, 33.8788242 ], [ 133.549906099999987, 33.8819897 ], [ 133.5571142, 33.8821556 ], [ 133.5588022, 33.8786436 ], [ 133.5621831, 33.875335 ], [ 133.5656986, 33.8750294 ], [ 133.571529699999985, 33.8718228 ], [ 133.5711114, 33.8702797 ], [ 133.5781381, 33.8680917 ], [ 133.583122799999984, 33.8676542 ], [ 133.585494399999988, 33.8709778 ], [ 133.5888008, 33.8735017 ], [ 133.592888099999982, 33.8753617 ], [ 133.596226699999988, 33.8798208 ], [ 133.6032161, 33.8799306 ], [ 133.6069503, 33.8815139 ], [ 133.6110919, 33.8807511 ], [ 133.617363899999987, 33.8766003 ], [ 133.627308299999982, 33.8720308 ], [ 133.6295433, 33.8727375 ], [ 133.6352517, 33.8801994 ], [ 133.6390372, 33.88069 ], [ 133.6440694, 33.8830258 ], [ 133.651723299999986, 33.8827736 ], [ 133.6540047, 33.8815964 ], [ 133.6607481, 33.8818092 ], [ 133.66191809999998, 33.8857842 ], [ 133.666259699999983, 33.8880361 ], [ 133.668885599999982, 33.8875125 ], [ 133.6706489, 33.8894344 ], [ 133.677945599999987, 33.8930844 ], [ 133.6774658, 33.8987936 ], [ 133.6745139, 33.903185799999989 ], [ 133.676545300000015, 33.9050797 ], [ 133.6775778, 33.9095508 ], [ 133.68214279999998, 33.9104397 ], [ 133.687946899999986, 33.9162556 ], [ 133.690517199999988, 33.9162906 ], [ 133.6885069, 33.9216297 ], [ 133.6856297, 33.9257161 ], [ 133.675683599999985, 33.92638 ], [ 133.67654, 33.9281019 ], [ 133.6764844, 33.9329447 ], [ 133.6800567, 33.9343686 ], [ 133.6817594, 33.9380817 ], [ 133.68644, 33.9389764 ], [ 133.692565799999983, 33.9439914 ], [ 133.692626099999984, 33.9478389 ], [ 133.689129399999985, 33.953399399999988 ], [ 133.6871344, 33.9553314 ], [ 133.691836099999989, 33.9604997 ], [ 133.6923639, 33.962455 ], [ 133.686647199999982, 33.9653758 ], [ 133.6829775, 33.9645928 ], [ 133.6829372, 33.9688853 ], [ 133.6803219, 33.970225 ], [ 133.6814608, 33.9738878 ], [ 133.6841311, 33.9763911 ], [ 133.681380599999983, 33.9787886 ], [ 133.6806292, 33.9841742 ], [ 133.6750917, 33.9836825 ], [ 133.676458599999989, 33.9883969 ], [ 133.6764775, 33.9924914 ], [ 133.6777175, 33.994825 ], [ 133.6806858, 33.9962958 ], [ 133.6830119, 34.0018303 ], [ 133.6857369, 34.0036564 ], [ 133.6849583, 34.0072253 ], [ 133.6833272, 34.0074094 ], [ 133.6774614, 34.0157942 ], [ 133.6782322, 34.0181881 ], [ 133.6718922, 34.0207461 ], [ 133.6703719, 34.0240908 ], [ 133.6654283, 34.0271081 ], [ 133.658615, 34.0276839 ], [ 133.6559914, 34.0290756 ], [ 133.649245799999989, 34.0271408 ], [ 133.6444372, 34.0277356 ], [ 133.63946, 34.0259322 ], [ 133.6362392, 34.0295394 ], [ 133.63293969999998, 34.031165 ], [ 133.629554399999989, 34.0358822 ], [ 133.626877799999988, 34.0377672 ], [ 133.621136899999982, 34.0345978 ], [ 133.6189086, 34.0350694 ], [ 133.6163072, 34.0328114 ], [ 133.6133103, 34.0323206 ], [ 133.6086594, 34.0343492 ], [ 133.60751, 34.0367917 ], [ 133.604171399999984, 34.0359031 ], [ 133.600809199999986, 34.0411144 ], [ 133.5981697, 34.0434033 ], [ 133.5953997, 34.0378861 ], [ 133.5906436, 34.0335022 ], [ 133.586192499999981, 34.034501399999989 ], [ 133.5831193, 34.0295605 ], [ 133.578529799999984, 34.0313285 ], [ 133.5763457, 34.0275781 ], [ 133.579917599999987, 34.0239264 ], [ 133.5779762, 34.022394 ], [ 133.5716866, 34.0197671 ], [ 133.5679869, 34.020247 ], [ 133.564565, 34.0185372 ], [ 133.5679908, 34.0163215 ], [ 133.5655452, 34.013172 ], [ 133.5624566, 34.0152195 ], [ 133.560210399999988, 34.0118578 ], [ 133.56127859999998, 34.0090137 ], [ 133.5516539, 34.0130143 ], [ 133.5490154, 34.0105502 ], [ 133.555302400000016, 34.0047825 ], [ 133.5555874, 34.0010009 ], [ 133.54605669999998, 34.0078391 ], [ 133.541122299999984, 34.0033366 ], [ 133.5519516, 33.9955794 ], [ 133.546881899999988, 33.9890247 ], [ 133.5429481, 33.9877924 ], [ 133.5397396, 33.9901386 ], [ 133.5418722, 33.9922428 ], [ 133.5393484, 33.9940906 ], [ 133.5335952, 33.9883838 ], [ 133.537378099999984, 33.9882042 ], [ 133.5398476, 33.9862404 ], [ 133.5379132, 33.9833191 ], [ 133.5326361, 33.9869664 ], [ 133.527478, 33.9820763 ], [ 133.523070599999983, 33.979738499999989 ], [ 133.5247435, 33.9772486 ], [ 133.522832699999981, 33.9753576 ], [ 133.520779900000036, 33.9779814 ], [ 133.5160673, 33.9754782 ], [ 133.5184051, 33.9725639 ], [ 133.5122967, 33.9717139 ], [ 133.5094394, 33.9734914 ], [ 133.502373, 33.9728279 ], [ 133.5021128, 33.9701681 ], [ 133.4971191, 33.9704954 ], [ 133.490517, 33.9692546 ], [ 133.4855631, 33.9724187 ], [ 133.482, 33.9719115 ], [ 133.475495099999989, 33.9730074 ], [ 133.473662099999984, 33.9745886 ], [ 133.466575299999988, 33.974573 ], [ 133.464774399999982, 33.9766904 ], [ 133.4534606, 33.9841373 ], [ 133.451513299999988, 33.9813473 ], [ 133.4435579, 33.9834823 ], [ 133.4424225, 33.9851834 ], [ 133.437398299999984, 33.9852941 ], [ 133.4299761, 33.9868004 ], [ 133.4256239, 33.9858573 ], [ 133.4143588, 33.9859112 ], [ 133.4106089, 33.9905693 ], [ 133.4055008, 33.9887046 ], [ 133.4016617, 33.9884858 ], [ 133.3978022, 33.9908067 ], [ 133.3932783, 33.9904459 ], [ 133.388805, 33.9858324 ], [ 133.39171, 33.9813992 ], [ 133.387735, 33.9786944 ], [ 133.384075599999989, 33.9715067 ], [ 133.3796825, 33.9702017 ], [ 133.3760486, 33.9635986 ], [ 133.375582799999989, 33.9598094 ], [ 133.371098599999982, 33.9553175 ], [ 133.3699222, 33.9521714 ], [ 133.36991, 33.9482897 ], [ 133.368089199999986, 33.9447789 ], [ 133.3689808, 33.9420006 ], [ 133.366652499999987, 33.9369186 ], [ 133.3662644, 33.9314308 ], [ 133.3666833, 33.9265242 ], [ 133.3692275, 33.9214394 ], [ 133.369437200000021, 33.9184214 ], [ 133.3675747, 33.9156119 ], [ 133.367971899999986, 33.9104489 ], [ 133.365152199999983, 33.9061983 ], [ 133.3648164, 33.9019772 ], [ 133.3624542, 33.8997236 ], [ 133.359443299999981, 33.8991617 ], [ 133.3594483, 33.8967978 ], [ 133.3568486, 33.8941136 ], [ 133.3543072, 33.8935856 ], [ 133.350703899999985, 33.8892103 ], [ 133.3510953, 33.8840861 ], [ 133.3533861, 33.8811644 ], [ 133.362378299999989, 33.8767992 ], [ 133.3648967, 33.8773136 ], [ 133.3720731, 33.8752803 ], [ 133.3750392, 33.8752042 ], [ 133.3841014, 33.8764817 ], [ 133.386296099999981, 33.879404199999989 ], [ 133.391535, 33.8793544 ], [ 133.3952731, 33.8823736 ], [ 133.397291699999982, 33.8863172 ], [ 133.3991347, 33.8873394 ], [ 133.406262199999986, 33.8865936 ], [ 133.4138819, 33.8874422 ], [ 133.417935299999982, 33.8895425 ], [ 133.4228331, 33.8883072 ], [ 133.4298642, 33.8912569 ], [ 133.434405, 33.8905536 ], [ 133.4386567, 33.8920878 ], [ 133.4402864, 33.8894372 ], [ 133.4452583, 33.8875669 ], [ 133.4475328, 33.8853039 ], [ 133.448268899999988, 33.8819369 ], [ 133.4465578, 33.8781936 ], [ 133.450671699999987, 33.8716675 ], [ 133.451830299999983, 33.8687103 ], [ 133.447099399999985, 33.8661303 ], [ 133.4465644, 33.86427 ], [ 133.4494425, 33.8610128 ], [ 133.4528178, 33.8543544 ], [ 133.4528369, 33.8516847 ], [ 133.4544139, 33.8487792 ], [ 133.4550128, 33.8369269 ] ] ] ] } },
{ "type": "Feature", "properties": { "hokenjo": "松山市" }, "geometry": { "type": "MultiPolygon", "coordinates": [ [ [ [ 132.5323436, 33.8445369 ], [ 132.5344322, 33.8512756 ], [ 132.5339797, 33.8527511 ], [ 132.5296325, 33.8556747 ], [ 132.5232058, 33.8524583 ], [ 132.5181594, 33.8543136 ], [ 132.5166031, 33.8511953 ], [ 132.525813, 33.8518289 ], [ 132.5292881, 33.84789 ], [ 132.5300517, 33.8444694 ], [ 132.5323436, 33.8445369 ] ] ], [ [ [ 132.6458356, 33.888163 ], [ 132.6461219, 33.8907708 ], [ 132.6435473, 33.8928449 ], [ 132.6389034, 33.8947198 ], [ 132.6374071, 33.8925144 ], [ 132.6404307, 33.887176 ], [ 132.6430642, 33.8862577 ], [ 132.6458356, 33.888163 ] ] ], [ [ [ 132.5430872, 33.9323901 ], [ 132.5529443, 33.9331296 ], [ 132.5544617, 33.9363319 ], [ 132.5497806, 33.9382042 ], [ 132.5476778, 33.9356442 ], [ 132.541334399999982, 33.9354247 ], [ 132.5380797, 33.9333511 ], [ 132.532621899999981, 33.9346872 ], [ 132.5259216, 33.9341411 ], [ 132.5233039, 33.9367564 ], [ 132.5176883, 33.9325864 ], [ 132.5178642, 33.9273775 ], [ 132.5211008, 33.9293531 ], [ 132.526815, 33.9262617 ], [ 132.529828899999984, 33.9260731 ], [ 132.5321089, 33.9274939 ], [ 132.535716399999984, 33.9268533 ], [ 132.5395417, 33.9305075 ], [ 132.5430872, 33.9323901 ] ] ], [ [ [ 132.5630214, 33.9900603 ], [ 132.5647089, 33.9936203 ], [ 132.5617297, 33.9941947 ], [ 132.559342499999985, 33.9955 ], [ 132.5535586, 33.9935636 ], [ 132.550790299999989, 33.9899353 ], [ 132.5446547, 33.9918731 ], [ 132.542741399999983, 33.9901003 ], [ 132.5371275, 33.9882903 ], [ 132.534161899999987, 33.9865878 ], [ 132.5371681, 33.9832431 ], [ 132.5356847, 33.9798491 ], [ 132.5377705, 33.9794785 ], [ 132.5406404, 33.9739495 ], [ 132.5374339, 33.97054 ], [ 132.5335742, 33.9688636 ], [ 132.538321699999983, 33.9629625 ], [ 132.541217499999988, 33.9609825 ], [ 132.5441147, 33.9686875 ], [ 132.5499529, 33.9704459 ], [ 132.549425499999984, 33.9733171 ], [ 132.5541625, 33.9785228 ], [ 132.5556394, 33.9785467 ], [ 132.5567304, 33.985455699999989 ], [ 132.5630214, 33.9900603 ] ] ], [ [ [ 132.5229144, 33.9863392 ], [ 132.5229478, 33.989436399999988 ], [ 132.5169575, 33.9886075 ], [ 132.512521099999987, 33.9903711 ], [ 132.5110853, 33.9882164 ], [ 132.5076594, 33.9873603 ], [ 132.5036414, 33.9882225 ], [ 132.500321100000036, 33.9830128 ], [ 132.4960639, 33.979325 ], [ 132.4991886, 33.9776158 ], [ 132.500618299999985, 33.9750028 ], [ 132.497807199999983, 33.9699614 ], [ 132.5052636, 33.9706214 ], [ 132.5055108, 33.9740731 ], [ 132.513234399999988, 33.9755931 ], [ 132.512999, 33.9814328 ], [ 132.5176061, 33.9831581 ], [ 132.520146899999986, 33.9827011 ], [ 132.5229144, 33.9863392 ] ] ], [ [ [ 132.648505799999981, 34.0092822 ], [ 132.6519317, 34.0132797 ], [ 132.6481281, 34.0150706 ], [ 132.645650599999982, 34.0182764 ], [ 132.6440508, 34.0178397 ], [ 132.645578299999983, 34.0120414 ], [ 132.6451572, 34.0103372 ], [ 132.632954399999988, 34.0058806 ], [ 132.633210500000018, 34.0033061 ], [ 132.630556399999989, 34.0004523 ], [ 132.626693599999982, 33.9998883 ], [ 132.6267779, 33.9973202 ], [ 132.6225696, 33.9932108 ], [ 132.6190317, 33.9920286 ], [ 132.6152284, 33.9919681 ], [ 132.6102429, 33.9933257 ], [ 132.604784699999982, 33.9910947 ], [ 132.606905, 33.9888485 ], [ 132.604739900000027, 33.9840114 ], [ 132.5962572, 33.9782238 ], [ 132.595112699999987, 33.9762972 ], [ 132.587273399999987, 33.9698012 ], [ 132.579248299999989, 33.9701372 ], [ 132.5779408, 33.9684161 ], [ 132.586485499999981, 33.9624849 ], [ 132.5911879, 33.9579012 ], [ 132.5923018, 33.9555383 ], [ 132.5903777, 33.9522789 ], [ 132.6006626, 33.9427478 ], [ 132.603741899999989, 33.9439235 ], [ 132.6035669, 33.9481858 ], [ 132.6049332, 33.9506654 ], [ 132.609086599999983, 33.9515738 ], [ 132.609901899999983, 33.9540371 ], [ 132.613204699999983, 33.9565359 ], [ 132.616881899999981, 33.9576325 ], [ 132.6216971, 33.9565201 ], [ 132.624492799999985, 33.9577033 ], [ 132.632975499999986, 33.9538255 ], [ 132.6360718, 33.9567676 ], [ 132.641660299999984, 33.9565728 ], [ 132.6416749, 33.9590776 ], [ 132.6442178, 33.9609172 ], [ 132.6424606, 33.9629303 ], [ 132.6407581, 33.9704619 ], [ 132.6344298, 33.9706922 ], [ 132.6321222, 33.9695781 ], [ 132.6299889, 33.9736094 ], [ 132.631364099999985, 33.9770329 ], [ 132.635972399999986, 33.9788138 ], [ 132.6424437, 33.9788866 ], [ 132.644791699999985, 33.9816472 ], [ 132.643188399999985, 33.9887818 ], [ 132.640638599999988, 33.9932803 ], [ 132.640073199999989, 33.9981298 ], [ 132.642112, 34.0001069 ], [ 132.640829, 34.0031248 ], [ 132.6419617, 34.0066692 ], [ 132.6447211, 34.0062153 ], [ 132.648573299999981, 34.0079497 ], [ 132.648505799999981, 34.0092822 ] ] ], [ [ [ 132.589029, 34.0247645 ], [ 132.5942521, 34.0264638 ], [ 132.595867, 34.0314161 ], [ 132.5902246, 34.0289795 ], [ 132.5870176, 34.0261425 ], [ 132.589029, 34.0247645 ] ] ], [ [ [ 132.917746699999981, 33.8940036 ], [ 132.9209047, 33.8974042 ], [ 132.9200275, 33.9000969 ], [ 132.9255858, 33.9055353 ], [ 132.9239475, 33.9081953 ], [ 132.9267978, 33.9139808 ], [ 132.925027199999988, 33.9199725 ], [ 132.9252261, 33.9248558 ], [ 132.924398599999989, 33.9300439 ], [ 132.9203886, 33.9334572 ], [ 132.920420299999989, 33.9365097 ], [ 132.9162792, 33.9370269 ], [ 132.9140576, 33.9391881 ], [ 132.9101575, 33.9396324 ], [ 132.9043136, 33.9425548 ], [ 132.9020788, 33.945006 ], [ 132.895741099999981, 33.946655 ], [ 132.891473200000036, 33.9496523 ], [ 132.8872706, 33.9509108 ], [ 132.8858056, 33.9545503 ], [ 132.8867831, 33.9577944 ], [ 132.885023099999984, 33.9611078 ], [ 132.8869944, 33.9645281 ], [ 132.8860928, 33.9659544 ], [ 132.8883028, 33.976624699999988 ], [ 132.88737, 33.9802108 ], [ 132.8898156, 33.9883997 ], [ 132.8852378, 33.9930508 ], [ 132.8806658, 33.9960586 ], [ 132.877181399999984, 33.9964294 ], [ 132.8745106, 33.9954739 ], [ 132.869475, 33.9956433 ], [ 132.8653444, 33.9944872 ], [ 132.8608303, 33.9962411 ], [ 132.858108099999981, 33.9956869 ], [ 132.8507739, 33.9989536 ], [ 132.850133299999982, 34.0005614 ], [ 132.8461489, 34.0032033 ], [ 132.8418919, 34.0047189 ], [ 132.8361519, 34.0008483 ], [ 132.8341381, 33.9985783 ], [ 132.8277847, 34.0019917 ], [ 132.8224075, 34.0031981 ], [ 132.8209053, 34.0070917 ], [ 132.8177275, 34.0117631 ], [ 132.8150389, 34.0125853 ], [ 132.8128375, 34.0154528 ], [ 132.8086136, 34.0172061 ], [ 132.8084854, 34.0186186 ], [ 132.8038316, 34.0129817 ], [ 132.8006751, 34.0104764 ], [ 132.7958878, 34.0092278 ], [ 132.791955300000012, 34.0099758 ], [ 132.7860542, 34.0090047 ], [ 132.7835584, 34.0069224 ], [ 132.7771917, 34.0036351 ], [ 132.7737043, 34.0002154 ], [ 132.7703071, 33.999056 ], [ 132.76824270000003, 34.0003473 ], [ 132.7655867, 33.9984399 ], [ 132.770627599999983, 33.9966007 ], [ 132.7743136, 33.9923151 ], [ 132.7749004, 33.9897118 ], [ 132.774014100000016, 33.9865247 ], [ 132.7709371, 33.98244 ], [ 132.771747799999986, 33.9787045 ], [ 132.7697526, 33.9761775 ], [ 132.771627199999983, 33.964755 ], [ 132.771533, 33.9611474 ], [ 132.7693327, 33.9575788 ], [ 132.768340099999989, 33.9483275 ], [ 132.7656651, 33.9424782 ], [ 132.762146299999984, 33.9366989 ], [ 132.7611924, 33.9301149 ], [ 132.756681, 33.9238574 ], [ 132.7577085, 33.9176762 ], [ 132.7554496, 33.9140153 ], [ 132.7552311, 33.9113177 ], [ 132.7472402, 33.9056778 ], [ 132.740171299999986, 33.9036872 ], [ 132.7319922, 33.9028438 ], [ 132.7297802, 33.9036916 ], [ 132.7236634, 33.9040998 ], [ 132.7107241, 33.9066829 ], [ 132.7093829, 33.9033813 ], [ 132.7095448, 33.8999247 ], [ 132.707036599999981, 33.8956793 ], [ 132.704763899999989, 33.8890907 ], [ 132.7005863, 33.8859491 ], [ 132.701077, 33.8807429 ], [ 132.6984723, 33.878755 ], [ 132.6999511, 33.8767062 ], [ 132.704656, 33.8762497 ], [ 132.7075482, 33.874466 ], [ 132.70973, 33.870552499999988 ], [ 132.7108206, 33.8656024 ], [ 132.708681899999988, 33.8654745 ], [ 132.7098691, 33.8617335 ], [ 132.7125312, 33.8588059 ], [ 132.71026089999998, 33.8565172 ], [ 132.7103998, 33.8540847 ], [ 132.7057629, 33.8525254 ], [ 132.696158, 33.8520051 ], [ 132.695490399999983, 33.8483563 ], [ 132.699912, 33.8460818 ], [ 132.7009593, 33.8424483 ], [ 132.700788599999981, 33.8388064 ], [ 132.6947386, 33.839727 ], [ 132.69426439999998, 33.8339734 ], [ 132.690181699999982, 33.8368859 ], [ 132.6873295, 33.8341177 ], [ 132.6920934, 33.8297756 ], [ 132.6901449, 33.826155199999988 ], [ 132.6928917, 33.8241995 ], [ 132.689038499999981, 33.8179522 ], [ 132.6929671, 33.816884 ], [ 132.6926169, 33.8138396 ], [ 132.6951345, 33.8129363 ], [ 132.6939778, 33.8102695 ], [ 132.6912283, 33.8114656 ], [ 132.689653199999981, 33.8091554 ], [ 132.684633, 33.8134341 ], [ 132.683438699999982, 33.8084722 ], [ 132.6857345, 33.8075165 ], [ 132.685776, 33.8049948 ], [ 132.7016692, 33.8051767 ], [ 132.705686899999989, 33.8055181 ], [ 132.7111464, 33.8075667 ], [ 132.7194508, 33.8082794 ], [ 132.727540299999987, 33.8052786 ], [ 132.7331111, 33.8050514 ], [ 132.743718299999983, 33.8055725 ], [ 132.7491278, 33.8054542 ], [ 132.7534425, 33.8045189 ], [ 132.759908599999989, 33.8018944 ], [ 132.7706508, 33.7956783 ], [ 132.7823353, 33.7899611 ], [ 132.7859119, 33.7876236 ], [ 132.7900617, 33.7865078 ], [ 132.7991242, 33.7860406 ], [ 132.8027008, 33.7820978 ], [ 132.7965658, 33.7781767 ], [ 132.7969861, 33.7696964 ], [ 132.794503900000024, 33.7680281 ], [ 132.7945547, 33.7648933 ], [ 132.7974064, 33.7624172 ], [ 132.798780599999986, 33.75568 ], [ 132.804991699999988, 33.7533233 ], [ 132.8071817, 33.7487356 ], [ 132.8067431, 33.7420839 ], [ 132.811916699999983, 33.7378572 ], [ 132.8136003, 33.7352892 ], [ 132.817448899999988, 33.7325564 ], [ 132.8183306, 33.7251083 ], [ 132.8230647, 33.7224236 ], [ 132.8256053, 33.7154739 ], [ 132.8222922, 33.7123894 ], [ 132.8214108, 33.7078256 ], [ 132.8244656, 33.7036044 ], [ 132.823585799999989, 33.7006032 ], [ 132.824645, 33.6984864 ], [ 132.8239236, 33.6947053 ], [ 132.8265256, 33.6934561 ], [ 132.8319497, 33.6873581 ], [ 132.8363939, 33.6887889 ], [ 132.8486992, 33.6887522 ], [ 132.8532864, 33.6917014 ], [ 132.8536928, 33.6946969 ], [ 132.8524519, 33.6982108 ], [ 132.8564011, 33.70409 ], [ 132.8615419, 33.7065933 ], [ 132.861595599999987, 33.7088175 ], [ 132.865080299999988, 33.7112108 ], [ 132.8714956, 33.7131111 ], [ 132.8709292, 33.7173153 ], [ 132.8730506, 33.7263297 ], [ 132.8750803, 33.7279458 ], [ 132.875782499999985, 33.729067799999989 ], [ 132.8736031, 33.7325817 ], [ 132.871005, 33.7337158 ], [ 132.865438600000033, 33.7392719 ], [ 132.8657883, 33.7415281 ], [ 132.8623953, 33.7452567 ], [ 132.8610739, 33.7490247 ], [ 132.8554928, 33.7504753 ], [ 132.8529967, 33.7564025 ], [ 132.8472133, 33.7579997 ], [ 132.8483525, 33.7632067 ], [ 132.8429892, 33.7714325 ], [ 132.839472799999982, 33.7745622 ], [ 132.837305, 33.7751714 ], [ 132.8364206, 33.7785411 ], [ 132.840445599999981, 33.7804617 ], [ 132.840445599999981, 33.7825758 ], [ 132.828369399999985, 33.7850131 ], [ 132.8247756, 33.7851606 ], [ 132.8247864, 33.7890478 ], [ 132.829995, 33.7918361 ], [ 132.83005, 33.7952336 ], [ 132.8223975, 33.7966922 ], [ 132.823812799999985, 33.7992036 ], [ 132.8312889, 33.7987694 ], [ 132.83245, 33.796193599999988 ], [ 132.8412194, 33.7967292 ], [ 132.847489699999983, 33.7985017 ], [ 132.8473128, 33.8000619 ], [ 132.860052199999984, 33.8054636 ], [ 132.865105799999981, 33.8065256 ], [ 132.866344199999986, 33.8133758 ], [ 132.869108899999986, 33.8151303 ], [ 132.8698497, 33.8190078 ], [ 132.868522499999983, 33.8239103 ], [ 132.872762199999983, 33.8258617 ], [ 132.875081099999989, 33.8339803 ], [ 132.8803083, 33.8408386 ], [ 132.8829364, 33.8460714 ], [ 132.884470599999986, 33.8473458 ], [ 132.8819744, 33.8544408 ], [ 132.879804399999983, 33.8558481 ], [ 132.875943299999989, 33.8636867 ], [ 132.87715, 33.8647231 ], [ 132.878931099999988, 33.8699778 ], [ 132.8816086, 33.8717361 ], [ 132.8802892, 33.8750628 ], [ 132.8851258, 33.8812836 ], [ 132.887095, 33.8815283 ], [ 132.891280599999988, 33.8849428 ], [ 132.8941525, 33.8858261 ], [ 132.8973767, 33.8884703 ], [ 132.9010164, 33.8900078 ], [ 132.906304399999982, 33.8891639 ], [ 132.908121699999981, 33.8911431 ], [ 132.9104453, 33.8907961 ], [ 132.9144378, 33.8937672 ], [ 132.917746699999981, 33.8940036 ] ] ], [ [ [ 132.700022100000012, 33.9236129 ], [ 132.69867, 33.9267002 ], [ 132.6955032, 33.9252756 ], [ 132.6912141, 33.9265073 ], [ 132.6901059, 33.9229554 ], [ 132.68778039999998, 33.9214261 ], [ 132.6794983, 33.9210625 ], [ 132.679633600000017, 33.9156974 ], [ 132.6804837, 33.9136605 ], [ 132.678744099999989, 33.9104856 ], [ 132.6737655, 33.9092389 ], [ 132.6689805, 33.9101028 ], [ 132.659851799999984, 33.9103104 ], [ 132.6583343, 33.9048047 ], [ 132.653204099999982, 33.9005815 ], [ 132.657227899999981, 33.8998866 ], [ 132.658828299999982, 33.9024394 ], [ 132.661455099999984, 33.9032727 ], [ 132.6660053, 33.9009242 ], [ 132.6688775, 33.8962697 ], [ 132.6687938, 33.8941001 ], [ 132.6655949, 33.8908269 ], [ 132.6668167, 33.8882146 ], [ 132.664866499999988, 33.8807739 ], [ 132.6622348, 33.8768823 ], [ 132.6624597, 33.8739717 ], [ 132.66860029999998, 33.8703273 ], [ 132.670481599999988, 33.8707521 ], [ 132.67009120000003, 33.8742893 ], [ 132.6744251, 33.8753514 ], [ 132.679147199999989, 33.8755719 ], [ 132.682613, 33.8740408 ], [ 132.689746, 33.8758383 ], [ 132.688465, 33.8775338 ], [ 132.6819496, 33.8798289 ], [ 132.6800888, 33.883329 ], [ 132.6812229, 33.8848464 ], [ 132.677403, 33.8870829 ], [ 132.6725648, 33.8928203 ], [ 132.674037299999981, 33.9009217 ], [ 132.679301399999986, 33.9033241 ], [ 132.6833555, 33.9023574 ], [ 132.687483499999985, 33.9038184 ], [ 132.692937, 33.9038635 ], [ 132.6936093, 33.9055333 ], [ 132.6905696, 33.913275 ], [ 132.693575399999986, 33.9146352 ], [ 132.6951233, 33.9175769 ], [ 132.6947649, 33.9210872 ], [ 132.6966491, 33.9233995 ], [ 132.700022100000012, 33.9236129 ] ] ], [ [ [ 132.671791399999989, 33.96595 ], [ 132.672496699999982, 33.9700856 ], [ 132.6675517, 33.9711006 ], [ 132.6617872, 33.9738269 ], [ 132.6584019, 33.9693819 ], [ 132.6522794, 33.9674381 ], [ 132.648576700000035, 33.9609769 ], [ 132.6495022, 33.9573369 ], [ 132.6546583, 33.95327 ], [ 132.6566767, 33.9508256 ], [ 132.6590172, 33.9523353 ], [ 132.6618264, 33.9522344 ], [ 132.6638571, 33.9560184 ], [ 132.6675754, 33.9571429 ], [ 132.675053099999985, 33.9531758 ], [ 132.6731279, 33.9580078 ], [ 132.671791399999989, 33.96595 ] ] ], [ [ [ 132.6977439, 33.9657206 ], [ 132.694203099999982, 33.9709106 ], [ 132.6927839, 33.9760764 ], [ 132.6895767, 33.9774272 ], [ 132.690165799999988, 33.9742956 ], [ 132.6886356, 33.9719486 ], [ 132.683762799999982, 33.9725269 ], [ 132.6832494, 33.9698622 ], [ 132.686371399999985, 33.96793 ], [ 132.6862961, 33.9654892 ], [ 132.6927369, 33.9661839 ], [ 132.6977439, 33.9657206 ] ] ], [ [ [ 132.7625903, 33.9753845 ], [ 132.7622753, 33.9728243 ], [ 132.7669693, 33.9728003 ], [ 132.765568, 33.9764464 ], [ 132.7625903, 33.9753845 ] ] ], [ [ [ 132.7052218, 34.0723575 ], [ 132.702488599999981, 34.068191 ], [ 132.707928899999985, 34.0701417 ], [ 132.7102667, 34.0725153 ], [ 132.7052218, 34.0723575 ] ] ] ] } },
{ "type": "Feature", "properties": { "hokenjo": "西条" }, "geometry": { "type": "MultiPolygon", "coordinates": [ [ [ [ 133.2773575, 33.8309242 ], [ 133.2842497, 33.8317922 ], [ 133.28865, 33.8293697 ], [ 133.2937689, 33.8286956 ], [ 133.3022919, 33.8231289 ], [ 133.310275300000029, 33.81588 ], [ 133.3191531, 33.8160575 ], [ 133.326331399999987, 33.8147636 ], [ 133.3283994, 33.816021899999988 ], [ 133.3333097, 33.821295299999989 ], [ 133.336179700000031, 33.8217764 ], [ 133.341011399999985, 33.8241489 ], [ 133.3456136, 33.8248194 ], [ 133.3504931, 33.828724199999989 ], [ 133.3524544, 33.8326269 ], [ 133.3558003, 33.8343581 ], [ 133.361854199999982, 33.8331667 ], [ 133.3690169, 33.8293333 ], [ 133.3757067, 33.8286761 ], [ 133.3836489, 33.826225 ], [ 133.386695799999984, 33.8261294 ], [ 133.3916733, 33.8244344 ], [ 133.392968599999989, 33.8276747 ], [ 133.396813899999984, 33.8306203 ], [ 133.400833299999988, 33.836236899999989 ], [ 133.40595829999998, 33.8362594 ], [ 133.4120528, 33.8391397 ], [ 133.4196356, 33.8397347 ], [ 133.421864199999987, 33.8385017 ], [ 133.4248936, 33.8392631 ], [ 133.427596099999988, 33.8366594 ], [ 133.4324856, 33.8349361 ], [ 133.4411514, 33.8337439 ], [ 133.4446864, 33.8347542 ], [ 133.4480614, 33.8340533 ], [ 133.4550128, 33.8369269 ], [ 133.4544139, 33.8487792 ], [ 133.4528369, 33.8516847 ], [ 133.4528178, 33.8543544 ], [ 133.4494425, 33.8610128 ], [ 133.4465644, 33.86427 ], [ 133.447099399999985, 33.8661303 ], [ 133.451830299999983, 33.8687103 ], [ 133.450671699999987, 33.8716675 ], [ 133.4465578, 33.8781936 ], [ 133.448268899999988, 33.8819369 ], [ 133.4475328, 33.8853039 ], [ 133.4452583, 33.8875669 ], [ 133.4402864, 33.8894372 ], [ 133.4386567, 33.8920878 ], [ 133.434405, 33.8905536 ], [ 133.4298642, 33.8912569 ], [ 133.4228331, 33.8883072 ], [ 133.417935299999982, 33.8895425 ], [ 133.4138819, 33.8874422 ], [ 133.406262199999986, 33.8865936 ], [ 133.3991347, 33.8873394 ], [ 133.397291699999982, 33.8863172 ], [ 133.3952731, 33.8823736 ], [ 133.391535, 33.8793544 ], [ 133.386296099999981, 33.879404199999989 ], [ 133.3841014, 33.8764817 ], [ 133.3750392, 33.8752042 ], [ 133.3720731, 33.8752803 ], [ 133.3648967, 33.8773136 ], [ 133.362378299999989, 33.8767992 ], [ 133.3533861, 33.8811644 ], [ 133.3510953, 33.8840861 ], [ 133.350703899999985, 33.8892103 ], [ 133.3543072, 33.8935856 ], [ 133.3568486, 33.8941136 ], [ 133.3594483, 33.8967978 ], [ 133.359443299999981, 33.8991617 ], [ 133.3624542, 33.8997236 ], [ 133.3648164, 33.9019772 ], [ 133.365152199999983, 33.9061983 ], [ 133.367971899999986, 33.9104489 ], [ 133.3675747, 33.9156119 ], [ 133.369437200000021, 33.9184214 ], [ 133.3692275, 33.9214394 ], [ 133.3666833, 33.9265242 ], [ 133.3662644, 33.9314308 ], [ 133.366652499999987, 33.9369186 ], [ 133.3689808, 33.9420006 ], [ 133.368089199999986, 33.9447789 ], [ 133.36991, 33.9482897 ], [ 133.3699222, 33.9521714 ], [ 133.371098599999982, 33.9553175 ], [ 133.375582799999989, 33.9598094 ], [ 133.3760486, 33.9635986 ], [ 133.3796825, 33.9702017 ], [ 133.384075599999989, 33.9715067 ], [ 133.387735, 33.9786944 ], [ 133.39171, 33.9813992 ], [ 133.388805, 33.9858324 ], [ 133.382308099999989, 33.9837014 ], [ 133.3784239, 33.9836306 ], [ 133.37267, 33.9819705 ], [ 133.3710261, 33.9807532 ], [ 133.3654711, 33.9806399 ], [ 133.361489300000017, 33.9793596 ], [ 133.3563623, 33.9791851 ], [ 133.3540572, 33.9824902 ], [ 133.350971, 33.9836594 ], [ 133.348588, 33.9878506 ], [ 133.3460853, 33.9904639 ], [ 133.3369104, 33.9920641 ], [ 133.337353, 33.9837761 ], [ 133.3399236, 33.981232 ], [ 133.3362626, 33.9803212 ], [ 133.332994899999989, 33.9837393 ], [ 133.3331528, 33.9906753 ], [ 133.3278585, 33.9913822 ], [ 133.3258811, 33.993830599999988 ], [ 133.3205039, 33.9942308 ], [ 133.3172569, 33.9889708 ], [ 133.309945299999981, 33.9840699 ], [ 133.305864899999989, 33.9827763 ], [ 133.295249900000016, 33.9813001 ], [ 133.289820599999985, 33.9829688 ], [ 133.288886, 33.9811128 ], [ 133.2857445, 33.9802651 ], [ 133.2806426, 33.9895943 ], [ 133.28012, 33.9864265 ], [ 133.2768212, 33.9851649 ], [ 133.278753800000032, 33.981441 ], [ 133.2768527, 33.980718 ], [ 133.2702959, 33.9836338 ], [ 133.2670262, 33.9802446 ], [ 133.2726453, 33.9778429 ], [ 133.2746023, 33.9753395 ], [ 133.2701205, 33.9751674 ], [ 133.2667429, 33.9725219 ], [ 133.267755699999981, 33.9699492 ], [ 133.2638289, 33.96989 ], [ 133.2637354, 33.9612214 ], [ 133.261154399999981, 33.9632639 ], [ 133.2592133, 33.9769238 ], [ 133.260868, 33.979787 ], [ 133.2557086, 33.9807213 ], [ 133.2525699, 33.9775097 ], [ 133.248502799999983, 33.9749338 ], [ 133.2498266, 33.9643017 ], [ 133.2490899, 33.9606682 ], [ 133.255295599999982, 33.9568747 ], [ 133.254236599999984, 33.9559091 ], [ 133.2470023, 33.9598203 ], [ 133.2454663, 33.956515 ], [ 133.2479337, 33.9550331 ], [ 133.246240299999982, 33.9529342 ], [ 133.2436279, 33.9527664 ], [ 133.243043299999982, 33.9568745 ], [ 133.235430399999984, 33.9561165 ], [ 133.234162699999985, 33.9520545 ], [ 133.2253596, 33.9503856 ], [ 133.1993051, 33.9462109 ], [ 133.200608599999981, 33.9374444 ], [ 133.197967799999986, 33.9359031 ], [ 133.195759399999986, 33.9460094 ], [ 133.1886556, 33.9442819 ], [ 133.1859136, 33.9494546 ], [ 133.1782459, 33.9475898 ], [ 133.1803874, 33.9419039 ], [ 133.17188680000001, 33.9399387 ], [ 133.1768208, 33.9307494 ], [ 133.171643, 33.9278818 ], [ 133.1699721, 33.9302094 ], [ 133.171676, 33.9318201 ], [ 133.16789559999998, 33.9381686 ], [ 133.151638, 33.9320274 ], [ 133.1400234, 33.9278989 ], [ 133.137179799999984, 33.9284285 ], [ 133.1329551, 33.9273493 ], [ 133.1259004, 33.9317064 ], [ 133.1275005, 33.9413017 ], [ 133.125804599999981, 33.9415032 ], [ 133.1200571, 33.9367514 ], [ 133.1196189, 33.9329591 ], [ 133.1178188, 33.9308796 ], [ 133.1168352, 33.925807299999988 ], [ 133.112341499999985, 33.9305189 ], [ 133.1166431, 33.9341684 ], [ 133.1158024, 33.9368477 ], [ 133.119318, 33.9410797 ], [ 133.1077602, 33.9477627 ], [ 133.1011858, 33.9406804 ], [ 133.0973836, 33.9432061 ], [ 133.0970298, 33.9453935 ], [ 133.093915399999986, 33.9483671 ], [ 133.08828, 33.9454208 ], [ 133.0862146, 33.9483557 ], [ 133.088922699999983, 33.9503866 ], [ 133.086716699999982, 33.9525779 ], [ 133.0850443, 33.9574884 ], [ 133.080378, 33.9609475 ], [ 133.073885099999984, 33.9674547 ], [ 133.0737882, 33.969436 ], [ 133.067921399999989, 33.9753351 ], [ 133.0647011, 33.973563 ], [ 133.063205499999981, 33.9746715 ], [ 133.061106599999988, 33.9790693 ], [ 133.062571, 33.9808363 ], [ 133.066591200000033, 33.9826665 ], [ 133.052020299999981, 33.981445 ], [ 133.050469199999981, 33.9800633 ], [ 133.0413644, 33.9776039 ], [ 133.039521899999983, 33.9756333 ], [ 133.0388922, 33.9713111 ], [ 133.040785299999982, 33.9678097 ], [ 133.0376786, 33.96648 ], [ 133.03383, 33.9605103 ], [ 133.0295408, 33.9607425 ], [ 133.023866700000013, 33.9625625 ], [ 133.0231253, 33.9608136 ], [ 133.0177253, 33.9615961 ], [ 133.0156303, 33.9574242 ], [ 133.013011399999982, 33.9576992 ], [ 133.007763899999986, 33.9547519 ], [ 133.0054758, 33.9579308 ], [ 132.9968781, 33.9555731 ], [ 132.99094359999998, 33.9569528 ], [ 132.9868061, 33.9552689 ], [ 132.98701029999998, 33.9538792 ], [ 132.9837961, 33.9510217 ], [ 132.978632799999986, 33.9483564 ], [ 132.9773131, 33.9450742 ], [ 132.9788217, 33.9406661 ], [ 132.977089399999983, 33.9360331 ], [ 132.9749864, 33.9354189 ], [ 132.9758836, 33.9297806 ], [ 132.9755336, 33.9256456 ], [ 132.9735047, 33.923040799999988 ], [ 132.975077500000026, 33.919605 ], [ 132.975615299999987, 33.9110628 ], [ 132.9736531, 33.9101169 ], [ 132.9732683, 33.9065217 ], [ 132.9705997, 33.9051581 ], [ 132.9654064, 33.9067711 ], [ 132.9600575, 33.902665 ], [ 132.958594399999981, 33.8997433 ], [ 132.960535, 33.8950131 ], [ 132.9586919, 33.8910642 ], [ 132.959220300000027, 33.887975 ], [ 132.9567781, 33.8844347 ], [ 132.9607067, 33.8783364 ], [ 132.960142200000035, 33.8743078 ], [ 132.961869399999983, 33.8716506 ], [ 132.965281100000027, 33.8695772 ], [ 132.9685211, 33.8688533 ], [ 132.9708828, 33.8645161 ], [ 132.970595299999985, 33.8611708 ], [ 132.9737364, 33.8588144 ], [ 132.9744883, 33.85519 ], [ 132.9720206, 33.8512981 ], [ 132.9678017, 33.8464744 ], [ 132.969913599999984, 33.8409319 ], [ 132.9727661, 33.8383547 ], [ 132.9732128, 33.8300569 ], [ 132.976360799999981, 33.8289419 ], [ 132.9794953, 33.8258881 ], [ 132.982650299999989, 33.8166992 ], [ 132.986086700000016, 33.8119478 ], [ 132.9879928, 33.8118022 ], [ 132.992, 33.8155286 ], [ 132.9950139, 33.8171142 ], [ 132.9968261, 33.8158592 ], [ 133.0010508, 33.816715 ], [ 133.007070299999981, 33.8139936 ], [ 133.0095728, 33.8149503 ], [ 133.0129522, 33.8129167 ], [ 133.0117956, 33.810545 ], [ 133.0132556, 33.8083294 ], [ 133.0130589, 33.8036636 ], [ 133.017529199999984, 33.7990097 ], [ 133.019193299999984, 33.7929753 ], [ 133.02212, 33.7896639 ], [ 133.0209275, 33.7875636 ], [ 133.0232494, 33.7855503 ], [ 133.023378899999983, 33.783121099999988 ], [ 133.0187364, 33.7812983 ], [ 133.0168919, 33.7795606 ], [ 133.0177425, 33.774465 ], [ 133.0190886, 33.7733108 ], [ 133.018067799999983, 33.7681794 ], [ 133.0194261, 33.7659292 ], [ 133.0241203, 33.7628856 ], [ 133.0286725, 33.7622067 ], [ 133.0316958, 33.7633856 ], [ 133.0419517, 33.760191899999988 ], [ 133.044145, 33.7589033 ], [ 133.0485653, 33.7595647 ], [ 133.0530511, 33.7588528 ], [ 133.0558858, 33.7558344 ], [ 133.0589328, 33.7552122 ], [ 133.0614333, 33.7562008 ], [ 133.0667269, 33.7559792 ], [ 133.0732908, 33.7588389 ], [ 133.07702, 33.7583358 ], [ 133.0816767, 33.7564753 ], [ 133.0853592, 33.7567144 ], [ 133.093753099999986, 33.7585197 ], [ 133.0982472, 33.7618614 ], [ 133.100556399999988, 33.7622542 ], [ 133.102774200000027, 33.7693889 ], [ 133.1050861, 33.7719431 ], [ 133.1091811, 33.7728158 ], [ 133.1170797, 33.76643 ], [ 133.1211542, 33.7662131 ], [ 133.1240783, 33.7671128 ], [ 133.1340367, 33.7639956 ], [ 133.134365, 33.7618211 ], [ 133.139473899999984, 33.7585239 ], [ 133.1454694, 33.7571489 ], [ 133.1498842, 33.7534522 ], [ 133.157837199999989, 33.750295 ], [ 133.1635533, 33.7542103 ], [ 133.1646456, 33.7563606 ], [ 133.170920599999988, 33.7575428 ], [ 133.175740600000012, 33.7607503 ], [ 133.1767869, 33.7637958 ], [ 133.179973099999984, 33.764055 ], [ 133.1837425, 33.7681417 ], [ 133.1823722, 33.7714783 ], [ 133.1872583, 33.7773711 ], [ 133.1871414, 33.7794456 ], [ 133.1904697, 33.7836256 ], [ 133.1902278, 33.7868406 ], [ 133.1927442, 33.7937819 ], [ 133.1997742, 33.7939247 ], [ 133.2037044, 33.794735 ], [ 133.2155378, 33.7856122 ], [ 133.217160299999989, 33.7826478 ], [ 133.2198444, 33.7804306 ], [ 133.223465, 33.7808294 ], [ 133.225311399999981, 33.7825089 ], [ 133.2316089, 33.7839622 ], [ 133.2369206, 33.782725 ], [ 133.2459369, 33.7889472 ], [ 133.249881099999982, 33.7883292 ], [ 133.257180299999987, 33.7938633 ], [ 133.2586258, 33.7983758 ], [ 133.2607497, 33.800605 ], [ 133.262455, 33.8048253 ], [ 133.261063899999982, 33.8069833 ], [ 133.2607722, 33.8110839 ], [ 133.2639403, 33.8147689 ], [ 133.265391699999981, 33.8188156 ], [ 133.267543599999982, 33.8208306 ], [ 133.2674, 33.8234328 ], [ 133.2692133, 33.8256183 ], [ 133.274505799999986, 33.8280569 ], [ 133.2773575, 33.8309242 ] ] ], [ [ [ 133.3698728, 34.0050531 ], [ 133.367273899999986, 34.0078147 ], [ 133.3661506, 34.0057444 ], [ 133.360385399999984, 34.0037125 ], [ 133.3586731, 34.0052456 ], [ 133.3552206, 34.0054781 ], [ 133.350829399999981, 34.0018856 ], [ 133.3505525, 33.9964419 ], [ 133.3555658, 33.9946283 ], [ 133.358456099999984, 33.9946003 ], [ 133.3606519, 33.9899007 ], [ 133.3649475, 33.9918187 ], [ 133.3645583, 33.993642099999988 ], [ 133.368872899999985, 33.9940542 ], [ 133.3702542, 33.9981797 ], [ 133.3690312, 33.9995366 ], [ 133.3698728, 34.0050531 ] ] ] ] } },
{ "type": "Feature", "properties": { "hokenjo": "中予" }, "geometry": { "type": "MultiPolygon", "coordinates": [ [ [ [ 132.8363939, 33.6887889 ], [ 132.8319497, 33.6873581 ], [ 132.8265256, 33.6934561 ], [ 132.8239236, 33.6947053 ], [ 132.824645, 33.6984864 ], [ 132.823585799999989, 33.7006032 ], [ 132.8244656, 33.7036044 ], [ 132.8214108, 33.7078256 ], [ 132.8222922, 33.7123894 ], [ 132.8256053, 33.7154739 ], [ 132.8230647, 33.7224236 ], [ 132.8183306, 33.7251083 ], [ 132.817448899999988, 33.7325564 ], [ 132.8136003, 33.7352892 ], [ 132.811916699999983, 33.7378572 ], [ 132.8067431, 33.7420839 ], [ 132.8071817, 33.7487356 ], [ 132.804991699999988, 33.7533233 ], [ 132.798780599999986, 33.75568 ], [ 132.7974064, 33.7624172 ], [ 132.7945547, 33.7648933 ], [ 132.794503900000024, 33.7680281 ], [ 132.7969861, 33.7696964 ], [ 132.7965658, 33.7781767 ], [ 132.8027008, 33.7820978 ], [ 132.7991242, 33.7860406 ], [ 132.7900617, 33.7865078 ], [ 132.7859119, 33.7876236 ], [ 132.7823353, 33.7899611 ], [ 132.7706508, 33.7956783 ], [ 132.759908599999989, 33.8018944 ], [ 132.7534425, 33.8045189 ], [ 132.7491278, 33.8054542 ], [ 132.743718299999983, 33.8055725 ], [ 132.7331111, 33.8050514 ], [ 132.727540299999987, 33.8052786 ], [ 132.7194508, 33.8082794 ], [ 132.7111464, 33.8075667 ], [ 132.705686899999989, 33.8055181 ], [ 132.7016692, 33.8051767 ], [ 132.685776, 33.8049948 ], [ 132.6890946, 33.8033628 ], [ 132.6924463, 33.7948309 ], [ 132.6881133, 33.7931914 ], [ 132.6898664, 33.788320899999988 ], [ 132.6936081, 33.7881307 ], [ 132.6943656, 33.786099 ], [ 132.699193, 33.7866945 ], [ 132.6994349, 33.7842816 ], [ 132.693412599999988, 33.7848756 ], [ 132.6938551, 33.7826043 ], [ 132.696908600000029, 33.7821996 ], [ 132.698464799999982, 33.776373 ], [ 132.700247499999989, 33.7671316 ], [ 132.6969033, 33.7671057 ], [ 132.6976014, 33.7624241 ], [ 132.700003899999984, 33.7609911 ], [ 132.6967368, 33.7564008 ], [ 132.694664099999983, 33.7570605 ], [ 132.692863499999987, 33.7522898 ], [ 132.6895953, 33.7509184 ], [ 132.681532299999986, 33.7454831 ], [ 132.6799264, 33.7457764 ], [ 132.6768634, 33.7382911 ], [ 132.676169099999981, 33.7339161 ], [ 132.6743476, 33.7303387 ], [ 132.670092899999986, 33.7253492 ], [ 132.6654632, 33.7183691 ], [ 132.6632129, 33.713806 ], [ 132.6625194, 33.7093441 ], [ 132.6593617, 33.7035233 ], [ 132.652606099999986, 33.6969672 ], [ 132.6464717, 33.6921733 ], [ 132.6396608, 33.6901519 ], [ 132.6292436, 33.682636 ], [ 132.626535, 33.6794217 ], [ 132.617910599999988, 33.6770269 ], [ 132.6116106, 33.6723906 ], [ 132.6095564, 33.6689272 ], [ 132.6059789, 33.66583 ], [ 132.60048, 33.6623478 ], [ 132.591401500000018, 33.6576847 ], [ 132.5859552, 33.6535789 ], [ 132.582492299999984, 33.6523926 ], [ 132.5737202, 33.6508797 ], [ 132.571531599999986, 33.6493882 ], [ 132.567170799999985, 33.648685 ], [ 132.5487392, 33.643053 ], [ 132.5471528, 33.6421364 ], [ 132.5312585, 33.6376561 ], [ 132.537083599999988, 33.6304233 ], [ 132.5377939, 33.6287347 ], [ 132.5429667, 33.6254931 ], [ 132.544038299999983, 33.6225214 ], [ 132.5492719, 33.6209047 ], [ 132.5488719, 33.6186575 ], [ 132.553640299999984, 33.6146878 ], [ 132.5522533, 33.6119789 ], [ 132.5540047, 33.6057322 ], [ 132.556459400000023, 33.605152499999988 ], [ 132.560464199999984, 33.6019608 ], [ 132.5681539, 33.6095786 ], [ 132.5687422, 33.6135939 ], [ 132.5755806, 33.6177503 ], [ 132.5759847, 33.6210014 ], [ 132.579555, 33.6233242 ], [ 132.581112499999989, 33.6263058 ], [ 132.5854125, 33.6259253 ], [ 132.5899044, 33.6233436 ], [ 132.5994069, 33.6222156 ], [ 132.6031419, 33.6229503 ], [ 132.6022156, 33.6264144 ], [ 132.6057897, 33.6323094 ], [ 132.607441099999988, 33.6337169 ], [ 132.6092458, 33.6380403 ], [ 132.613216099999988, 33.6401531 ], [ 132.6186731, 33.6465006 ], [ 132.618480799999986, 33.6495089 ], [ 132.6226317, 33.6504625 ], [ 132.626955, 33.6490647 ], [ 132.6316517, 33.6499014 ], [ 132.633513099999988, 33.6531094 ], [ 132.639026699999988, 33.6547136 ], [ 132.643605799999989, 33.6550972 ], [ 132.6459686, 33.6542089 ], [ 132.6489703, 33.6550378 ], [ 132.6518658, 33.6521117 ], [ 132.6528358, 33.6458708 ], [ 132.651901399999986, 33.6436042 ], [ 132.6545519, 33.6388753 ], [ 132.653373599999981, 33.6352622 ], [ 132.653949399999988, 33.6286822 ], [ 132.6509203, 33.6231481 ], [ 132.6541078, 33.6201439 ], [ 132.6571606, 33.6209892 ], [ 132.6592853, 33.6195364 ], [ 132.6611225, 33.6161892 ], [ 132.667514399999988, 33.6202147 ], [ 132.671111900000028, 33.619891699999989 ], [ 132.676265799999982, 33.6210264 ], [ 132.6783117, 33.6159328 ], [ 132.679968299999985, 33.6180122 ], [ 132.6829942, 33.6183925 ], [ 132.6875522, 33.6160367 ], [ 132.694662199999982, 33.6139083 ], [ 132.7005239, 33.6101667 ], [ 132.7096961, 33.6084478 ], [ 132.716555, 33.611526399999988 ], [ 132.7221281, 33.6131869 ], [ 132.724760299999986, 33.6182428 ], [ 132.727681099999984, 33.6213383 ], [ 132.7283186, 33.6248975 ], [ 132.73402249999998, 33.6269353 ], [ 132.7359056, 33.6266619 ], [ 132.7374364, 33.6238131 ], [ 132.7403478, 33.6245603 ], [ 132.742714400000011, 33.6272619 ], [ 132.7456158, 33.6276744 ], [ 132.749999699999989, 33.6275981 ], [ 132.7549506, 33.6228967 ], [ 132.759366699999987, 33.6206875 ], [ 132.7606061, 33.6157403 ], [ 132.7621914, 33.6145183 ], [ 132.7639169, 33.6104086 ], [ 132.7663064, 33.607245 ], [ 132.7698861, 33.6075467 ], [ 132.7727989, 33.6107606 ], [ 132.7783586, 33.6124572 ], [ 132.781626099999983, 33.6166036 ], [ 132.7856769, 33.6185014 ], [ 132.7848119, 33.6224164 ], [ 132.7859469, 33.6242244 ], [ 132.7891656, 33.6203694 ], [ 132.79295639999998, 33.6204839 ], [ 132.7964289, 33.6187275 ], [ 132.7999792, 33.620745 ], [ 132.803132799999986, 33.6210986 ], [ 132.804823299999981, 33.624312499999988 ], [ 132.8092872, 33.624685 ], [ 132.8138194, 33.6237769 ], [ 132.8127986, 33.6283558 ], [ 132.82462, 33.6296397 ], [ 132.8357169, 33.6351517 ], [ 132.8378789, 33.6378136 ], [ 132.83694060000002, 33.6407147 ], [ 132.842991399999988, 33.6380431 ], [ 132.8482769, 33.6339258 ], [ 132.8512428, 33.6326433 ], [ 132.85393, 33.62954 ], [ 132.8570147, 33.6215964 ], [ 132.8569042, 33.6171881 ], [ 132.8537417, 33.6160781 ], [ 132.8525047, 33.611638299999989 ], [ 132.849416099999985, 33.6085006 ], [ 132.8443, 33.6074694 ], [ 132.8466144, 33.5946008 ], [ 132.8486092, 33.5925356 ], [ 132.8532686, 33.5925681 ], [ 132.8563653, 33.5943792 ], [ 132.8660669, 33.5950011 ], [ 132.8625342, 33.5908614 ], [ 132.867291699999981, 33.5887397 ], [ 132.872907199999986, 33.5901767 ], [ 132.8811164, 33.5913397 ], [ 132.88662309999998, 33.5907931 ], [ 132.8954564, 33.5878983 ], [ 132.897482500000024, 33.5866783 ], [ 132.899713099999985, 33.5818261 ], [ 132.8984064, 33.5802194 ], [ 132.903099199999986, 33.5788581 ], [ 132.905327199999988, 33.5758347 ], [ 132.909237499999989, 33.5749858 ], [ 132.9109253, 33.576345 ], [ 132.9147744, 33.57073 ], [ 132.915203099999985, 33.5681744 ], [ 132.922600599999981, 33.5645539 ], [ 132.9263378, 33.5604944 ], [ 132.9244936, 33.5564281 ], [ 132.9216161, 33.555205 ], [ 132.9203681, 33.5491958 ], [ 132.920782799999984, 33.5466281 ], [ 132.917146900000034, 33.5414883 ], [ 132.9196594, 33.5380528 ], [ 132.9214383, 33.5337325 ], [ 132.916491899999983, 33.5320978 ], [ 132.914083299999987, 33.5303383 ], [ 132.916123299999981, 33.5273817 ], [ 132.9140003, 33.5234322 ], [ 132.911471399999982, 33.5226689 ], [ 132.9097611, 33.5177775 ], [ 132.9058389, 33.5170208 ], [ 132.9004678, 33.5144647 ], [ 132.9002647, 33.503605799999988 ], [ 132.8975831, 33.5016894 ], [ 132.8959586, 33.4977853 ], [ 132.897094399999986, 33.4911692 ], [ 132.9009811, 33.4863136 ], [ 132.9006822, 33.4808647 ], [ 132.8964964, 33.4778617 ], [ 132.895963599999988, 33.4760372 ], [ 132.900674399999986, 33.4703517 ], [ 132.9077603, 33.4684833 ], [ 132.9098828, 33.4688003 ], [ 132.915213099999988, 33.4676539 ], [ 132.922791099999984, 33.4685947 ], [ 132.929001199999988, 33.4685745 ], [ 132.9309972, 33.4700739 ], [ 132.9385206, 33.4720789 ], [ 132.9442242, 33.4719489 ], [ 132.946839399999988, 33.4685858 ], [ 132.951665599999984, 33.4665783 ], [ 132.9596381, 33.4663122 ], [ 132.9726736, 33.4697864 ], [ 132.9788381, 33.472918299999989 ], [ 132.9868725, 33.4729061 ], [ 132.992728299999982, 33.4758292 ], [ 132.9953636, 33.4749772 ], [ 132.9990297, 33.4757536 ], [ 133.0153819, 33.4809356 ], [ 133.0136756, 33.4862286 ], [ 133.0134008, 33.490582499999988 ], [ 133.0207, 33.4961083 ], [ 133.025439399999982, 33.5022028 ], [ 133.0261633, 33.5051892 ], [ 133.030616899999984, 33.5078353 ], [ 133.034255299999984, 33.5118339 ], [ 133.0382525, 33.5193225 ], [ 133.0372117, 33.5244664 ], [ 133.0379419, 33.5264064 ], [ 133.0462892, 33.5302867 ], [ 133.0538761, 33.5353467 ], [ 133.056255, 33.5377358 ], [ 133.0591633, 33.5387133 ], [ 133.06125609999998, 33.5419322 ], [ 133.06414, 33.5425097 ], [ 133.0626192, 33.5453678 ], [ 133.0619558, 33.5508322 ], [ 133.0602522, 33.5540903 ], [ 133.0605989, 33.5583158 ], [ 133.0623086, 33.5614503 ], [ 133.0554756, 33.5674481 ], [ 133.053996899999987, 33.5704244 ], [ 133.050395, 33.5721719 ], [ 133.0467567, 33.5752175 ], [ 133.0475717, 33.5818519 ], [ 133.049214399999983, 33.5849622 ], [ 133.0551983, 33.5899511 ], [ 133.0546192, 33.5935178 ], [ 133.057415599999985, 33.59636 ], [ 133.0629692, 33.5973075 ], [ 133.0640192, 33.5994808 ], [ 133.069950799999987, 33.6011425 ], [ 133.07962, 33.6086997 ], [ 133.078982199999984, 33.6116694 ], [ 133.0732025, 33.6143603 ], [ 133.0699447, 33.619701899999988 ], [ 133.0672303, 33.6225525 ], [ 133.0688944, 33.6261428 ], [ 133.068345, 33.6283561 ], [ 133.070061899999985, 33.6309036 ], [ 133.070172499999984, 33.6359281 ], [ 133.0723578, 33.6383872 ], [ 133.074182799999988, 33.6442147 ], [ 133.075019699999984, 33.6506186 ], [ 133.0775089, 33.6535531 ], [ 133.08478, 33.6549225 ], [ 133.0907556, 33.6578128 ], [ 133.0974086, 33.6582428 ], [ 133.106661699999989, 33.6566511 ], [ 133.1099094, 33.6582272 ], [ 133.1146881, 33.6589442 ], [ 133.1165325, 33.6601461 ], [ 133.1184261, 33.6678206 ], [ 133.1215003, 33.6740369 ], [ 133.1197764, 33.6764883 ], [ 133.119484199999988, 33.6794611 ], [ 133.121477199999987, 33.6862839 ], [ 133.1192269, 33.6886025 ], [ 133.1224311, 33.6925242 ], [ 133.1253222, 33.6983258 ], [ 133.1341717, 33.6998517 ], [ 133.144580599999983, 33.7046517 ], [ 133.1446719, 33.7073897 ], [ 133.1412928, 33.7103731 ], [ 133.139817199999982, 33.7156911 ], [ 133.1458261, 33.7195206 ], [ 133.1458375, 33.7219394 ], [ 133.151712799999984, 33.7246964 ], [ 133.1611964, 33.7316919 ], [ 133.1592967, 33.7339372 ], [ 133.1589914, 33.7432311 ], [ 133.157837199999989, 33.750295 ], [ 133.1498842, 33.7534522 ], [ 133.1454694, 33.7571489 ], [ 133.139473899999984, 33.7585239 ], [ 133.134365, 33.7618211 ], [ 133.1340367, 33.7639956 ], [ 133.1240783, 33.7671128 ], [ 133.1211542, 33.7662131 ], [ 133.1170797, 33.76643 ], [ 133.1091811, 33.7728158 ], [ 133.1050861, 33.7719431 ], [ 133.102774200000027, 33.7693889 ], [ 133.100556399999988, 33.7622542 ], [ 133.0982472, 33.7618614 ], [ 133.093753099999986, 33.7585197 ], [ 133.0853592, 33.7567144 ], [ 133.0816767, 33.7564753 ], [ 133.07702, 33.7583358 ], [ 133.0732908, 33.7588389 ], [ 133.0667269, 33.7559792 ], [ 133.0614333, 33.7562008 ], [ 133.0589328, 33.7552122 ], [ 133.0558858, 33.7558344 ], [ 133.0530511, 33.7588528 ], [ 133.0485653, 33.7595647 ], [ 133.044145, 33.7589033 ], [ 133.0419517, 33.760191899999988 ], [ 133.0316958, 33.7633856 ], [ 133.0286725, 33.7622067 ], [ 133.0241203, 33.7628856 ], [ 133.0194261, 33.7659292 ], [ 133.018067799999983, 33.7681794 ], [ 133.0190886, 33.7733108 ], [ 133.0177425, 33.774465 ], [ 133.0168919, 33.7795606 ], [ 133.0187364, 33.7812983 ], [ 133.023378899999983, 33.783121099999988 ], [ 133.0232494, 33.7855503 ], [ 133.0209275, 33.7875636 ], [ 133.02212, 33.7896639 ], [ 133.019193299999984, 33.7929753 ], [ 133.017529199999984, 33.7990097 ], [ 133.0130589, 33.8036636 ], [ 133.0132556, 33.8083294 ], [ 133.0117956, 33.810545 ], [ 133.0129522, 33.8129167 ], [ 133.0095728, 33.8149503 ], [ 133.007070299999981, 33.8139936 ], [ 133.0010508, 33.816715 ], [ 132.9968261, 33.8158592 ], [ 132.9950139, 33.8171142 ], [ 132.992, 33.8155286 ], [ 132.9879928, 33.8118022 ], [ 132.986086700000016, 33.8119478 ], [ 132.982650299999989, 33.8166992 ], [ 132.9794953, 33.8258881 ], [ 132.976360799999981, 33.8289419 ], [ 132.9732128, 33.8300569 ], [ 132.9727661, 33.8383547 ], [ 132.969913599999984, 33.8409319 ], [ 132.9678017, 33.8464744 ], [ 132.9720206, 33.8512981 ], [ 132.9744883, 33.85519 ], [ 132.9737364, 33.8588144 ], [ 132.970595299999985, 33.8611708 ], [ 132.9708828, 33.8645161 ], [ 132.9685211, 33.8688533 ], [ 132.965281100000027, 33.8695772 ], [ 132.961869399999983, 33.8716506 ], [ 132.960142200000035, 33.8743078 ], [ 132.9607067, 33.8783364 ], [ 132.9567781, 33.8844347 ], [ 132.959220300000027, 33.887975 ], [ 132.9586919, 33.8910642 ], [ 132.960535, 33.8950131 ], [ 132.958594399999981, 33.8997433 ], [ 132.9600575, 33.902665 ], [ 132.957463599999983, 33.9058964 ], [ 132.951862799999986, 33.9060792 ], [ 132.9499394, 33.9080361 ], [ 132.9415208, 33.9068436 ], [ 132.9387764, 33.9052714 ], [ 132.9369106, 33.9019064 ], [ 132.932775599999985, 33.9025425 ], [ 132.9277061, 33.9059375 ], [ 132.9255858, 33.9055353 ], [ 132.9200275, 33.9000969 ], [ 132.9209047, 33.8974042 ], [ 132.917746699999981, 33.8940036 ], [ 132.9144378, 33.8937672 ], [ 132.9104453, 33.8907961 ], [ 132.908121699999981, 33.8911431 ], [ 132.906304399999982, 33.8891639 ], [ 132.9010164, 33.8900078 ], [ 132.8973767, 33.8884703 ], [ 132.8941525, 33.8858261 ], [ 132.891280599999988, 33.8849428 ], [ 132.887095, 33.8815283 ], [ 132.8851258, 33.8812836 ], [ 132.8802892, 33.8750628 ], [ 132.8816086, 33.8717361 ], [ 132.878931099999988, 33.8699778 ], [ 132.87715, 33.8647231 ], [ 132.875943299999989, 33.8636867 ], [ 132.879804399999983, 33.8558481 ], [ 132.8819744, 33.8544408 ], [ 132.884470599999986, 33.8473458 ], [ 132.8829364, 33.8460714 ], [ 132.8803083, 33.8408386 ], [ 132.875081099999989, 33.8339803 ], [ 132.872762199999983, 33.8258617 ], [ 132.868522499999983, 33.8239103 ], [ 132.8698497, 33.8190078 ], [ 132.869108899999986, 33.8151303 ], [ 132.866344199999986, 33.8133758 ], [ 132.865105799999981, 33.8065256 ], [ 132.860052199999984, 33.8054636 ], [ 132.8473128, 33.8000619 ], [ 132.847489699999983, 33.7985017 ], [ 132.8412194, 33.7967292 ], [ 132.83245, 33.796193599999988 ], [ 132.8312889, 33.7987694 ], [ 132.823812799999985, 33.7992036 ], [ 132.8223975, 33.7966922 ], [ 132.83005, 33.7952336 ], [ 132.829995, 33.7918361 ], [ 132.8247864, 33.7890478 ], [ 132.8247756, 33.7851606 ], [ 132.828369399999985, 33.7850131 ], [ 132.840445599999981, 33.7825758 ], [ 132.840445599999981, 33.7804617 ], [ 132.8364206, 33.7785411 ], [ 132.837305, 33.7751714 ], [ 132.839472799999982, 33.7745622 ], [ 132.8429892, 33.7714325 ], [ 132.8483525, 33.7632067 ], [ 132.8472133, 33.7579997 ], [ 132.8529967, 33.7564025 ], [ 132.8554928, 33.7504753 ], [ 132.8610739, 33.7490247 ], [ 132.8623953, 33.7452567 ], [ 132.8657883, 33.7415281 ], [ 132.865438600000033, 33.7392719 ], [ 132.871005, 33.7337158 ], [ 132.8736031, 33.7325817 ], [ 132.875782499999985, 33.729067799999989 ], [ 132.8750803, 33.7279458 ], [ 132.8730506, 33.7263297 ], [ 132.8709292, 33.7173153 ], [ 132.8714956, 33.7131111 ], [ 132.865080299999988, 33.7112108 ], [ 132.861595599999987, 33.7088175 ], [ 132.8615419, 33.7065933 ], [ 132.8564011, 33.70409 ], [ 132.8524519, 33.6982108 ], [ 132.8536928, 33.6946969 ], [ 132.8532864, 33.6917014 ], [ 132.8486992, 33.6887522 ], [ 132.8363939, 33.6887889 ] ] ] ] } },
{ "type": "Feature", "properties": { "hokenjo": "八幡浜" }, "geometry": { "type": "MultiPolygon", "coordinates": [ [ [ [ 132.350347, 33.377769 ], [ 132.344546, 33.3787731 ], [ 132.343738699999989, 33.3808259 ], [ 132.3439048, 33.3777999 ], [ 132.348534299999983, 33.3726746 ], [ 132.353391499999987, 33.3743054 ], [ 132.3572121, 33.3722993 ], [ 132.357725200000033, 33.3695197 ], [ 132.363195099999984, 33.3731932 ], [ 132.3639882, 33.3762183 ], [ 132.357722699999982, 33.3783789 ], [ 132.350347, 33.377769 ] ] ], [ [ [ 132.3434997, 33.3918453 ], [ 132.3463242, 33.3952297 ], [ 132.3421554, 33.3959982 ], [ 132.3386873, 33.3955654 ], [ 132.33551079999998, 33.3912935 ], [ 132.337965, 33.3888007 ], [ 132.341913399999981, 33.3873607 ], [ 132.3434997, 33.3918453 ] ] ], [ [ [ 132.643765, 33.3272786 ], [ 132.648250599999983, 33.3297672 ], [ 132.6569264, 33.3323361 ], [ 132.6576275, 33.3362025 ], [ 132.6604217, 33.33906 ], [ 132.66135, 33.3477361 ], [ 132.6623658, 33.3489519 ], [ 132.678293599999989, 33.3500472 ], [ 132.6793217, 33.3483503 ], [ 132.6875014, 33.3493583 ], [ 132.6958483, 33.3489322 ], [ 132.699988099999985, 33.3472978 ], [ 132.7033811, 33.3479839 ], [ 132.705725, 33.3459828 ], [ 132.7082608, 33.3465644 ], [ 132.714008300000017, 33.3449242 ], [ 132.718116100000032, 33.3477247 ], [ 132.7199903, 33.3507878 ], [ 132.7231667, 33.3505344 ], [ 132.7249128, 33.3485869 ], [ 132.7253858, 33.3456014 ], [ 132.7271108, 33.3445425 ], [ 132.7307494, 33.346007199999988 ], [ 132.734494399999988, 33.3430036 ], [ 132.741689399999984, 33.345005 ], [ 132.7492403, 33.3457664 ], [ 132.753875, 33.3439361 ], [ 132.7567192, 33.3440578 ], [ 132.758823299999989, 33.3464711 ], [ 132.765805799999981, 33.3483494 ], [ 132.769173599999988, 33.3500614 ], [ 132.7736806, 33.3508586 ], [ 132.7762386, 33.3534417 ], [ 132.7806392, 33.3559631 ], [ 132.782778600000029, 33.3544825 ], [ 132.784420600000033, 33.3509447 ], [ 132.7845561, 33.3466483 ], [ 132.788227799999987, 33.3463311 ], [ 132.790996399999983, 33.3435914 ], [ 132.798227199999985, 33.3438681 ], [ 132.803363599999983, 33.3431664 ], [ 132.808172499999984, 33.3465269 ], [ 132.8089014, 33.3482864 ], [ 132.8123958, 33.349855 ], [ 132.8147119, 33.3530478 ], [ 132.8193708, 33.3567842 ], [ 132.8213739, 33.3571036 ], [ 132.822081699999984, 33.3614117 ], [ 132.825168099999985, 33.3667036 ], [ 132.8260467, 33.3699011 ], [ 132.8255225, 33.3730311 ], [ 132.83373, 33.3758333 ], [ 132.8375275, 33.3787233 ], [ 132.8402211, 33.3776397 ], [ 132.846189700000025, 33.3810203 ], [ 132.851873899999987, 33.3860656 ], [ 132.8530475, 33.3882167 ], [ 132.8555556, 33.3900558 ], [ 132.855938899999984, 33.3949436 ], [ 132.854508899999985, 33.3983019 ], [ 132.8498678, 33.3985747 ], [ 132.8467728, 33.3975617 ], [ 132.8410539, 33.397895 ], [ 132.8370306, 33.3990519 ], [ 132.835435, 33.4006436 ], [ 132.8316189, 33.4088517 ], [ 132.833299399999987, 33.4119508 ], [ 132.834013299999981, 33.4201525 ], [ 132.824915299999986, 33.4229344 ], [ 132.8253681, 33.4247994 ], [ 132.823385299999984, 33.4298428 ], [ 132.8245167, 33.4346733 ], [ 132.82777249999998, 33.4383244 ], [ 132.826562199999984, 33.4456044 ], [ 132.8219456, 33.4486214 ], [ 132.8132731, 33.4511464 ], [ 132.8081311, 33.453855 ], [ 132.8068731, 33.4564464 ], [ 132.8069903, 33.4607778 ], [ 132.811056399999984, 33.4660617 ], [ 132.8148233, 33.4643347 ], [ 132.8189317, 33.4665525 ], [ 132.822973099999984, 33.4729442 ], [ 132.827157199999988, 33.4724058 ], [ 132.8317122, 33.4759119 ], [ 132.8341264, 33.4742031 ], [ 132.840419199999985, 33.4747261 ], [ 132.84315669999998, 33.4772983 ], [ 132.8475344, 33.4791897 ], [ 132.8523272, 33.4781506 ], [ 132.8624183, 33.4745297 ], [ 132.8645286, 33.4723394 ], [ 132.8736858, 33.4709844 ], [ 132.8775039, 33.4717825 ], [ 132.8810564, 33.4709531 ], [ 132.884128900000036, 33.4730178 ], [ 132.88830249999998, 33.4733664 ], [ 132.8938733, 33.4724764 ], [ 132.895302499999985, 33.4711464 ], [ 132.900674399999986, 33.4703517 ], [ 132.895963599999988, 33.4760372 ], [ 132.8964964, 33.4778617 ], [ 132.9006822, 33.4808647 ], [ 132.9009811, 33.4863136 ], [ 132.897094399999986, 33.4911692 ], [ 132.8959586, 33.4977853 ], [ 132.8975831, 33.5016894 ], [ 132.9002647, 33.503605799999988 ], [ 132.9004678, 33.5144647 ], [ 132.9058389, 33.5170208 ], [ 132.9097611, 33.5177775 ], [ 132.911471399999982, 33.5226689 ], [ 132.9140003, 33.5234322 ], [ 132.916123299999981, 33.5273817 ], [ 132.914083299999987, 33.5303383 ], [ 132.916491899999983, 33.5320978 ], [ 132.9214383, 33.5337325 ], [ 132.9196594, 33.5380528 ], [ 132.917146900000034, 33.5414883 ], [ 132.920782799999984, 33.5466281 ], [ 132.9203681, 33.5491958 ], [ 132.9216161, 33.555205 ], [ 132.9244936, 33.5564281 ], [ 132.9263378, 33.5604944 ], [ 132.922600599999981, 33.5645539 ], [ 132.915203099999985, 33.5681744 ], [ 132.9147744, 33.57073 ], [ 132.9109253, 33.576345 ], [ 132.909237499999989, 33.5749858 ], [ 132.905327199999988, 33.5758347 ], [ 132.903099199999986, 33.5788581 ], [ 132.8984064, 33.5802194 ], [ 132.899713099999985, 33.5818261 ], [ 132.897482500000024, 33.5866783 ], [ 132.8954564, 33.5878983 ], [ 132.88662309999998, 33.5907931 ], [ 132.8811164, 33.5913397 ], [ 132.872907199999986, 33.5901767 ], [ 132.867291699999981, 33.5887397 ], [ 132.8625342, 33.5908614 ], [ 132.8660669, 33.5950011 ], [ 132.8563653, 33.5943792 ], [ 132.8532686, 33.5925681 ], [ 132.8486092, 33.5925356 ], [ 132.8466144, 33.5946008 ], [ 132.8443, 33.6074694 ], [ 132.849416099999985, 33.6085006 ], [ 132.8525047, 33.611638299999989 ], [ 132.8537417, 33.6160781 ], [ 132.8569042, 33.6171881 ], [ 132.8570147, 33.6215964 ], [ 132.85393, 33.62954 ], [ 132.8512428, 33.6326433 ], [ 132.8482769, 33.6339258 ], [ 132.842991399999988, 33.6380431 ], [ 132.83694060000002, 33.6407147 ], [ 132.8378789, 33.6378136 ], [ 132.8357169, 33.6351517 ], [ 132.82462, 33.6296397 ], [ 132.8127986, 33.6283558 ], [ 132.8138194, 33.6237769 ], [ 132.8092872, 33.624685 ], [ 132.804823299999981, 33.624312499999988 ], [ 132.803132799999986, 33.6210986 ], [ 132.7999792, 33.620745 ], [ 132.7964289, 33.6187275 ], [ 132.79295639999998, 33.6204839 ], [ 132.7891656, 33.6203694 ], [ 132.7859469, 33.6242244 ], [ 132.7848119, 33.6224164 ], [ 132.7856769, 33.6185014 ], [ 132.781626099999983, 33.6166036 ], [ 132.7783586, 33.6124572 ], [ 132.7727989, 33.6107606 ], [ 132.7698861, 33.6075467 ], [ 132.7663064, 33.607245 ], [ 132.7639169, 33.6104086 ], [ 132.7621914, 33.6145183 ], [ 132.7606061, 33.6157403 ], [ 132.759366699999987, 33.6206875 ], [ 132.7549506, 33.6228967 ], [ 132.749999699999989, 33.6275981 ], [ 132.7456158, 33.6276744 ], [ 132.742714400000011, 33.6272619 ], [ 132.7403478, 33.6245603 ], [ 132.7374364, 33.6238131 ], [ 132.7359056, 33.6266619 ], [ 132.73402249999998, 33.6269353 ], [ 132.7283186, 33.6248975 ], [ 132.727681099999984, 33.6213383 ], [ 132.724760299999986, 33.6182428 ], [ 132.7221281, 33.6131869 ], [ 132.716555, 33.611526399999988 ], [ 132.7096961, 33.6084478 ], [ 132.7005239, 33.6101667 ], [ 132.694662199999982, 33.6139083 ], [ 132.6875522, 33.6160367 ], [ 132.6829942, 33.6183925 ], [ 132.679968299999985, 33.6180122 ], [ 132.6783117, 33.6159328 ], [ 132.676265799999982, 33.6210264 ], [ 132.671111900000028, 33.619891699999989 ], [ 132.667514399999988, 33.6202147 ], [ 132.6611225, 33.6161892 ], [ 132.6592853, 33.6195364 ], [ 132.6571606, 33.6209892 ], [ 132.6541078, 33.6201439 ], [ 132.6509203, 33.6231481 ], [ 132.653949399999988, 33.6286822 ], [ 132.653373599999981, 33.6352622 ], [ 132.6545519, 33.6388753 ], [ 132.651901399999986, 33.6436042 ], [ 132.6528358, 33.6458708 ], [ 132.6518658, 33.6521117 ], [ 132.6489703, 33.6550378 ], [ 132.6459686, 33.6542089 ], [ 132.643605799999989, 33.6550972 ], [ 132.639026699999988, 33.6547136 ], [ 132.633513099999988, 33.6531094 ], [ 132.6316517, 33.6499014 ], [ 132.626955, 33.6490647 ], [ 132.6226317, 33.6504625 ], [ 132.618480799999986, 33.6495089 ], [ 132.6186731, 33.6465006 ], [ 132.613216099999988, 33.6401531 ], [ 132.6092458, 33.6380403 ], [ 132.607441099999988, 33.6337169 ], [ 132.6057897, 33.6323094 ], [ 132.6022156, 33.6264144 ], [ 132.6031419, 33.6229503 ], [ 132.5994069, 33.6222156 ], [ 132.5899044, 33.6233436 ], [ 132.5854125, 33.6259253 ], [ 132.581112499999989, 33.6263058 ], [ 132.579555, 33.6233242 ], [ 132.5759847, 33.6210014 ], [ 132.5755806, 33.6177503 ], [ 132.5687422, 33.6135939 ], [ 132.5681539, 33.6095786 ], [ 132.560464199999984, 33.6019608 ], [ 132.556459400000023, 33.605152499999988 ], [ 132.5540047, 33.6057322 ], [ 132.5522533, 33.6119789 ], [ 132.553640299999984, 33.6146878 ], [ 132.5488719, 33.6186575 ], [ 132.5492719, 33.6209047 ], [ 132.544038299999983, 33.6225214 ], [ 132.5429667, 33.6254931 ], [ 132.5377939, 33.6287347 ], [ 132.537083599999988, 33.6304233 ], [ 132.5312585, 33.6376561 ], [ 132.5232299, 33.6335611 ], [ 132.515703299999984, 33.6290043 ], [ 132.5106601, 33.6274303 ], [ 132.5080534, 33.630324 ], [ 132.491933099999983, 33.6202238 ], [ 132.4900999, 33.6175203 ], [ 132.483880199999987, 33.6160202 ], [ 132.4784626, 33.6167841 ], [ 132.4778265, 33.6128051 ], [ 132.475616600000023, 33.6113765 ], [ 132.474639199999984, 33.6070649 ], [ 132.4711759, 33.6038852 ], [ 132.462765300000029, 33.6000685 ], [ 132.461896699999983, 33.5975834 ], [ 132.456957099999983, 33.5950741 ], [ 132.457550199999986, 33.590682199999989 ], [ 132.4559712, 33.5884831 ], [ 132.448527399999989, 33.5830541 ], [ 132.4452528, 33.5783062 ], [ 132.4419705, 33.5764569 ], [ 132.4422141, 33.5735116 ], [ 132.4369115, 33.5716986 ], [ 132.433542499999987, 33.5685456 ], [ 132.4329301, 33.5639134 ], [ 132.434541599999989, 33.5625723 ], [ 132.4336901, 33.5596307 ], [ 132.4303731, 33.5580316 ], [ 132.4268444, 33.5546953 ], [ 132.4253335, 33.5516124 ], [ 132.4242973, 33.5491922 ], [ 132.4195234, 33.5465195 ], [ 132.4182662, 33.5447022 ], [ 132.412456, 33.5444696 ], [ 132.4079055, 33.5415764 ], [ 132.395322099999987, 33.5361646 ], [ 132.3940236, 33.5338998 ], [ 132.3903853, 33.5318848 ], [ 132.390952699999985, 33.5292207 ], [ 132.386455400000017, 33.5283426 ], [ 132.3850536, 33.5306253 ], [ 132.3819187, 33.5272822 ], [ 132.3782443, 33.5261502 ], [ 132.3768345, 33.5232385 ], [ 132.3736969, 33.5216123 ], [ 132.3708526, 33.5215703 ], [ 132.366923499999984, 33.5182685 ], [ 132.3618401, 33.5158811 ], [ 132.3574778, 33.5159451 ], [ 132.352735, 33.5103011 ], [ 132.3424292, 33.50718 ], [ 132.3416828, 33.5036989 ], [ 132.3387064, 33.5027017 ], [ 132.3342553, 33.5040108 ], [ 132.329364199999986, 33.5014647 ], [ 132.327401399999985, 33.4985511 ], [ 132.321812199999982, 33.4992789 ], [ 132.321207499999986, 33.4958764 ], [ 132.3182081, 33.4931933 ], [ 132.3079756, 33.4926536 ], [ 132.3070706, 33.487385599999989 ], [ 132.304814199999981, 33.4861428 ], [ 132.301696100000015, 33.4875389 ], [ 132.29533, 33.4873414 ], [ 132.288735799999984, 33.4835222 ], [ 132.28907719999998, 33.4813186 ], [ 132.284338, 33.4782979 ], [ 132.2822153, 33.48157 ], [ 132.2795008, 33.4779281 ], [ 132.2795506, 33.4749931 ], [ 132.275142599999981, 33.473663 ], [ 132.272694699999988, 33.4775367 ], [ 132.2701314, 33.4763564 ], [ 132.2668553, 33.4729361 ], [ 132.265330799999987, 33.474165 ], [ 132.25862189999998, 33.4725453 ], [ 132.2650456, 33.4685714 ], [ 132.2643808, 33.4598803 ], [ 132.2647911, 33.4564328 ], [ 132.260715799999986, 33.4536072 ], [ 132.262090299999983, 33.4515569 ], [ 132.2597053, 33.4499272 ], [ 132.2537931, 33.4514425 ], [ 132.2537389, 33.4544894 ], [ 132.2508219, 33.4574347 ], [ 132.2462947, 33.456422499999988 ], [ 132.2434103, 33.4589631 ], [ 132.247302600000012, 33.4620845 ], [ 132.2468811, 33.4650817 ], [ 132.2434489, 33.4657381 ], [ 132.240191399999986, 33.4648875 ], [ 132.239710299999984, 33.4600275 ], [ 132.236300799999981, 33.4597667 ], [ 132.2329675, 33.4620767 ], [ 132.2301478, 33.4598439 ], [ 132.2257536, 33.4591333 ], [ 132.226664199999988, 33.4559086 ], [ 132.2238767, 33.4515403 ], [ 132.2260753, 33.4496411 ], [ 132.22659059999998, 33.4456867 ], [ 132.2246142, 33.4445083 ], [ 132.2179389, 33.4475467 ], [ 132.216196599999989, 33.4449868 ], [ 132.2109144, 33.4453908 ], [ 132.208423899999985, 33.4483294 ], [ 132.204229199999986, 33.4507822 ], [ 132.1995942, 33.4560911 ], [ 132.1957586, 33.4543081 ], [ 132.1944053, 33.450981899999988 ], [ 132.198043899999988, 33.4445028 ], [ 132.1941503, 33.4420147 ], [ 132.1906942, 33.4443128 ], [ 132.1859417, 33.4454672 ], [ 132.1827844, 33.4484553 ], [ 132.1739081, 33.4468189 ], [ 132.1718458, 33.4449372 ], [ 132.175235, 33.4382881 ], [ 132.1762464, 33.4350392 ], [ 132.175342199999989, 33.4334919 ], [ 132.1766164, 33.4279803 ], [ 132.1737975, 33.4263467 ], [ 132.169609399999985, 33.427028299999989 ], [ 132.1661167, 33.4306272 ], [ 132.164131699999984, 33.4303147 ], [ 132.160728899999981, 33.4342489 ], [ 132.156292799999989, 33.4377383 ], [ 132.152836900000011, 33.4367019 ], [ 132.1480214, 33.4339586 ], [ 132.1512622, 33.4305483 ], [ 132.157065599999981, 33.4285542 ], [ 132.1595108, 33.4259831 ], [ 132.164642499999985, 33.4238933 ], [ 132.1696561, 33.4187219 ], [ 132.166466899999989, 33.4156025 ], [ 132.166673299999985, 33.4122333 ], [ 132.1651872, 33.4110278 ], [ 132.1601353, 33.4112108 ], [ 132.1564481, 33.4078367 ], [ 132.153324199999986, 33.4071211 ], [ 132.151669699999985, 33.4099939 ], [ 132.149531699999983, 33.4100244 ], [ 132.147602799999987, 33.4160158 ], [ 132.1383497, 33.4210739 ], [ 132.1370533, 33.4193978 ], [ 132.1375133, 33.4142806 ], [ 132.1361814, 33.4130975 ], [ 132.13703719999998, 33.4091994 ], [ 132.136195, 33.406511099999989 ], [ 132.131648899999988, 33.4037934 ], [ 132.1310497, 33.4053767 ], [ 132.1275288, 33.4066517 ], [ 132.1276303, 33.4115706 ], [ 132.129120799999981, 33.4123603 ], [ 132.1270386, 33.4163217 ], [ 132.1252394, 33.4169078 ], [ 132.1240628, 33.42022 ], [ 132.1201328, 33.4198625 ], [ 132.1191397, 33.4173053 ], [ 132.1154358, 33.4173139 ], [ 132.112124699999981, 33.4150917 ], [ 132.1110225, 33.411985 ], [ 132.1079231, 33.4085047 ], [ 132.105495599999983, 33.4079528 ], [ 132.1021058, 33.4052322 ], [ 132.0966214, 33.4042917 ], [ 132.0933506, 33.4003067 ], [ 132.0903108, 33.4014075 ], [ 132.0844333, 33.3981294 ], [ 132.080192499999981, 33.3921319 ], [ 132.0795133, 33.3886367 ], [ 132.069433299999986, 33.3843358 ], [ 132.0670558, 33.3821969 ], [ 132.0640722, 33.3821364 ], [ 132.057288299999982, 33.3772053 ], [ 132.052926900000017, 33.3758311 ], [ 132.0493831, 33.3714214 ], [ 132.0449389, 33.3678753 ], [ 132.041640799999982, 33.3681794 ], [ 132.039154699999983, 33.3665292 ], [ 132.037121899999988, 33.361235 ], [ 132.0300997, 33.3567233 ], [ 132.0279908, 33.3507883 ], [ 132.0249469, 33.3487236 ], [ 132.0182433, 33.3478239 ], [ 132.0177603, 33.3446711 ], [ 132.0258461, 33.3444447 ], [ 132.0281603, 33.3470764 ], [ 132.031230800000031, 33.3474525 ], [ 132.0342772, 33.3501731 ], [ 132.0405978, 33.3524319 ], [ 132.0462494, 33.3566342 ], [ 132.0496867, 33.3580978 ], [ 132.051515, 33.3605478 ], [ 132.047484699999984, 33.3644003 ], [ 132.053866699999986, 33.3681767 ], [ 132.058013599999981, 33.3683653 ], [ 132.06042, 33.3714122 ], [ 132.063653099999982, 33.3717253 ], [ 132.0651097, 33.3745436 ], [ 132.06836389999998, 33.3765092 ], [ 132.0745064, 33.3760256 ], [ 132.0767511, 33.3801475 ], [ 132.0814344, 33.3809819 ], [ 132.0841217, 33.3802331 ], [ 132.0877583, 33.3821706 ], [ 132.0939069, 33.3873903 ], [ 132.0965611, 33.3872558 ], [ 132.110721399999989, 33.3893619 ], [ 132.1140614, 33.391038699999989 ], [ 132.11871, 33.3908869 ], [ 132.120786899999985, 33.3883486 ], [ 132.1197853, 33.3855847 ], [ 132.1203717, 33.3812328 ], [ 132.1155583, 33.3818119 ], [ 132.112025, 33.379343299999988 ], [ 132.112552199999982, 33.3757761 ], [ 132.1154125, 33.3757731 ], [ 132.1175783, 33.3726925 ], [ 132.1114531, 33.3727125 ], [ 132.103886099999983, 33.373401699999988 ], [ 132.101618100000024, 33.3698842 ], [ 132.103339399999982, 33.3619119 ], [ 132.1108161, 33.3640469 ], [ 132.1177942, 33.3650269 ], [ 132.1252825, 33.3654253 ], [ 132.1291469, 33.3635861 ], [ 132.1347169, 33.3703711 ], [ 132.138998099999981, 33.3716925 ], [ 132.1448361, 33.37566 ], [ 132.1521711, 33.3758525 ], [ 132.1531678, 33.388865 ], [ 132.156914199999989, 33.3926822 ], [ 132.1630539, 33.3960731 ], [ 132.1662964, 33.3970608 ], [ 132.1679389, 33.3999539 ], [ 132.1725472, 33.40277 ], [ 132.1753736, 33.4063864 ], [ 132.1805597, 33.4092933 ], [ 132.1836878, 33.4125772 ], [ 132.190076399999981, 33.413785 ], [ 132.1938826, 33.4137298 ], [ 132.2028933, 33.4148767 ], [ 132.2079872, 33.4187467 ], [ 132.210362799999984, 33.4192678 ], [ 132.213868099999985, 33.4220803 ], [ 132.219588099999982, 33.4232614 ], [ 132.220324, 33.424900199999989 ], [ 132.226058599999988, 33.4255728 ], [ 132.2371128, 33.4254728 ], [ 132.239315299999987, 33.4287378 ], [ 132.2430111, 33.4316053 ], [ 132.2455958, 33.4323647 ], [ 132.2480639, 33.4361111 ], [ 132.2542398, 33.4391587 ], [ 132.255324699999989, 33.4413147 ], [ 132.265805799999981, 33.4433542 ], [ 132.2689164, 33.4461819 ], [ 132.275924400000036, 33.4472286 ], [ 132.2805569, 33.4471075 ], [ 132.2829256, 33.4504281 ], [ 132.282145, 33.453955 ], [ 132.287473899999981, 33.4575089 ], [ 132.2863022, 33.4620336 ], [ 132.288501699999983, 33.4642617 ], [ 132.295085799999981, 33.464908099999988 ], [ 132.2966022, 33.4718753 ], [ 132.2997533, 33.4746836 ], [ 132.304718100000031, 33.4743233 ], [ 132.3064975, 33.4733156 ], [ 132.306948899999981, 33.4693217 ], [ 132.3119944, 33.4641792 ], [ 132.31155, 33.4622161 ], [ 132.317356099999984, 33.4569528 ], [ 132.319277199999988, 33.4581492 ], [ 132.3205542, 33.4624222 ], [ 132.323325, 33.4656753 ], [ 132.3227708, 33.4685842 ], [ 132.32428969999998, 33.4730106 ], [ 132.3299797, 33.4737722 ], [ 132.3340011, 33.4723956 ], [ 132.3368797, 33.4750792 ], [ 132.343625299999985, 33.4740822 ], [ 132.3455444, 33.4728775 ], [ 132.3497169, 33.4725706 ], [ 132.353106699999984, 33.4736858 ], [ 132.3494772, 33.4789831 ], [ 132.349403099999989, 33.4809825 ], [ 132.3426368, 33.485955 ], [ 132.349356699999987, 33.4874825 ], [ 132.3526492, 33.4839431 ], [ 132.35559139999998, 33.4822836 ], [ 132.3591486, 33.4817567 ], [ 132.3609731, 33.4800983 ], [ 132.364092199999988, 33.4799069 ], [ 132.370143899999988, 33.4743072 ], [ 132.3719726, 33.4697953 ], [ 132.3742471, 33.4671748 ], [ 132.3729191, 33.4630666 ], [ 132.374217099999981, 33.4605865 ], [ 132.3775895, 33.4618161 ], [ 132.3798677, 33.4655933 ], [ 132.38021329999998, 33.4696547 ], [ 132.3828296, 33.4743972 ], [ 132.3879382, 33.4743578 ], [ 132.3903487, 33.4769767 ], [ 132.3962468, 33.4734019 ], [ 132.401995299999982, 33.4710821 ], [ 132.4016272, 33.4678107 ], [ 132.40000569999998, 33.4656252 ], [ 132.396497399999987, 33.4660275 ], [ 132.3947676, 33.4676131 ], [ 132.3903678, 33.4683362 ], [ 132.3899647, 33.4652213 ], [ 132.387443200000035, 33.4611869 ], [ 132.387685, 33.4593937 ], [ 132.394304299999988, 33.4578577 ], [ 132.3980498, 33.4579036 ], [ 132.4023085, 33.4595183 ], [ 132.408201599999984, 33.4576845 ], [ 132.410394599999989, 33.4593797 ], [ 132.417048199999982, 33.4617746 ], [ 132.417626399999989, 33.4558801 ], [ 132.414705699999985, 33.4528178 ], [ 132.4087958, 33.4505854 ], [ 132.4098338, 33.4487177 ], [ 132.4080562, 33.4464969 ], [ 132.4009633, 33.4445161 ], [ 132.3955288, 33.4436981 ], [ 132.394422099999986, 33.445456299999989 ], [ 132.3886459, 33.4423134 ], [ 132.397170499999987, 33.4407197 ], [ 132.3990355, 33.4423933 ], [ 132.403883, 33.4425286 ], [ 132.407385799999986, 33.4444043 ], [ 132.4112719, 33.4432716 ], [ 132.4152669, 33.4443417 ], [ 132.4162054, 33.44291 ], [ 132.4122093, 33.4390983 ], [ 132.4083791, 33.4366738 ], [ 132.4040817, 33.4306076 ], [ 132.4053805, 33.4298139 ], [ 132.4066853, 33.4255084 ], [ 132.400222899999989, 33.4256943 ], [ 132.3990704, 33.4300067 ], [ 132.3954885, 33.4293791 ], [ 132.388572499999981, 33.4233575 ], [ 132.3862603, 33.4198169 ], [ 132.382797399999987, 33.418549 ], [ 132.3900146, 33.416541699999989 ], [ 132.3939464, 33.4132298 ], [ 132.3938379, 33.4070924 ], [ 132.389552, 33.4044311 ], [ 132.391963299999986, 33.4016627 ], [ 132.3963047, 33.3996427 ], [ 132.3965288, 33.3971437 ], [ 132.3894893, 33.3923527 ], [ 132.3861681, 33.3924365 ], [ 132.37940949999998, 33.3878101 ], [ 132.3788413, 33.3848051 ], [ 132.382167399999986, 33.3836009 ], [ 132.383905699999985, 33.381436 ], [ 132.384241299999985, 33.378621099999989 ], [ 132.3873185, 33.3756463 ], [ 132.3890673, 33.3719291 ], [ 132.389235499999984, 33.366968 ], [ 132.3839604, 33.3631632 ], [ 132.3850522, 33.3622696 ], [ 132.390089, 33.3652009 ], [ 132.3943883, 33.3689566 ], [ 132.3989741, 33.3709201 ], [ 132.4035092, 33.3708826 ], [ 132.402631700000029, 33.3745916 ], [ 132.4074972, 33.3769307 ], [ 132.4099314, 33.3791337 ], [ 132.410609099999988, 33.3839652 ], [ 132.413117699999987, 33.3845072 ], [ 132.4150017, 33.3819157 ], [ 132.419376699999987, 33.3830524 ], [ 132.4201208, 33.3800777 ], [ 132.416292199999987, 33.3790881 ], [ 132.4119949, 33.3726946 ], [ 132.412666, 33.3704156 ], [ 132.410239099999984, 33.364064 ], [ 132.408437599999985, 33.3629904 ], [ 132.4075099, 33.3597729 ], [ 132.4117539, 33.3613972 ], [ 132.4159072, 33.3619341 ], [ 132.4204224, 33.3566481 ], [ 132.419341299999985, 33.3542926 ], [ 132.412378599999982, 33.3530928 ], [ 132.409192, 33.3532105 ], [ 132.4116339, 33.3462955 ], [ 132.409496200000035, 33.3431585 ], [ 132.40654379999998, 33.3462989 ], [ 132.4002154, 33.3471066 ], [ 132.3923921, 33.343522799999988 ], [ 132.392099900000034, 33.3397332 ], [ 132.3888422, 33.3376705 ], [ 132.3856867, 33.3391035 ], [ 132.3764291, 33.3371446 ], [ 132.374597599999987, 33.3295669 ], [ 132.3716124, 33.3285766 ], [ 132.36954, 33.3226835 ], [ 132.370588199999986, 33.3186166 ], [ 132.3728859, 33.3178617 ], [ 132.3747175, 33.3199437 ], [ 132.378834, 33.3211445 ], [ 132.3824812, 33.3211861 ], [ 132.385609599999981, 33.3197435 ], [ 132.387840399999988, 33.3173868 ], [ 132.3922933, 33.3195403 ], [ 132.3966328, 33.3167381 ], [ 132.3989578, 33.3165163 ], [ 132.400590099999988, 33.3092509 ], [ 132.4062156, 33.3066471 ], [ 132.41127, 33.3072194 ], [ 132.413955200000032, 33.3062663 ], [ 132.416690499999987, 33.3036709 ], [ 132.4212522, 33.3034082 ], [ 132.4231115, 33.3042258 ], [ 132.4230417, 33.3083074 ], [ 132.4266078, 33.3106509 ], [ 132.4248791, 33.3134332 ], [ 132.428828899999985, 33.3166407 ], [ 132.429718300000019, 33.3192164 ], [ 132.433641599999987, 33.3197457 ], [ 132.4345079, 33.3158868 ], [ 132.440526, 33.3112586 ], [ 132.4432864, 33.3118235 ], [ 132.445137599999981, 33.3102551 ], [ 132.451976699999989, 33.3090109 ], [ 132.4577822, 33.3104623 ], [ 132.46253249999998, 33.3106212 ], [ 132.46496, 33.3128473 ], [ 132.4652681, 33.3168949 ], [ 132.4670767, 33.3186763 ], [ 132.4761489, 33.318138399999988 ], [ 132.4801569, 33.3170817 ], [ 132.481576599999983, 33.3195219 ], [ 132.486604299999982, 33.3175798 ], [ 132.4889408, 33.3191461 ], [ 132.4867308, 33.321046 ], [ 132.490816199999983, 33.3251862 ], [ 132.4957535, 33.3220232 ], [ 132.494887399999982, 33.3191977 ], [ 132.4966312, 33.3181164 ], [ 132.4969552, 33.3127181 ], [ 132.4982463, 33.3119306 ], [ 132.497836899999982, 33.315215 ], [ 132.5004203, 33.3185572 ], [ 132.5015458, 33.3263392 ], [ 132.5028072, 33.32801 ], [ 132.50712919999998, 33.3299769 ], [ 132.5071644, 33.3348294 ], [ 132.513526899999988, 33.3347961 ], [ 132.5196967, 33.3377725 ], [ 132.5217161, 33.3362247 ], [ 132.5256953, 33.3358511 ], [ 132.5270203, 33.3342672 ], [ 132.5336336, 33.3305744 ], [ 132.5356842, 33.3282961 ], [ 132.542339699999985, 33.3269258 ], [ 132.546224199999983, 33.3269617 ], [ 132.5537275, 33.3243636 ], [ 132.5633608, 33.3265083 ], [ 132.569492199999985, 33.3263303 ], [ 132.5710872, 33.3285422 ], [ 132.57601889999998, 33.3295169 ], [ 132.5827797, 33.3271169 ], [ 132.5948869, 33.3270928 ], [ 132.6011406, 33.3266917 ], [ 132.6037456, 33.3306075 ], [ 132.6096039, 33.3317464 ], [ 132.613247799999982, 33.3305175 ], [ 132.6218575, 33.3300997 ], [ 132.628061699999989, 33.3310372 ], [ 132.6323003, 33.3305558 ], [ 132.6343161, 33.32879 ], [ 132.643765, 33.3272786 ] ] ], [ [ [ 132.36881, 33.44036 ], [ 132.363445899999988, 33.4392451 ], [ 132.3649317, 33.4376531 ], [ 132.36881, 33.44036 ] ] ], [ [ [ 132.3485795, 33.4532796 ], [ 132.352095599999984, 33.4550341 ], [ 132.35243760000003, 33.4582361 ], [ 132.3491986, 33.4575873 ], [ 132.3464411, 33.4586208 ], [ 132.3443912, 33.4573006 ], [ 132.3445774, 33.4531019 ], [ 132.3485795, 33.4532796 ] ] ], [ [ [ 132.4791956, 33.7348632 ], [ 132.4824994, 33.7345755 ], [ 132.4874567, 33.7366789 ], [ 132.4842468, 33.7390511 ], [ 132.476581, 33.7370118 ], [ 132.4791956, 33.7348632 ] ] ] ] } }
]
}
