{
"type": "FeatureCollection",
"name": "hokkaido",
"crs": { "type": "name", "properties": { "name": "urn:ogc:def:crs:OGC:1.3:CRS84" } },
"features": [
{ "type": "Feature", "properties": { "hokenjo": "旭川市" }, "geometry": { "type": "MultiPolygon", "coordinates": [ [ [ [ 142.2825794, 43.9395522 ], [ 142.2742297, 43.9400128 ], [ 142.249191699999983, 43.9501458 ], [ 142.2447742, 43.9562233 ], [ 142.2369214, 43.9487869 ], [ 142.220403299999987, 43.9477414 ], [ 142.2078436, 43.9490881 ], [ 142.198606399999989, 43.9453175 ], [ 142.1879658, 43.9348994 ], [ 142.186651399999988, 43.9299975 ], [ 142.180309199999982, 43.9254231 ], [ 142.171323299999983, 43.9228833 ], [ 142.1643047, 43.9150939 ], [ 142.158532799999989, 43.9141044 ], [ 142.1493803, 43.9053575 ], [ 142.149006899999989, 43.8989022 ], [ 142.162006099999985, 43.8923578 ], [ 142.158484200000032, 43.8852142 ], [ 142.1591894, 43.8751344 ], [ 142.1720847, 43.8691222 ], [ 142.1789364, 43.8708878 ], [ 142.187944200000032, 43.8668742 ], [ 142.2108761, 43.866875 ], [ 142.215597799999983, 43.8643786 ], [ 142.220394199999987, 43.8561236 ], [ 142.2167364, 43.8471494 ], [ 142.2087047, 43.8378183 ], [ 142.216714199999984, 43.8344483 ], [ 142.2138722, 43.8300044 ], [ 142.230061899999981, 43.8116922 ], [ 142.2380656, 43.8082117 ], [ 142.240008099999983, 43.7991375 ], [ 142.227872499999989, 43.7957078 ], [ 142.222025299999984, 43.7879147 ], [ 142.226751899999982, 43.7763947 ], [ 142.2195906, 43.7743203 ], [ 142.211217200000021, 43.7657103 ], [ 142.20540029999998, 43.7632122 ], [ 142.197199399999988, 43.7550419 ], [ 142.195823599999983, 43.7463983 ], [ 142.199635799999982, 43.7346647 ], [ 142.1953839, 43.7314314 ], [ 142.1758, 43.7308178 ], [ 142.1712675, 43.7281606 ], [ 142.1734247, 43.7209878 ], [ 142.1825311, 43.7157025 ], [ 142.1787706, 43.6985197 ], [ 142.1789, 43.6866233 ], [ 142.175286699999987, 43.6810958 ], [ 142.178125599999987, 43.6731064 ], [ 142.1860989, 43.6655056 ], [ 142.1950742, 43.6540933 ], [ 142.1952906, 43.6458117 ], [ 142.2000964, 43.6410906 ], [ 142.209047199999986, 43.6462081 ], [ 142.220698299999981, 43.6494736 ], [ 142.238500599999981, 43.6523314 ], [ 142.242538599999989, 43.6521797 ], [ 142.257055799999989, 43.6607217 ], [ 142.2673369, 43.6603664 ], [ 142.279031900000035, 43.6521053 ], [ 142.2771219, 43.6471078 ], [ 142.2858608, 43.6435119 ], [ 142.2929839, 43.6320694 ], [ 142.2882028, 43.620506399999989 ], [ 142.291179699999986, 43.6121083 ], [ 142.283152199999989, 43.6048367 ], [ 142.286449399999981, 43.5943017 ], [ 142.2852978, 43.5855894 ], [ 142.2892094, 43.5788447 ], [ 142.287696899999986, 43.5744325 ], [ 142.2988928, 43.5639344 ], [ 142.301216899999986, 43.5519717 ], [ 142.3217847, 43.5443033 ], [ 142.3280911, 43.5560556 ], [ 142.328955, 43.5638394 ], [ 142.322703599999983, 43.5735442 ], [ 142.3239831, 43.5762783 ], [ 142.341423599999985, 43.5869631 ], [ 142.3416619, 43.5986606 ], [ 142.351844699999987, 43.612409199999988 ], [ 142.365854399999989, 43.6194747 ], [ 142.3752092, 43.6160631 ], [ 142.3896992, 43.6256858 ], [ 142.3882586, 43.6382264 ], [ 142.3987219, 43.6454461 ], [ 142.3998667, 43.6496808 ], [ 142.3941036, 43.6534381 ], [ 142.395053599999983, 43.6612186 ], [ 142.4023436, 43.6649108 ], [ 142.4281569, 43.6618481 ], [ 142.445009199999987, 43.6481925 ], [ 142.4478569, 43.63638 ], [ 142.4571903, 43.6312822 ], [ 142.4714325, 43.6207728 ], [ 142.4852244, 43.6204222 ], [ 142.493637799999988, 43.6240789 ], [ 142.500785, 43.6225478 ], [ 142.512602499999986, 43.6244381 ], [ 142.53348, 43.6254503 ], [ 142.53949, 43.6293053 ], [ 142.560918099999981, 43.6307558 ], [ 142.5573461, 43.6464472 ], [ 142.5030461, 43.6403908 ], [ 142.4964483, 43.6376942 ], [ 142.434552199999985, 43.6796214 ], [ 142.430400599999984, 43.6758433 ], [ 142.4099597, 43.6897519 ], [ 142.3913517, 43.7225672 ], [ 142.403040799999985, 43.7315072 ], [ 142.4203158, 43.7228458 ], [ 142.429356399999989, 43.7208944 ], [ 142.4490156, 43.713915 ], [ 142.4556992, 43.7072178 ], [ 142.4731875, 43.7000764 ], [ 142.476379399999985, 43.7426644 ], [ 142.4846492, 43.742216899999988 ], [ 142.4938933, 43.7507278 ], [ 142.5069225, 43.7507 ], [ 142.5198614, 43.7446553 ], [ 142.5256556, 43.7447022 ], [ 142.5372931, 43.7336989 ], [ 142.543218599999989, 43.7344386 ], [ 142.5490883, 43.7270814 ], [ 142.5701803, 43.721497199999988 ], [ 142.5737933, 43.7259375 ], [ 142.581695599999989, 43.7232797 ], [ 142.5893778, 43.7166942 ], [ 142.5996208, 43.7196653 ], [ 142.6065964, 43.7179439 ], [ 142.6209067, 43.7204078 ], [ 142.6373361, 43.7076206 ], [ 142.6395097, 43.7017517 ], [ 142.6560572, 43.6967547 ], [ 142.6621906, 43.6984114 ], [ 142.6762794, 43.6913522 ], [ 142.6820928, 43.6858597 ], [ 142.6973486, 43.6828253 ], [ 142.705166099999985, 43.6828286 ], [ 142.7131417, 43.6862697 ], [ 142.7367567, 43.6852511 ], [ 142.7400653, 43.6834617 ], [ 142.7403861, 43.6892575 ], [ 142.7353703, 43.6984472 ], [ 142.73594, 43.7074775 ], [ 142.74145919999998, 43.7127778 ], [ 142.731344700000022, 43.7201606 ], [ 142.7344106, 43.7309953 ], [ 142.72247059999998, 43.7379553 ], [ 142.7223419, 43.7438242 ], [ 142.712736899999982, 43.7486106 ], [ 142.704892799999982, 43.7477314 ], [ 142.69393, 43.7400664 ], [ 142.6855036, 43.7424183 ], [ 142.6806789, 43.7392486 ], [ 142.66893, 43.7413014 ], [ 142.66015059999998, 43.7468783 ], [ 142.655128099999985, 43.7527047 ], [ 142.6458706, 43.7536028 ], [ 142.62584529999998, 43.7503544 ], [ 142.6149269, 43.7597861 ], [ 142.59939559999998, 43.764734399999988 ], [ 142.595996700000029, 43.7605689 ], [ 142.583887799999985, 43.7620444 ], [ 142.5785847, 43.7599286 ], [ 142.5674578, 43.7633764 ], [ 142.5620864, 43.7803192 ], [ 142.5476464, 43.7751056 ], [ 142.5357608, 43.7862689 ], [ 142.5296328, 43.7843861 ], [ 142.520399199999986, 43.7862622 ], [ 142.5133061, 43.7920083 ], [ 142.5130914, 43.8003572 ], [ 142.504955, 43.7990419 ], [ 142.45753689999998, 43.8388647 ], [ 142.4595883, 43.8429536 ], [ 142.452005, 43.8551294 ], [ 142.4543222, 43.8643947 ], [ 142.450208299999986, 43.8673183 ], [ 142.4508706, 43.878413599999988 ], [ 142.4434411, 43.8872797 ], [ 142.44696829999998, 43.8914603 ], [ 142.4463747, 43.9027364 ], [ 142.443098599999985, 43.9150536 ], [ 142.4353419, 43.9250847 ], [ 142.4388906, 43.9341981 ], [ 142.4320831, 43.9472886 ], [ 142.421399399999984, 43.9436064 ], [ 142.399246399999981, 43.9211431 ], [ 142.3998747, 43.9154581 ], [ 142.3916303, 43.9007672 ], [ 142.387723099999988, 43.8987872 ], [ 142.392490800000019, 43.8885703 ], [ 142.39241389999998, 43.8773844 ], [ 142.383248899999984, 43.8690481 ], [ 142.3696281, 43.8602919 ], [ 142.392206099999981, 43.8432814 ], [ 142.38556, 43.8413647 ], [ 142.3546006, 43.8283361 ], [ 142.3281436, 43.8092861 ], [ 142.328341699999982, 43.8046425 ], [ 142.3192472, 43.7972964 ], [ 142.3080764, 43.7943253 ], [ 142.310545599999983, 43.7882856 ], [ 142.2957375, 43.7867372 ], [ 142.2944178, 43.8028956 ], [ 142.289490299999983, 43.8182681 ], [ 142.2884531, 43.8285847 ], [ 142.2949203, 43.8342664 ], [ 142.293305, 43.8421928 ], [ 142.288375, 43.847705 ], [ 142.2802594, 43.8494256 ], [ 142.2786036, 43.8581219 ], [ 142.285750299999989, 43.8604594 ], [ 142.2904086, 43.8732686 ], [ 142.2817808, 43.8747306 ], [ 142.2757825, 43.8895367 ], [ 142.2712689, 43.8948439 ], [ 142.275667199999987, 43.9083522 ], [ 142.272733599999981, 43.9181308 ], [ 142.2846614, 43.9273378 ], [ 142.2825794, 43.9395522 ] ] ] ] } },
{ "type": "Feature", "properties": { "hokenjo": "浦河" }, "geometry": { "type": "MultiPolygon", "coordinates": [ [ [ [ 143.1991922, 42.1910444 ], [ 143.1918872, 42.19941 ], [ 143.1867461, 42.2109819 ], [ 143.1860625, 42.2189542 ], [ 143.1786636, 42.2236447 ], [ 143.1656328, 42.2231775 ], [ 143.1606703, 42.2261667 ], [ 143.147585, 42.2405964 ], [ 143.1488372, 42.2521403 ], [ 143.132533099999989, 42.2583533 ], [ 143.1170292, 42.2602458 ], [ 143.111151899999982, 42.2725644 ], [ 143.1124356, 42.27977 ], [ 143.106466899999987, 42.2855867 ], [ 143.088709699999981, 42.2877892 ], [ 143.07744169999998, 42.2907644 ], [ 143.0751644, 42.3013789 ], [ 143.0656447, 42.3052289 ], [ 143.0545644, 42.3136675 ], [ 143.0475567, 42.3291747 ], [ 143.0390031, 42.3293131 ], [ 143.027672199999984, 42.3389542 ], [ 143.0249642, 42.3472533 ], [ 143.0100881, 42.3529864 ], [ 143.0061972, 42.3623986 ], [ 142.9998397, 42.371525 ], [ 142.9898978, 42.3735581 ], [ 142.9813342, 42.3837417 ], [ 142.9702011, 42.39162 ], [ 142.966776899999985, 42.4021831 ], [ 142.957238099999984, 42.4110253 ], [ 142.9500531, 42.4146789 ], [ 142.9469181, 42.4275106 ], [ 142.9312339, 42.4295967 ], [ 142.924691699999983, 42.4343203 ], [ 142.911483299999986, 42.4313736 ], [ 142.9041028, 42.4318097 ], [ 142.8987325, 42.4492103 ], [ 142.8884878, 42.4542692 ], [ 142.8820967, 42.4663164 ], [ 142.868560799999983, 42.4637989 ], [ 142.8696208, 42.4583764 ], [ 142.866422199999988, 42.4524531 ], [ 142.8508692, 42.4522894 ], [ 142.8403667, 42.4468589 ], [ 142.8320328, 42.4494017 ], [ 142.821777199999985, 42.4455156 ], [ 142.8169844, 42.4403447 ], [ 142.8042283, 42.4359922 ], [ 142.79522, 42.4360114 ], [ 142.778578899999985, 42.4320919 ], [ 142.7769678, 42.4118708 ], [ 142.7816536, 42.4031714 ], [ 142.788453299999986, 42.3995564 ], [ 142.7837486, 42.3903264 ], [ 142.7933294, 42.3791875 ], [ 142.7860942, 42.3720197 ], [ 142.7858781, 42.3669836 ], [ 142.7782169, 42.3565917 ], [ 142.7689406, 42.3489728 ], [ 142.7702464, 42.3438131 ], [ 142.7652056, 42.3390094 ], [ 142.7684386, 42.3202481 ], [ 142.7671528, 42.3125981 ], [ 142.759624699999989, 42.3112522 ], [ 142.7505892, 42.3019392 ], [ 142.750805, 42.2928408 ], [ 142.7457139, 42.2892414 ], [ 142.7424758, 42.2805133 ], [ 142.735498299999989, 42.2759533 ], [ 142.739083099999988, 42.268075599999989 ], [ 142.7340839, 42.2659608 ], [ 142.721218099999987, 42.2557233 ], [ 142.7138483, 42.2479297 ], [ 142.6992069, 42.2396344 ], [ 142.6833, 42.2387667 ], [ 142.6693017, 42.2313933 ], [ 142.6715772, 42.223318299999988 ], [ 142.660534399999989, 42.2213236 ], [ 142.6531989, 42.2177514 ], [ 142.64913439999998, 42.2089361 ], [ 142.6704497, 42.1916967 ], [ 142.692833300000018, 42.1909606 ], [ 142.6991917, 42.18578 ], [ 142.7111933, 42.1862619 ], [ 142.723985299999981, 42.1841072 ], [ 142.736854199999982, 42.1766331 ], [ 142.7483531, 42.177055 ], [ 142.7608797, 42.174391 ], [ 142.7680192, 42.1652597 ], [ 142.7753362, 42.1600951 ], [ 142.8013008, 42.150384699999989 ], [ 142.8144408, 42.1417194 ], [ 142.8268433, 42.1399525 ], [ 142.841007499999989, 42.1405381 ], [ 142.863805, 42.1360906 ], [ 142.875912299999982, 42.1322798 ], [ 142.8865228, 42.1333692 ], [ 142.90293939999998, 42.1313767 ], [ 142.909028299999989, 42.1321869 ], [ 142.919535199999984, 42.1260311 ], [ 142.9338531, 42.1257678 ], [ 142.9556225, 42.1215389 ], [ 142.966051400000026, 42.11777 ], [ 142.9675526, 42.1137116 ], [ 142.978267800000026, 42.1017372 ], [ 142.98893529999998, 42.0995822 ], [ 142.998219399999982, 42.0940434 ], [ 143.000002199999983, 42.0873208 ], [ 143.0088027, 42.0830559 ], [ 143.061715, 42.0652472 ], [ 143.0678558, 42.0610242 ], [ 143.0954553, 42.0499997 ], [ 143.103513099999986, 42.0433595 ], [ 143.1120204, 42.0407489 ], [ 143.1184834, 42.0349645 ], [ 143.13426, 42.0278383 ], [ 143.146213599999982, 42.0171531 ], [ 143.1494117, 42.0096628 ], [ 143.1609183, 41.9968044 ], [ 143.16359, 41.98273 ], [ 143.179076399999985, 41.9733889 ], [ 143.183089699999982, 41.9669086 ], [ 143.193328600000029, 41.9639589 ], [ 143.1952972, 41.9584992 ], [ 143.215350299999983, 41.9513386 ], [ 143.2229989, 41.9415711 ], [ 143.2294303, 41.9386469 ], [ 143.241779400000013, 41.9268544 ], [ 143.2466144, 41.9276969 ], [ 143.2453236, 41.9349019 ], [ 143.2407164, 41.941909 ], [ 143.2443131, 41.9663331 ], [ 143.249089199999986, 41.9806903 ], [ 143.2594842, 42.0038572 ], [ 143.2708589, 42.0182844 ], [ 143.275995599999987, 42.0226961 ], [ 143.2889931, 42.0279008 ], [ 143.2878536, 42.0332572 ], [ 143.2941006, 42.0430311 ], [ 143.3099925, 42.0474989 ], [ 143.312194399999981, 42.0544311 ], [ 143.307813100000033, 42.0701597 ], [ 143.308132299999983, 42.0801434 ], [ 143.316556700000035, 42.1047425 ], [ 143.321230499999984, 42.1132412 ], [ 143.3167894, 42.1227711 ], [ 143.3189645, 42.1357717 ], [ 143.32366829999998, 42.1506581 ], [ 143.3241028, 42.16004 ], [ 143.3047067, 42.162485 ], [ 143.2984931, 42.1674422 ], [ 143.2665206, 42.1628011 ], [ 143.266002499999985, 42.1688381 ], [ 143.253465799999987, 42.1685475 ], [ 143.2496836, 42.175999399999988 ], [ 143.240152199999983, 42.1815136 ], [ 143.2301472, 42.1825789 ], [ 143.2203589, 42.1784056 ], [ 143.20608, 42.1887858 ], [ 143.1991922, 42.1910444 ] ] ] ] } },
{ "type": "Feature", "properties": { "hokenjo": "岩見沢" }, "geometry": { "type": "MultiPolygon", "coordinates": [ [ [ [ 142.033385, 42.8580056 ], [ 142.043576699999988, 42.8623958 ], [ 142.0534408, 42.8597978 ], [ 142.063955, 42.8695367 ], [ 142.0708239, 42.8731144 ], [ 142.080568299999982, 42.8686833 ], [ 142.0811569, 42.8711256 ], [ 142.0955414, 42.8841186 ], [ 142.1000933, 42.8854781 ], [ 142.1070772, 42.8939042 ], [ 142.1067831, 42.9010492 ], [ 142.1122225, 42.9039239 ], [ 142.1105344, 42.9148494 ], [ 142.1377517, 42.9271894 ], [ 142.14538109999998, 42.9279608 ], [ 142.1443381, 42.9487656 ], [ 142.1556803, 42.9544583 ], [ 142.162247799999989, 42.9505739 ], [ 142.1772772, 42.9593083 ], [ 142.183422799999988, 42.9576547 ], [ 142.186495799999989, 42.9514033 ], [ 142.2049367, 42.953425 ], [ 142.21113889999998, 42.9601172 ], [ 142.223723299999989, 42.9629267 ], [ 142.2230903, 42.9681269 ], [ 142.238640799999985, 42.9741686 ], [ 142.246923899999985, 42.9687394 ], [ 142.255254399999984, 42.966613099999989 ], [ 142.2624692, 42.9822653 ], [ 142.2720411, 42.9871322 ], [ 142.27979, 42.981125 ], [ 142.28542969999998, 42.9884053 ], [ 142.2911939, 43.0024836 ], [ 142.289695, 43.0091142 ], [ 142.2958497, 43.0151614 ], [ 142.302245, 43.0166589 ], [ 142.3232447, 43.025625 ], [ 142.3301822, 43.0316669 ], [ 142.320483599999989, 43.04667 ], [ 142.3128908, 43.0488756 ], [ 142.294318299999986, 43.0510456 ], [ 142.267979699999984, 43.0672008 ], [ 142.2683125, 43.0710781 ], [ 142.2630456, 43.0842 ], [ 142.2496078, 43.0927103 ], [ 142.2509911, 43.0996361 ], [ 142.2435797, 43.1056511 ], [ 142.245061099999987, 43.1174519 ], [ 142.2533508, 43.1217661 ], [ 142.254795299999984, 43.1321278 ], [ 142.2626517, 43.1357656 ], [ 142.2534283, 43.1512311 ], [ 142.2555644, 43.1601314 ], [ 142.263011399999982, 43.1667742 ], [ 142.2695436, 43.1794983 ], [ 142.2704972, 43.1884978 ], [ 142.283951699999989, 43.1977494 ], [ 142.281612199999984, 43.2020369 ], [ 142.2838319, 43.2132553 ], [ 142.278652199999982, 43.2252592 ], [ 142.2565308, 43.2213594 ], [ 142.24748169999998, 43.2227811 ], [ 142.2429117, 43.2124672 ], [ 142.229951699999987, 43.211044199999989 ], [ 142.2247725, 43.2081964 ], [ 142.2161806, 43.211465 ], [ 142.2055283, 43.2083344 ], [ 142.188244199999986, 43.2066511 ], [ 142.1822522, 43.2135294 ], [ 142.164271700000029, 43.2204528 ], [ 142.161024699999984, 43.2237042 ], [ 142.1538769, 43.2285442 ], [ 142.1449831, 43.2282644 ], [ 142.1398308, 43.2231303 ], [ 142.1243469, 43.2197314 ], [ 142.113902199999984, 43.2223061 ], [ 142.10067189999998, 43.2454703 ], [ 142.095647499999984, 43.2498333 ], [ 142.09419, 43.2575053 ], [ 142.0890789, 43.2597728 ], [ 142.089126400000026, 43.2694333 ], [ 142.0770206, 43.2741392 ], [ 142.079235, 43.2872347 ], [ 142.0628247, 43.2924264 ], [ 142.0536453, 43.3036419 ], [ 142.046301699999987, 43.3082228 ], [ 142.0505153, 43.3197428 ], [ 142.059641699999986, 43.3267311 ], [ 142.0638511, 43.3357703 ], [ 142.04949, 43.3481772 ], [ 142.051817799999981, 43.3508933 ], [ 142.0612978, 43.3567606 ], [ 142.0551647, 43.3629961 ], [ 142.062169399999988, 43.3702153 ], [ 142.060806899999989, 43.3766706 ], [ 142.052620300000029, 43.3792847 ], [ 142.0501664, 43.4014022 ], [ 142.0445819, 43.4111581 ], [ 142.0346892, 43.4134819 ], [ 142.0323369, 43.4185661 ], [ 142.019774399999989, 43.4180686 ], [ 142.0084161, 43.4050942 ], [ 142.00103249999998, 43.4012978 ], [ 141.99624, 43.3948986 ], [ 141.982829399999986, 43.3915978 ], [ 141.9787375, 43.3830119 ], [ 141.967001899999985, 43.3720053 ], [ 141.954847199999989, 43.3773217 ], [ 141.9433186, 43.3792344 ], [ 141.9332942, 43.3765897 ], [ 141.927891700000032, 43.383905 ], [ 141.9143536, 43.3931608 ], [ 141.904795, 43.391955 ], [ 141.8586181, 43.4004964 ], [ 141.8571378, 43.3951797 ], [ 141.8229772, 43.4006167 ], [ 141.8205592, 43.3887936 ], [ 141.811259399999983, 43.3855536 ], [ 141.7987286, 43.378705599999989 ], [ 141.7798675, 43.3779183 ], [ 141.77071890000002, 43.3730836 ], [ 141.766421399999984, 43.3602583 ], [ 141.76298749999998, 43.3565281 ], [ 141.7607472, 43.361585 ], [ 141.7732569, 43.3793739 ], [ 141.7666561, 43.3828225 ], [ 141.7576742, 43.3927606 ], [ 141.7444303, 43.3957286 ], [ 141.7384008, 43.3996542 ], [ 141.739554200000015, 43.4042289 ], [ 141.734096099999988, 43.4108111 ], [ 141.7364178, 43.4236631 ], [ 141.7294594, 43.4319953 ], [ 141.720801099999989, 43.4382181 ], [ 141.733055, 43.4468481 ], [ 141.7285106, 43.4552847 ], [ 141.722260800000015, 43.4596458 ], [ 141.712938899999983, 43.4538544 ], [ 141.7026161, 43.45688 ], [ 141.6915967, 43.44623 ], [ 141.6809886, 43.4418294 ], [ 141.676166699999982, 43.4358558 ], [ 141.666875799999985, 43.4355172 ], [ 141.661751399999986, 43.4326836 ], [ 141.6597208, 43.4260956 ], [ 141.6524406, 43.4218981 ], [ 141.652051699999987, 43.4142203 ], [ 141.645060299999983, 43.4139047 ], [ 141.641472199999981, 43.4063225 ], [ 141.633176099999986, 43.4024525 ], [ 141.61994, 43.3911881 ], [ 141.6094042, 43.3856931 ], [ 141.6004719, 43.3853058 ], [ 141.5959656, 43.38079 ], [ 141.5974417, 43.3649842 ], [ 141.5957661, 43.3606928 ], [ 141.5825044, 43.3511258 ], [ 141.5921483, 43.3423231 ], [ 141.5969464, 43.3416836 ], [ 141.6044019, 43.3312503 ], [ 141.6056886, 43.3235222 ], [ 141.601188899999983, 43.3185433 ], [ 141.6085953, 43.3081753 ], [ 141.611220799999984, 43.2898333 ], [ 141.6267517, 43.2896183 ], [ 141.6200433, 43.2835481 ], [ 141.65434639999998, 43.2861258 ], [ 141.6575219, 43.2784411 ], [ 141.6560744, 43.2739208 ], [ 141.6461031, 43.2712569 ], [ 141.648917499999982, 43.2669792 ], [ 141.6648042, 43.2567122 ], [ 141.65905189999998, 43.2506103 ], [ 141.659463599999981, 43.244965 ], [ 141.6729842, 43.2284833 ], [ 141.6660111, 43.2234578 ], [ 141.6546472, 43.2211556 ], [ 141.6595436, 43.2133753 ], [ 141.6498411, 43.2095214 ], [ 141.6465344, 43.2049642 ], [ 141.649211399999984, 43.2003658 ], [ 141.6465403, 43.195215 ], [ 141.6496444, 43.1906375 ], [ 141.6429006, 43.1878353 ], [ 141.633583099999981, 43.1901994 ], [ 141.6212822, 43.1794978 ], [ 141.6111431, 43.1665339 ], [ 141.6230397, 43.1611761 ], [ 141.6366428, 43.1555806 ], [ 141.6405833, 43.1456833 ], [ 141.6494811, 43.141111099999989 ], [ 141.668804199999983, 43.120675 ], [ 141.5832869, 43.0769964 ], [ 141.5907603, 43.0748253 ], [ 141.5879483, 43.0694039 ], [ 141.589251099999984, 43.055275 ], [ 141.574778899999984, 43.0499628 ], [ 141.574018900000027, 43.0435208 ], [ 141.5643169, 43.0355267 ], [ 141.568671099999989, 43.0248039 ], [ 141.5808214, 43.0165603 ], [ 141.5797244, 43.0091133 ], [ 141.5870731, 42.9959803 ], [ 141.5948836, 42.9920994 ], [ 141.5957917, 42.9846589 ], [ 141.604910599999982, 42.9870283 ], [ 141.621524199999982, 42.9835017 ], [ 141.625079699999986, 42.9804475 ], [ 141.6206633, 42.9747472 ], [ 141.6331764, 42.9689153 ], [ 141.6339128, 42.9569844 ], [ 141.6372964, 42.9501933 ], [ 141.645271899999983, 42.9487306 ], [ 141.6526675, 42.9414139 ], [ 141.6496172, 42.9324828 ], [ 141.651465299999984, 42.9260517 ], [ 141.6590869, 42.9171553 ], [ 141.65985809999998, 42.9123383 ], [ 141.652046399999989, 42.906534199999989 ], [ 141.6547103, 42.9015919 ], [ 141.6507475, 42.8954833 ], [ 141.652856899999989, 42.8889478 ], [ 141.6641142, 42.8850058 ], [ 141.669637199999983, 42.889096699999989 ], [ 141.673229700000036, 42.8983719 ], [ 141.681924200000026, 42.9109125 ], [ 141.688746399999985, 42.9083061 ], [ 141.692590599999988, 42.8994847 ], [ 141.700613299999986, 42.8956392 ], [ 141.707316099999986, 42.8998339 ], [ 141.705318299999988, 42.906505 ], [ 141.7097889, 42.9149756 ], [ 141.717631899999986, 42.9157125 ], [ 141.7309725, 42.92242 ], [ 141.7406667, 42.9232797 ], [ 141.7469231, 42.9346742 ], [ 141.753226899999987, 42.9381481 ], [ 141.7566119, 42.9445667 ], [ 141.755752200000018, 42.953175 ], [ 141.7625433, 42.9509178 ], [ 141.7764564, 42.9402372 ], [ 141.7814328, 42.9323033 ], [ 141.7913744, 42.9289836 ], [ 141.804185599999983, 42.9312081 ], [ 141.8074303, 42.9292706 ], [ 141.8221656, 42.9297553 ], [ 141.8285608, 42.92742 ], [ 141.8410958, 42.9292381 ], [ 141.8524042, 42.9330372 ], [ 141.859260799999987, 42.9309389 ], [ 141.8699814, 42.9220467 ], [ 141.88112940000002, 42.9128139 ], [ 141.896621399999987, 42.9054547 ], [ 141.916821699999986, 42.8979733 ], [ 141.9175117, 42.8900783 ], [ 141.9286783, 42.8880228 ], [ 141.9370872, 42.8829017 ], [ 141.9439419, 42.8710836 ], [ 141.9509544, 42.8626836 ], [ 141.9544206, 42.854375 ], [ 141.9622833, 42.8432575 ], [ 141.9753761, 42.8417133 ], [ 141.9803058, 42.8374244 ], [ 141.98791, 42.8416781 ], [ 141.99568, 42.8494306 ], [ 142.0064294, 42.8449181 ], [ 142.0149492, 42.8485794 ], [ 142.0233183, 42.8493919 ], [ 142.033385, 42.8580056 ] ] ] ] } },
{ "type": "Feature", "properties": { "hokenjo": "岩内" }, "geometry": { "type": "MultiPolygon", "coordinates": [ [ [ [ 140.5198567, 42.8991544 ], [ 140.5349372, 42.9015367 ], [ 140.5556847, 42.8964119 ], [ 140.5656311, 42.9013658 ], [ 140.5749692, 42.8989272 ], [ 140.58086, 42.8906669 ], [ 140.5895806, 42.8878664 ], [ 140.6097097, 42.8892289 ], [ 140.6180181, 42.8875847 ], [ 140.6249161, 42.8998786 ], [ 140.633508899999981, 42.9081389 ], [ 140.646274399999982, 42.912328099999989 ], [ 140.6717822, 42.9129811 ], [ 140.6865564, 42.9211214 ], [ 140.708186700000027, 42.9204081 ], [ 140.7213414, 42.9252147 ], [ 140.729105, 42.9324008 ], [ 140.7279183, 42.9383461 ], [ 140.7363475, 42.9385589 ], [ 140.7373608, 42.946878299999987 ], [ 140.736225599999983, 42.96119 ], [ 140.747888599999982, 42.97557 ], [ 140.7570469, 42.9776089 ], [ 140.7603092, 42.9832125 ], [ 140.759960299999989, 42.9910267 ], [ 140.763222499999983, 42.9958833 ], [ 140.766919699999988, 43.0087981 ], [ 140.7713828, 43.0126744 ], [ 140.764145800000023, 43.0134381 ], [ 140.752750599999985, 43.0107453 ], [ 140.7445564, 43.0115181 ], [ 140.7357881, 43.0187694 ], [ 140.7292722, 43.0162378 ], [ 140.721758100000017, 43.0239928 ], [ 140.7161064, 43.0255892 ], [ 140.7116883, 43.0327781 ], [ 140.700632499999983, 43.0344886 ], [ 140.7011172, 43.0419619 ], [ 140.6883269, 43.0500036 ], [ 140.685831399999984, 43.057076099999989 ], [ 140.6809514, 43.0572972 ], [ 140.6642536, 43.0734628 ], [ 140.6513172, 43.0752953 ], [ 140.6433597, 43.0737597 ], [ 140.633538099999981, 43.0797833 ], [ 140.6191775, 43.0800508 ], [ 140.6135783, 43.0782206 ], [ 140.6008706, 43.090295 ], [ 140.5905761, 43.0956336 ], [ 140.5809989, 43.1017533 ], [ 140.5846314, 43.1083292 ], [ 140.5719042, 43.1157719 ], [ 140.5580956, 43.1137161 ], [ 140.5475042, 43.1240636 ], [ 140.5540944, 43.129345 ], [ 140.555927199999985, 43.1412086 ], [ 140.5499614, 43.1443061 ], [ 140.546594199999987, 43.1576958 ], [ 140.54063309999998, 43.1598931 ], [ 140.533126399999986, 43.1647953 ], [ 140.5344642, 43.1705528 ], [ 140.5316058, 43.1799628 ], [ 140.5275206, 43.1850644 ], [ 140.5292019, 43.1903108 ], [ 140.5382117, 43.2002508 ], [ 140.53137719999998, 43.2060906 ], [ 140.532029699999981, 43.2117622 ], [ 140.526303100000035, 43.2138717 ], [ 140.522196899999983, 43.211701399999988 ], [ 140.498038899999983, 43.2161433 ], [ 140.4844747, 43.2172119 ], [ 140.472335, 43.2275108 ], [ 140.4721797, 43.2357403 ], [ 140.46609669999998, 43.2455092 ], [ 140.458931899999982, 43.243335 ], [ 140.452626399999986, 43.2367425 ], [ 140.436543900000032, 43.233885 ], [ 140.4358311, 43.2295228 ], [ 140.4263039, 43.2251117 ], [ 140.4185544, 43.2287906 ], [ 140.4144647, 43.2343997 ], [ 140.40812470000003, 43.2319397 ], [ 140.3973081, 43.2336886 ], [ 140.3891975, 43.2380433 ], [ 140.374411899999984, 43.2395969 ], [ 140.3673603, 43.2501072 ], [ 140.357445, 43.2510597 ], [ 140.362225, 43.26387 ], [ 140.351421099999982, 43.2772139 ], [ 140.336442799999986, 43.2818394 ], [ 140.343760799999984, 43.2760014 ], [ 140.3409644, 43.2664006 ], [ 140.33237219999998, 43.259545599999988 ], [ 140.334125299999982, 43.2461286 ], [ 140.3269436, 43.2332103 ], [ 140.324725799999982, 43.2210417 ], [ 140.3381867, 43.2115233 ], [ 140.3464533, 43.1995753 ], [ 140.3483147, 43.19325 ], [ 140.3589692, 43.180425 ], [ 140.3686758, 43.176816699999989 ], [ 140.3761347, 43.170205 ], [ 140.3896397, 43.1626422 ], [ 140.4004017, 43.1590972 ], [ 140.42201, 43.1455075 ], [ 140.4294998, 43.142363 ], [ 140.428069199999982, 43.1370831 ], [ 140.4338564, 43.130414699999989 ], [ 140.441622199999983, 43.1273758 ], [ 140.445252499999981, 43.1186486 ], [ 140.450445, 43.1082997 ], [ 140.4591533, 43.1049389 ], [ 140.4650723, 43.0887643 ], [ 140.464422499999984, 43.0849122 ], [ 140.4755533, 43.0817864 ], [ 140.4857525, 43.0759728 ], [ 140.4951532, 43.064591 ], [ 140.494746, 43.0591917 ], [ 140.5001686, 43.0551447 ], [ 140.506232499999982, 43.0395956 ], [ 140.5127439, 43.031096 ], [ 140.5226538, 43.0314297 ], [ 140.5291212, 43.0283465 ], [ 140.5303466, 43.0207969 ], [ 140.529041899999982, 43.005991 ], [ 140.523006399999986, 42.9989 ], [ 140.5189886, 42.9885842 ], [ 140.5132786, 42.9838205 ], [ 140.506827500000014, 42.9857199 ], [ 140.5022147, 42.980777 ], [ 140.491006500000026, 42.9771651 ], [ 140.487141500000035, 42.9735238 ], [ 140.4730285, 42.9678568 ], [ 140.4426317, 42.9516022 ], [ 140.4293039, 42.9477322 ], [ 140.4158908, 42.9415325 ], [ 140.412240699999984, 42.9336927 ], [ 140.39577810000003, 42.9218714 ], [ 140.380873899999983, 42.9058228 ], [ 140.398275, 42.9111653 ], [ 140.4149244, 42.9068208 ], [ 140.426815799999986, 42.9074889 ], [ 140.4350986, 42.9053269 ], [ 140.450248599999981, 42.9078497 ], [ 140.456853599999988, 42.9108956 ], [ 140.46962689999998, 42.9036172 ], [ 140.4816597, 42.9013736 ], [ 140.4947239, 42.9121439 ], [ 140.5037092, 42.9132297 ], [ 140.5108969, 42.9106678 ], [ 140.5116842, 42.9043969 ], [ 140.5198567, 42.8991544 ] ] ] ] } },
{ "type": "Feature", "properties": { "hokenjo": "倶知安" }, "geometry": { "type": "MultiPolygon", "coordinates": [ [ [ [ 140.193547199999983, 42.6077681 ], [ 140.213153299999988, 42.6103564 ], [ 140.215511099999986, 42.6080336 ], [ 140.2219528, 42.6022514 ], [ 140.23815, 42.5976169 ], [ 140.248267199999987, 42.6041356 ], [ 140.2765078, 42.6041361 ], [ 140.2917142, 42.6235025 ], [ 140.299701699999986, 42.6222125 ], [ 140.3177183, 42.627600799999989 ], [ 140.3290906, 42.6217997 ], [ 140.344356399999981, 42.6216372 ], [ 140.3604219, 42.6137736 ], [ 140.371102799999989, 42.6016842 ], [ 140.3795672, 42.5984356 ], [ 140.3854628, 42.5907886 ], [ 140.393425799999989, 42.5930953 ], [ 140.398846700000036, 42.5905592 ], [ 140.410451099999989, 42.5900325 ], [ 140.417865299999988, 42.5961975 ], [ 140.42588, 42.5993925 ], [ 140.42537249999998, 42.6065064 ], [ 140.4330564, 42.6092739 ], [ 140.4459478, 42.6087017 ], [ 140.4527172, 42.6051567 ], [ 140.4641528, 42.6073853 ], [ 140.482425299999989, 42.5938503 ], [ 140.4900356, 42.5904586 ], [ 140.529530599999987, 42.5930369 ], [ 140.544832499999984, 42.6030447 ], [ 140.5453669, 42.606515 ], [ 140.5338878, 42.6128958 ], [ 140.5331725, 42.616115 ], [ 140.5431892, 42.621137499999989 ], [ 140.5566964, 42.6354111 ], [ 140.5567869, 42.6434794 ], [ 140.566429699999986, 42.6513031 ], [ 140.5606511, 42.6552017 ], [ 140.568451899999985, 42.6628006 ], [ 140.577276399999988, 42.6647375 ], [ 140.5742372, 42.6750767 ], [ 140.5758483, 42.6794017 ], [ 140.5696094, 42.683015 ], [ 140.5653853, 42.7018781 ], [ 140.565493299999986, 42.7122928 ], [ 140.562275, 42.7172194 ], [ 140.5741933, 42.7157331 ], [ 140.5910747, 42.7075892 ], [ 140.602293299999985, 42.7072278 ], [ 140.612569399999984, 42.7114481 ], [ 140.6268844, 42.7103308 ], [ 140.63493219999998, 42.7071794 ], [ 140.655436399999985, 42.71035 ], [ 140.669419399999981, 42.7084181 ], [ 140.676835, 42.7101317 ], [ 140.691194699999983, 42.7172739 ], [ 140.7043531, 42.7177808 ], [ 140.7187061, 42.7157364 ], [ 140.7375147, 42.7154556 ], [ 140.74566249999998, 42.7135672 ], [ 140.752934399999987, 42.7089975 ], [ 140.7605958, 42.7020378 ], [ 140.762382799999983, 42.693565 ], [ 140.7552067, 42.6796125 ], [ 140.756883599999981, 42.6688894 ], [ 140.751891699999987, 42.6649956 ], [ 140.7551872, 42.6594911 ], [ 140.7774542, 42.6608175 ], [ 140.7779775, 42.6685 ], [ 140.7839917, 42.670510299999989 ], [ 140.798594400000013, 42.6698492 ], [ 140.811660599999982, 42.6780833 ], [ 140.842246099999983, 42.6858492 ], [ 140.8489217, 42.6966189 ], [ 140.8575142, 42.6994833 ], [ 140.8829558, 42.6924517 ], [ 140.890616699999981, 42.6876764 ], [ 140.9083728, 42.6861408 ], [ 140.9194525, 42.6884847 ], [ 140.9279206, 42.6849125 ], [ 140.943849199999988, 42.6840975 ], [ 140.953275599999984, 42.680090799999988 ], [ 140.956171399999988, 42.6753906 ], [ 140.9675092, 42.6709019 ], [ 140.9894342, 42.6835786 ], [ 140.990701699999988, 42.6928147 ], [ 140.9999106, 42.7051617 ], [ 141.0107, 42.7101714 ], [ 141.010393599999986, 42.7163844 ], [ 141.0341056, 42.7173486 ], [ 141.0399222, 42.7157083 ], [ 141.0427286, 42.7329992 ], [ 141.058191699999981, 42.7365453 ], [ 141.0719669, 42.7416336 ], [ 141.078846699999986, 42.7480758 ], [ 141.0817178, 42.7566253 ], [ 141.0803631, 42.7706892 ], [ 141.089578599999982, 42.7848344 ], [ 141.085912799999988, 42.7973633 ], [ 141.07783329999998, 42.8058936 ], [ 141.0643378, 42.8116433 ], [ 141.06524, 42.8230981 ], [ 141.071035, 42.8273139 ], [ 141.0802694, 42.8238569 ], [ 141.093150799999989, 42.8230444 ], [ 141.1006611, 42.8279197 ], [ 141.094382199999984, 42.842771899999988 ], [ 141.103647199999983, 42.8474231 ], [ 141.097513099999986, 42.8553842 ], [ 141.1016967, 42.869475 ], [ 141.1071172, 42.8726975 ], [ 141.0992633, 42.8836947 ], [ 141.086851699999983, 42.8792278 ], [ 141.079444699999982, 42.8853117 ], [ 141.0479767, 42.8836631 ], [ 141.03951, 42.8853694 ], [ 141.0338811, 42.9063225 ], [ 141.0268892, 42.9127042 ], [ 141.0335872, 42.9176156 ], [ 141.0427925, 42.9364125 ], [ 141.0480594, 42.9402083 ], [ 141.0527483, 42.9525886 ], [ 141.0404667, 42.9580494 ], [ 141.0255314, 42.9612886 ], [ 141.013610799999981, 42.9654414 ], [ 141.0080633, 42.9715392 ], [ 141.006356899999986, 42.9786297 ], [ 140.9981736, 42.9861486 ], [ 140.9928692, 42.9945686 ], [ 140.9991389, 43.0007322 ], [ 140.99999889999998, 43.0127483 ], [ 140.9933031, 43.0172442 ], [ 140.9911583, 43.0235658 ], [ 140.999077799999981, 43.0254753 ], [ 141.0109708, 43.0333914 ], [ 141.018195599999984, 43.0322347 ], [ 141.026055, 43.0361044 ], [ 141.03297809999998, 43.0430033 ], [ 141.0448953, 43.0514364 ], [ 141.045005, 43.0608403 ], [ 141.027119199999987, 43.0661642 ], [ 141.0250039, 43.0709964 ], [ 141.01686669999998, 43.0742625 ], [ 141.0091356, 43.085765 ], [ 141.007669199999981, 43.0909831 ], [ 141.0005103, 43.0965069 ], [ 141.003398299999986, 43.1087383 ], [ 140.995223899999985, 43.1166508 ], [ 140.9988167, 43.1268008 ], [ 140.9759336, 43.1296717 ], [ 140.9745092, 43.12506 ], [ 140.96695, 43.12576 ], [ 140.9520972, 43.1313631 ], [ 140.9383928, 43.1305244 ], [ 140.9317733, 43.1274047 ], [ 140.9204119, 43.1302664 ], [ 140.9238306, 43.1393956 ], [ 140.923480600000033, 43.1514592 ], [ 140.9132669, 43.1570706 ], [ 140.9000489, 43.1599528 ], [ 140.883268099999981, 43.1677172 ], [ 140.8665092, 43.1652469 ], [ 140.8586856, 43.1679883 ], [ 140.8598289, 43.1729214 ], [ 140.8539333, 43.1777044 ], [ 140.846157200000022, 43.1880233 ], [ 140.8476464, 43.193255 ], [ 140.8448096, 43.2003837 ], [ 140.8439458, 43.1978103 ], [ 140.8151552, 43.1938789 ], [ 140.7909597, 43.1947031 ], [ 140.775959699999987, 43.2025136 ], [ 140.775574, 43.2132875 ], [ 140.7786188, 43.2165097 ], [ 140.7771947, 43.2244747 ], [ 140.762607799999984, 43.2272385 ], [ 140.7586794, 43.2262552 ], [ 140.739677199999988, 43.2335575 ], [ 140.717525, 43.2490219 ], [ 140.7003081, 43.2506528 ], [ 140.672381799999982, 43.2578761 ], [ 140.6592833, 43.2594386 ], [ 140.6461818, 43.2628676 ], [ 140.6397933, 43.2669709 ], [ 140.6364184, 43.2748959 ], [ 140.644504499999982, 43.280707 ], [ 140.6428127, 43.2868603 ], [ 140.6344651, 43.2859049 ], [ 140.630019799999985, 43.2947868 ], [ 140.616713399999981, 43.2968007 ], [ 140.6068436, 43.2956844 ], [ 140.5934622, 43.3029278 ], [ 140.5898389, 43.3081947 ], [ 140.5789325, 43.3104519 ], [ 140.5701622, 43.3226411 ], [ 140.5622706, 43.3243575 ], [ 140.540282499999989, 43.3433769 ], [ 140.533573599999983, 43.3456919 ], [ 140.526711899999981, 43.3532158 ], [ 140.5255472, 43.3587931 ], [ 140.5115075, 43.3573017 ], [ 140.5034269, 43.3701947 ], [ 140.4926639, 43.3717419 ], [ 140.482802199999981, 43.3756922 ], [ 140.477690600000017, 43.3732667 ], [ 140.4613775, 43.371205 ], [ 140.468076699999983, 43.3653142 ], [ 140.464223299999986, 43.3545996 ], [ 140.4587192, 43.3496072 ], [ 140.4594519, 43.3442764 ], [ 140.446178299999985, 43.3357219 ], [ 140.4240356, 43.3288831 ], [ 140.4090061, 43.3327769 ], [ 140.40069029999998, 43.3305947 ], [ 140.3885019, 43.3320667 ], [ 140.381635599999981, 43.3293828 ], [ 140.3599003, 43.3316103 ], [ 140.3560664, 43.3250539 ], [ 140.356876699999987, 43.3144034 ], [ 140.3551728, 43.3016886 ], [ 140.3504453, 43.2951653 ], [ 140.347325899999987, 43.2854646 ], [ 140.336442799999986, 43.2818394 ], [ 140.351421099999982, 43.2772139 ], [ 140.362225, 43.26387 ], [ 140.357445, 43.2510597 ], [ 140.3673603, 43.2501072 ], [ 140.374411899999984, 43.2395969 ], [ 140.3891975, 43.2380433 ], [ 140.3973081, 43.2336886 ], [ 140.40812470000003, 43.2319397 ], [ 140.4144647, 43.2343997 ], [ 140.4185544, 43.2287906 ], [ 140.4263039, 43.2251117 ], [ 140.4358311, 43.2295228 ], [ 140.436543900000032, 43.233885 ], [ 140.452626399999986, 43.2367425 ], [ 140.458931899999982, 43.243335 ], [ 140.46609669999998, 43.2455092 ], [ 140.4721797, 43.2357403 ], [ 140.472335, 43.2275108 ], [ 140.4844747, 43.2172119 ], [ 140.498038899999983, 43.2161433 ], [ 140.522196899999983, 43.211701399999988 ], [ 140.526303100000035, 43.2138717 ], [ 140.532029699999981, 43.2117622 ], [ 140.53137719999998, 43.2060906 ], [ 140.5382117, 43.2002508 ], [ 140.5292019, 43.1903108 ], [ 140.5275206, 43.1850644 ], [ 140.5316058, 43.1799628 ], [ 140.5344642, 43.1705528 ], [ 140.533126399999986, 43.1647953 ], [ 140.54063309999998, 43.1598931 ], [ 140.546594199999987, 43.1576958 ], [ 140.5499614, 43.1443061 ], [ 140.555927199999985, 43.1412086 ], [ 140.5540944, 43.129345 ], [ 140.5475042, 43.1240636 ], [ 140.5580956, 43.1137161 ], [ 140.5719042, 43.1157719 ], [ 140.5846314, 43.1083292 ], [ 140.5809989, 43.1017533 ], [ 140.5905761, 43.0956336 ], [ 140.6008706, 43.090295 ], [ 140.6135783, 43.0782206 ], [ 140.6191775, 43.0800508 ], [ 140.633538099999981, 43.0797833 ], [ 140.6433597, 43.0737597 ], [ 140.6513172, 43.0752953 ], [ 140.6642536, 43.0734628 ], [ 140.6809514, 43.0572972 ], [ 140.685831399999984, 43.057076099999989 ], [ 140.6883269, 43.0500036 ], [ 140.7011172, 43.0419619 ], [ 140.700632499999983, 43.0344886 ], [ 140.7116883, 43.0327781 ], [ 140.7161064, 43.0255892 ], [ 140.721758100000017, 43.0239928 ], [ 140.7292722, 43.0162378 ], [ 140.7357881, 43.0187694 ], [ 140.7445564, 43.0115181 ], [ 140.752750599999985, 43.0107453 ], [ 140.764145800000023, 43.0134381 ], [ 140.7713828, 43.0126744 ], [ 140.766919699999988, 43.0087981 ], [ 140.763222499999983, 42.9958833 ], [ 140.759960299999989, 42.9910267 ], [ 140.7603092, 42.9832125 ], [ 140.7570469, 42.9776089 ], [ 140.747888599999982, 42.97557 ], [ 140.736225599999983, 42.96119 ], [ 140.7373608, 42.946878299999987 ], [ 140.7363475, 42.9385589 ], [ 140.7279183, 42.9383461 ], [ 140.729105, 42.9324008 ], [ 140.7213414, 42.9252147 ], [ 140.708186700000027, 42.9204081 ], [ 140.6865564, 42.9211214 ], [ 140.6717822, 42.9129811 ], [ 140.646274399999982, 42.912328099999989 ], [ 140.633508899999981, 42.9081389 ], [ 140.6249161, 42.8998786 ], [ 140.6180181, 42.8875847 ], [ 140.6097097, 42.8892289 ], [ 140.5895806, 42.8878664 ], [ 140.58086, 42.8906669 ], [ 140.5749692, 42.8989272 ], [ 140.5656311, 42.9013658 ], [ 140.5556847, 42.8964119 ], [ 140.5349372, 42.9015367 ], [ 140.5198567, 42.8991544 ], [ 140.5116842, 42.9043969 ], [ 140.5108969, 42.9106678 ], [ 140.5037092, 42.9132297 ], [ 140.4947239, 42.9121439 ], [ 140.4816597, 42.9013736 ], [ 140.46962689999998, 42.9036172 ], [ 140.456853599999988, 42.9108956 ], [ 140.450248599999981, 42.9078497 ], [ 140.4350986, 42.9053269 ], [ 140.426815799999986, 42.9074889 ], [ 140.4149244, 42.9068208 ], [ 140.398275, 42.9111653 ], [ 140.380873899999983, 42.9058228 ], [ 140.3776356, 42.8974754 ], [ 140.3633879, 42.8795421 ], [ 140.358551899999981, 42.8775731 ], [ 140.3587196, 42.8735947 ], [ 140.3465827, 42.857651 ], [ 140.333672799999988, 42.8475663 ], [ 140.326520800000026, 42.8449208 ], [ 140.3088292, 42.8309831 ], [ 140.304958299999981, 42.8253186 ], [ 140.3036658, 42.8127472 ], [ 140.3100667, 42.7951147 ], [ 140.308348599999988, 42.7856819 ], [ 140.304431699999981, 42.7774536 ], [ 140.2892875, 42.7715156 ], [ 140.2662772, 42.7674517 ], [ 140.24593969999998, 42.7681997 ], [ 140.2398772, 42.7757781 ], [ 140.236885799999982, 42.7848847 ], [ 140.238126099999988, 42.7922819 ], [ 140.2286992, 42.7980097 ], [ 140.221760599999982, 42.8058342 ], [ 140.204715, 42.8094803 ], [ 140.186973099999989, 42.8267053 ], [ 140.181690299999985, 42.8172072 ], [ 140.1732408, 42.8064356 ], [ 140.1693733, 42.8044367 ], [ 140.1643717, 42.7956231 ], [ 140.1607747, 42.7946436 ], [ 140.1469842, 42.7711686 ], [ 140.1503142, 42.7669872 ], [ 140.1442664, 42.754555 ], [ 140.130137, 42.7464692 ], [ 140.1187846, 42.746253 ], [ 140.1056964, 42.7361784 ], [ 140.095517299999983, 42.7359979 ], [ 140.0780981, 42.7262906 ], [ 140.068839200000014, 42.7233864 ], [ 140.069022499999988, 42.7182144 ], [ 140.064501799999988, 42.7130187 ], [ 140.0629903, 42.704476899999989 ], [ 140.040323299999983, 42.6912625 ], [ 140.0296342, 42.6878106 ], [ 140.0170311, 42.6891796 ], [ 140.0019285, 42.6865542 ], [ 139.9890644, 42.6920994 ], [ 139.9823757, 42.6880974 ], [ 139.972089399999987, 42.6910542 ], [ 139.9565661, 42.6880358 ], [ 139.940742799999981, 42.68975 ], [ 139.9252828, 42.6881589 ], [ 139.9179907, 42.6839758 ], [ 139.8984078, 42.6797839 ], [ 139.8795806, 42.6698174 ], [ 139.8684625, 42.665595 ], [ 139.861775599999987, 42.6537597 ], [ 139.8560483, 42.650095799999988 ], [ 139.85459419999998, 42.6410914 ], [ 139.8421344, 42.6317886 ], [ 139.842574499999984, 42.6267174 ], [ 139.826255, 42.6186644 ], [ 139.8231653, 42.6130553 ], [ 139.830588299999988, 42.6144275 ], [ 139.845716400000015, 42.6132061 ], [ 139.8557214, 42.6088989 ], [ 139.8871986, 42.6140514 ], [ 139.910953600000028, 42.6166867 ], [ 139.9178219, 42.6124686 ], [ 139.9391003, 42.6136889 ], [ 139.9429892, 42.6075833 ], [ 139.931714200000016, 42.5959794 ], [ 139.9364536, 42.5888586 ], [ 139.9666431, 42.5873797 ], [ 139.971121899999986, 42.5830158 ], [ 139.9943308, 42.5777944 ], [ 140.0013394, 42.5816308 ], [ 140.010865, 42.5798175 ], [ 140.0217892, 42.5717942 ], [ 140.02480079999998, 42.5584583 ], [ 140.0298875, 42.5557597 ], [ 140.0371917, 42.5602467 ], [ 140.05124859999998, 42.5536817 ], [ 140.062302499999987, 42.5573628 ], [ 140.075132199999985, 42.5594081 ], [ 140.098075, 42.5539289 ], [ 140.1091294, 42.5456606 ], [ 140.1170239, 42.5450839 ], [ 140.1229017, 42.5487697 ], [ 140.128091399999988, 42.5605586 ], [ 140.1415414, 42.5650725 ], [ 140.140458099999989, 42.5692339 ], [ 140.1434453, 42.5793439 ], [ 140.1524364, 42.5797594 ], [ 140.15791059999998, 42.5926592 ], [ 140.148251099999982, 42.6004031 ], [ 140.1514961, 42.6156967 ], [ 140.1724769, 42.6176872 ], [ 140.1768461, 42.6132258 ], [ 140.185114199999987, 42.6120283 ], [ 140.188600799999989, 42.6031736 ], [ 140.193547199999983, 42.6077681 ] ] ] ] } },
{ "type": "Feature", "properties": { "hokenjo": "釧路" }, "geometry": { "type": "MultiPolygon", "coordinates": [ [ [ [ 144.873133599999989, 42.9496286 ], [ 144.8800819, 42.9578883 ], [ 144.8744753, 42.9611356 ], [ 144.86536, 42.9522294 ], [ 144.873133599999989, 42.9496286 ] ] ], [ [ [ 143.9286914, 42.8801569 ], [ 143.961696099999983, 42.8983786 ], [ 144.0046849, 42.9206534 ], [ 144.038770199999988, 42.9375271 ], [ 144.0802549, 42.9533313 ], [ 144.088934199999983, 42.9524892 ], [ 144.111157599999984, 42.9609356 ], [ 144.124649299999987, 42.9690052 ], [ 144.1629077, 42.9825748 ], [ 144.181457199999983, 42.9878133 ], [ 144.2055737, 42.993271 ], [ 144.228571499999987, 42.997256 ], [ 144.2742677, 43.0038352 ], [ 144.2864333, 43.0041299 ], [ 144.3045362, 43.0015279 ], [ 144.314268199999987, 43.0023596 ], [ 144.3143666, 42.99768 ], [ 144.3345879, 42.9956716 ], [ 144.3405871, 42.9938872 ], [ 144.3497892, 42.9979604 ], [ 144.3598466, 42.9952786 ], [ 144.3717292, 42.9856277 ], [ 144.3726694, 42.9758576 ], [ 144.3658221, 42.9716653 ], [ 144.374568399999987, 42.967471 ], [ 144.389358, 42.9691099 ], [ 144.3983565, 42.9602458 ], [ 144.414362, 42.9566472 ], [ 144.422978, 42.9524575 ], [ 144.4393768, 42.9520864 ], [ 144.4503556, 42.9437519 ], [ 144.460787, 42.9448902 ], [ 144.4857343, 42.9394123 ], [ 144.498978099999988, 42.941640799999988 ], [ 144.5139886, 42.9481964 ], [ 144.529260099999988, 42.9512067 ], [ 144.5514514, 42.9467653 ], [ 144.5641014, 42.9498942 ], [ 144.5748222, 42.9504817 ], [ 144.5947381, 42.9490281 ], [ 144.6079867, 42.9509186 ], [ 144.6295844, 42.9512578 ], [ 144.6403178, 42.9457711 ], [ 144.654693899999984, 42.9466186 ], [ 144.66520330000003, 42.9448411 ], [ 144.6749628, 42.9389014 ], [ 144.6942444, 42.9381875 ], [ 144.7284019, 42.9340869 ], [ 144.757405799999987, 42.9333461 ], [ 144.7815453, 42.9341256 ], [ 144.78566, 42.9363967 ], [ 144.7566175, 42.9540733 ], [ 144.747776099999982, 42.9555636 ], [ 144.7374867, 42.9685014 ], [ 144.7280568, 42.9714015 ], [ 144.7219667, 42.9785844 ], [ 144.72322939999998, 42.9869942 ], [ 144.7304082, 43.0010651 ], [ 144.7460156, 43.0239233 ], [ 144.7625869, 43.0365586 ], [ 144.777134400000023, 43.051085 ], [ 144.785183099999983, 43.0554811 ], [ 144.8026592, 43.0589149 ], [ 144.817748699999981, 43.0591415 ], [ 144.8289897, 43.0575678 ], [ 144.8543167, 43.0487337 ], [ 144.8360935, 43.0338666 ], [ 144.838420899999988, 43.0240571 ], [ 144.8335745, 43.0154999 ], [ 144.8486201, 43.0146292 ], [ 144.8590781, 43.0056375 ], [ 144.856316099999987, 43.0004261 ], [ 144.868945, 42.9968681 ], [ 144.8747186, 42.9928167 ], [ 144.8757578, 42.9862678 ], [ 144.8811886, 42.984585 ], [ 144.899070599999988, 42.9892564 ], [ 144.90990309999998, 42.9862131 ], [ 144.91824, 42.9861739 ], [ 144.9264231, 42.9898086 ], [ 144.9381894, 42.9881322 ], [ 144.94955779999998, 42.9826069 ], [ 144.9553297, 42.985376099999989 ], [ 144.961886099999987, 42.9808967 ], [ 144.9735997, 42.9815356 ], [ 144.98169470000002, 42.9879311 ], [ 144.9955272, 42.9937042 ], [ 145.0004908, 42.9911697 ], [ 145.0110042, 42.9939756 ], [ 145.0243525, 43.0005364 ], [ 145.0301222, 43.0103825 ], [ 145.023550799999981, 43.0197172 ], [ 145.029604399999982, 43.0227486 ], [ 145.029867500000023, 43.0281081 ], [ 145.038689399999981, 43.0308383 ], [ 145.050316899999984, 43.0309017 ], [ 145.059976100000029, 43.0398297 ], [ 145.085825, 43.0449064 ], [ 145.0845079, 43.0536332 ], [ 145.0892853, 43.0578406 ], [ 145.08682779999998, 43.0641692 ], [ 145.0940503, 43.0740967 ], [ 145.1049261, 43.0792817 ], [ 145.1222908, 43.0780889 ], [ 145.132666900000032, 43.0689458 ], [ 145.1491689, 43.0697911 ], [ 145.156710799999985, 43.0777214 ], [ 145.1589525, 43.0847139 ], [ 145.137889400000034, 43.0806072 ], [ 145.133984199999986, 43.0828106 ], [ 145.121489699999984, 43.0821515 ], [ 145.1155336, 43.0842778 ], [ 145.111059399999988, 43.0954344 ], [ 145.1098539, 43.1034964 ], [ 145.1125628, 43.1189236 ], [ 145.122244699999982, 43.13244 ], [ 145.1313414, 43.1338164 ], [ 145.145704199999983, 43.1446953 ], [ 145.169216899999981, 43.1502981 ], [ 145.1782044, 43.1480539 ], [ 145.1834581, 43.1396072 ], [ 145.2017472, 43.1359781 ], [ 145.225314699999984, 43.1419286 ], [ 145.2311105, 43.1491052 ], [ 145.248753099999988, 43.1588494 ], [ 145.2701928, 43.164775 ], [ 145.2840989, 43.1701539 ], [ 145.297085, 43.1726564 ], [ 145.3058378, 43.1716311 ], [ 145.31625219999998, 43.1674772 ], [ 145.32622809999998, 43.1734558 ], [ 145.3167733, 43.1873586 ], [ 145.3137367, 43.2027522 ], [ 145.2831453, 43.2119325 ], [ 145.274700599999989, 43.2181506 ], [ 145.267687800000033, 43.2272897 ], [ 145.2464467, 43.2213867 ], [ 145.22558859999998, 43.2059739 ], [ 145.195602200000025, 43.2576594 ], [ 145.184951899999987, 43.2566386 ], [ 145.1796242, 43.2593256 ], [ 145.1676436, 43.2584658 ], [ 145.156903299999982, 43.2520867 ], [ 145.1497158, 43.2435506 ], [ 145.1418803, 43.2446328 ], [ 145.133250299999986, 43.2372664 ], [ 145.1231061, 43.233815 ], [ 145.1130708, 43.2367133 ], [ 145.1017453, 43.2357236 ], [ 145.0990875, 43.2382572 ], [ 145.0742311, 43.2398364 ], [ 145.066033899999979, 43.2425431 ], [ 145.0543056, 43.2357256 ], [ 145.043795800000026, 43.2321956 ], [ 145.0347803, 43.2246336 ], [ 145.0351192, 43.2200783 ], [ 145.0237206, 43.2149992 ], [ 145.0128297, 43.2159361 ], [ 144.9959825, 43.2245228 ], [ 144.9849944, 43.2338308 ], [ 144.9722156, 43.2354383 ], [ 144.962251399999985, 43.2385297 ], [ 144.9468594, 43.2484656 ], [ 144.937050299999981, 43.2492983 ], [ 144.9159575, 43.2446822 ], [ 144.9107656, 43.257135 ], [ 144.8954333, 43.2655186 ], [ 144.8792367, 43.2780111 ], [ 144.8715597, 43.2818694 ], [ 144.862155, 43.2770575 ], [ 144.8468331, 43.28284 ], [ 144.840718899999985, 43.2922031 ], [ 144.8226731, 43.2983578 ], [ 144.812129699999986, 43.2999567 ], [ 144.788136899999984, 43.3010339 ], [ 144.785066699999987, 43.3036064 ], [ 144.7680344, 43.3045275 ], [ 144.7661617, 43.3091572 ], [ 144.758261399999981, 43.3079797 ], [ 144.737777199999982, 43.3175506 ], [ 144.7260594, 43.3174289 ], [ 144.722231099999988, 43.3255361 ], [ 144.7029364, 43.3411747 ], [ 144.6960406, 43.3446689 ], [ 144.6881564, 43.3398908 ], [ 144.68098, 43.3433353 ], [ 144.677899199999985, 43.3496339 ], [ 144.669799399999988, 43.3514697 ], [ 144.6684669, 43.3634369 ], [ 144.6649019, 43.3655017 ], [ 144.6620528, 43.3747322 ], [ 144.663849199999987, 43.3809631 ], [ 144.65624219999998, 43.3954189 ], [ 144.644281899999982, 43.4073933 ], [ 144.645489699999985, 43.4128328 ], [ 144.6384981, 43.4187222 ], [ 144.6384453, 43.4264611 ], [ 144.646535799999981, 43.4292867 ], [ 144.641616699999986, 43.4364317 ], [ 144.6464158, 43.4385772 ], [ 144.652341899999982, 43.4466544 ], [ 144.662551899999983, 43.4459047 ], [ 144.678863299999989, 43.4419764 ], [ 144.745101700000021, 43.4859347 ], [ 144.6687236, 43.5470722 ], [ 144.6144467, 43.5705958 ], [ 144.6003461, 43.5734153 ], [ 144.590495299999986, 43.5772297 ], [ 144.579040599999985, 43.5769219 ], [ 144.5738608, 43.5873106 ], [ 144.57493359999998, 43.5920731 ], [ 144.5706314, 43.6006786 ], [ 144.5629519, 43.6081308 ], [ 144.548304699999989, 43.6128958 ], [ 144.53979529999998, 43.6077714 ], [ 144.530124199999989, 43.611755 ], [ 144.5250333, 43.6219986 ], [ 144.5185103, 43.6303103 ], [ 144.5209214, 43.6384553 ], [ 144.5126931, 43.6547089 ], [ 144.502053099999983, 43.6554172 ], [ 144.4862822, 43.660195 ], [ 144.486542500000013, 43.6656839 ], [ 144.4817003, 43.6781439 ], [ 144.4748094, 43.6856581 ], [ 144.465523900000022, 43.6866325 ], [ 144.4572067, 43.6923889 ], [ 144.428889699999985, 43.6970928 ], [ 144.408369199999981, 43.6930397 ], [ 144.3907064, 43.687844399999989 ], [ 144.37902219999998, 43.6886861 ], [ 144.3695564, 43.6988947 ], [ 144.346926699999983, 43.7043953 ], [ 144.3380239, 43.7025781 ], [ 144.331942199999986, 43.7049381 ], [ 144.323285299999981, 43.7032528 ], [ 144.305014699999987, 43.6915767 ], [ 144.2972992, 43.6887083 ], [ 144.279598099999987, 43.6855681 ], [ 144.274414399999984, 43.6814992 ], [ 144.2731689, 43.6751444 ], [ 144.2779103, 43.6692889 ], [ 144.2708706, 43.6664581 ], [ 144.2591406, 43.6535556 ], [ 144.24825389999998, 43.6486472 ], [ 144.2431331, 43.6399953 ], [ 144.2310272, 43.633975 ], [ 144.227022799999986, 43.6289553 ], [ 144.2224481, 43.6116806 ], [ 144.223275, 43.6050956 ], [ 144.2177053, 43.5989633 ], [ 144.217489199999989, 43.5899442 ], [ 144.226239699999979, 43.5710178 ], [ 144.22731, 43.5641069 ], [ 144.2351578, 43.5603233 ], [ 144.232491899999985, 43.5556022 ], [ 144.2352861, 43.5455642 ], [ 144.2334464, 43.5333311 ], [ 144.22198419999998, 43.5210686 ], [ 144.206798099999986, 43.5207478 ], [ 144.201215, 43.5251561 ], [ 144.1904394, 43.5219661 ], [ 144.1809767, 43.5107633 ], [ 144.1753156, 43.5171142 ], [ 144.1637667, 43.525345 ], [ 144.148036099999985, 43.5280814 ], [ 144.1424319, 43.5311719 ], [ 144.134742499999987, 43.5269431 ], [ 144.1327714, 43.5173239 ], [ 144.121049699999986, 43.5119389 ], [ 144.1082089, 43.5125247 ], [ 144.096270799999985, 43.5164056 ], [ 144.0821703, 43.5149522 ], [ 144.071390800000017, 43.5015578 ], [ 144.0736331, 43.4932906 ], [ 144.077888299999984, 43.4909442 ], [ 144.072415, 43.4828301 ], [ 144.07116, 43.4745681 ], [ 144.065811699999983, 43.4749119 ], [ 144.051425599999988, 43.4696519 ], [ 144.0435722, 43.4691417 ], [ 144.040197799999987, 43.4642697 ], [ 144.020285799999982, 43.4610142 ], [ 143.9988214, 43.4649456 ], [ 144.0050508, 43.4489369 ], [ 144.0005242, 43.4428631 ], [ 144.0043356, 43.4351 ], [ 144.016676099999984, 43.4274917 ], [ 144.025948299999982, 43.4284919 ], [ 144.029768599999983, 43.4198422 ], [ 144.029297499999984, 43.4118825 ], [ 144.022188299999982, 43.3958014 ], [ 144.0270108, 43.3918789 ], [ 144.0102561, 43.3815208 ], [ 144.008115799999985, 43.3752261 ], [ 143.9958514, 43.3702753 ], [ 143.9888058, 43.36944 ], [ 143.9838139, 43.3649217 ], [ 143.97683139999998, 43.3649889 ], [ 143.96613, 43.3616803 ], [ 143.9605244, 43.3563836 ], [ 143.9523639, 43.3581189 ], [ 143.9513892, 43.3505 ], [ 143.9375603, 43.3440475 ], [ 143.933065, 43.3375703 ], [ 143.9209689, 43.340395 ], [ 143.9181739, 43.3343017 ], [ 143.912127199999986, 43.3357011 ], [ 143.906445599999984, 43.328925 ], [ 143.8960289, 43.32438 ], [ 143.8978569, 43.3177697 ], [ 143.889715599999988, 43.3152758 ], [ 143.8805389, 43.3063708 ], [ 143.8718331, 43.3074908 ], [ 143.8634414, 43.30217 ], [ 143.84594610000002, 43.2847517 ], [ 143.825945, 43.2911647 ], [ 143.8246014, 43.2851889 ], [ 143.8272878, 43.2622567 ], [ 143.8201297, 43.2605978 ], [ 143.81224, 43.2535722 ], [ 143.8114956, 43.2470367 ], [ 143.8022589, 43.2488303 ], [ 143.7996589, 43.2309967 ], [ 143.793672499999985, 43.2298561 ], [ 143.7898869, 43.2167064 ], [ 143.7965508, 43.2126264 ], [ 143.7972072, 43.2074289 ], [ 143.792661399999986, 43.2036394 ], [ 143.78987189999998, 43.1930953 ], [ 143.77704, 43.1866147 ], [ 143.7770725, 43.1775094 ], [ 143.7828447, 43.1728039 ], [ 143.7820128, 43.167597799999989 ], [ 143.7725772, 43.1677931 ], [ 143.7677692, 43.1630511 ], [ 143.7672811, 43.1591167 ], [ 143.77465, 43.1543206 ], [ 143.770496899999983, 43.1442256 ], [ 143.7680733, 43.1319428 ], [ 143.760391699999985, 43.1281461 ], [ 143.7547386, 43.1203858 ], [ 143.7542817, 43.1106161 ], [ 143.7557669, 43.0830519 ], [ 143.7502261, 43.0758597 ], [ 143.7427161, 43.0732061 ], [ 143.7441775, 43.0670633 ], [ 143.7402644, 43.0593167 ], [ 143.7255911, 43.0569908 ], [ 143.720044699999988, 43.0534467 ], [ 143.7105033, 43.0429217 ], [ 143.7104564, 43.0324697 ], [ 143.706527199999982, 43.0265819 ], [ 143.7070228, 43.0200594 ], [ 143.703625, 43.0117036 ], [ 143.703145, 43.0034517 ], [ 143.7162389, 42.99012 ], [ 143.7239506, 42.9959008 ], [ 143.733682499999986, 42.9915422 ], [ 143.7448431, 42.9810383 ], [ 143.7508908, 42.9775858 ], [ 143.75062029999998, 42.9707692 ], [ 143.7666247, 42.9600861 ], [ 143.7663833, 42.9491528 ], [ 143.761980599999987, 42.9427631 ], [ 143.766454399999986, 42.9372117 ], [ 143.764525, 42.9292467 ], [ 143.771123900000021, 42.9223339 ], [ 143.7713161, 42.9130972 ], [ 143.782510299999984, 42.9027275 ], [ 143.7771847, 42.8961561 ], [ 143.7885311, 42.8915825 ], [ 143.80746689999998, 42.8788944 ], [ 143.819597499999986, 42.8753661 ], [ 143.8272072, 42.8689386 ], [ 143.8383881, 42.8633444 ], [ 143.8490808, 42.8520553 ], [ 143.855140799999987, 42.8509169 ], [ 143.8693461, 42.8422525 ], [ 143.8951011, 42.8599344 ], [ 143.9286914, 42.8801569 ] ] ] ] } },
{ "type": "Feature", "properties": { "hokenjo": "江差" }, "geometry": { "type": "MultiPolygon", "coordinates": [ [ [ [ 140.3580575, 41.7869467 ], [ 140.371799399999986, 41.7941936 ], [ 140.3781022, 41.8054544 ], [ 140.3879653, 41.8079178 ], [ 140.397952799999985, 41.8056267 ], [ 140.4088108, 41.8129711 ], [ 140.4216314, 41.8132272 ], [ 140.430520799999982, 41.8079572 ], [ 140.4345878, 41.8150511 ], [ 140.427518599999985, 41.8249317 ], [ 140.428195599999981, 41.8316339 ], [ 140.440812199999982, 41.8384153 ], [ 140.4603703, 41.8446783 ], [ 140.4609064, 41.8511072 ], [ 140.4506467, 41.85758 ], [ 140.44798, 41.8616578 ], [ 140.460575299999988, 41.8636758 ], [ 140.46422, 41.8785806 ], [ 140.4684981, 41.8826192 ], [ 140.4735514, 41.900875 ], [ 140.4589767, 41.9107514 ], [ 140.450343600000025, 41.921318299999989 ], [ 140.452921100000026, 41.929791099999989 ], [ 140.4431764, 41.9373006 ], [ 140.457065799999981, 41.9449147 ], [ 140.4604086, 41.9518514 ], [ 140.470693899999986, 41.9539344 ], [ 140.4677461, 41.9594394 ], [ 140.4692192, 41.9651628 ], [ 140.4643539, 41.9758489 ], [ 140.4643692, 41.9861447 ], [ 140.470936099999989, 41.9934722 ], [ 140.465764399999983, 41.9974975 ], [ 140.45378, 42.011917499999988 ], [ 140.4293322, 42.0231767 ], [ 140.424216699999988, 42.0253003 ], [ 140.40090189999998, 42.0249811 ], [ 140.3883533, 42.0297906 ], [ 140.37894559999998, 42.0430814 ], [ 140.361088099999989, 42.043441699999988 ], [ 140.3601597, 42.0385289 ], [ 140.351619199999988, 42.0359422 ], [ 140.3437461, 42.0425386 ], [ 140.3318806, 42.0451158 ], [ 140.321708299999983, 42.0417392 ], [ 140.3117781, 42.0529267 ], [ 140.303185, 42.0537858 ], [ 140.298246899999981, 42.0505136 ], [ 140.2876139, 42.0511033 ], [ 140.2800039, 42.0481867 ], [ 140.2730661, 42.0538892 ], [ 140.2574158, 42.059278899999988 ], [ 140.2479722, 42.0604239 ], [ 140.2459131, 42.0654175 ], [ 140.2384439, 42.0666061 ], [ 140.234581099999986, 42.0711111 ], [ 140.2201508, 42.0786094 ], [ 140.2286739, 42.0850847 ], [ 140.2215186, 42.093005 ], [ 140.2124469, 42.0879639 ], [ 140.198622799999981, 42.0872839 ], [ 140.1935239, 42.0794236 ], [ 140.1930558, 42.0682472 ], [ 140.1749969, 42.0697714 ], [ 140.1546481, 42.0642197 ], [ 140.14638, 42.0725125 ], [ 140.136281699999984, 42.0691053 ], [ 140.1081819, 42.0712044 ], [ 140.1036078, 42.0729514 ], [ 140.0869639, 42.0679039 ], [ 140.0778944, 42.0617375 ], [ 140.07055219999998, 42.0600608 ], [ 140.0720244, 42.0544236 ], [ 140.084017499999987, 42.0458494 ], [ 140.0862831, 42.0394705 ], [ 140.096158299999985, 42.0328869 ], [ 140.1001947, 42.0208058 ], [ 140.105926899999986, 42.0131481 ], [ 140.1033372, 42.0077464 ], [ 140.1191911, 42.0039575 ], [ 140.1217431, 41.9999056 ], [ 140.127298599999989, 41.9797039 ], [ 140.1327856, 41.9749367 ], [ 140.126734199999987, 41.9615961 ], [ 140.132603099999983, 41.9525758 ], [ 140.1396671, 41.9288928 ], [ 140.14100209999998, 41.91441 ], [ 140.135990199999981, 41.9056839 ], [ 140.1388919, 41.8940458 ], [ 140.1338063, 41.886987 ], [ 140.131260199999986, 41.8722382 ], [ 140.1200749, 41.8666394 ], [ 140.1264108, 41.855313 ], [ 140.1254941, 41.8389983 ], [ 140.123019, 41.825293099999989 ], [ 140.115188099999983, 41.8103778 ], [ 140.108791699999983, 41.80494 ], [ 140.0980135, 41.8081565 ], [ 140.0839006, 41.8094542 ], [ 140.0699572, 41.8045364 ], [ 140.0732078, 41.7988261 ], [ 140.07278, 41.7756636 ], [ 140.0673161, 41.760032 ], [ 140.0649783, 41.7588669 ], [ 140.0554017, 41.7429428 ], [ 140.0499955, 41.7394057 ], [ 140.039886400000029, 41.7244175 ], [ 140.0300528, 41.7174444 ], [ 140.0237014, 41.7061789 ], [ 140.0084856, 41.6911014 ], [ 140.0086311, 41.68268 ], [ 140.004431899999986, 41.6752703 ], [ 140.00257689999998, 41.6519042 ], [ 139.9968878, 41.64714 ], [ 139.9987294, 41.6416592 ], [ 139.9935269, 41.6302136 ], [ 139.998715799999985, 41.6321211 ], [ 140.0123508, 41.628949399999989 ], [ 140.0260217, 41.6318994 ], [ 140.03503, 41.6274744 ], [ 140.0399625, 41.6181644 ], [ 140.0490986, 41.609707199999988 ], [ 140.0592006, 41.6063211 ], [ 140.0622525, 41.6017608 ], [ 140.062813899999981, 41.5925419 ], [ 140.091409699999986, 41.5902819 ], [ 140.0994297, 41.5923744 ], [ 140.1106092, 41.5853092 ], [ 140.1179814, 41.5759833 ], [ 140.1303728, 41.5832447 ], [ 140.1386417, 41.581908899999988 ], [ 140.150345, 41.5843192 ], [ 140.1644681, 41.5774956 ], [ 140.176055599999984, 41.5881336 ], [ 140.1838881, 41.5901028 ], [ 140.188012499999985, 41.5975081 ], [ 140.1941994, 41.5999978 ], [ 140.1959594, 41.6083925 ], [ 140.194365, 41.6196828 ], [ 140.2009161, 41.6268486 ], [ 140.2140114, 41.6242614 ], [ 140.2256844, 41.6338586 ], [ 140.235662499999989, 41.6334006 ], [ 140.248895299999987, 41.6413972 ], [ 140.2575608, 41.6524642 ], [ 140.2817169, 41.6598494 ], [ 140.2821467, 41.662745 ], [ 140.281916699999982, 41.6707847 ], [ 140.2895531, 41.6738992 ], [ 140.2963097, 41.6805661 ], [ 140.2967744, 41.6855625 ], [ 140.3028947, 41.6887989 ], [ 140.298755799999981, 41.693131699999988 ], [ 140.3046364, 41.7118575 ], [ 140.308996399999984, 41.7179372 ], [ 140.3224917, 41.7155003 ], [ 140.324598899999984, 41.7200225 ], [ 140.3397417, 41.7222025 ], [ 140.343465, 41.7329403 ], [ 140.349860299999989, 41.7381397 ], [ 140.350406099999987, 41.7436508 ], [ 140.34137, 41.7511383 ], [ 140.349850799999984, 41.7566 ], [ 140.3521419, 41.7670053 ], [ 140.3492253, 41.7753067 ], [ 140.353138900000033, 41.78554 ], [ 140.3580575, 41.7869467 ] ] ], [ [ [ 139.5609394, 42.2290156 ], [ 139.5615939, 42.242117199999988 ], [ 139.5596995, 42.2494187 ], [ 139.549913299999986, 42.2387361 ], [ 139.536953499999981, 42.2330594 ], [ 139.495805599999983, 42.2262335 ], [ 139.4809462, 42.2223862 ], [ 139.4727239, 42.2219839 ], [ 139.46289969999998, 42.2157983 ], [ 139.442103299999985, 42.2174294 ], [ 139.4357219, 42.2159889 ], [ 139.4253669, 42.2047764 ], [ 139.425526099999985, 42.1974839 ], [ 139.409931900000032, 42.1802772 ], [ 139.4065994, 42.1782033 ], [ 139.4112944, 42.170023 ], [ 139.4053075, 42.1643025 ], [ 139.4127667, 42.1561942 ], [ 139.4159781, 42.1471047 ], [ 139.4231172, 42.1362128 ], [ 139.422929399999987, 42.1291908 ], [ 139.417793599999982, 42.1146314 ], [ 139.422938099999982, 42.1081583 ], [ 139.4253258, 42.1006283 ], [ 139.4231844, 42.0948422 ], [ 139.425394399999988, 42.0872108 ], [ 139.421167800000035, 42.0711858 ], [ 139.4264258, 42.0713967 ], [ 139.4347486, 42.0668217 ], [ 139.450423299999983, 42.0608912 ], [ 139.4576232, 42.0684175 ], [ 139.4717283, 42.0717022 ], [ 139.4771764, 42.0707567 ], [ 139.4853201, 42.0741613 ], [ 139.4961347, 42.0830767 ], [ 139.4965669, 42.0881189 ], [ 139.5049483, 42.0978214 ], [ 139.505945, 42.1077889 ], [ 139.5118669, 42.1184328 ], [ 139.5150798, 42.1304995 ], [ 139.5195047, 42.1380436 ], [ 139.5177358, 42.1429942 ], [ 139.5226236, 42.1540161 ], [ 139.5165514, 42.1593553 ], [ 139.5170861, 42.1763542 ], [ 139.521496899999988, 42.1857042 ], [ 139.533692799999983, 42.1973819 ], [ 139.545636699999989, 42.2036264 ], [ 139.551060799999988, 42.2104611 ], [ 139.551340899999985, 42.2188086 ], [ 139.5609394, 42.2290156 ] ] ] ] } },
{ "type": "Feature", "properties": { "hokenjo": "江別" }, "geometry": { "type": "MultiPolygon", "coordinates": [ [ [ [ 141.6366428, 43.1555806 ], [ 141.6230397, 43.1611761 ], [ 141.6111431, 43.1665339 ], [ 141.6212822, 43.1794978 ], [ 141.633583099999981, 43.1901994 ], [ 141.6429006, 43.1878353 ], [ 141.6496444, 43.1906375 ], [ 141.6465403, 43.195215 ], [ 141.649211399999984, 43.2003658 ], [ 141.6465344, 43.2049642 ], [ 141.6498411, 43.2095214 ], [ 141.6595436, 43.2133753 ], [ 141.6546472, 43.2211556 ], [ 141.6660111, 43.2234578 ], [ 141.6729842, 43.2284833 ], [ 141.659463599999981, 43.244965 ], [ 141.65905189999998, 43.2506103 ], [ 141.6648042, 43.2567122 ], [ 141.648917499999982, 43.2669792 ], [ 141.6461031, 43.2712569 ], [ 141.6560744, 43.2739208 ], [ 141.6575219, 43.2784411 ], [ 141.65434639999998, 43.2861258 ], [ 141.6200433, 43.2835481 ], [ 141.6267517, 43.2896183 ], [ 141.611220799999984, 43.2898333 ], [ 141.6085953, 43.3081753 ], [ 141.601188899999983, 43.3185433 ], [ 141.6056886, 43.3235222 ], [ 141.6044019, 43.3312503 ], [ 141.5969464, 43.3416836 ], [ 141.5921483, 43.3423231 ], [ 141.5825044, 43.3511258 ], [ 141.5957661, 43.3606928 ], [ 141.5974417, 43.3649842 ], [ 141.5959656, 43.38079 ], [ 141.6004719, 43.3853058 ], [ 141.6094042, 43.3856931 ], [ 141.61994, 43.3911881 ], [ 141.633176099999986, 43.4024525 ], [ 141.641472199999981, 43.4063225 ], [ 141.645060299999983, 43.4139047 ], [ 141.652051699999987, 43.4142203 ], [ 141.6524406, 43.4218981 ], [ 141.6597208, 43.4260956 ], [ 141.661751399999986, 43.4326836 ], [ 141.666875799999985, 43.4355172 ], [ 141.676166699999982, 43.4358558 ], [ 141.6809886, 43.4418294 ], [ 141.6915967, 43.44623 ], [ 141.7026161, 43.45688 ], [ 141.712938899999983, 43.4538544 ], [ 141.722260800000015, 43.4596458 ], [ 141.727764399999984, 43.4713847 ], [ 141.7166128, 43.4867522 ], [ 141.6973222, 43.4957508 ], [ 141.683740299999982, 43.5005261 ], [ 141.6729344, 43.4984739 ], [ 141.669713299999984, 43.5066789 ], [ 141.6606775, 43.5151881 ], [ 141.6523133, 43.5135475 ], [ 141.6471358, 43.5225881 ], [ 141.6398864, 43.5256444 ], [ 141.6282325, 43.5398147 ], [ 141.6235164, 43.5419289 ], [ 141.6269211, 43.5555367 ], [ 141.6189647, 43.5652983 ], [ 141.614818899999989, 43.5739794 ], [ 141.6182039, 43.5778594 ], [ 141.5995122, 43.5848633 ], [ 141.59488, 43.5838164 ], [ 141.597700799999984, 43.5868939 ], [ 141.5880283, 43.5953019 ], [ 141.584732799999983, 43.6074789 ], [ 141.5793889, 43.6133283 ], [ 141.5683617, 43.6198406 ], [ 141.5627878, 43.6201836 ], [ 141.559605299999987, 43.6289394 ], [ 141.545477799999986, 43.6367814 ], [ 141.5313161, 43.6462658 ], [ 141.5265272, 43.6476422 ], [ 141.5171944, 43.6662961 ], [ 141.5102008, 43.6686678 ], [ 141.5075836, 43.6768664 ], [ 141.4983756, 43.6826989 ], [ 141.4906253, 43.6844411 ], [ 141.4799992, 43.687974399999987 ], [ 141.4687117, 43.7007794 ], [ 141.45309420000001, 43.7009008 ], [ 141.43883169999998, 43.7038297 ], [ 141.431678299999987, 43.7106536 ], [ 141.4173361, 43.7111969 ], [ 141.4116733, 43.7189961 ], [ 141.413876099999982, 43.7265514 ], [ 141.4049842, 43.7377861 ], [ 141.3932428, 43.7376031 ], [ 141.3791306, 43.729602199999988 ], [ 141.371273300000013, 43.7276206 ], [ 141.3470053, 43.7339192 ], [ 141.33743, 43.7374944 ], [ 141.338106399999987, 43.7346621 ], [ 141.330093299999987, 43.7254647 ], [ 141.331072799999987, 43.7075967 ], [ 141.3390011, 43.6931333 ], [ 141.340066399999984, 43.6840092 ], [ 141.3494589, 43.6674544 ], [ 141.350001099999986, 43.6540331 ], [ 141.3522156, 43.6412025 ], [ 141.3591664, 43.6342589 ], [ 141.365532799999983, 43.6174267 ], [ 141.3827991, 43.604518 ], [ 141.385632, 43.591321699999988 ], [ 141.3847819, 43.582705 ], [ 141.3760972, 43.557681699999989 ], [ 141.3704778, 43.5531514 ], [ 141.360195299999987, 43.5366483 ], [ 141.3586933, 43.5193211 ], [ 141.362498099999982, 43.5111128 ], [ 141.3722972, 43.5004019 ], [ 141.374430599999982, 43.4914881 ], [ 141.392159, 43.4768745 ], [ 141.3985492, 43.4624067 ], [ 141.406666699999988, 43.4540389 ], [ 141.4131275, 43.4421156 ], [ 141.4287431, 43.4168922 ], [ 141.4316739, 43.3891189 ], [ 141.4277964, 43.3822697 ], [ 141.4247825, 43.3702656 ], [ 141.428475800000029, 43.3609233 ], [ 141.421345799999983, 43.3418225 ], [ 141.4234222, 43.32813 ], [ 141.4142486, 43.3161878 ], [ 141.40664529999998, 43.3100139 ], [ 141.3967983, 43.2963889 ], [ 141.37477, 43.276931 ], [ 141.367786699999982, 43.2675337 ], [ 141.330263699999989, 43.2313359 ], [ 141.31540769999998, 43.2205981 ], [ 141.3069394, 43.2218229 ], [ 141.303602, 43.215332 ], [ 141.304591, 43.2098736 ], [ 141.293970699999988, 43.2076022 ], [ 141.2899521, 43.199385 ], [ 141.2941812, 43.1858934 ], [ 141.291831699999989, 43.1850501 ], [ 141.2829111, 43.180145 ], [ 141.270365199999986, 43.1706093 ], [ 141.2667703, 43.1732097 ], [ 141.2474958, 43.1589113 ], [ 141.2827575, 43.1336208 ], [ 141.312121099999985, 43.1463389 ], [ 141.3230706, 43.1487736 ], [ 141.332705299999986, 43.1486539 ], [ 141.3351528, 43.1522758 ], [ 141.34876060000002, 43.1595197 ], [ 141.3509469, 43.1670008 ], [ 141.358045900000036, 43.1758385 ], [ 141.362270099999989, 43.1763866 ], [ 141.3798191, 43.171673 ], [ 141.3877316, 43.1733787 ], [ 141.3948289, 43.1825382 ], [ 141.4054069, 43.1894224 ], [ 141.408895, 43.1860936 ], [ 141.3993128, 43.1769144 ], [ 141.4038519, 43.1698739 ], [ 141.4191839, 43.1718403 ], [ 141.4254197, 43.168205 ], [ 141.4337994, 43.1691022 ], [ 141.4388003, 43.1617822 ], [ 141.449392499999988, 43.1626333 ], [ 141.44694, 43.1558683 ], [ 141.45500389999998, 43.1347308 ], [ 141.4537186, 43.1199567 ], [ 141.444391699999983, 43.1010464 ], [ 141.4572575, 43.0934158 ], [ 141.4590772, 43.099399399999989 ], [ 141.4649961, 43.1001106 ], [ 141.4734622, 43.0961189 ], [ 141.4756308, 43.0880597 ], [ 141.4707372, 43.0818831 ], [ 141.473794699999985, 43.0737331 ], [ 141.471544699999981, 43.0695358 ], [ 141.483466099999987, 43.06037 ], [ 141.490741899999989, 43.0569539 ], [ 141.497399699999988, 43.0578033 ], [ 141.5012333, 43.051012199999988 ], [ 141.5054217, 43.0208594 ], [ 141.5241078, 43.0160692 ], [ 141.529534399999989, 43.0186628 ], [ 141.539460599999984, 43.018715 ], [ 141.548824199999984, 43.0221108 ], [ 141.568671099999989, 43.0248039 ], [ 141.5643169, 43.0355267 ], [ 141.574018900000027, 43.0435208 ], [ 141.574778899999984, 43.0499628 ], [ 141.589251099999984, 43.055275 ], [ 141.5879483, 43.0694039 ], [ 141.5907603, 43.0748253 ], [ 141.5832869, 43.0769964 ], [ 141.668804199999983, 43.120675 ], [ 141.6494811, 43.141111099999989 ], [ 141.6405833, 43.1456833 ], [ 141.6366428, 43.1555806 ] ] ] ] } },
{ "type": "Feature", "properties": { "hokenjo": "根室" }, "geometry": { "type": "MultiPolygon", "coordinates": [ [ [ [ 145.608994199999984, 43.2112756 ], [ 145.6030503, 43.2144936 ], [ 145.597562499999981, 43.2216694 ], [ 145.58735249999998, 43.2149056 ], [ 145.587486899999988, 43.2074094 ], [ 145.5962011, 43.2047331 ], [ 145.608994199999984, 43.2112756 ] ] ], [ [ [ 145.3137367, 43.2027522 ], [ 145.3167733, 43.1873586 ], [ 145.32622809999998, 43.1734558 ], [ 145.33669, 43.1733778 ], [ 145.3411539, 43.1785781 ], [ 145.351723599999985, 43.1778228 ], [ 145.3710786, 43.1826394 ], [ 145.3777039, 43.1822925 ], [ 145.4253756, 43.187404199999989 ], [ 145.451248599999985, 43.18873 ], [ 145.47675, 43.1883683 ], [ 145.4892994, 43.1856364 ], [ 145.4961108, 43.1817972 ], [ 145.50263529999998, 43.1742758 ], [ 145.5035125, 43.1690803 ], [ 145.4936458, 43.1666272 ], [ 145.4957422, 43.1588419 ], [ 145.5100869, 43.1618431 ], [ 145.5233917, 43.1672294 ], [ 145.514626100000015, 43.1782422 ], [ 145.5074611, 43.1832008 ], [ 145.5115544, 43.1895961 ], [ 145.5192911, 43.1861122 ], [ 145.5287303, 43.1860981 ], [ 145.5346853, 43.1910119 ], [ 145.5343231, 43.1981919 ], [ 145.5288986, 43.1994623 ], [ 145.5320619, 43.2100503 ], [ 145.5450453, 43.2124703 ], [ 145.556471099999982, 43.2188461 ], [ 145.5498715, 43.2226633 ], [ 145.5490514, 43.2302117 ], [ 145.553218099999981, 43.2342858 ], [ 145.558485, 43.2608589 ], [ 145.5677815, 43.2780051 ], [ 145.565785399999982, 43.2808952 ], [ 145.5804657, 43.2854145 ], [ 145.5850122, 43.2788297 ], [ 145.596357899999987, 43.2838489 ], [ 145.605509, 43.2972134 ], [ 145.6095851, 43.310385499999988 ], [ 145.617733300000026, 43.3149831 ], [ 145.6383764, 43.3209824 ], [ 145.659390799999983, 43.3210481 ], [ 145.668978899999985, 43.3179567 ], [ 145.676481699999982, 43.3195906 ], [ 145.6887653, 43.3276411 ], [ 145.70089059999998, 43.3280522 ], [ 145.705475799999988, 43.3338692 ], [ 145.7159261, 43.3367458 ], [ 145.7252225, 43.3351578 ], [ 145.7346269, 43.3309417 ], [ 145.7367131, 43.3380717 ], [ 145.7549108, 43.3387606 ], [ 145.7847303, 43.3547075 ], [ 145.7885847, 43.3602933 ], [ 145.8006111, 43.3620875 ], [ 145.806987599999985, 43.3699839 ], [ 145.8064147, 43.3768331 ], [ 145.81576, 43.3857922 ], [ 145.8082164, 43.3879714 ], [ 145.7856519, 43.3862519 ], [ 145.7800431, 43.3892411 ], [ 145.7610086, 43.39226 ], [ 145.7560536, 43.3988264 ], [ 145.751280799999989, 43.3969464 ], [ 145.7459442, 43.3895931 ], [ 145.741756899999984, 43.3914547 ], [ 145.7319364, 43.3895325 ], [ 145.7213128, 43.3831192 ], [ 145.697845, 43.3836892 ], [ 145.676983299999989, 43.3886278 ], [ 145.6716922, 43.3869689 ], [ 145.6623789, 43.3927442 ], [ 145.650666699999988, 43.3914667 ], [ 145.646935300000024, 43.3855117 ], [ 145.63856389999998, 43.3785436 ], [ 145.638893599999989, 43.3745089 ], [ 145.6286917, 43.3696864 ], [ 145.6232841, 43.3630715 ], [ 145.616510799999986, 43.3617727 ], [ 145.610428499999983, 43.3569881 ], [ 145.5989352, 43.3551651 ], [ 145.5875282, 43.347580799999989 ], [ 145.587092899999988, 43.3412687 ], [ 145.579299599999985, 43.3401144 ], [ 145.574419299999988, 43.3322414 ], [ 145.565434899999985, 43.325983699999988 ], [ 145.5510515, 43.3246479 ], [ 145.5533189, 43.3184819 ], [ 145.5408744, 43.312230899999989 ], [ 145.532362799999987, 43.3123426 ], [ 145.522263899999984, 43.3069928 ], [ 145.524765, 43.3025075 ], [ 145.519382500000034, 43.2968047 ], [ 145.5139092, 43.2961422 ], [ 145.5051589, 43.2852828 ], [ 145.5043583, 43.2786272 ], [ 145.4984589, 43.27509 ], [ 145.4928378, 43.2665775 ], [ 145.480575, 43.273655 ], [ 145.4723778, 43.2730739 ], [ 145.439878099999987, 43.2820636 ], [ 145.4354917, 43.2851347 ], [ 145.4087619, 43.29231 ], [ 145.3968778, 43.29102 ], [ 145.390909400000027, 43.2944905 ], [ 145.379932199999985, 43.2901189 ], [ 145.370945, 43.2905933 ], [ 145.3425858, 43.3109264 ], [ 145.3071108, 43.3267461 ], [ 145.287306699999988, 43.3303344 ], [ 145.253239399999984, 43.3303119 ], [ 145.252046899999982, 43.3177069 ], [ 145.2562561, 43.3106572 ], [ 145.256123299999985, 43.3002903 ], [ 145.258965, 43.2930014 ], [ 145.253095299999984, 43.2908461 ], [ 145.251387199999982, 43.2839792 ], [ 145.2396494, 43.2770097 ], [ 145.2258353, 43.2779831 ], [ 145.216802799999982, 43.2696456 ], [ 145.219201699999985, 43.2566703 ], [ 145.2098772, 43.2507978 ], [ 145.195602200000025, 43.2576594 ], [ 145.22558859999998, 43.2059739 ], [ 145.2464467, 43.2213867 ], [ 145.267687800000033, 43.2272897 ], [ 145.274700599999989, 43.2181506 ], [ 145.2831453, 43.2119325 ], [ 145.3137367, 43.2027522 ] ] ], [ [ [ 146.0049056, 43.3604312 ], [ 146.0107386, 43.3649056 ], [ 146.0166175, 43.3783859 ], [ 146.0047631, 43.3710387 ], [ 145.989956299999989, 43.373195 ], [ 145.997961799999985, 43.3639442 ], [ 146.0049056, 43.3604312 ] ] ], [ [ [ 146.156044399999985, 43.4157195 ], [ 146.163678399999981, 43.4127321 ], [ 146.1671053, 43.4230305 ], [ 146.156044399999985, 43.4157195 ] ] ], [ [ [ 146.1063059, 43.4373259 ], [ 146.1005087, 43.4416099 ], [ 146.098646699999989, 43.4481193 ], [ 146.082324699999987, 43.437019899999989 ], [ 146.0876137, 43.4345054 ], [ 146.0866437, 43.4276696 ], [ 146.0689869, 43.4264128 ], [ 146.069018, 43.4323709 ], [ 146.0608638, 43.4326146 ], [ 146.0627882, 43.4238461 ], [ 146.055851499999989, 43.4229076 ], [ 146.052261499999986, 43.4296108 ], [ 146.039382099999983, 43.4244355 ], [ 146.0396495, 43.419823099999988 ], [ 146.027689399999986, 43.4152546 ], [ 146.024235799999985, 43.4114821 ], [ 146.0461324, 43.4029663 ], [ 146.0540408, 43.4126116 ], [ 146.0605201, 43.4163417 ], [ 146.085211499999986, 43.4197188 ], [ 146.0919154, 43.4228169 ], [ 146.0935398, 43.4308288 ], [ 146.106623800000023, 43.4316608 ], [ 146.1063059, 43.4373259 ] ] ], [ [ [ 145.916936, 43.4466271 ], [ 145.897925, 43.4486483 ], [ 145.8877424, 43.4622243 ], [ 145.8867703, 43.458439 ], [ 145.8787959, 43.456026799999989 ], [ 145.863535399999989, 43.456778 ], [ 145.8700964, 43.4512964 ], [ 145.882292299999989, 43.4524619 ], [ 145.896073799999982, 43.4470667 ], [ 145.9001218, 43.4367102 ], [ 145.896588899999983, 43.4277814 ], [ 145.9005812, 43.4234727 ], [ 145.919544, 43.4267832 ], [ 145.932913499999984, 43.4229499 ], [ 145.9495126, 43.4233543 ], [ 145.94381869999998, 43.4347063 ], [ 145.9361456, 43.4373118 ], [ 145.933992599999982, 43.441614 ], [ 145.938662699999981, 43.44992 ], [ 145.9484718, 43.4514154 ], [ 145.942932, 43.4570336 ], [ 145.9350629, 43.4573205 ], [ 145.9279942, 43.4489038 ], [ 145.916936, 43.4466271 ] ] ], [ [ [ 146.1614626, 43.5348034 ], [ 146.1503424, 43.5391936 ], [ 146.134989499999989, 43.548904 ], [ 146.1195186, 43.5406693 ], [ 146.109193399999981, 43.5405529 ], [ 146.094780499999985, 43.5343551 ], [ 146.0836166, 43.5337679 ], [ 146.061178800000022, 43.5245792 ], [ 146.073074199999979, 43.521169 ], [ 146.0854831, 43.508631099999988 ], [ 146.0894534, 43.5005624 ], [ 146.097804199999985, 43.4989823 ], [ 146.1069489, 43.4883834 ], [ 146.107913700000012, 43.4792452 ], [ 146.1173833, 43.4725623 ], [ 146.1163535, 43.4664153 ], [ 146.12454169999998, 43.4620275 ], [ 146.147213099999988, 43.4719569 ], [ 146.163391599999983, 43.4743449 ], [ 146.180017599999985, 43.4795901 ], [ 146.18766119999998, 43.4835318 ], [ 146.190474099999989, 43.4916046 ], [ 146.1783618, 43.5018237 ], [ 146.1807196, 43.5107645 ], [ 146.1973341, 43.5278398 ], [ 146.200373, 43.534249 ], [ 146.1788536, 43.532253 ], [ 146.1614626, 43.5348034 ] ] ], [ [ [ 146.3279286, 43.6391175 ], [ 146.3168947, 43.649951 ], [ 146.3121605, 43.6514694 ], [ 146.3084007, 43.649214099999988 ], [ 146.310259299999984, 43.6395448 ], [ 146.293790699999988, 43.6289996 ], [ 146.2948508, 43.6247122 ], [ 146.308310799999987, 43.6207386 ], [ 146.31909109999998, 43.6232607 ], [ 146.3321652, 43.618529 ], [ 146.340663899999981, 43.6192961 ], [ 146.3567984, 43.6175921 ], [ 146.355786099999989, 43.6239726 ], [ 146.3498587, 43.6280269 ], [ 146.3521441, 43.6382928 ], [ 146.335411099999988, 43.6375142 ], [ 146.3279286, 43.6391175 ] ] ] ] } },
{ "type": "Feature", "properties": { "hokenjo": "札幌市" }, "geometry": { "type": "MultiPolygon", "coordinates": [ [ [ [ 141.3679583, 42.8854283 ], [ 141.3701553, 42.8913247 ], [ 141.3946819, 42.8903642 ], [ 141.416606699999988, 42.8883953 ], [ 141.4212561, 42.8914578 ], [ 141.4135556, 42.8956564 ], [ 141.416741699999989, 42.9076817 ], [ 141.4212753, 42.9142125 ], [ 141.4277981, 42.9161425 ], [ 141.4336878, 42.9238006 ], [ 141.4410772, 42.9281103 ], [ 141.454596399999986, 42.9408747 ], [ 141.4623192, 42.9511892 ], [ 141.462136099999981, 42.9587194 ], [ 141.46683969999998, 42.9737567 ], [ 141.4807386, 42.9936297 ], [ 141.4775903, 42.9985614 ], [ 141.4824222, 43.0070578 ], [ 141.488202799999982, 43.0136772 ], [ 141.4871033, 43.0233167 ], [ 141.5054217, 43.0208594 ], [ 141.5012333, 43.051012199999988 ], [ 141.497399699999988, 43.0578033 ], [ 141.490741899999989, 43.0569539 ], [ 141.483466099999987, 43.06037 ], [ 141.471544699999981, 43.0695358 ], [ 141.473794699999985, 43.0737331 ], [ 141.4707372, 43.0818831 ], [ 141.4756308, 43.0880597 ], [ 141.4734622, 43.0961189 ], [ 141.4649961, 43.1001106 ], [ 141.4590772, 43.099399399999989 ], [ 141.4572575, 43.0934158 ], [ 141.444391699999983, 43.1010464 ], [ 141.4537186, 43.1199567 ], [ 141.45500389999998, 43.1347308 ], [ 141.44694, 43.1558683 ], [ 141.449392499999988, 43.1626333 ], [ 141.4388003, 43.1617822 ], [ 141.4337994, 43.1691022 ], [ 141.4254197, 43.168205 ], [ 141.4191839, 43.1718403 ], [ 141.4038519, 43.1698739 ], [ 141.3993128, 43.1769144 ], [ 141.408895, 43.1860936 ], [ 141.4054069, 43.1894224 ], [ 141.3948289, 43.1825382 ], [ 141.3877316, 43.1733787 ], [ 141.3798191, 43.171673 ], [ 141.362270099999989, 43.1763866 ], [ 141.358045900000036, 43.1758385 ], [ 141.3509469, 43.1670008 ], [ 141.34876060000002, 43.1595197 ], [ 141.3351528, 43.1522758 ], [ 141.332705299999986, 43.1486539 ], [ 141.3230706, 43.1487736 ], [ 141.312121099999985, 43.1463389 ], [ 141.2827575, 43.1336208 ], [ 141.2474958, 43.1589113 ], [ 141.238018899999986, 43.1518581 ], [ 141.2298731, 43.1572581 ], [ 141.2212175, 43.15806 ], [ 141.208056699999986, 43.1519717 ], [ 141.187613299999981, 43.140262799999988 ], [ 141.1897208, 43.1331922 ], [ 141.198319699999985, 43.1278075 ], [ 141.1952522, 43.1228392 ], [ 141.1867169, 43.1196778 ], [ 141.1812492, 43.1098142 ], [ 141.173562799999985, 43.1045078 ], [ 141.1721986, 43.0989611 ], [ 141.1577681, 43.0887072 ], [ 141.1522789, 43.0894775 ], [ 141.142735, 43.0947722 ], [ 141.1349181, 43.0938297 ], [ 141.132378599999981, 43.1025689 ], [ 141.1200083, 43.111545799999988 ], [ 141.111911099999986, 43.1139375 ], [ 141.1084625, 43.1193356 ], [ 141.102188899999987, 43.1154178 ], [ 141.0917897, 43.1199308 ], [ 141.0870506, 43.1177458 ], [ 141.0760736, 43.1182603 ], [ 141.0717417, 43.1089714 ], [ 141.062858899999981, 43.1093956 ], [ 141.0622094, 43.1033389 ], [ 141.0697836, 43.0921189 ], [ 141.0593758, 43.0893336 ], [ 141.065245299999987, 43.0835581 ], [ 141.058452499999987, 43.0685603 ], [ 141.0494203, 43.0669183 ], [ 141.045005, 43.0608403 ], [ 141.0448953, 43.0514364 ], [ 141.03297809999998, 43.0430033 ], [ 141.026055, 43.0361044 ], [ 141.018195599999984, 43.0322347 ], [ 141.0109708, 43.0333914 ], [ 140.999077799999981, 43.0254753 ], [ 140.9911583, 43.0235658 ], [ 140.9933031, 43.0172442 ], [ 140.99999889999998, 43.0127483 ], [ 140.9991389, 43.0007322 ], [ 140.9928692, 42.9945686 ], [ 140.9981736, 42.9861486 ], [ 141.006356899999986, 42.9786297 ], [ 141.0080633, 42.9715392 ], [ 141.013610799999981, 42.9654414 ], [ 141.0255314, 42.9612886 ], [ 141.0404667, 42.9580494 ], [ 141.0527483, 42.9525886 ], [ 141.0480594, 42.9402083 ], [ 141.0427925, 42.9364125 ], [ 141.0335872, 42.9176156 ], [ 141.0268892, 42.9127042 ], [ 141.0338811, 42.9063225 ], [ 141.03951, 42.8853694 ], [ 141.0479767, 42.8836631 ], [ 141.079444699999982, 42.8853117 ], [ 141.086851699999983, 42.8792278 ], [ 141.0992633, 42.8836947 ], [ 141.1071172, 42.8726975 ], [ 141.1016967, 42.869475 ], [ 141.097513099999986, 42.8553842 ], [ 141.103647199999983, 42.8474231 ], [ 141.094382199999984, 42.842771899999988 ], [ 141.1006611, 42.8279197 ], [ 141.093150799999989, 42.8230444 ], [ 141.1189061, 42.8096503 ], [ 141.1260878, 42.8041769 ], [ 141.1330744, 42.8038875 ], [ 141.140249399999988, 42.7892228 ], [ 141.155610599999989, 42.7858275 ], [ 141.160654699999981, 42.7808386 ], [ 141.169547199999982, 42.7816931 ], [ 141.186913299999986, 42.7862769 ], [ 141.199084199999987, 42.7843503 ], [ 141.2225622, 42.7876531 ], [ 141.231223299999982, 42.7916422 ], [ 141.230389400000035, 42.7972508 ], [ 141.224459699999983, 42.79955 ], [ 141.2191392, 42.807245 ], [ 141.222474399999982, 42.8117939 ], [ 141.2319767, 42.8146117 ], [ 141.2356058, 42.82114 ], [ 141.2429161, 42.8397653 ], [ 141.2523167, 42.8429814 ], [ 141.2564486, 42.8482986 ], [ 141.255026099999981, 42.8581361 ], [ 141.2567833, 42.8644114 ], [ 141.278995, 42.8726522 ], [ 141.2864942, 42.8736406 ], [ 141.292898899999983, 42.8832881 ], [ 141.303335299999986, 42.8867856 ], [ 141.314740799999981, 42.8824375 ], [ 141.320587499999988, 42.8726364 ], [ 141.3347061, 42.8702178 ], [ 141.35771219999998, 42.8763428 ], [ 141.360203899999988, 42.8813531 ], [ 141.3679583, 42.8854283 ] ] ] ] } },
{ "type": "Feature", "properties": { "hokenjo": "市立函館" }, "geometry": { "type": "MultiPolygon", "coordinates": [ [ [ [ 140.7096491, 41.8085058 ], [ 140.7113857, 41.8018047 ], [ 140.719273099999981, 41.7990133 ], [ 140.726617, 41.7908305 ], [ 140.7241683, 41.773725 ], [ 140.7147492, 41.7666124 ], [ 140.705988, 41.7739958 ], [ 140.7052153, 41.7803268 ], [ 140.6926435, 41.7644738 ], [ 140.6934532, 41.7539436 ], [ 140.69928969999998, 41.7430257 ], [ 140.704017099999987, 41.7399757 ], [ 140.7112941, 41.74346 ], [ 140.72218890000002, 41.7455372 ], [ 140.7180914, 41.7511976 ], [ 140.72662889999998, 41.7613496 ], [ 140.738122, 41.7684725 ], [ 140.7631745, 41.7738101 ], [ 140.7748142, 41.7746593 ], [ 140.7899663, 41.7732229 ], [ 140.8232075, 41.7637606 ], [ 140.8360443, 41.7589623 ], [ 140.853181299999989, 41.7599425 ], [ 140.864735800000034, 41.7578465 ], [ 140.8722756, 41.7533316 ], [ 140.8831165, 41.7522545 ], [ 140.9271603, 41.7383956 ], [ 140.9412734, 41.7304667 ], [ 140.949846399999984, 41.7218019 ], [ 140.950831099999988, 41.7154247 ], [ 140.96830319999998, 41.7101028 ], [ 140.9919017, 41.7171531 ], [ 140.9975609, 41.714481899999988 ], [ 141.0065722, 41.7154086 ], [ 141.016887800000035, 41.7225075 ], [ 141.0222944, 41.7192169 ], [ 141.0301244, 41.7222939 ], [ 141.0360315, 41.7277242 ], [ 141.04745, 41.7251 ], [ 141.052399700000024, 41.7344244 ], [ 141.0656797, 41.737786899999989 ], [ 141.0748136, 41.7429467 ], [ 141.079888899999986, 41.7572928 ], [ 141.08855, 41.7615908 ], [ 141.0954347, 41.7716197 ], [ 141.108048599999989, 41.7840044 ], [ 141.1145095, 41.7874957 ], [ 141.1267466, 41.7890173 ], [ 141.141924599999982, 41.7851311 ], [ 141.1559823, 41.7846373 ], [ 141.1645196, 41.793243 ], [ 141.1743874, 41.795965 ], [ 141.1859825, 41.802429 ], [ 141.187418899999983, 41.8088923 ], [ 141.1843864, 41.8155365 ], [ 141.177880099999982, 41.8208396 ], [ 141.1710253, 41.8197565 ], [ 141.1462644, 41.8321758 ], [ 141.1435028, 41.8477256 ], [ 141.1502275, 41.8526803 ], [ 141.14378, 41.8571147 ], [ 141.133963099999988, 41.8581617 ], [ 141.106880599999982, 41.8750342 ], [ 141.1027894, 41.8752156 ], [ 141.0826133, 41.8821556 ], [ 141.0778072, 41.8860036 ], [ 141.056602199999986, 41.8897399 ], [ 141.0463436, 41.8934414 ], [ 141.0329758, 41.8953911 ], [ 141.0198508, 41.8916442 ], [ 140.983766799999984, 41.904529 ], [ 140.9611864, 41.9152422 ], [ 140.954079399999983, 41.9220658 ], [ 140.9493594, 41.9329278 ], [ 140.9406519, 41.9346983 ], [ 140.9334342, 41.943075 ], [ 140.93256359999998, 41.9520269 ], [ 140.928236100000021, 41.9588656 ], [ 140.9142532, 41.9691128 ], [ 140.9096156, 41.9750683 ], [ 140.9086383, 41.9831556 ], [ 140.8861422, 42.0001612 ], [ 140.8820328, 42.0003336 ], [ 140.8754519, 42.0069556 ], [ 140.8646364, 42.0093522 ], [ 140.8423319, 41.9937703 ], [ 140.839404699999989, 41.9869636 ], [ 140.8397281, 41.9698922 ], [ 140.842493900000022, 41.9626875 ], [ 140.837908299999981, 41.9603772 ], [ 140.831455799999986, 41.9508417 ], [ 140.82648469999998, 41.9539375 ], [ 140.8191186, 41.9449047 ], [ 140.8018214, 41.9332622 ], [ 140.797585699999985, 41.9265463 ], [ 140.7871514, 41.9314464 ], [ 140.7825761, 41.9165131 ], [ 140.783425, 41.9111361 ], [ 140.7751006, 41.9011267 ], [ 140.7671444, 41.8774758 ], [ 140.7626789, 41.8743692 ], [ 140.7520183, 41.8723092 ], [ 140.743395, 41.8682861 ], [ 140.735843599999981, 41.8611928 ], [ 140.7328128, 41.85336 ], [ 140.7172803, 41.8486417 ], [ 140.7000128, 41.8461458 ], [ 140.7061419, 41.8301389 ], [ 140.7195614, 41.8167661 ], [ 140.7096491, 41.8085058 ] ] ] ] } },
{ "type": "Feature", "properties": { "hokenjo": "室蘭" }, "geometry": { "type": "MultiPolygon", "coordinates": [ [ [ [ 141.044982399999981, 42.3505324 ], [ 141.054389, 42.3521008 ], [ 141.052907399999981, 42.3578741 ], [ 141.07651869999998, 42.3818036 ], [ 141.0975019, 42.3999974 ], [ 141.1021268, 42.4021016 ], [ 141.1392495, 42.4294236 ], [ 141.155606799999987, 42.4402529 ], [ 141.1654523, 42.4395327 ], [ 141.1891392, 42.4525569 ], [ 141.1823489, 42.4566381 ], [ 141.1793147, 42.4701889 ], [ 141.1731092, 42.4730294 ], [ 141.168080799999984, 42.4859864 ], [ 141.161703099999983, 42.4970214 ], [ 141.162790799999982, 42.5095633 ], [ 141.1708361, 42.5144728 ], [ 141.164133900000024, 42.5219706 ], [ 141.1494625, 42.5250319 ], [ 141.1464111, 42.5228817 ], [ 141.1337136, 42.5240472 ], [ 141.1230875, 42.5229906 ], [ 141.1235419, 42.5373864 ], [ 141.1111689, 42.5482169 ], [ 141.099628100000018, 42.553945 ], [ 141.0853292, 42.5542131 ], [ 141.087406099999981, 42.5611897 ], [ 141.0852131, 42.57898 ], [ 141.085984699999983, 42.5841572 ], [ 141.0934536, 42.5947181 ], [ 141.1116131, 42.6046628 ], [ 141.113831399999981, 42.6124592 ], [ 141.12594, 42.6116414 ], [ 141.146938299999988, 42.6224444 ], [ 141.1495261, 42.6287497 ], [ 141.142546899999985, 42.6335486 ], [ 141.1446125, 42.6381042 ], [ 141.1555603, 42.6427958 ], [ 141.15651, 42.6562594 ], [ 141.162774399999989, 42.6654086 ], [ 141.1832819, 42.6781631 ], [ 141.1838678, 42.6832303 ], [ 141.1914658, 42.6857897 ], [ 141.188752199999982, 42.6949397 ], [ 141.188553899999988, 42.7109119 ], [ 141.182158099999981, 42.7173642 ], [ 141.18109, 42.7235306 ], [ 141.1748039, 42.7317425 ], [ 141.1723031, 42.7438764 ], [ 141.1732839, 42.7511414 ], [ 141.1815719, 42.7607531 ], [ 141.1915031, 42.7687319 ], [ 141.193986100000018, 42.7781319 ], [ 141.199084199999987, 42.7843503 ], [ 141.186913299999986, 42.7862769 ], [ 141.169547199999982, 42.7816931 ], [ 141.160654699999981, 42.7808386 ], [ 141.155610599999989, 42.7858275 ], [ 141.140249399999988, 42.7892228 ], [ 141.1330744, 42.8038875 ], [ 141.1260878, 42.8041769 ], [ 141.1189061, 42.8096503 ], [ 141.093150799999989, 42.8230444 ], [ 141.0802694, 42.8238569 ], [ 141.071035, 42.8273139 ], [ 141.06524, 42.8230981 ], [ 141.0643378, 42.8116433 ], [ 141.07783329999998, 42.8058936 ], [ 141.085912799999988, 42.7973633 ], [ 141.089578599999982, 42.7848344 ], [ 141.0803631, 42.7706892 ], [ 141.0817178, 42.7566253 ], [ 141.078846699999986, 42.7480758 ], [ 141.0719669, 42.7416336 ], [ 141.058191699999981, 42.7365453 ], [ 141.0427286, 42.7329992 ], [ 141.0399222, 42.7157083 ], [ 141.0341056, 42.7173486 ], [ 141.010393599999986, 42.7163844 ], [ 141.0107, 42.7101714 ], [ 140.9999106, 42.7051617 ], [ 140.990701699999988, 42.6928147 ], [ 140.9894342, 42.6835786 ], [ 140.9675092, 42.6709019 ], [ 140.956171399999988, 42.6753906 ], [ 140.953275599999984, 42.680090799999988 ], [ 140.943849199999988, 42.6840975 ], [ 140.9279206, 42.6849125 ], [ 140.9194525, 42.6884847 ], [ 140.9083728, 42.6861408 ], [ 140.890616699999981, 42.6876764 ], [ 140.8829558, 42.6924517 ], [ 140.8575142, 42.6994833 ], [ 140.8489217, 42.6966189 ], [ 140.842246099999983, 42.6858492 ], [ 140.811660599999982, 42.6780833 ], [ 140.798594400000013, 42.6698492 ], [ 140.7839917, 42.670510299999989 ], [ 140.7779775, 42.6685 ], [ 140.7774542, 42.6608175 ], [ 140.7551872, 42.6594911 ], [ 140.751891699999987, 42.6649956 ], [ 140.756883599999981, 42.6688894 ], [ 140.7552067, 42.6796125 ], [ 140.762382799999983, 42.693565 ], [ 140.7605958, 42.7020378 ], [ 140.752934399999987, 42.7089975 ], [ 140.74566249999998, 42.7135672 ], [ 140.7375147, 42.7154556 ], [ 140.7187061, 42.7157364 ], [ 140.7043531, 42.7177808 ], [ 140.691194699999983, 42.7172739 ], [ 140.676835, 42.7101317 ], [ 140.669419399999981, 42.7084181 ], [ 140.655436399999985, 42.71035 ], [ 140.63493219999998, 42.7071794 ], [ 140.6268844, 42.7103308 ], [ 140.612569399999984, 42.7114481 ], [ 140.602293299999985, 42.7072278 ], [ 140.5910747, 42.7075892 ], [ 140.5741933, 42.7157331 ], [ 140.562275, 42.7172194 ], [ 140.565493299999986, 42.7122928 ], [ 140.5653853, 42.7018781 ], [ 140.5696094, 42.683015 ], [ 140.5758483, 42.6794017 ], [ 140.5742372, 42.6750767 ], [ 140.577276399999988, 42.6647375 ], [ 140.568451899999985, 42.6628006 ], [ 140.5606511, 42.6552017 ], [ 140.566429699999986, 42.6513031 ], [ 140.5567869, 42.6434794 ], [ 140.5566964, 42.6354111 ], [ 140.5431892, 42.621137499999989 ], [ 140.5331725, 42.616115 ], [ 140.5338878, 42.6128958 ], [ 140.5453669, 42.606515 ], [ 140.544832499999984, 42.6030447 ], [ 140.54440169999998, 42.5946344 ], [ 140.5371131, 42.5874103 ], [ 140.55224579999998, 42.577895 ], [ 140.5645247, 42.5749578 ], [ 140.569024399999989, 42.5705689 ], [ 140.5817853, 42.5670208 ], [ 140.590486699999985, 42.5726428 ], [ 140.612210299999987, 42.5771008 ], [ 140.6384597, 42.5852175 ], [ 140.64833059999998, 42.5847847 ], [ 140.6621592, 42.5874847 ], [ 140.6693717, 42.5861425 ], [ 140.6864228, 42.5873122 ], [ 140.6954414, 42.5865467 ], [ 140.7086261, 42.5825864 ], [ 140.7104214, 42.5751036 ], [ 140.7215928, 42.5747731 ], [ 140.725698099999988, 42.5718478 ], [ 140.7451944, 42.5571167 ], [ 140.7586006, 42.5511761 ], [ 140.7699088, 42.5409995 ], [ 140.7775096, 42.5289476 ], [ 140.7731393, 42.5203889 ], [ 140.7798156, 42.517806 ], [ 140.783279099999987, 42.500918 ], [ 140.798493399999984, 42.4999037 ], [ 140.807666899999987, 42.4946391 ], [ 140.806940699999984, 42.4918297 ], [ 140.819349499999987, 42.4864325 ], [ 140.827874399999985, 42.4782625 ], [ 140.8405381, 42.4702514 ], [ 140.862458799999985, 42.4655022 ], [ 140.8699945, 42.4616193 ], [ 140.8806382, 42.4497628 ], [ 140.8958419, 42.4270635 ], [ 140.901556, 42.4151752 ], [ 140.9052441, 42.4011332 ], [ 140.9083173, 42.3796771 ], [ 140.917058, 42.3691654 ], [ 140.9215707, 42.3692831 ], [ 140.936365199999983, 42.3633413 ], [ 140.9447803, 42.3641448 ], [ 140.9488416, 42.361214 ], [ 140.982270199999988, 42.3562226 ], [ 140.9803172, 42.348092 ], [ 141.0016722, 42.3508159 ], [ 141.00774819999998, 42.3475897 ], [ 140.9810852, 42.3436758 ], [ 140.9841798, 42.3268001 ], [ 140.9760087, 42.3235957 ], [ 140.9692545, 42.3279424 ], [ 140.9685165, 42.3363369 ], [ 140.9580832, 42.3396094 ], [ 140.9506254, 42.3451974 ], [ 140.931911499999984, 42.3382587 ], [ 140.933837399999987, 42.3313838 ], [ 140.941045799999984, 42.3254283 ], [ 140.9435066, 42.3191803 ], [ 140.958075399999984, 42.3172732 ], [ 140.963616, 42.3144267 ], [ 140.9683665, 42.3074581 ], [ 140.9751722, 42.3088169 ], [ 140.9881739, 42.3051339 ], [ 140.992309299999988, 42.3021115 ], [ 141.0020318, 42.3009923 ], [ 141.0088271, 42.3062669 ], [ 141.009380199999981, 42.3143105 ], [ 141.0127673, 42.3217501 ], [ 141.0235236, 42.3326678 ], [ 141.044982399999981, 42.3505324 ] ] ] ] } },
{ "type": "Feature", "properties": { "hokenjo": "小樽市" }, "geometry": { "type": "MultiPolygon", "coordinates": [ [ [ [ 141.1522789, 43.0894775 ], [ 141.1577681, 43.0887072 ], [ 141.1721986, 43.0989611 ], [ 141.173562799999985, 43.1045078 ], [ 141.1812492, 43.1098142 ], [ 141.1867169, 43.1196778 ], [ 141.1952522, 43.1228392 ], [ 141.198319699999985, 43.1278075 ], [ 141.1897208, 43.1331922 ], [ 141.187613299999981, 43.140262799999988 ], [ 141.208056699999986, 43.1519717 ], [ 141.2212175, 43.15806 ], [ 141.2298731, 43.1572581 ], [ 141.238018899999986, 43.1518581 ], [ 141.2474958, 43.1589113 ], [ 141.2667703, 43.1732097 ], [ 141.270365199999986, 43.1706093 ], [ 141.2829111, 43.180145 ], [ 141.291831699999989, 43.1850501 ], [ 141.286292799999984, 43.1962831 ], [ 141.2796251, 43.2006092 ], [ 141.264340500000031, 43.1905467 ], [ 141.2622265, 43.1837397 ], [ 141.2441143, 43.1739609 ], [ 141.2064815, 43.158021 ], [ 141.1882803, 43.1516441 ], [ 141.162138199999987, 43.143942599999988 ], [ 141.140295899999984, 43.1523591 ], [ 141.1259265, 43.1550109 ], [ 141.1128134, 43.1626107 ], [ 141.088778, 43.1712702 ], [ 141.0784222, 43.1718772 ], [ 141.0576705, 43.1794038 ], [ 141.0384575, 43.1796251 ], [ 141.0229659, 43.1848077 ], [ 141.0250352, 43.1879318 ], [ 141.015567399999981, 43.1932456 ], [ 141.0116521, 43.1996608 ], [ 141.001942, 43.2066193 ], [ 141.014761, 43.2127785 ], [ 141.016412699999989, 43.2252169 ], [ 141.012992699999984, 43.2323543 ], [ 141.0158315, 43.2389677 ], [ 140.9785215, 43.2392915 ], [ 140.9682613, 43.2361699 ], [ 140.954761, 43.2292197 ], [ 140.9375982, 43.2256779 ], [ 140.926944599999985, 43.2264443 ], [ 140.9184722, 43.2226844 ], [ 140.9213207, 43.2163402 ], [ 140.9135173, 43.2108029 ], [ 140.898816899999986, 43.2114287 ], [ 140.8764131, 43.2052602 ], [ 140.86749469999998, 43.2074043 ], [ 140.864144399999986, 43.2170976 ], [ 140.8556709, 43.2073658 ], [ 140.8571843, 43.2032937 ], [ 140.849638199999987, 43.1987262 ], [ 140.8448096, 43.2003837 ], [ 140.8476464, 43.193255 ], [ 140.846157200000022, 43.1880233 ], [ 140.8539333, 43.1777044 ], [ 140.8598289, 43.1729214 ], [ 140.8586856, 43.1679883 ], [ 140.8665092, 43.1652469 ], [ 140.883268099999981, 43.1677172 ], [ 140.9000489, 43.1599528 ], [ 140.9132669, 43.1570706 ], [ 140.923480600000033, 43.1514592 ], [ 140.9238306, 43.1393956 ], [ 140.9204119, 43.1302664 ], [ 140.9317733, 43.1274047 ], [ 140.9383928, 43.1305244 ], [ 140.9520972, 43.1313631 ], [ 140.96695, 43.12576 ], [ 140.9745092, 43.12506 ], [ 140.9759336, 43.1296717 ], [ 140.9988167, 43.1268008 ], [ 140.995223899999985, 43.1166508 ], [ 141.003398299999986, 43.1087383 ], [ 141.0005103, 43.0965069 ], [ 141.007669199999981, 43.0909831 ], [ 141.0091356, 43.085765 ], [ 141.01686669999998, 43.0742625 ], [ 141.0250039, 43.0709964 ], [ 141.027119199999987, 43.0661642 ], [ 141.045005, 43.0608403 ], [ 141.0494203, 43.0669183 ], [ 141.058452499999987, 43.0685603 ], [ 141.065245299999987, 43.0835581 ], [ 141.0593758, 43.0893336 ], [ 141.0697836, 43.0921189 ], [ 141.0622094, 43.1033389 ], [ 141.062858899999981, 43.1093956 ], [ 141.0717417, 43.1089714 ], [ 141.0760736, 43.1182603 ], [ 141.0870506, 43.1177458 ], [ 141.0917897, 43.1199308 ], [ 141.102188899999987, 43.1154178 ], [ 141.1084625, 43.1193356 ], [ 141.111911099999986, 43.1139375 ], [ 141.1200083, 43.111545799999988 ], [ 141.132378599999981, 43.1025689 ], [ 141.1349181, 43.0938297 ], [ 141.142735, 43.0947722 ], [ 141.1522789, 43.0894775 ] ] ] ] } },
{ "type": "Feature", "properties": { "hokenjo": "上川" }, "geometry": { "type": "MultiPolygon", "coordinates": [ [ [ [ 142.8909083, 43.5657033 ], [ 142.8942783, 43.5664022 ], [ 142.9095053, 43.563275 ], [ 142.9236886, 43.5524681 ], [ 142.9385072, 43.5451567 ], [ 142.9435631, 43.5361356 ], [ 142.9577233, 43.5262772 ], [ 142.973846399999985, 43.534475 ], [ 142.975936099999984, 43.5392728 ], [ 142.985399699999988, 43.5341711 ], [ 143.0051622, 43.5286692 ], [ 143.013644699999986, 43.5285331 ], [ 143.023576100000014, 43.534611399999989 ], [ 143.020238899999981, 43.5424178 ], [ 143.023027499999984, 43.5485783 ], [ 143.0303547, 43.5501017 ], [ 143.041228099999984, 43.5631175 ], [ 143.0527883, 43.5594672 ], [ 143.05985560000002, 43.5551897 ], [ 143.068658299999981, 43.5585503 ], [ 143.069808599999988, 43.5634897 ], [ 143.0797981, 43.5637228 ], [ 143.090576699999986, 43.5672969 ], [ 143.1018233, 43.5732469 ], [ 143.1027944, 43.5764467 ], [ 143.1135214, 43.5796008 ], [ 143.1158117, 43.5833986 ], [ 143.13415329999998, 43.5879197 ], [ 143.1424697, 43.5951497 ], [ 143.136305, 43.5996967 ], [ 143.13653309999998, 43.6078819 ], [ 143.148148099999986, 43.6159219 ], [ 143.1557408, 43.6287569 ], [ 143.17335079999998, 43.6375858 ], [ 143.170425599999987, 43.6489753 ], [ 143.162509199999988, 43.6525939 ], [ 143.161249699999985, 43.6598264 ], [ 143.1417203, 43.6684142 ], [ 143.1396714, 43.6776586 ], [ 143.1462583, 43.6814367 ], [ 143.146673599999986, 43.6906344 ], [ 143.1612903, 43.7063214 ], [ 143.1718453, 43.70692 ], [ 143.1681294, 43.7162522 ], [ 143.1734156, 43.724087499999989 ], [ 143.174485799999985, 43.7309492 ], [ 143.179680599999983, 43.7349836 ], [ 143.1747383, 43.7421642 ], [ 143.16855, 43.7558194 ], [ 143.1605439, 43.7616244 ], [ 143.1534792, 43.7633844 ], [ 143.1424994, 43.7617644 ], [ 143.136312799999985, 43.7542353 ], [ 143.118378600000028, 43.7540153 ], [ 143.09586, 43.7430133 ], [ 143.090002199999986, 43.7451469 ], [ 143.0840144, 43.7388597 ], [ 143.0743539, 43.7378881 ], [ 143.0690386, 43.7463692 ], [ 143.0509672, 43.7439547 ], [ 143.0467956, 43.7464622 ], [ 143.032556699999986, 43.7489014 ], [ 143.024365, 43.7471881 ], [ 143.0112581, 43.7578892 ], [ 143.006891699999983, 43.7683525 ], [ 143.0071969, 43.7753225 ], [ 143.0141406, 43.780630599999988 ], [ 143.0161297, 43.7891122 ], [ 143.012256399999984, 43.7943981 ], [ 143.01944, 43.8023017 ], [ 143.0374367, 43.8091 ], [ 143.022283099999981, 43.8171408 ], [ 143.010245, 43.8265822 ], [ 143.0090753, 43.8370056 ], [ 143.0139572, 43.8443328 ], [ 143.011196399999989, 43.8614508 ], [ 143.0202342, 43.8635706 ], [ 143.017043600000022, 43.87433 ], [ 143.0229517, 43.8762569 ], [ 143.019063599999981, 43.8855111 ], [ 143.0338925, 43.8950886 ], [ 143.0374881, 43.9027392 ], [ 143.048374699999982, 43.9066975 ], [ 143.0552956, 43.9141239 ], [ 143.0538669, 43.9178842 ], [ 143.037122499999981, 43.9281417 ], [ 143.0138197, 43.9216236 ], [ 142.999805, 43.9279622 ], [ 142.986154199999987, 43.9389614 ], [ 142.9830883, 43.9431197 ], [ 142.973431399999981, 43.9416592 ], [ 142.956271099999981, 43.9330628 ], [ 142.935258299999987, 43.9265642 ], [ 142.9110744, 43.9268792 ], [ 142.9001869, 43.9217886 ], [ 142.888472799999988, 43.9263642 ], [ 142.891234699999984, 43.9302153 ], [ 142.8856175, 43.9344325 ], [ 142.8923414, 43.9383183 ], [ 142.891835, 43.9432447 ], [ 142.8830731, 43.9444333 ], [ 142.8819097, 43.9531206 ], [ 142.8690636, 43.9505978 ], [ 142.862515, 43.9425128 ], [ 142.850617199999988, 43.9445703 ], [ 142.842292499999985, 43.94074 ], [ 142.840568599999983, 43.9350914 ], [ 142.8304067, 43.9299658 ], [ 142.83031, 43.9218639 ], [ 142.816133899999983, 43.9150047 ], [ 142.798268299999989, 43.9162033 ], [ 142.7959094, 43.9222914 ], [ 142.783413900000028, 43.9249722 ], [ 142.7742556, 43.9300119 ], [ 142.766987199999988, 43.9387103 ], [ 142.7562728, 43.9419444 ], [ 142.7549783, 43.9468897 ], [ 142.7469403, 43.9493833 ], [ 142.738720300000011, 43.96067 ], [ 142.7341858, 43.975853099999988 ], [ 142.726730799999984, 43.9785247 ], [ 142.7217978, 43.9938211 ], [ 142.7075458, 44.0003047 ], [ 142.688358599999987, 44.0129922 ], [ 142.6879133, 44.0181983 ], [ 142.6815667, 44.0198461 ], [ 142.659503299999983, 44.0160472 ], [ 142.6441931, 44.0102861 ], [ 142.6372742, 44.0168439 ], [ 142.6282328, 44.0180831 ], [ 142.6207111, 44.0243972 ], [ 142.6109778, 44.0292719 ], [ 142.6001475, 44.0249028 ], [ 142.5869875, 44.0219025 ], [ 142.5884983, 44.0157542 ], [ 142.5756494, 44.0129656 ], [ 142.5631439, 44.0076744 ], [ 142.54777439999998, 44.0073786 ], [ 142.543518899999981, 44.0007175 ], [ 142.534210799999983, 43.9933303 ], [ 142.52019390000001, 43.993285 ], [ 142.514000600000031, 43.9862644 ], [ 142.49745249999998, 43.9812278 ], [ 142.491616099999987, 43.9758839 ], [ 142.4898925, 43.9616158 ], [ 142.487567499999983, 43.9563533 ], [ 142.472939199999985, 43.9603458 ], [ 142.4657497, 43.965454699999988 ], [ 142.4587822, 43.9648897 ], [ 142.4481869, 43.9674597 ], [ 142.4450306, 43.9734753 ], [ 142.433915, 43.9647147 ], [ 142.4374369, 43.9610914 ], [ 142.4320831, 43.9472886 ], [ 142.4388906, 43.9341981 ], [ 142.4353419, 43.9250847 ], [ 142.443098599999985, 43.9150536 ], [ 142.4463747, 43.9027364 ], [ 142.44696829999998, 43.8914603 ], [ 142.4434411, 43.8872797 ], [ 142.4508706, 43.878413599999988 ], [ 142.450208299999986, 43.8673183 ], [ 142.4543222, 43.8643947 ], [ 142.452005, 43.8551294 ], [ 142.4595883, 43.8429536 ], [ 142.45753689999998, 43.8388647 ], [ 142.504955, 43.7990419 ], [ 142.5130914, 43.8003572 ], [ 142.5133061, 43.7920083 ], [ 142.520399199999986, 43.7862622 ], [ 142.5296328, 43.7843861 ], [ 142.5357608, 43.7862689 ], [ 142.5476464, 43.7751056 ], [ 142.5620864, 43.7803192 ], [ 142.5674578, 43.7633764 ], [ 142.5785847, 43.7599286 ], [ 142.583887799999985, 43.7620444 ], [ 142.595996700000029, 43.7605689 ], [ 142.59939559999998, 43.764734399999988 ], [ 142.6149269, 43.7597861 ], [ 142.62584529999998, 43.7503544 ], [ 142.6458706, 43.7536028 ], [ 142.655128099999985, 43.7527047 ], [ 142.66015059999998, 43.7468783 ], [ 142.66893, 43.7413014 ], [ 142.6806789, 43.7392486 ], [ 142.6855036, 43.7424183 ], [ 142.69393, 43.7400664 ], [ 142.704892799999982, 43.7477314 ], [ 142.712736899999982, 43.7486106 ], [ 142.7223419, 43.7438242 ], [ 142.72247059999998, 43.7379553 ], [ 142.7344106, 43.7309953 ], [ 142.731344700000022, 43.7201606 ], [ 142.74145919999998, 43.7127778 ], [ 142.73594, 43.7074775 ], [ 142.7353703, 43.6984472 ], [ 142.7403861, 43.6892575 ], [ 142.7400653, 43.6834617 ], [ 142.7367567, 43.6852511 ], [ 142.7131417, 43.6862697 ], [ 142.705166099999985, 43.6828286 ], [ 142.6973486, 43.6828253 ], [ 142.6820928, 43.6858597 ], [ 142.6762794, 43.6913522 ], [ 142.6621906, 43.6984114 ], [ 142.6560572, 43.6967547 ], [ 142.6395097, 43.7017517 ], [ 142.6373361, 43.7076206 ], [ 142.6209067, 43.7204078 ], [ 142.6065964, 43.7179439 ], [ 142.5996208, 43.7196653 ], [ 142.5893778, 43.7166942 ], [ 142.581695599999989, 43.7232797 ], [ 142.5737933, 43.7259375 ], [ 142.5701803, 43.721497199999988 ], [ 142.5490883, 43.7270814 ], [ 142.543218599999989, 43.7344386 ], [ 142.5372931, 43.7336989 ], [ 142.5256556, 43.7447022 ], [ 142.5198614, 43.7446553 ], [ 142.5069225, 43.7507 ], [ 142.4938933, 43.7507278 ], [ 142.4846492, 43.742216899999988 ], [ 142.476379399999985, 43.7426644 ], [ 142.4731875, 43.7000764 ], [ 142.4556992, 43.7072178 ], [ 142.4490156, 43.713915 ], [ 142.429356399999989, 43.7208944 ], [ 142.4203158, 43.7228458 ], [ 142.403040799999985, 43.7315072 ], [ 142.3913517, 43.7225672 ], [ 142.4099597, 43.6897519 ], [ 142.430400599999984, 43.6758433 ], [ 142.434552199999985, 43.6796214 ], [ 142.4964483, 43.6376942 ], [ 142.5030461, 43.6403908 ], [ 142.5573461, 43.6464472 ], [ 142.560918099999981, 43.6307558 ], [ 142.53949, 43.6293053 ], [ 142.53348, 43.6254503 ], [ 142.512602499999986, 43.6244381 ], [ 142.500785, 43.6225478 ], [ 142.493637799999988, 43.6240789 ], [ 142.4852244, 43.6204222 ], [ 142.4714325, 43.6207728 ], [ 142.4571903, 43.6312822 ], [ 142.4478569, 43.63638 ], [ 142.445009199999987, 43.6481925 ], [ 142.4281569, 43.6618481 ], [ 142.4023436, 43.6649108 ], [ 142.395053599999983, 43.6612186 ], [ 142.3941036, 43.6534381 ], [ 142.3998667, 43.6496808 ], [ 142.3987219, 43.6454461 ], [ 142.3882586, 43.6382264 ], [ 142.3896992, 43.6256858 ], [ 142.3752092, 43.6160631 ], [ 142.365854399999989, 43.6194747 ], [ 142.351844699999987, 43.612409199999988 ], [ 142.3416619, 43.5986606 ], [ 142.341423599999985, 43.5869631 ], [ 142.3239831, 43.5762783 ], [ 142.322703599999983, 43.5735442 ], [ 142.328955, 43.5638394 ], [ 142.3280911, 43.5560556 ], [ 142.3217847, 43.5443033 ], [ 142.320528599999989, 43.5332997 ], [ 142.32610889999998, 43.5297217 ], [ 142.3249333, 43.5250925 ], [ 142.331737799999985, 43.5212569 ], [ 142.3370272, 43.5060544 ], [ 142.3455203, 43.5065169 ], [ 142.3526206, 43.4997156 ], [ 142.364436399999988, 43.4947444 ], [ 142.3681106, 43.48641 ], [ 142.355435799999981, 43.4742294 ], [ 142.3570417, 43.4662233 ], [ 142.3673703, 43.4675483 ], [ 142.3764739, 43.4713903 ], [ 142.3820308, 43.4688708 ], [ 142.398652199999987, 43.4738314 ], [ 142.3968597, 43.4813842 ], [ 142.398034199999984, 43.4993783 ], [ 142.4022353, 43.5036183 ], [ 142.4008278, 43.5177217 ], [ 142.402500299999986, 43.5379897 ], [ 142.4099194, 43.5403147 ], [ 142.416829399999983, 43.5336336 ], [ 142.4248403, 43.5346789 ], [ 142.431219699999986, 43.5439764 ], [ 142.4371344, 43.5484931 ], [ 142.4418794, 43.5387056 ], [ 142.4497331, 43.5338717 ], [ 142.4596625, 43.5246781 ], [ 142.47022, 43.5121661 ], [ 142.481671399999982, 43.5067967 ], [ 142.5088711, 43.5026103 ], [ 142.5242417, 43.5119383 ], [ 142.5384439, 43.5096092 ], [ 142.545771699999989, 43.5040675 ], [ 142.5527122, 43.5094256 ], [ 142.560752799999989, 43.5079008 ], [ 142.570455600000031, 43.5138044 ], [ 142.578654200000017, 43.5110128 ], [ 142.597043900000017, 43.4978981 ], [ 142.590384699999987, 43.4941136 ], [ 142.5944083, 43.4837344 ], [ 142.606823099999986, 43.4704711 ], [ 142.612415299999981, 43.4665347 ], [ 142.6302053, 43.462125 ], [ 142.637370299999986, 43.4585281 ], [ 142.6488867, 43.4480142 ], [ 142.650245, 43.4444492 ], [ 142.6610292, 43.4355781 ], [ 142.676707199999981, 43.4264944 ], [ 142.675285299999985, 43.42219 ], [ 142.6863117, 43.4178092 ], [ 142.7013244, 43.4256267 ], [ 142.7105717, 43.4327622 ], [ 142.71037, 43.4400994 ], [ 142.7146014, 43.4517817 ], [ 142.7239875, 43.4520208 ], [ 142.7321264, 43.4616906 ], [ 142.7768314, 43.4871272 ], [ 142.779688099999987, 43.4952411 ], [ 142.787076399999989, 43.4959 ], [ 142.7912858, 43.5006097 ], [ 142.797974399999987, 43.5008906 ], [ 142.805518899999981, 43.5109969 ], [ 142.8132578, 43.5138867 ], [ 142.8142169, 43.5225756 ], [ 142.8068575, 43.5280214 ], [ 142.8148022, 43.5307381 ], [ 142.830079399999988, 43.5234147 ], [ 142.839333899999986, 43.5221214 ], [ 142.852256399999987, 43.5301253 ], [ 142.8539233, 43.5362289 ], [ 142.850201699999985, 43.5489192 ], [ 142.860666399999985, 43.5584831 ], [ 142.8606364, 43.5639797 ], [ 142.871658599999989, 43.5647131 ], [ 142.8754147, 43.5700033 ], [ 142.8909083, 43.5657033 ] ] ], [ [ [ 142.3998747, 43.9154581 ], [ 142.399246399999981, 43.9211431 ], [ 142.421399399999984, 43.9436064 ], [ 142.412597799999986, 43.9534278 ], [ 142.387532199999981, 43.9549478 ], [ 142.3673589, 43.9584128 ], [ 142.361939399999983, 43.9628358 ], [ 142.332401899999979, 43.9582844 ], [ 142.3262761, 43.9545992 ], [ 142.3113344, 43.9591794 ], [ 142.3059036, 43.954783299999988 ], [ 142.3044353, 43.9453931 ], [ 142.287972199999984, 43.9452375 ], [ 142.2825794, 43.9395522 ], [ 142.2846614, 43.9273378 ], [ 142.272733599999981, 43.9181308 ], [ 142.275667199999987, 43.9083522 ], [ 142.2712689, 43.8948439 ], [ 142.2757825, 43.8895367 ], [ 142.2817808, 43.8747306 ], [ 142.2904086, 43.8732686 ], [ 142.285750299999989, 43.8604594 ], [ 142.2786036, 43.8581219 ], [ 142.2802594, 43.8494256 ], [ 142.288375, 43.847705 ], [ 142.293305, 43.8421928 ], [ 142.2949203, 43.8342664 ], [ 142.2884531, 43.8285847 ], [ 142.289490299999983, 43.8182681 ], [ 142.2944178, 43.8028956 ], [ 142.2957375, 43.7867372 ], [ 142.310545599999983, 43.7882856 ], [ 142.3080764, 43.7943253 ], [ 142.3192472, 43.7972964 ], [ 142.328341699999982, 43.8046425 ], [ 142.3281436, 43.8092861 ], [ 142.3546006, 43.8283361 ], [ 142.38556, 43.8413647 ], [ 142.392206099999981, 43.8432814 ], [ 142.3696281, 43.8602919 ], [ 142.383248899999984, 43.8690481 ], [ 142.39241389999998, 43.8773844 ], [ 142.392490800000019, 43.8885703 ], [ 142.387723099999988, 43.8987872 ], [ 142.3916303, 43.9007672 ], [ 142.3998747, 43.9154581 ] ] ], [ [ [ 142.2078436, 43.9490881 ], [ 142.220403299999987, 43.9477414 ], [ 142.2369214, 43.9487869 ], [ 142.2447742, 43.9562233 ], [ 142.245276099999984, 43.9625525 ], [ 142.252835799999986, 43.9666692 ], [ 142.2545778, 43.9744558 ], [ 142.253071399999982, 43.9816261 ], [ 142.242681399999981, 43.9846667 ], [ 142.2471783, 43.9931192 ], [ 142.2414028, 44.0128711 ], [ 142.2362378, 44.0204842 ], [ 142.209995, 44.0352247 ], [ 142.20644919999998, 44.0325192 ], [ 142.1768672, 44.0492575 ], [ 142.174184199999985, 44.0618617 ], [ 142.1803828, 44.0712369 ], [ 142.1820922, 44.0812706 ], [ 142.178398099999981, 44.0885553 ], [ 142.181041099999987, 44.0951386 ], [ 142.1956347, 44.1090439 ], [ 142.204013299999986, 44.1231061 ], [ 142.1881094, 44.13883 ], [ 142.1852142, 44.1523722 ], [ 142.179323600000032, 44.1576492 ], [ 142.189348099999989, 44.1667108 ], [ 142.1859978, 44.1688986 ], [ 142.187983299999985, 44.1764419 ], [ 142.185790299999979, 44.1851792 ], [ 142.177411399999983, 44.1865331 ], [ 142.1721392, 44.1929469 ], [ 142.183281699999981, 44.1975367 ], [ 142.1848656, 44.2009275 ], [ 142.198972199999986, 44.2076972 ], [ 142.2052342, 44.2227411 ], [ 142.2042203, 44.2269844 ], [ 142.206705, 44.2399706 ], [ 142.2133006, 44.2409353 ], [ 142.2112544, 44.2494803 ], [ 142.200673099999989, 44.2562142 ], [ 142.1943925, 44.2544672 ], [ 142.1852217, 44.2478772 ], [ 142.1733442, 44.2542217 ], [ 142.174503099999981, 44.2610369 ], [ 142.182956099999984, 44.2722861 ], [ 142.1921744, 44.2794264 ], [ 142.195075, 44.2855889 ], [ 142.2074475, 44.2778764 ], [ 142.212421399999982, 44.2838147 ], [ 142.213682200000022, 44.29525 ], [ 142.2318172, 44.2972153 ], [ 142.240082199999989, 44.2954133 ], [ 142.2491997, 44.2859922 ], [ 142.2568628, 44.2859836 ], [ 142.267215599999986, 44.2804819 ], [ 142.2732531, 44.2835769 ], [ 142.2802769, 44.2814317 ], [ 142.2810092, 44.2762653 ], [ 142.2923792, 44.2714058 ], [ 142.2908306, 44.2664117 ], [ 142.2949592, 44.2622106 ], [ 142.3118944, 44.2668553 ], [ 142.310719399999982, 44.2731714 ], [ 142.2920394, 44.2915414 ], [ 142.2872428, 44.2983125 ], [ 142.2883503, 44.3042967 ], [ 142.2780194, 44.308325 ], [ 142.279327199999983, 44.3154478 ], [ 142.2881042, 44.3164317 ], [ 142.3072636, 44.3285233 ], [ 142.307837799999987, 44.3458094 ], [ 142.314584199999985, 44.3472008 ], [ 142.3231314, 44.3544056 ], [ 142.32019889999998, 44.3798939 ], [ 142.3207478, 44.3870111 ], [ 142.3169967, 44.40013 ], [ 142.314054699999986, 44.4037786 ], [ 142.3042667, 44.4016894 ], [ 142.2903069, 44.3933322 ], [ 142.2818364, 44.3960825 ], [ 142.27745969999998, 44.4019189 ], [ 142.2713267, 44.4024064 ], [ 142.260331399999984, 44.4101586 ], [ 142.2502542, 44.4099228 ], [ 142.2470094, 44.4176253 ], [ 142.2340414, 44.4263586 ], [ 142.234507799999989, 44.4311706 ], [ 142.2217489, 44.4412397 ], [ 142.2183786, 44.4504814 ], [ 142.209303600000027, 44.4539897 ], [ 142.196427199999988, 44.4522586 ], [ 142.192683099999982, 44.4598425 ], [ 142.183941399999981, 44.4632878 ], [ 142.1766311, 44.4694869 ], [ 142.1677975, 44.4734839 ], [ 142.1593253, 44.4737133 ], [ 142.1544867, 44.4778869 ], [ 142.1449814, 44.4785522 ], [ 142.134481099999988, 44.4752447 ], [ 142.1153519, 44.4745861 ], [ 142.115620799999988, 44.4652347 ], [ 142.1114742, 44.4600664 ], [ 142.112191699999983, 44.4529314 ], [ 142.1055436, 44.4387875 ], [ 142.0944983, 44.43653 ], [ 142.0883208, 44.4386636 ], [ 142.0799769, 44.4335336 ], [ 142.0773403, 44.4243278 ], [ 142.071276899999987, 44.4230922 ], [ 142.064643099999984, 44.4167181 ], [ 142.0571567, 44.4139889 ], [ 142.0542744, 44.408825 ], [ 142.0352586, 44.4055608 ], [ 142.0356842, 44.4007478 ], [ 142.0212922, 44.3902164 ], [ 142.026376700000014, 44.3816817 ], [ 142.0316483, 44.3775458 ], [ 142.028813600000035, 44.3708083 ], [ 142.0318614, 44.36543 ], [ 142.032076099999983, 44.3556283 ], [ 142.0366731, 44.3458672 ], [ 142.0483189, 44.3445358 ], [ 142.0610139, 44.3360642 ], [ 142.053778599999987, 44.3264697 ], [ 142.0540933, 44.3210358 ], [ 142.058940299999989, 44.3145944 ], [ 142.053314199999988, 44.3085644 ], [ 142.060466900000023, 44.2981183 ], [ 142.045850600000023, 44.2901436 ], [ 142.0309317, 44.2846472 ], [ 142.039081399999986, 44.2697183 ], [ 142.0346606, 44.2651344 ], [ 142.038655799999987, 44.2585719 ], [ 142.045926399999985, 44.2629647 ], [ 142.05767419999998, 44.2558458 ], [ 142.061572800000022, 44.2501219 ], [ 142.0663783, 44.2354481 ], [ 142.050461399999989, 44.2320569 ], [ 142.0434669, 44.228015 ], [ 142.0498986, 44.2173464 ], [ 142.0435406, 44.2124736 ], [ 142.0495889, 44.2040414 ], [ 142.057426099999986, 44.2027289 ], [ 142.0598522, 44.1974861 ], [ 142.073731899999984, 44.194165 ], [ 142.08186139999998, 44.1956603 ], [ 142.088183099999981, 44.1883925 ], [ 142.0880922, 44.1822289 ], [ 142.0789369, 44.1722892 ], [ 142.075606400000026, 44.1649244 ], [ 142.0712642, 44.1577619 ], [ 142.071355, 44.1513778 ], [ 142.075545799999986, 44.146085 ], [ 142.0720317, 44.1394614 ], [ 142.072923299999985, 44.1322003 ], [ 142.07817559999998, 44.1292339 ], [ 142.0714389, 44.1241278 ], [ 142.0708675, 44.1194439 ], [ 142.063826399999982, 44.1123328 ], [ 142.0525197, 44.1043681 ], [ 142.0623678, 44.07845 ], [ 142.0699797, 44.0695256 ], [ 142.0646792, 44.0620272 ], [ 142.0569511, 44.0559583 ], [ 142.0583317, 44.0507961 ], [ 142.0660622, 44.0482717 ], [ 142.0856253, 44.0468964 ], [ 142.0949606, 44.0446442 ], [ 142.098086699999982, 44.0394086 ], [ 142.093256699999984, 44.0294814 ], [ 142.08863, 44.0293356 ], [ 142.091021899999987, 44.0146756 ], [ 142.0971122, 44.0070544 ], [ 142.0956353, 44.000595 ], [ 142.102060599999987, 43.9974033 ], [ 142.104562499999986, 43.9861272 ], [ 142.1126969, 43.9772619 ], [ 142.111985299999986, 43.9715386 ], [ 142.1053231, 43.9653233 ], [ 142.115111399999989, 43.9559331 ], [ 142.1138981, 43.9485586 ], [ 142.119957199999988, 43.9463753 ], [ 142.1227142, 43.9337972 ], [ 142.139769199999989, 43.9189022 ], [ 142.1493803, 43.9053575 ], [ 142.158532799999989, 43.9141044 ], [ 142.1643047, 43.9150939 ], [ 142.171323299999983, 43.9228833 ], [ 142.180309199999982, 43.9254231 ], [ 142.186651399999988, 43.9299975 ], [ 142.1879658, 43.9348994 ], [ 142.198606399999989, 43.9453175 ], [ 142.2078436, 43.9490881 ] ] ] ] } },
{ "type": "Feature", "properties": { "hokenjo": "深川" }, "geometry": { "type": "MultiPolygon", "coordinates": [ [ [ [ 141.96186419999998, 43.6690658 ], [ 141.974405, 43.6668294 ], [ 141.9791083, 43.6586492 ], [ 142.0043825, 43.6484478 ], [ 142.0085525, 43.6412286 ], [ 142.02351059999998, 43.6349278 ], [ 142.045197799999983, 43.6355186 ], [ 142.053752799999984, 43.6308267 ], [ 142.0653031, 43.6313414 ], [ 142.0840528, 43.6421578 ], [ 142.0907008, 43.6479394 ], [ 142.0945556, 43.64472 ], [ 142.1034397, 43.6462053 ], [ 142.1065294, 43.6405586 ], [ 142.113680599999981, 43.6359586 ], [ 142.131506699999989, 43.6411942 ], [ 142.1503978, 43.6368358 ], [ 142.165135, 43.6362142 ], [ 142.173159699999985, 43.638613899999989 ], [ 142.1901944, 43.6371003 ], [ 142.19406859999998, 43.6414983 ], [ 142.203895599999981, 43.6337483 ], [ 142.2125528, 43.6328817 ], [ 142.2243, 43.6397667 ], [ 142.236203599999982, 43.6409622 ], [ 142.238500599999981, 43.6523314 ], [ 142.220698299999981, 43.6494736 ], [ 142.209047199999986, 43.6462081 ], [ 142.2000964, 43.6410906 ], [ 142.1952906, 43.6458117 ], [ 142.1950742, 43.6540933 ], [ 142.1860989, 43.6655056 ], [ 142.178125599999987, 43.6731064 ], [ 142.175286699999987, 43.6810958 ], [ 142.1789, 43.6866233 ], [ 142.1787706, 43.6985197 ], [ 142.1825311, 43.7157025 ], [ 142.1734247, 43.7209878 ], [ 142.1712675, 43.7281606 ], [ 142.1758, 43.7308178 ], [ 142.1953839, 43.7314314 ], [ 142.199635799999982, 43.7346647 ], [ 142.195823599999983, 43.7463983 ], [ 142.197199399999988, 43.7550419 ], [ 142.20540029999998, 43.7632122 ], [ 142.211217200000021, 43.7657103 ], [ 142.2195906, 43.7743203 ], [ 142.226751899999982, 43.7763947 ], [ 142.222025299999984, 43.7879147 ], [ 142.227872499999989, 43.7957078 ], [ 142.240008099999983, 43.7991375 ], [ 142.2380656, 43.8082117 ], [ 142.230061899999981, 43.8116922 ], [ 142.2138722, 43.8300044 ], [ 142.216714199999984, 43.8344483 ], [ 142.2087047, 43.8378183 ], [ 142.2167364, 43.8471494 ], [ 142.220394199999987, 43.8561236 ], [ 142.215597799999983, 43.8643786 ], [ 142.2108761, 43.866875 ], [ 142.187944200000032, 43.8668742 ], [ 142.1789364, 43.8708878 ], [ 142.1720847, 43.8691222 ], [ 142.1591894, 43.8751344 ], [ 142.158484200000032, 43.8852142 ], [ 142.162006099999985, 43.8923578 ], [ 142.149006899999989, 43.8989022 ], [ 142.1493803, 43.9053575 ], [ 142.139769199999989, 43.9189022 ], [ 142.1227142, 43.9337972 ], [ 142.119957199999988, 43.9463753 ], [ 142.1138981, 43.9485586 ], [ 142.115111399999989, 43.9559331 ], [ 142.1053231, 43.9653233 ], [ 142.111985299999986, 43.9715386 ], [ 142.1126969, 43.9772619 ], [ 142.104562499999986, 43.9861272 ], [ 142.102060599999987, 43.9974033 ], [ 142.0956353, 44.000595 ], [ 142.0971122, 44.0070544 ], [ 142.091021899999987, 44.0146756 ], [ 142.08863, 44.0293356 ], [ 142.093256699999984, 44.0294814 ], [ 142.098086699999982, 44.0394086 ], [ 142.0949606, 44.0446442 ], [ 142.0856253, 44.0468964 ], [ 142.0660622, 44.0482717 ], [ 142.0597956, 44.0448792 ], [ 142.0579828, 44.0373053 ], [ 142.0613581, 44.0309775 ], [ 142.0537525, 44.0186653 ], [ 142.0429533, 44.0092694 ], [ 142.0405733, 43.9995286 ], [ 142.032716400000027, 43.9983928 ], [ 142.0200194, 44.0057208 ], [ 142.010923099999985, 44.0038383 ], [ 141.9956803, 44.0058953 ], [ 141.991922499999987, 43.9966903 ], [ 141.9859214, 43.9933586 ], [ 141.9675072, 43.9976694 ], [ 141.9488347, 43.9991622 ], [ 141.930963099999985, 43.9830675 ], [ 141.9291422, 43.9718269 ], [ 141.9312811, 43.9634031 ], [ 141.9195675, 43.9584797 ], [ 141.9013453, 43.9566972 ], [ 141.8951486, 43.9454456 ], [ 141.885095, 43.9432856 ], [ 141.88938, 43.9354972 ], [ 141.881614399999989, 43.9260972 ], [ 141.8849731, 43.9169969 ], [ 141.890858899999984, 43.9142519 ], [ 141.9002236, 43.9013908 ], [ 141.896128899999979, 43.8942783 ], [ 141.877997199999982, 43.8893631 ], [ 141.8664506, 43.8793206 ], [ 141.8660878, 43.8694881 ], [ 141.8583783, 43.8588094 ], [ 141.860624400000034, 43.8558217 ], [ 141.858372799999984, 43.8466469 ], [ 141.8515803, 43.8478775 ], [ 141.8455, 43.84484 ], [ 141.8299108, 43.8425686 ], [ 141.830579699999987, 43.8322719 ], [ 141.822855799999985, 43.8307283 ], [ 141.8136575, 43.8345203 ], [ 141.797269199999988, 43.8266997 ], [ 141.806645, 43.8157206 ], [ 141.8039772, 43.8120139 ], [ 141.8044253, 43.8013083 ], [ 141.78691, 43.7905492 ], [ 141.770938300000012, 43.78457 ], [ 141.775575, 43.7763883 ], [ 141.77447140000001, 43.7701464 ], [ 141.767380799999984, 43.7562614 ], [ 141.7612006, 43.7581411 ], [ 141.7540214, 43.7676994 ], [ 141.748403900000028, 43.7718936 ], [ 141.7414578, 43.7856094 ], [ 141.7279706, 43.7934114 ], [ 141.719545, 43.7954706 ], [ 141.710910800000022, 43.7923508 ], [ 141.6988686, 43.7962103 ], [ 141.6949847, 43.7857833 ], [ 141.6997192, 43.7814206 ], [ 141.6981792, 43.7738708 ], [ 141.704742499999981, 43.756774199999988 ], [ 141.701537799999983, 43.751320299999989 ], [ 141.6935442, 43.7463544 ], [ 141.6640778, 43.7597622 ], [ 141.6472178, 43.7562553 ], [ 141.6402917, 43.7607967 ], [ 141.6324856, 43.7599161 ], [ 141.61753969999998, 43.7524292 ], [ 141.615124399999985, 43.7427911 ], [ 141.606489399999987, 43.7451139 ], [ 141.5956783, 43.7388275 ], [ 141.5733214, 43.7285775 ], [ 141.5588808, 43.7180628 ], [ 141.5382581, 43.7121567 ], [ 141.525108099999983, 43.7109642 ], [ 141.530396699999983, 43.7078133 ], [ 141.5395728, 43.7086544 ], [ 141.5482236, 43.7051917 ], [ 141.5630108, 43.7104858 ], [ 141.5731122, 43.7191497 ], [ 141.57672359999998, 43.7251858 ], [ 141.5923367, 43.7266575 ], [ 141.606778099999985, 43.7306572 ], [ 141.6321275, 43.7395383 ], [ 141.643446899999986, 43.7402961 ], [ 141.65943249999998, 43.7391483 ], [ 141.6686742, 43.7369561 ], [ 141.6792175, 43.7381228 ], [ 141.700926399999986, 43.7462947 ], [ 141.7021244, 43.7398294 ], [ 141.7219433, 43.7359372 ], [ 141.730293900000021, 43.7373178 ], [ 141.744610599999987, 43.7352611 ], [ 141.76251689999998, 43.728729199999989 ], [ 141.772840799999983, 43.7291075 ], [ 141.777793299999985, 43.7255286 ], [ 141.788399700000014, 43.7237389 ], [ 141.797263099999981, 43.717630799999988 ], [ 141.820551699999982, 43.7095806 ], [ 141.8496644, 43.7203294 ], [ 141.8582744, 43.7196619 ], [ 141.87663139999998, 43.7217953 ], [ 141.879255, 43.71899 ], [ 141.8913158, 43.7186322 ], [ 141.9000331, 43.7212875 ], [ 141.9059336, 43.7198828 ], [ 141.9077422, 43.7123547 ], [ 141.917735, 43.7012606 ], [ 141.916640799999982, 43.6915325 ], [ 141.9021233, 43.6877683 ], [ 141.9020639, 43.6807631 ], [ 141.913485, 43.677285 ], [ 141.917642199999989, 43.6679772 ], [ 141.9149794, 43.6620658 ], [ 141.9235889, 43.6620261 ], [ 141.9313175, 43.6688125 ], [ 141.9469308, 43.6723925 ], [ 141.96186419999998, 43.6690658 ] ] ] ] } },
{ "type": "Feature", "properties": { "hokenjo": "静内" }, "geometry": { "type": "MultiPolygon", "coordinates": [ [ [ [ 142.75184, 42.6637547 ], [ 142.7544383, 42.6707567 ], [ 142.764060299999983, 42.6839297 ], [ 142.7560286, 42.6908464 ], [ 142.75827529999998, 42.7023342 ], [ 142.7556597, 42.7220297 ], [ 142.74916829999998, 42.7247883 ], [ 142.7341506, 42.7214003 ], [ 142.7282342, 42.7236417 ], [ 142.7247883, 42.7328625 ], [ 142.7152192, 42.7381872 ], [ 142.7045853, 42.7365508 ], [ 142.6950522, 42.7386542 ], [ 142.6879639, 42.7434975 ], [ 142.6870783, 42.7504411 ], [ 142.6978158, 42.7675969 ], [ 142.7066044, 42.7721381 ], [ 142.7198256, 42.7757481 ], [ 142.7164381, 42.7835503 ], [ 142.7215689, 42.7918331 ], [ 142.7202317, 42.8042522 ], [ 142.7292869, 42.8194175 ], [ 142.732149199999981, 42.8356908 ], [ 142.7436928, 42.8471422 ], [ 142.7567497, 42.8517425 ], [ 142.7722281, 42.8510239 ], [ 142.7804983, 42.8593472 ], [ 142.787799399999983, 42.8631947 ], [ 142.785415, 42.8688375 ], [ 142.771272499999981, 42.8721953 ], [ 142.7628603, 42.892749699999989 ], [ 142.756115, 42.8977506 ], [ 142.770863599999984, 42.9187886 ], [ 142.7779981, 42.9255656 ], [ 142.7723972, 42.9364075 ], [ 142.767231899999985, 42.93635 ], [ 142.7594775, 42.9424008 ], [ 142.7600506, 42.9516031 ], [ 142.7566972, 42.9529194 ], [ 142.7496064, 42.9647578 ], [ 142.7548847, 42.9750808 ], [ 142.761965799999984, 42.9775831 ], [ 142.7634311, 42.9893928 ], [ 142.7501842, 42.9966883 ], [ 142.74487689999998, 42.9977767 ], [ 142.7408656, 43.004989699999989 ], [ 142.7277719, 43.0098033 ], [ 142.719856099999987, 43.0046742 ], [ 142.7104167, 42.9937236 ], [ 142.702630299999981, 42.9902489 ], [ 142.6895336, 42.9878439 ], [ 142.678110799999985, 42.990775299999989 ], [ 142.666210299999989, 42.9819831 ], [ 142.652279199999981, 42.9858817 ], [ 142.6319058, 42.9862761 ], [ 142.6270664, 42.9810181 ], [ 142.613833299999982, 42.9731281 ], [ 142.6066156, 42.9734128 ], [ 142.5870764, 42.9659353 ], [ 142.5775836, 42.9477622 ], [ 142.571062499999982, 42.941956399999988 ], [ 142.572989399999983, 42.931558599999988 ], [ 142.5600306, 42.9171075 ], [ 142.5513025, 42.9165489 ], [ 142.5460286, 42.9108939 ], [ 142.5362111, 42.9106797 ], [ 142.5326825, 42.9172825 ], [ 142.5252994, 42.9188981 ], [ 142.5214083, 42.9232675 ], [ 142.5110522, 42.9199844 ], [ 142.5030636, 42.9139717 ], [ 142.497947499999981, 42.9196992 ], [ 142.4923139, 42.9188947 ], [ 142.4864575, 42.9234597 ], [ 142.4749047, 42.9147747 ], [ 142.4658067, 42.9172172 ], [ 142.4436322, 42.9114672 ], [ 142.42781, 42.9221644 ], [ 142.4244864, 42.9287589 ], [ 142.4089994, 42.9336006 ], [ 142.3989075, 42.9315039 ], [ 142.4043072, 42.9142581 ], [ 142.397855599999986, 42.907735 ], [ 142.3964033, 42.9001811 ], [ 142.391726899999981, 42.89872 ], [ 142.3861758, 42.89157 ], [ 142.3782392, 42.8865178 ], [ 142.3703519, 42.8900547 ], [ 142.3605867, 42.8914828 ], [ 142.344008299999985, 42.8839992 ], [ 142.3394, 42.8838317 ], [ 142.3246294, 42.8907672 ], [ 142.313085299999983, 42.8813708 ], [ 142.3180217, 42.8654028 ], [ 142.3077089, 42.8525119 ], [ 142.311049699999984, 42.8474344 ], [ 142.3045161, 42.8423994 ], [ 142.309405, 42.8347392 ], [ 142.311815599999989, 42.8249361 ], [ 142.3072214, 42.8188606 ], [ 142.3080439, 42.8031633 ], [ 142.3053267, 42.8012042 ], [ 142.3052011, 42.7907064 ], [ 142.29899469999998, 42.7869928 ], [ 142.29865719999998, 42.7729958 ], [ 142.2777264, 42.7648506 ], [ 142.271315, 42.7595453 ], [ 142.26513, 42.7588844 ], [ 142.2619081, 42.7529789 ], [ 142.252643299999988, 42.7471642 ], [ 142.2367103, 42.746952799999988 ], [ 142.230073299999987, 42.7440883 ], [ 142.2196889, 42.7445281 ], [ 142.2198822, 42.7342194 ], [ 142.2100969, 42.7280739 ], [ 142.212078599999984, 42.723895 ], [ 142.189625299999989, 42.7201733 ], [ 142.1847908, 42.705995 ], [ 142.1855903, 42.7006908 ], [ 142.167063899999988, 42.6924436 ], [ 142.1602317, 42.6837853 ], [ 142.162111899999985, 42.679885 ], [ 142.158086699999984, 42.6744269 ], [ 142.148395, 42.6718958 ], [ 142.1486167, 42.6610056 ], [ 142.139167499999985, 42.6560497 ], [ 142.1382022, 42.6438117 ], [ 142.1302733, 42.6353436 ], [ 142.1229936, 42.6190067 ], [ 142.119195599999983, 42.5931736 ], [ 142.109383899999983, 42.5909758 ], [ 142.090745, 42.5819556 ], [ 142.0842189, 42.5747067 ], [ 142.0666297, 42.5713256 ], [ 142.0605519, 42.5731517 ], [ 142.0470914, 42.5604092 ], [ 142.0345769, 42.5520934 ], [ 142.0213153, 42.550495 ], [ 142.0124644, 42.5460944 ], [ 142.0113675, 42.539889699999989 ], [ 141.9957183, 42.54492 ], [ 141.9824744, 42.5452633 ], [ 141.979079399999989, 42.5355247 ], [ 141.966940099999988, 42.5285133 ], [ 141.9819704, 42.5160346 ], [ 142.000681499999985, 42.5088485 ], [ 142.0154579, 42.4992128 ], [ 142.018786500000033, 42.4915364 ], [ 142.027302599999985, 42.4850851 ], [ 142.043792199999984, 42.4828771 ], [ 142.0710757, 42.4774298 ], [ 142.0790714, 42.4697977 ], [ 142.0891809, 42.4701868 ], [ 142.117059899999987, 42.4687246 ], [ 142.1415369, 42.4657836 ], [ 142.160579399999989, 42.4612539 ], [ 142.1942861, 42.4477664 ], [ 142.2070891, 42.4380381 ], [ 142.208196, 42.4313945 ], [ 142.217049299999985, 42.4275422 ], [ 142.222244900000021, 42.4225832 ], [ 142.224990599999984, 42.4173569 ], [ 142.2417519, 42.4085328 ], [ 142.266045, 42.3905614 ], [ 142.2753617, 42.3809689 ], [ 142.276785, 42.3761923 ], [ 142.29396749999998, 42.3677669 ], [ 142.3004633, 42.3624203 ], [ 142.3203011, 42.3547728 ], [ 142.334543699999983, 42.3450134 ], [ 142.3622566, 42.3337789 ], [ 142.3704759, 42.3243005 ], [ 142.3949606, 42.3159083 ], [ 142.406506399999984, 42.3085469 ], [ 142.41787, 42.3095942 ], [ 142.4386278, 42.3063247 ], [ 142.4514086, 42.2996558 ], [ 142.452236200000016, 42.2948909 ], [ 142.475987500000031, 42.2742567 ], [ 142.495378, 42.2655916 ], [ 142.5073956, 42.2670639 ], [ 142.543790799999982, 42.250901899999988 ], [ 142.5637735, 42.2469883 ], [ 142.569881399999986, 42.2445008 ], [ 142.58515749999998, 42.2431567 ], [ 142.590405, 42.2392936 ], [ 142.607524399999988, 42.2313086 ], [ 142.6154266, 42.2252266 ], [ 142.6283858, 42.2225867 ], [ 142.6383136, 42.2144431 ], [ 142.64913439999998, 42.2089361 ], [ 142.6531989, 42.2177514 ], [ 142.660534399999989, 42.2213236 ], [ 142.6715772, 42.223318299999988 ], [ 142.6693017, 42.2313933 ], [ 142.6833, 42.2387667 ], [ 142.6992069, 42.2396344 ], [ 142.7138483, 42.2479297 ], [ 142.721218099999987, 42.2557233 ], [ 142.7340839, 42.2659608 ], [ 142.739083099999988, 42.268075599999989 ], [ 142.735498299999989, 42.2759533 ], [ 142.7424758, 42.2805133 ], [ 142.7457139, 42.2892414 ], [ 142.750805, 42.2928408 ], [ 142.7505892, 42.3019392 ], [ 142.759624699999989, 42.3112522 ], [ 142.7671528, 42.3125981 ], [ 142.7684386, 42.3202481 ], [ 142.7652056, 42.3390094 ], [ 142.7702464, 42.3438131 ], [ 142.7689406, 42.3489728 ], [ 142.7782169, 42.3565917 ], [ 142.7858781, 42.3669836 ], [ 142.7860942, 42.3720197 ], [ 142.7933294, 42.3791875 ], [ 142.7837486, 42.3903264 ], [ 142.788453299999986, 42.3995564 ], [ 142.7816536, 42.4031714 ], [ 142.7769678, 42.4118708 ], [ 142.778578899999985, 42.4320919 ], [ 142.79522, 42.4360114 ], [ 142.8042283, 42.4359922 ], [ 142.8169844, 42.4403447 ], [ 142.821777199999985, 42.4455156 ], [ 142.8320328, 42.4494017 ], [ 142.8403667, 42.4468589 ], [ 142.8508692, 42.4522894 ], [ 142.866422199999988, 42.4524531 ], [ 142.8696208, 42.4583764 ], [ 142.868560799999983, 42.4637989 ], [ 142.8820967, 42.4663164 ], [ 142.885262499999982, 42.4763719 ], [ 142.8897972, 42.481385 ], [ 142.890975, 42.4886006 ], [ 142.8852944, 42.4975347 ], [ 142.8712147, 42.4991281 ], [ 142.864848099999989, 42.5074994 ], [ 142.8560831, 42.5134256 ], [ 142.8567625, 42.5200603 ], [ 142.861708900000025, 42.5233497 ], [ 142.863793099999981, 42.5415706 ], [ 142.85325, 42.5451642 ], [ 142.8449761, 42.5447133 ], [ 142.8282089, 42.5488161 ], [ 142.82748, 42.5634828 ], [ 142.825122199999981, 42.5704261 ], [ 142.816951900000021, 42.5727653 ], [ 142.8117106, 42.5776067 ], [ 142.81017, 42.58823 ], [ 142.8006389, 42.5963475 ], [ 142.7959706, 42.6129075 ], [ 142.7887342, 42.6198931 ], [ 142.77114, 42.6216008 ], [ 142.7679125, 42.6367458 ], [ 142.7622083, 42.6385003 ], [ 142.7549544, 42.6448956 ], [ 142.7560172, 42.6573308 ], [ 142.75184, 42.6637547 ] ] ] ] } },
{ "type": "Feature", "properties": { "hokenjo": "千歳" }, "geometry": { "type": "MultiPolygon", "coordinates": [ [ [ [ 141.651465299999984, 42.9260517 ], [ 141.6496172, 42.9324828 ], [ 141.6526675, 42.9414139 ], [ 141.645271899999983, 42.9487306 ], [ 141.6372964, 42.9501933 ], [ 141.6339128, 42.9569844 ], [ 141.6331764, 42.9689153 ], [ 141.6206633, 42.9747472 ], [ 141.625079699999986, 42.9804475 ], [ 141.621524199999982, 42.9835017 ], [ 141.604910599999982, 42.9870283 ], [ 141.5957917, 42.9846589 ], [ 141.5948836, 42.9920994 ], [ 141.5870731, 42.9959803 ], [ 141.5797244, 43.0091133 ], [ 141.5808214, 43.0165603 ], [ 141.568671099999989, 43.0248039 ], [ 141.548824199999984, 43.0221108 ], [ 141.539460599999984, 43.018715 ], [ 141.529534399999989, 43.0186628 ], [ 141.5241078, 43.0160692 ], [ 141.5054217, 43.0208594 ], [ 141.4871033, 43.0233167 ], [ 141.488202799999982, 43.0136772 ], [ 141.4824222, 43.0070578 ], [ 141.4775903, 42.9985614 ], [ 141.4807386, 42.9936297 ], [ 141.46683969999998, 42.9737567 ], [ 141.462136099999981, 42.9587194 ], [ 141.4623192, 42.9511892 ], [ 141.454596399999986, 42.9408747 ], [ 141.4410772, 42.9281103 ], [ 141.4336878, 42.9238006 ], [ 141.4277981, 42.9161425 ], [ 141.4212753, 42.9142125 ], [ 141.416741699999989, 42.9076817 ], [ 141.4135556, 42.8956564 ], [ 141.4212561, 42.8914578 ], [ 141.416606699999988, 42.8883953 ], [ 141.3946819, 42.8903642 ], [ 141.3701553, 42.8913247 ], [ 141.3679583, 42.8854283 ], [ 141.360203899999988, 42.8813531 ], [ 141.35771219999998, 42.8763428 ], [ 141.3347061, 42.8702178 ], [ 141.320587499999988, 42.8726364 ], [ 141.314740799999981, 42.8824375 ], [ 141.303335299999986, 42.8867856 ], [ 141.292898899999983, 42.8832881 ], [ 141.2864942, 42.8736406 ], [ 141.278995, 42.8726522 ], [ 141.2567833, 42.8644114 ], [ 141.255026099999981, 42.8581361 ], [ 141.2564486, 42.8482986 ], [ 141.2523167, 42.8429814 ], [ 141.2429161, 42.8397653 ], [ 141.2356058, 42.82114 ], [ 141.2319767, 42.8146117 ], [ 141.222474399999982, 42.8117939 ], [ 141.2191392, 42.807245 ], [ 141.224459699999983, 42.79955 ], [ 141.230389400000035, 42.7972508 ], [ 141.231223299999982, 42.7916422 ], [ 141.2225622, 42.7876531 ], [ 141.199084199999987, 42.7843503 ], [ 141.193986100000018, 42.7781319 ], [ 141.1915031, 42.7687319 ], [ 141.1815719, 42.7607531 ], [ 141.1732839, 42.7511414 ], [ 141.1723031, 42.7438764 ], [ 141.1748039, 42.7317425 ], [ 141.18109, 42.7235306 ], [ 141.182158099999981, 42.7173642 ], [ 141.188553899999988, 42.7109119 ], [ 141.188752199999982, 42.6949397 ], [ 141.1914658, 42.6857897 ], [ 141.1969503, 42.6871181 ], [ 141.2071569, 42.6959142 ], [ 141.20974529999998, 42.7005908 ], [ 141.2186144, 42.6986228 ], [ 141.2333789, 42.6998936 ], [ 141.2438942, 42.6981439 ], [ 141.25118, 42.7107019 ], [ 141.258757799999984, 42.7138372 ], [ 141.277892799999989, 42.7035886 ], [ 141.2838092, 42.7033936 ], [ 141.2881428, 42.6986206 ], [ 141.30041559999998, 42.6932697 ], [ 141.3114075, 42.6842369 ], [ 141.3229172, 42.6825603 ], [ 141.3402989, 42.6849278 ], [ 141.350894399999987, 42.6844956 ], [ 141.3602986, 42.6816053 ], [ 141.3719256, 42.6855619 ], [ 141.3729775, 42.6919211 ], [ 141.3830456, 42.6945411 ], [ 141.386847499999988, 42.69212 ], [ 141.4032081, 42.7165456 ], [ 141.412415, 42.721738099999989 ], [ 141.410955, 42.73383 ], [ 141.412651399999987, 42.7433028 ], [ 141.4103997, 42.7629431 ], [ 141.4192425, 42.7631103 ], [ 141.4384911, 42.760059399999989 ], [ 141.4512708, 42.7633458 ], [ 141.461020599999983, 42.755235299999988 ], [ 141.487648299999989, 42.7493 ], [ 141.50384219999998, 42.7475769 ], [ 141.5107528, 42.7495247 ], [ 141.5285475, 42.7468281 ], [ 141.5428942, 42.7507764 ], [ 141.561376699999983, 42.7431325 ], [ 141.5723439, 42.7437789 ], [ 141.5925614, 42.7593117 ], [ 141.6045747, 42.7722428 ], [ 141.6213033, 42.7723356 ], [ 141.6296692, 42.7752247 ], [ 141.6488958, 42.7765586 ], [ 141.6532139, 42.7749028 ], [ 141.6688633, 42.7754031 ], [ 141.6915919, 42.7711547 ], [ 141.7064581, 42.770405 ], [ 141.7161572, 42.7742697 ], [ 141.722250799999983, 42.7801369 ], [ 141.7425936, 42.7877175 ], [ 141.7568511, 42.7919653 ], [ 141.75432, 42.7984178 ], [ 141.76106919999998, 42.8031361 ], [ 141.7647869, 42.8091775 ], [ 141.770182800000015, 42.8075422 ], [ 141.7757806, 42.8134428 ], [ 141.7760978, 42.8232233 ], [ 141.766895299999987, 42.827035 ], [ 141.7644161, 42.8326589 ], [ 141.77554, 42.8352689 ], [ 141.7895392, 42.841375 ], [ 141.785027499999984, 42.8492489 ], [ 141.7951669, 42.8566233 ], [ 141.7917297, 42.8584875 ], [ 141.7937753, 42.8671478 ], [ 141.7909014, 42.8760997 ], [ 141.7951869, 42.8785008 ], [ 141.8064106, 42.8927336 ], [ 141.8156583, 42.8943014 ], [ 141.817516399999988, 42.8980611 ], [ 141.837005299999987, 42.9078003 ], [ 141.84475, 42.909045 ], [ 141.8674294, 42.917701099999988 ], [ 141.8699814, 42.9220467 ], [ 141.859260799999987, 42.9309389 ], [ 141.8524042, 42.9330372 ], [ 141.8410958, 42.9292381 ], [ 141.8285608, 42.92742 ], [ 141.8221656, 42.9297553 ], [ 141.8074303, 42.9292706 ], [ 141.804185599999983, 42.9312081 ], [ 141.7913744, 42.9289836 ], [ 141.7814328, 42.9323033 ], [ 141.7764564, 42.9402372 ], [ 141.7625433, 42.9509178 ], [ 141.755752200000018, 42.953175 ], [ 141.7566119, 42.9445667 ], [ 141.753226899999987, 42.9381481 ], [ 141.7469231, 42.9346742 ], [ 141.7406667, 42.9232797 ], [ 141.7309725, 42.92242 ], [ 141.717631899999986, 42.9157125 ], [ 141.7097889, 42.9149756 ], [ 141.705318299999988, 42.906505 ], [ 141.707316099999986, 42.8998339 ], [ 141.700613299999986, 42.8956392 ], [ 141.692590599999988, 42.8994847 ], [ 141.688746399999985, 42.9083061 ], [ 141.681924200000026, 42.9109125 ], [ 141.673229700000036, 42.8983719 ], [ 141.669637199999983, 42.889096699999989 ], [ 141.6641142, 42.8850058 ], [ 141.652856899999989, 42.8889478 ], [ 141.6507475, 42.8954833 ], [ 141.6547103, 42.9015919 ], [ 141.652046399999989, 42.906534199999989 ], [ 141.65985809999998, 42.9123383 ], [ 141.6590869, 42.9171553 ], [ 141.651465299999984, 42.9260517 ] ] ] ] } },
{ "type": "Feature", "properties": { "hokenjo": "帯広" }, "geometry": { "type": "MultiPolygon", "coordinates": [ [ [ [ 143.344151399999987, 42.3446817 ], [ 143.3509914, 42.3530369 ], [ 143.3562911, 42.3661125 ], [ 143.3886767, 42.415165 ], [ 143.399419199999983, 42.4314556 ], [ 143.432771, 42.4737333 ], [ 143.4325456, 42.475895 ], [ 143.4440931, 42.4894811 ], [ 143.494446399999987, 42.5413447 ], [ 143.5241567, 42.573468899999988 ], [ 143.5775606, 42.6242122 ], [ 143.6002231, 42.6437844 ], [ 143.631729200000024, 42.6699097 ], [ 143.641714899999982, 42.6757173 ], [ 143.6506008, 42.6835683 ], [ 143.6721325, 42.698458599999988 ], [ 143.690752799999984, 42.7129661 ], [ 143.714919399999985, 42.7299275 ], [ 143.736787199999981, 42.7464706 ], [ 143.76039609999998, 42.7625514 ], [ 143.764357499999988, 42.7631981 ], [ 143.7752403, 42.7737442 ], [ 143.7959692, 42.788649199999988 ], [ 143.80298, 42.7920525 ], [ 143.8198188, 42.8039801 ], [ 143.8231394, 42.8081839 ], [ 143.849035, 42.8284997 ], [ 143.8693461, 42.8422525 ], [ 143.855140799999987, 42.8509169 ], [ 143.8490808, 42.8520553 ], [ 143.8383881, 42.8633444 ], [ 143.8272072, 42.8689386 ], [ 143.819597499999986, 42.8753661 ], [ 143.80746689999998, 42.8788944 ], [ 143.7885311, 42.8915825 ], [ 143.7771847, 42.8961561 ], [ 143.782510299999984, 42.9027275 ], [ 143.7713161, 42.9130972 ], [ 143.771123900000021, 42.9223339 ], [ 143.764525, 42.9292467 ], [ 143.766454399999986, 42.9372117 ], [ 143.761980599999987, 42.9427631 ], [ 143.7663833, 42.9491528 ], [ 143.7666247, 42.9600861 ], [ 143.75062029999998, 42.9707692 ], [ 143.7508908, 42.9775858 ], [ 143.7448431, 42.9810383 ], [ 143.733682499999986, 42.9915422 ], [ 143.7239506, 42.9959008 ], [ 143.7162389, 42.99012 ], [ 143.703145, 43.0034517 ], [ 143.703625, 43.0117036 ], [ 143.7070228, 43.0200594 ], [ 143.706527199999982, 43.0265819 ], [ 143.7104564, 43.0324697 ], [ 143.7105033, 43.0429217 ], [ 143.720044699999988, 43.0534467 ], [ 143.7255911, 43.0569908 ], [ 143.7402644, 43.0593167 ], [ 143.7441775, 43.0670633 ], [ 143.7427161, 43.0732061 ], [ 143.7502261, 43.0758597 ], [ 143.7557669, 43.0830519 ], [ 143.7542817, 43.1106161 ], [ 143.7547386, 43.1203858 ], [ 143.760391699999985, 43.1281461 ], [ 143.7680733, 43.1319428 ], [ 143.770496899999983, 43.1442256 ], [ 143.77465, 43.1543206 ], [ 143.7672811, 43.1591167 ], [ 143.7677692, 43.1630511 ], [ 143.7725772, 43.1677931 ], [ 143.7820128, 43.167597799999989 ], [ 143.7828447, 43.1728039 ], [ 143.7770725, 43.1775094 ], [ 143.77704, 43.1866147 ], [ 143.78987189999998, 43.1930953 ], [ 143.792661399999986, 43.2036394 ], [ 143.7972072, 43.2074289 ], [ 143.7965508, 43.2126264 ], [ 143.7898869, 43.2167064 ], [ 143.793672499999985, 43.2298561 ], [ 143.7996589, 43.2309967 ], [ 143.8022589, 43.2488303 ], [ 143.8114956, 43.2470367 ], [ 143.81224, 43.2535722 ], [ 143.8201297, 43.2605978 ], [ 143.8272878, 43.2622567 ], [ 143.8246014, 43.2851889 ], [ 143.825945, 43.2911647 ], [ 143.84594610000002, 43.2847517 ], [ 143.8634414, 43.30217 ], [ 143.8718331, 43.3074908 ], [ 143.8805389, 43.3063708 ], [ 143.889715599999988, 43.3152758 ], [ 143.8978569, 43.3177697 ], [ 143.8960289, 43.32438 ], [ 143.906445599999984, 43.328925 ], [ 143.912127199999986, 43.3357011 ], [ 143.9181739, 43.3343017 ], [ 143.9209689, 43.340395 ], [ 143.933065, 43.3375703 ], [ 143.9375603, 43.3440475 ], [ 143.9513892, 43.3505 ], [ 143.9523639, 43.3581189 ], [ 143.9605244, 43.3563836 ], [ 143.96613, 43.3616803 ], [ 143.97683139999998, 43.3649889 ], [ 143.9838139, 43.3649217 ], [ 143.9888058, 43.36944 ], [ 143.9958514, 43.3702753 ], [ 144.008115799999985, 43.3752261 ], [ 144.0102561, 43.3815208 ], [ 144.0270108, 43.3918789 ], [ 144.022188299999982, 43.3958014 ], [ 144.029297499999984, 43.4118825 ], [ 144.029768599999983, 43.4198422 ], [ 144.025948299999982, 43.4284919 ], [ 144.016676099999984, 43.4274917 ], [ 144.0043356, 43.4351 ], [ 144.0005242, 43.4428631 ], [ 144.0050508, 43.4489369 ], [ 143.9988214, 43.4649456 ], [ 143.9771589, 43.4716689 ], [ 143.9597461, 43.4727728 ], [ 143.955252799999982, 43.4760378 ], [ 143.957747499999982, 43.4826583 ], [ 143.949605, 43.4858969 ], [ 143.9402747, 43.489898599999989 ], [ 143.943851099999989, 43.4992986 ], [ 143.940183099999985, 43.5025694 ], [ 143.9294458, 43.5033697 ], [ 143.9306528, 43.5113089 ], [ 143.927695799999981, 43.5194978 ], [ 143.915193099999982, 43.5220739 ], [ 143.9091258, 43.5269286 ], [ 143.8970711, 43.5313828 ], [ 143.8849003, 43.522138899999987 ], [ 143.8768331, 43.5232583 ], [ 143.876692199999979, 43.5277056 ], [ 143.8559894, 43.5380972 ], [ 143.8452572, 43.547355 ], [ 143.836962200000016, 43.549669699999988 ], [ 143.8328583, 43.5537967 ], [ 143.821870599999983, 43.5715856 ], [ 143.8209436, 43.5787242 ], [ 143.8044406, 43.5833194 ], [ 143.799102799999986, 43.5897789 ], [ 143.7927458, 43.5905231 ], [ 143.7878658, 43.6060414 ], [ 143.7747542, 43.6161933 ], [ 143.7745717, 43.6229372 ], [ 143.759314200000034, 43.6165303 ], [ 143.740278099999983, 43.6192483 ], [ 143.7376617, 43.6354292 ], [ 143.729645299999987, 43.6363906 ], [ 143.722816099999989, 43.6404797 ], [ 143.710975, 43.6353339 ], [ 143.696429699999982, 43.639522199999988 ], [ 143.6927058, 43.6341108 ], [ 143.6859311, 43.6317456 ], [ 143.68042920000002, 43.6258958 ], [ 143.6740039, 43.6282878 ], [ 143.6583283, 43.6269381 ], [ 143.6555744, 43.6337261 ], [ 143.6395372, 43.6398056 ], [ 143.625666699999982, 43.6376975 ], [ 143.63205, 43.6224872 ], [ 143.618638299999986, 43.6122869 ], [ 143.6173444, 43.6060258 ], [ 143.6032933, 43.6030244 ], [ 143.5917083, 43.6037781 ], [ 143.574413599999986, 43.5975022 ], [ 143.570808299999982, 43.5947533 ], [ 143.5442133, 43.5984658 ], [ 143.5334364, 43.5880625 ], [ 143.5276164, 43.5720044 ], [ 143.529107499999981, 43.5645186 ], [ 143.519457499999987, 43.5539789 ], [ 143.515504199999981, 43.5464872 ], [ 143.502717499999989, 43.5474153 ], [ 143.4892792, 43.540847799999987 ], [ 143.4825903, 43.5327103 ], [ 143.4722578, 43.5292783 ], [ 143.4709669, 43.5213858 ], [ 143.463741699999986, 43.508153299999989 ], [ 143.44300579999998, 43.5154961 ], [ 143.4355086, 43.5218122 ], [ 143.424305799999985, 43.5255953 ], [ 143.4194364, 43.5332958 ], [ 143.415004399999987, 43.5340794 ], [ 143.4089678, 43.5411194 ], [ 143.3994131, 43.546665 ], [ 143.3906978, 43.5443997 ], [ 143.3852833, 43.5487892 ], [ 143.374031699999989, 43.5522469 ], [ 143.362515299999984, 43.5501161 ], [ 143.3568761, 43.546505 ], [ 143.3438519, 43.5516906 ], [ 143.339167799999984, 43.5501475 ], [ 143.3342867, 43.5572369 ], [ 143.314411399999983, 43.5469433 ], [ 143.297954399999981, 43.5469067 ], [ 143.28779609999998, 43.55095 ], [ 143.2693386, 43.5539672 ], [ 143.261569399999985, 43.5592933 ], [ 143.2538022, 43.555765 ], [ 143.235506099999981, 43.5511886 ], [ 143.2253331, 43.5549769 ], [ 143.2239181, 43.5686417 ], [ 143.2257483, 43.5749628 ], [ 143.2130358, 43.5754572 ], [ 143.2089578, 43.5841314 ], [ 143.200325599999985, 43.5830197 ], [ 143.1855017, 43.5857831 ], [ 143.172986399999985, 43.5948556 ], [ 143.1589581, 43.5937625 ], [ 143.154754199999985, 43.5915181 ], [ 143.1424697, 43.5951497 ], [ 143.13415329999998, 43.5879197 ], [ 143.1158117, 43.5833986 ], [ 143.1135214, 43.5796008 ], [ 143.1027944, 43.5764467 ], [ 143.1018233, 43.5732469 ], [ 143.090576699999986, 43.5672969 ], [ 143.0797981, 43.5637228 ], [ 143.069808599999988, 43.5634897 ], [ 143.068658299999981, 43.5585503 ], [ 143.05985560000002, 43.5551897 ], [ 143.0527883, 43.5594672 ], [ 143.041228099999984, 43.5631175 ], [ 143.0303547, 43.5501017 ], [ 143.023027499999984, 43.5485783 ], [ 143.020238899999981, 43.5424178 ], [ 143.023576100000014, 43.534611399999989 ], [ 143.013644699999986, 43.5285331 ], [ 143.0051622, 43.5286692 ], [ 142.985399699999988, 43.5341711 ], [ 142.975936099999984, 43.5392728 ], [ 142.973846399999985, 43.534475 ], [ 142.9577233, 43.5262772 ], [ 142.9435631, 43.5361356 ], [ 142.9385072, 43.5451567 ], [ 142.9236886, 43.5524681 ], [ 142.9095053, 43.563275 ], [ 142.8942783, 43.5664022 ], [ 142.8909083, 43.5657033 ], [ 142.8754147, 43.5700033 ], [ 142.871658599999989, 43.5647131 ], [ 142.8606364, 43.5639797 ], [ 142.860666399999985, 43.5584831 ], [ 142.850201699999985, 43.5489192 ], [ 142.8539233, 43.5362289 ], [ 142.852256399999987, 43.5301253 ], [ 142.839333899999986, 43.5221214 ], [ 142.830079399999988, 43.5234147 ], [ 142.8148022, 43.5307381 ], [ 142.8068575, 43.5280214 ], [ 142.8142169, 43.5225756 ], [ 142.8132578, 43.5138867 ], [ 142.805518899999981, 43.5109969 ], [ 142.797974399999987, 43.5008906 ], [ 142.7912858, 43.5006097 ], [ 142.787076399999989, 43.4959 ], [ 142.779688099999987, 43.4952411 ], [ 142.7768314, 43.4871272 ], [ 142.7321264, 43.4616906 ], [ 142.7239875, 43.4520208 ], [ 142.7146014, 43.4517817 ], [ 142.71037, 43.4400994 ], [ 142.7105717, 43.4327622 ], [ 142.7013244, 43.4256267 ], [ 142.6863117, 43.4178092 ], [ 142.678925, 43.4146511 ], [ 142.6718, 43.4051025 ], [ 142.677398100000033, 43.4036025 ], [ 142.6835836, 43.3953533 ], [ 142.688974700000017, 43.3938311 ], [ 142.6945211, 43.3848692 ], [ 142.706055599999985, 43.3784567 ], [ 142.715405, 43.3683003 ], [ 142.72051639999998, 43.3599492 ], [ 142.749915, 43.3534317 ], [ 142.76128079999998, 43.3572769 ], [ 142.7689725, 43.3465764 ], [ 142.7553264, 43.3453681 ], [ 142.748615799999982, 43.340135 ], [ 142.744787799999983, 43.3242592 ], [ 142.736320799999987, 43.3185636 ], [ 142.7392719, 43.3130764 ], [ 142.734963599999986, 43.2976317 ], [ 142.7368233, 43.2847928 ], [ 142.7471367, 43.2654817 ], [ 142.7470425, 43.2599631 ], [ 142.7415064, 43.257908099999987 ], [ 142.739994699999983, 43.2524706 ], [ 142.7338972, 43.2489661 ], [ 142.742104399999988, 43.2406467 ], [ 142.733742799999987, 43.2342572 ], [ 142.7364336, 43.2194122 ], [ 142.7403233, 43.2126972 ], [ 142.7486803, 43.2110231 ], [ 142.7632719, 43.2004858 ], [ 142.7621153, 43.1940947 ], [ 142.7692578, 43.1888394 ], [ 142.7675744, 43.1803467 ], [ 142.7791097, 43.1735594 ], [ 142.7646581, 43.1619297 ], [ 142.767079199999984, 43.1590708 ], [ 142.7672853, 43.1445189 ], [ 142.764439399999986, 43.1377478 ], [ 142.7672378, 43.1304139 ], [ 142.760424199999989, 43.121205 ], [ 142.752963599999987, 43.1231136 ], [ 142.745284199999986, 43.1149956 ], [ 142.7511347, 43.1098256 ], [ 142.7369272, 43.0954792 ], [ 142.743862799999988, 43.0877581 ], [ 142.7371942, 43.0818072 ], [ 142.727674399999984, 43.0777086 ], [ 142.728127199999989, 43.0728006 ], [ 142.7397114, 43.0663778 ], [ 142.746796099999983, 43.0583361 ], [ 142.749089699999985, 43.0516842 ], [ 142.7480694, 43.0418819 ], [ 142.7534411, 43.0363392 ], [ 142.750735599999985, 43.0297081 ], [ 142.75370719999998, 43.0260825 ], [ 142.7543656, 43.0131058 ], [ 142.7408656, 43.004989699999989 ], [ 142.74487689999998, 42.9977767 ], [ 142.7501842, 42.9966883 ], [ 142.7634311, 42.9893928 ], [ 142.761965799999984, 42.9775831 ], [ 142.7548847, 42.9750808 ], [ 142.7496064, 42.9647578 ], [ 142.7566972, 42.9529194 ], [ 142.7600506, 42.9516031 ], [ 142.7594775, 42.9424008 ], [ 142.767231899999985, 42.93635 ], [ 142.7723972, 42.9364075 ], [ 142.7779981, 42.9255656 ], [ 142.770863599999984, 42.9187886 ], [ 142.756115, 42.8977506 ], [ 142.7628603, 42.892749699999989 ], [ 142.771272499999981, 42.8721953 ], [ 142.785415, 42.8688375 ], [ 142.787799399999983, 42.8631947 ], [ 142.7804983, 42.8593472 ], [ 142.7722281, 42.8510239 ], [ 142.7567497, 42.8517425 ], [ 142.7436928, 42.8471422 ], [ 142.732149199999981, 42.8356908 ], [ 142.7292869, 42.8194175 ], [ 142.7202317, 42.8042522 ], [ 142.7215689, 42.7918331 ], [ 142.7164381, 42.7835503 ], [ 142.7198256, 42.7757481 ], [ 142.7066044, 42.7721381 ], [ 142.6978158, 42.7675969 ], [ 142.6870783, 42.7504411 ], [ 142.6879639, 42.7434975 ], [ 142.6950522, 42.7386542 ], [ 142.7045853, 42.7365508 ], [ 142.7152192, 42.7381872 ], [ 142.7247883, 42.7328625 ], [ 142.7282342, 42.7236417 ], [ 142.7341506, 42.7214003 ], [ 142.74916829999998, 42.7247883 ], [ 142.7556597, 42.7220297 ], [ 142.75827529999998, 42.7023342 ], [ 142.7560286, 42.6908464 ], [ 142.764060299999983, 42.6839297 ], [ 142.7544383, 42.6707567 ], [ 142.75184, 42.6637547 ], [ 142.7560172, 42.6573308 ], [ 142.7549544, 42.6448956 ], [ 142.7622083, 42.6385003 ], [ 142.7679125, 42.6367458 ], [ 142.77114, 42.6216008 ], [ 142.7887342, 42.6198931 ], [ 142.7959706, 42.6129075 ], [ 142.8006389, 42.5963475 ], [ 142.81017, 42.58823 ], [ 142.8117106, 42.5776067 ], [ 142.816951900000021, 42.5727653 ], [ 142.825122199999981, 42.5704261 ], [ 142.82748, 42.5634828 ], [ 142.8282089, 42.5488161 ], [ 142.8449761, 42.5447133 ], [ 142.85325, 42.5451642 ], [ 142.863793099999981, 42.5415706 ], [ 142.861708900000025, 42.5233497 ], [ 142.8567625, 42.5200603 ], [ 142.8560831, 42.5134256 ], [ 142.864848099999989, 42.5074994 ], [ 142.8712147, 42.4991281 ], [ 142.8852944, 42.4975347 ], [ 142.890975, 42.4886006 ], [ 142.8897972, 42.481385 ], [ 142.885262499999982, 42.4763719 ], [ 142.8820967, 42.4663164 ], [ 142.8884878, 42.4542692 ], [ 142.8987325, 42.4492103 ], [ 142.9041028, 42.4318097 ], [ 142.911483299999986, 42.4313736 ], [ 142.924691699999983, 42.4343203 ], [ 142.9312339, 42.4295967 ], [ 142.9469181, 42.4275106 ], [ 142.9500531, 42.4146789 ], [ 142.957238099999984, 42.4110253 ], [ 142.966776899999985, 42.4021831 ], [ 142.9702011, 42.39162 ], [ 142.9813342, 42.3837417 ], [ 142.9898978, 42.3735581 ], [ 142.9998397, 42.371525 ], [ 143.0061972, 42.3623986 ], [ 143.0100881, 42.3529864 ], [ 143.0249642, 42.3472533 ], [ 143.027672199999984, 42.3389542 ], [ 143.0390031, 42.3293131 ], [ 143.0475567, 42.3291747 ], [ 143.0545644, 42.3136675 ], [ 143.0656447, 42.3052289 ], [ 143.0751644, 42.3013789 ], [ 143.07744169999998, 42.2907644 ], [ 143.088709699999981, 42.2877892 ], [ 143.106466899999987, 42.2855867 ], [ 143.1124356, 42.27977 ], [ 143.111151899999982, 42.2725644 ], [ 143.1170292, 42.2602458 ], [ 143.132533099999989, 42.2583533 ], [ 143.1488372, 42.2521403 ], [ 143.147585, 42.2405964 ], [ 143.1606703, 42.2261667 ], [ 143.1656328, 42.2231775 ], [ 143.1786636, 42.2236447 ], [ 143.1860625, 42.2189542 ], [ 143.1867461, 42.2109819 ], [ 143.1918872, 42.19941 ], [ 143.1991922, 42.1910444 ], [ 143.20608, 42.1887858 ], [ 143.2203589, 42.1784056 ], [ 143.2301472, 42.1825789 ], [ 143.240152199999983, 42.1815136 ], [ 143.2496836, 42.175999399999988 ], [ 143.253465799999987, 42.1685475 ], [ 143.266002499999985, 42.1688381 ], [ 143.2665206, 42.1628011 ], [ 143.2984931, 42.1674422 ], [ 143.3047067, 42.162485 ], [ 143.3241028, 42.16004 ], [ 143.3331222, 42.1746 ], [ 143.335777799999988, 42.1896375 ], [ 143.333007499999979, 42.1919297 ], [ 143.335888899999986, 42.2017836 ], [ 143.324053599999985, 42.2067086 ], [ 143.3189572, 42.2126114 ], [ 143.32076, 42.2234225 ], [ 143.315666100000016, 42.2272196 ], [ 143.314707799999979, 42.2360244 ], [ 143.308206399999989, 42.2435053 ], [ 143.3100522, 42.2610756 ], [ 143.3213379, 42.2840651 ], [ 143.32079539999998, 42.2975642 ], [ 143.3269628, 42.2953533 ], [ 143.3325901, 42.3026336 ], [ 143.3263954, 42.3050082 ], [ 143.326506599999988, 42.3134169 ], [ 143.344151399999987, 42.3446817 ] ] ] ] } },
{ "type": "Feature", "properties": { "hokenjo": "滝川" }, "geometry": { "type": "MultiPolygon", "coordinates": [ [ [ [ 142.113680599999981, 43.6359586 ], [ 142.1065294, 43.6405586 ], [ 142.1034397, 43.6462053 ], [ 142.0945556, 43.64472 ], [ 142.0907008, 43.6479394 ], [ 142.0840528, 43.6421578 ], [ 142.0653031, 43.6313414 ], [ 142.053752799999984, 43.6308267 ], [ 142.045197799999983, 43.6355186 ], [ 142.02351059999998, 43.6349278 ], [ 142.0085525, 43.6412286 ], [ 142.0043825, 43.6484478 ], [ 141.9791083, 43.6586492 ], [ 141.974405, 43.6668294 ], [ 141.96186419999998, 43.6690658 ], [ 141.9469308, 43.6723925 ], [ 141.9313175, 43.6688125 ], [ 141.9235889, 43.6620261 ], [ 141.9149794, 43.6620658 ], [ 141.917642199999989, 43.6679772 ], [ 141.913485, 43.677285 ], [ 141.9020639, 43.6807631 ], [ 141.9021233, 43.6877683 ], [ 141.916640799999982, 43.6915325 ], [ 141.917735, 43.7012606 ], [ 141.9077422, 43.7123547 ], [ 141.9059336, 43.7198828 ], [ 141.9000331, 43.7212875 ], [ 141.8913158, 43.7186322 ], [ 141.879255, 43.71899 ], [ 141.87663139999998, 43.7217953 ], [ 141.8582744, 43.7196619 ], [ 141.8496644, 43.7203294 ], [ 141.820551699999982, 43.7095806 ], [ 141.797263099999981, 43.717630799999988 ], [ 141.788399700000014, 43.7237389 ], [ 141.777793299999985, 43.7255286 ], [ 141.772840799999983, 43.7291075 ], [ 141.76251689999998, 43.728729199999989 ], [ 141.744610599999987, 43.7352611 ], [ 141.730293900000021, 43.7373178 ], [ 141.7219433, 43.7359372 ], [ 141.7021244, 43.7398294 ], [ 141.700926399999986, 43.7462947 ], [ 141.6792175, 43.7381228 ], [ 141.6686742, 43.7369561 ], [ 141.65943249999998, 43.7391483 ], [ 141.643446899999986, 43.7402961 ], [ 141.6321275, 43.7395383 ], [ 141.606778099999985, 43.7306572 ], [ 141.5923367, 43.7266575 ], [ 141.57672359999998, 43.7251858 ], [ 141.5731122, 43.7191497 ], [ 141.5630108, 43.7104858 ], [ 141.5482236, 43.7051917 ], [ 141.5395728, 43.7086544 ], [ 141.530396699999983, 43.7078133 ], [ 141.525108099999983, 43.7109642 ], [ 141.525031900000016, 43.7083594 ], [ 141.5110264, 43.6985014 ], [ 141.5054486, 43.6993919 ], [ 141.4933342, 43.6915369 ], [ 141.4906253, 43.6844411 ], [ 141.4983756, 43.6826989 ], [ 141.5075836, 43.6768664 ], [ 141.5102008, 43.6686678 ], [ 141.5171944, 43.6662961 ], [ 141.5265272, 43.6476422 ], [ 141.5313161, 43.6462658 ], [ 141.545477799999986, 43.6367814 ], [ 141.559605299999987, 43.6289394 ], [ 141.5627878, 43.6201836 ], [ 141.5683617, 43.6198406 ], [ 141.5793889, 43.6133283 ], [ 141.584732799999983, 43.6074789 ], [ 141.5880283, 43.5953019 ], [ 141.597700799999984, 43.5868939 ], [ 141.59488, 43.5838164 ], [ 141.5995122, 43.5848633 ], [ 141.6182039, 43.5778594 ], [ 141.614818899999989, 43.5739794 ], [ 141.6189647, 43.5652983 ], [ 141.6269211, 43.5555367 ], [ 141.6235164, 43.5419289 ], [ 141.6282325, 43.5398147 ], [ 141.6398864, 43.5256444 ], [ 141.6471358, 43.5225881 ], [ 141.6523133, 43.5135475 ], [ 141.6606775, 43.5151881 ], [ 141.669713299999984, 43.5066789 ], [ 141.6729344, 43.4984739 ], [ 141.683740299999982, 43.5005261 ], [ 141.6973222, 43.4957508 ], [ 141.7166128, 43.4867522 ], [ 141.727764399999984, 43.4713847 ], [ 141.722260800000015, 43.4596458 ], [ 141.7285106, 43.4552847 ], [ 141.733055, 43.4468481 ], [ 141.720801099999989, 43.4382181 ], [ 141.7294594, 43.4319953 ], [ 141.7364178, 43.4236631 ], [ 141.734096099999988, 43.4108111 ], [ 141.739554200000015, 43.4042289 ], [ 141.7384008, 43.3996542 ], [ 141.7444303, 43.3957286 ], [ 141.7576742, 43.3927606 ], [ 141.7666561, 43.3828225 ], [ 141.7732569, 43.3793739 ], [ 141.7607472, 43.361585 ], [ 141.76298749999998, 43.3565281 ], [ 141.766421399999984, 43.3602583 ], [ 141.77071890000002, 43.3730836 ], [ 141.7798675, 43.3779183 ], [ 141.7987286, 43.378705599999989 ], [ 141.811259399999983, 43.3855536 ], [ 141.8205592, 43.3887936 ], [ 141.8229772, 43.4006167 ], [ 141.8571378, 43.3951797 ], [ 141.8586181, 43.4004964 ], [ 141.904795, 43.391955 ], [ 141.9143536, 43.3931608 ], [ 141.927891700000032, 43.383905 ], [ 141.9332942, 43.3765897 ], [ 141.9433186, 43.3792344 ], [ 141.954847199999989, 43.3773217 ], [ 141.967001899999985, 43.3720053 ], [ 141.9787375, 43.3830119 ], [ 141.982829399999986, 43.3915978 ], [ 141.99624, 43.3948986 ], [ 142.00103249999998, 43.4012978 ], [ 142.0084161, 43.4050942 ], [ 142.019774399999989, 43.4180686 ], [ 142.0323369, 43.4185661 ], [ 142.0346892, 43.4134819 ], [ 142.0445819, 43.4111581 ], [ 142.0501664, 43.4014022 ], [ 142.052620300000029, 43.3792847 ], [ 142.060806899999989, 43.3766706 ], [ 142.062169399999988, 43.3702153 ], [ 142.0551647, 43.3629961 ], [ 142.0612978, 43.3567606 ], [ 142.051817799999981, 43.3508933 ], [ 142.04949, 43.3481772 ], [ 142.0638511, 43.3357703 ], [ 142.059641699999986, 43.3267311 ], [ 142.0505153, 43.3197428 ], [ 142.046301699999987, 43.3082228 ], [ 142.0536453, 43.3036419 ], [ 142.0628247, 43.2924264 ], [ 142.079235, 43.2872347 ], [ 142.0770206, 43.2741392 ], [ 142.089126400000026, 43.2694333 ], [ 142.0890789, 43.2597728 ], [ 142.09419, 43.2575053 ], [ 142.095647499999984, 43.2498333 ], [ 142.10067189999998, 43.2454703 ], [ 142.113902199999984, 43.2223061 ], [ 142.1243469, 43.2197314 ], [ 142.1398308, 43.2231303 ], [ 142.1449831, 43.2282644 ], [ 142.1538769, 43.2285442 ], [ 142.161024699999984, 43.2237042 ], [ 142.164271700000029, 43.2204528 ], [ 142.1822522, 43.2135294 ], [ 142.188244199999986, 43.2066511 ], [ 142.2055283, 43.2083344 ], [ 142.2161806, 43.211465 ], [ 142.2247725, 43.2081964 ], [ 142.229951699999987, 43.211044199999989 ], [ 142.2429117, 43.2124672 ], [ 142.24748169999998, 43.2227811 ], [ 142.2565308, 43.2213594 ], [ 142.278652199999982, 43.2252592 ], [ 142.276437499999986, 43.2334717 ], [ 142.2801464, 43.2352456 ], [ 142.27832859999998, 43.2530989 ], [ 142.288772199999983, 43.2794667 ], [ 142.2859733, 43.288940599999989 ], [ 142.2726197, 43.2976725 ], [ 142.27166889999998, 43.3026269 ], [ 142.2784178, 43.3102922 ], [ 142.2810892, 43.3221706 ], [ 142.2968947, 43.3301856 ], [ 142.295284399999986, 43.3371847 ], [ 142.2898825, 43.3433181 ], [ 142.2927281, 43.3510461 ], [ 142.3051514, 43.3598456 ], [ 142.3128556, 43.3604217 ], [ 142.3309803, 43.3709256 ], [ 142.3506692, 43.3780625 ], [ 142.341995, 43.3850189 ], [ 142.3412856, 43.3923967 ], [ 142.3476033, 43.4005225 ], [ 142.351429699999983, 43.4016636 ], [ 142.3575047, 43.4196467 ], [ 142.366829199999984, 43.4241589 ], [ 142.3681214, 43.4358319 ], [ 142.3616778, 43.4407897 ], [ 142.360565799999989, 43.4579406 ], [ 142.3570417, 43.4662233 ], [ 142.355435799999981, 43.4742294 ], [ 142.3681106, 43.48641 ], [ 142.364436399999988, 43.4947444 ], [ 142.3526206, 43.4997156 ], [ 142.3455203, 43.5065169 ], [ 142.3370272, 43.5060544 ], [ 142.331737799999985, 43.5212569 ], [ 142.3249333, 43.5250925 ], [ 142.32610889999998, 43.5297217 ], [ 142.320528599999989, 43.5332997 ], [ 142.3217847, 43.5443033 ], [ 142.301216899999986, 43.5519717 ], [ 142.2988928, 43.5639344 ], [ 142.287696899999986, 43.5744325 ], [ 142.2892094, 43.5788447 ], [ 142.2852978, 43.5855894 ], [ 142.286449399999981, 43.5943017 ], [ 142.283152199999989, 43.6048367 ], [ 142.291179699999986, 43.6121083 ], [ 142.2882028, 43.620506399999989 ], [ 142.2929839, 43.6320694 ], [ 142.2858608, 43.6435119 ], [ 142.2771219, 43.6471078 ], [ 142.279031900000035, 43.6521053 ], [ 142.2673369, 43.6603664 ], [ 142.257055799999989, 43.6607217 ], [ 142.242538599999989, 43.6521797 ], [ 142.238500599999981, 43.6523314 ], [ 142.236203599999982, 43.6409622 ], [ 142.2243, 43.6397667 ], [ 142.2125528, 43.6328817 ], [ 142.203895599999981, 43.6337483 ], [ 142.19406859999998, 43.6414983 ], [ 142.1901944, 43.6371003 ], [ 142.173159699999985, 43.638613899999989 ], [ 142.165135, 43.6362142 ], [ 142.1503978, 43.6368358 ], [ 142.131506699999989, 43.6411942 ], [ 142.113680599999981, 43.6359586 ] ] ] ] } },
{ "type": "Feature", "properties": { "hokenjo": "稚内" }, "geometry": { "type": "MultiPolygon", "coordinates": [ [ [ [ 142.5002844, 45.0506078 ], [ 142.504371099999986, 45.0600711 ], [ 142.4870875, 45.0595878 ], [ 142.4822144, 45.0614292 ], [ 142.463619699999981, 45.0764589 ], [ 142.4469072, 45.0912522 ], [ 142.4292317, 45.1034528 ], [ 142.4067163, 45.1206849 ], [ 142.389602199999985, 45.137139 ], [ 142.3851611, 45.1393453 ], [ 142.3539125, 45.1674644 ], [ 142.3448981, 45.1747919 ], [ 142.312309699999986, 45.2029747 ], [ 142.284546399999982, 45.2257214 ], [ 142.263265599999983, 45.2454069 ], [ 142.2270211, 45.2825319 ], [ 142.1922803, 45.3149675 ], [ 142.1797364, 45.3300039 ], [ 142.1660872, 45.3421117 ], [ 142.149065, 45.3509117 ], [ 142.1162108, 45.3664244 ], [ 142.085262799999981, 45.3833939 ], [ 142.0632406, 45.3936308 ], [ 142.0501683, 45.4023414 ], [ 142.0420244, 45.4089078 ], [ 142.033501199999989, 45.4199347 ], [ 142.0351358, 45.4295514 ], [ 142.0242958, 45.4367514 ], [ 142.023432499999984, 45.4473656 ], [ 142.018790599999988, 45.4535644 ], [ 142.0079828, 45.4563486 ], [ 142.003565, 45.4602297 ], [ 141.9928128, 45.4626539 ], [ 141.969762799999984, 45.4825615 ], [ 141.967118699999986, 45.4976245 ], [ 141.9614219, 45.5104958 ], [ 141.954318199999989, 45.5163482 ], [ 141.942521199999987, 45.5185714 ], [ 141.9365421, 45.5229574 ], [ 141.928244299999989, 45.5178108 ], [ 141.912556099999989, 45.5175297 ], [ 141.9029725, 45.5145002 ], [ 141.8934893, 45.5089423 ], [ 141.89236889999998, 45.5021886 ], [ 141.879149100000035, 45.4945785 ], [ 141.8796853, 45.4823544 ], [ 141.8747256, 45.4771117 ], [ 141.873551099999986, 45.4697101 ], [ 141.878313099999986, 45.4609172 ], [ 141.8721869, 45.4502806 ], [ 141.8635447, 45.439465 ], [ 141.8543989, 45.4320222 ], [ 141.838407499999988, 45.4221039 ], [ 141.8200512, 45.4141638 ], [ 141.7956121, 45.4065279 ], [ 141.7707762, 45.4039331 ], [ 141.759121099999987, 45.405656799999988 ], [ 141.7458009, 45.4132579 ], [ 141.7452155, 45.4052085 ], [ 141.7403424, 45.4010137 ], [ 141.7160872, 45.3963452 ], [ 141.7065122, 45.3967473 ], [ 141.7026884, 45.4052603 ], [ 141.694296799999989, 45.4051261 ], [ 141.6771252, 45.4106233 ], [ 141.681857399999984, 45.419745899999988 ], [ 141.675808800000027, 45.4210555 ], [ 141.669890399999986, 45.4311277 ], [ 141.647665599999982, 45.4490495 ], [ 141.640141, 45.4387223 ], [ 141.6342345, 45.4205673 ], [ 141.6343411, 45.4055978 ], [ 141.638020899999987, 45.3913177 ], [ 141.6452734, 45.3815102 ], [ 141.6568825, 45.3699836 ], [ 141.6570461, 45.3592947 ], [ 141.6518628, 45.3450344 ], [ 141.643923699999988, 45.3339963 ], [ 141.622645799999987, 45.3136647 ], [ 141.615475299999986, 45.3106565 ], [ 141.6199231, 45.2952122 ], [ 141.614746900000029, 45.2812264 ], [ 141.6089653, 45.2722364 ], [ 141.5739528, 45.2386997 ], [ 141.570535399999983, 45.2295313 ], [ 141.571778, 45.223062 ], [ 141.568436099999985, 45.2051025 ], [ 141.5689614, 45.1981772 ], [ 141.5782467, 45.1760914 ], [ 141.5842956, 45.1600347 ], [ 141.591069899999979, 45.1467735 ], [ 141.6128875, 45.1120478 ], [ 141.6266272, 45.0912839 ], [ 141.6491647, 45.05545 ], [ 141.6634756, 45.0313258 ], [ 141.697715, 44.9701025 ], [ 141.7180122, 44.9297431 ], [ 141.7319144, 44.8999033 ], [ 141.7372047, 44.885652799999988 ], [ 141.736615299999983, 44.8782056 ], [ 141.74042, 44.8819344 ], [ 141.7372608, 44.8940675 ], [ 141.729486899999984, 44.9143272 ], [ 141.726619699999986, 44.9272325 ], [ 141.7207914, 44.9419633 ], [ 141.716106699999983, 44.9462417 ], [ 141.7151608, 44.9526292 ], [ 141.733036699999985, 44.966035 ], [ 141.744519199999985, 44.968585 ], [ 141.7615858, 44.9825483 ], [ 141.7664828, 44.9849803 ], [ 141.777908599999989, 44.9850022 ], [ 141.7962422, 44.9917461 ], [ 141.8204031, 44.9928458 ], [ 141.8331442, 44.9897231 ], [ 141.8381378, 44.991923299999989 ], [ 141.855496099999982, 44.9932161 ], [ 141.862974399999985, 44.9877433 ], [ 141.8637192, 44.9800186 ], [ 141.8715489, 44.9709086 ], [ 141.876224399999984, 44.9562853 ], [ 141.877082799999982, 44.9474525 ], [ 141.8743733, 44.9322983 ], [ 141.876561399999986, 44.9294472 ], [ 141.8986983, 44.9227536 ], [ 141.9094806, 44.9215703 ], [ 141.9185722, 44.9155506 ], [ 141.90974559999998, 44.9092089 ], [ 141.929000799999983, 44.9004139 ], [ 141.930185599999987, 44.9081456 ], [ 141.9489858, 44.9108253 ], [ 141.953013299999981, 44.898095 ], [ 141.9665139, 44.9025633 ], [ 141.97477139999998, 44.911220799999988 ], [ 141.983193299999982, 44.9159669 ], [ 141.989646099999987, 44.9161808 ], [ 141.993206099999981, 44.9035058 ], [ 142.0044125, 44.897915 ], [ 142.012439199999989, 44.9069083 ], [ 142.02109, 44.9109369 ], [ 142.028197799999987, 44.905185 ], [ 142.0295722, 44.8986286 ], [ 142.05311, 44.8982989 ], [ 142.0696619, 44.9014064 ], [ 142.0962844, 44.9011753 ], [ 142.102378099999981, 44.9024444 ], [ 142.11091, 44.8983647 ], [ 142.121015, 44.8979433 ], [ 142.1333414, 44.9021575 ], [ 142.1521622, 44.8858019 ], [ 142.1601581, 44.8700889 ], [ 142.1596328, 44.8655269 ], [ 142.1506344, 44.8601489 ], [ 142.152128299999987, 44.8549453 ], [ 142.165731699999981, 44.8523728 ], [ 142.166570300000018, 44.8465047 ], [ 142.1620217, 44.8366733 ], [ 142.1669508, 44.8351242 ], [ 142.1659358, 44.8233414 ], [ 142.1587408, 44.8125867 ], [ 142.161176399999988, 44.8043753 ], [ 142.168918599999984, 44.8029767 ], [ 142.173513899999989, 44.7981017 ], [ 142.1910064, 44.7992392 ], [ 142.2050803, 44.8082339 ], [ 142.2089617, 44.8212228 ], [ 142.2268903, 44.8231356 ], [ 142.235683099999989, 44.8269806 ], [ 142.2401544, 44.8214861 ], [ 142.2632783, 44.81735 ], [ 142.273064399999981, 44.8216747 ], [ 142.281101399999983, 44.8223008 ], [ 142.2827011, 44.8130331 ], [ 142.280318099999988, 44.8027142 ], [ 142.2834681, 44.7885472 ], [ 142.2955772, 44.7882922 ], [ 142.300491099999988, 44.7837178 ], [ 142.312046899999984, 44.7779497 ], [ 142.3094056, 44.76825 ], [ 142.3048617, 44.7623061 ], [ 142.3026639, 44.7479461 ], [ 142.308598599999982, 44.7461708 ], [ 142.311447499999986, 44.7382031 ], [ 142.3243506, 44.72677 ], [ 142.327453099999985, 44.7101644 ], [ 142.3378142, 44.7094444 ], [ 142.342658299999982, 44.7060772 ], [ 142.358865, 44.710091899999988 ], [ 142.3627497, 44.7052511 ], [ 142.3762894, 44.7018081 ], [ 142.383913899999982, 44.7033644 ], [ 142.3952458, 44.7007453 ], [ 142.3968936, 44.695003299999989 ], [ 142.4092875, 44.6871025 ], [ 142.4184133, 44.6737428 ], [ 142.4121189, 44.6657614 ], [ 142.405465599999985, 44.6486728 ], [ 142.413361899999984, 44.63669 ], [ 142.4179067, 44.6367778 ], [ 142.431613299999981, 44.6278728 ], [ 142.435813599999989, 44.620387799999989 ], [ 142.458318099999985, 44.6161728 ], [ 142.4685892, 44.6198917 ], [ 142.472706099999982, 44.6118203 ], [ 142.479038299999985, 44.6059389 ], [ 142.477743600000025, 44.5964403 ], [ 142.483984400000026, 44.5898522 ], [ 142.4930625, 44.5892833 ], [ 142.4954014, 44.5784264 ], [ 142.51057609999998, 44.5832964 ], [ 142.5147981, 44.5922333 ], [ 142.5193214, 44.5958767 ], [ 142.5243089, 44.6090761 ], [ 142.5367244, 44.614745 ], [ 142.547647499999982, 44.613061099999989 ], [ 142.5577031, 44.6152394 ], [ 142.5631864, 44.61215 ], [ 142.561043899999987, 44.6074856 ], [ 142.5647339, 44.6003508 ], [ 142.57566079999998, 44.6002231 ], [ 142.5939256, 44.5937642 ], [ 142.6090644, 44.5979578 ], [ 142.6222789, 44.5947911 ], [ 142.6417969, 44.5971883 ], [ 142.6469525, 44.5899539 ], [ 142.6567406, 44.5969686 ], [ 142.671005799999989, 44.5977269 ], [ 142.6871822, 44.6028842 ], [ 142.6894158, 44.6099456 ], [ 142.6855981, 44.6168592 ], [ 142.6962967, 44.6214556 ], [ 142.7022844, 44.6300131 ], [ 142.7206653, 44.6324672 ], [ 142.7307092, 44.6388406 ], [ 142.7398397, 44.641335 ], [ 142.7508364, 44.6400694 ], [ 142.761617799999982, 44.6346294 ], [ 142.766345, 44.6392383 ], [ 142.791300299999989, 44.6402267 ], [ 142.7923289, 44.6429428 ], [ 142.810357499999981, 44.6568139 ], [ 142.8237839, 44.6641969 ], [ 142.830726699999985, 44.6703842 ], [ 142.834708299999988, 44.6810914 ], [ 142.84206, 44.6872025 ], [ 142.8328425, 44.6908083 ], [ 142.8156425, 44.7034067 ], [ 142.8148372, 44.7066514 ], [ 142.80470170000001, 44.7090367 ], [ 142.7930278, 44.7170292 ], [ 142.7841831, 44.7269628 ], [ 142.7776089, 44.7291281 ], [ 142.7726697, 44.7377894 ], [ 142.76327, 44.7424478 ], [ 142.7553083, 44.7506317 ], [ 142.737812200000036, 44.7609303 ], [ 142.7281492, 44.7707572 ], [ 142.719423, 44.7860533 ], [ 142.7020494, 44.7970206 ], [ 142.702398099999982, 44.8058836 ], [ 142.6833311, 44.8217769 ], [ 142.6826442, 44.8262378 ], [ 142.6748672, 44.8355756 ], [ 142.6597658, 44.8403647 ], [ 142.656409699999983, 44.849074599999987 ], [ 142.65105939999998, 44.8547069 ], [ 142.646056099999981, 44.8663728 ], [ 142.6353878, 44.87664 ], [ 142.6360197, 44.8829036 ], [ 142.632556699999981, 44.8877442 ], [ 142.6235675, 44.8892569 ], [ 142.607951899999989, 44.899595 ], [ 142.5863527, 44.9215196 ], [ 142.5865923, 44.9337714 ], [ 142.589922299999984, 44.9395864 ], [ 142.5794698, 44.9476166 ], [ 142.57796, 44.9615692 ], [ 142.565766700000012, 44.9692239 ], [ 142.560896899999989, 44.9774867 ], [ 142.550991899999985, 44.9846583 ], [ 142.5449275, 44.9859517 ], [ 142.536525, 44.9997347 ], [ 142.541072499999984, 45.0037378 ], [ 142.5317417, 45.0122597 ], [ 142.5321672, 45.0270639 ], [ 142.519052499999987, 45.0321875 ], [ 142.518694, 45.0364098 ], [ 142.5078019, 45.0400111 ], [ 142.5002844, 45.0506078 ] ] ], [ [ [ 141.226853899999981, 45.0999777 ], [ 141.2375136, 45.09701 ], [ 141.246105299999982, 45.1006886 ], [ 141.2484153, 45.1032361 ], [ 141.2755065, 45.1106039 ], [ 141.2801183, 45.1069061 ], [ 141.287023600000026, 45.1102414 ], [ 141.286266, 45.1145785 ], [ 141.2929461, 45.1192022 ], [ 141.29500059999998, 45.1249742 ], [ 141.300945, 45.1251236 ], [ 141.308735, 45.1301058 ], [ 141.3071847, 45.1339331 ], [ 141.322746699999982, 45.146135 ], [ 141.329473299999989, 45.1490778 ], [ 141.3292578, 45.1601386 ], [ 141.324613299999982, 45.183660599999989 ], [ 141.30355, 45.2146403 ], [ 141.2961369, 45.2200128 ], [ 141.2823119, 45.2233092 ], [ 141.2796247, 45.2312914 ], [ 141.2690144, 45.2358647 ], [ 141.2647122, 45.2300756 ], [ 141.253858799999989, 45.2352287 ], [ 141.2341261, 45.233931 ], [ 141.2272088, 45.2371631 ], [ 141.2275664, 45.2442686 ], [ 141.218241899999981, 45.2501883 ], [ 141.2008789, 45.2562275 ], [ 141.1892469, 45.2568389 ], [ 141.179099399999984, 45.2499967 ], [ 141.1760631, 45.2430689 ], [ 141.1704633, 45.2384672 ], [ 141.156121899999988, 45.2351336 ], [ 141.149100299999986, 45.2244764 ], [ 141.1423144, 45.2238892 ], [ 141.1323792, 45.2134564 ], [ 141.1358897, 45.206425 ], [ 141.1354778, 45.1997133 ], [ 141.1424681, 45.1938794 ], [ 141.1406469, 45.1892353 ], [ 141.1292494, 45.1843917 ], [ 141.1398643, 45.1813074 ], [ 141.1356194, 45.1772064 ], [ 141.1409811, 45.1621783 ], [ 141.149037199999981, 45.159075 ], [ 141.152295, 45.1513942 ], [ 141.161381899999981, 45.1466511 ], [ 141.1656956, 45.1374644 ], [ 141.1800158, 45.1280192 ], [ 141.1933511, 45.1246217 ], [ 141.2045905, 45.1138665 ], [ 141.2275075, 45.1049311 ], [ 141.226853899999981, 45.0999777 ] ] ], [ [ [ 140.9984958, 45.4349978 ], [ 140.985128300000014, 45.4437931 ], [ 140.9795714, 45.4526458 ], [ 140.9673467, 45.4642186 ], [ 140.967605, 45.4530489 ], [ 140.97684719999998, 45.4476317 ], [ 140.9750344, 45.4434633 ], [ 140.9663517, 45.4386025 ], [ 140.9820564, 45.4355656 ], [ 140.9913228, 45.4292708 ], [ 140.9940478, 45.4203094 ], [ 140.9868653, 45.4123964 ], [ 140.991528599999981, 45.4069706 ], [ 140.986580799999984, 45.4027858 ], [ 140.9851711, 45.3961611 ], [ 140.9907169, 45.3861442 ], [ 140.9826903, 45.3830889 ], [ 140.9894406, 45.3680147 ], [ 140.9945664, 45.3628672 ], [ 140.9994892, 45.3514114 ], [ 140.9998869, 45.3436514 ], [ 141.004150600000031, 45.3348758 ], [ 141.00204, 45.3308694 ], [ 141.006408599999986, 45.3242997 ], [ 141.020333099999988, 45.3128308 ], [ 141.0267414, 45.2961875 ], [ 141.02486220000003, 45.2900328 ], [ 141.016753599999987, 45.2834692 ], [ 141.025434400000023, 45.2739908 ], [ 141.046481699999987, 45.2781794 ], [ 141.0473103, 45.2882653 ], [ 141.044979899999987, 45.295152 ], [ 141.0566478, 45.3193439 ], [ 141.0493447, 45.3406447 ], [ 141.054672499999981, 45.3430925 ], [ 141.058915, 45.3515478 ], [ 141.060014699999982, 45.3631589 ], [ 141.058929399999982, 45.378275 ], [ 141.0565082, 45.3859631 ], [ 141.0584694, 45.3958989 ], [ 141.0565703, 45.4085378 ], [ 141.0617914, 45.4211253 ], [ 141.0669825, 45.4225111 ], [ 141.0552831, 45.439258099999989 ], [ 141.049480599999981, 45.4507478 ], [ 141.0331644, 45.4610531 ], [ 141.036363099999988, 45.4431681 ], [ 141.0326772, 45.4385156 ], [ 141.013318500000025, 45.4330334 ], [ 140.9984958, 45.4349978 ] ] ] ] } },
{ "type": "Feature", "properties": { "hokenjo": "中標津" }, "geometry": { "type": "MultiPolygon", "coordinates": [ [ [ [ 145.198907199999979, 43.6078247 ], [ 145.2010847, 43.6159892 ], [ 145.1968272, 43.6227828 ], [ 145.2095931, 43.6231722 ], [ 145.2214758, 43.6209425 ], [ 145.2303919, 43.6143017 ], [ 145.2455756, 43.6137469 ], [ 145.266938700000026, 43.610379 ], [ 145.2667133, 43.6042978 ], [ 145.2722489, 43.5991046 ], [ 145.282096699999983, 43.6001897 ], [ 145.282681599999989, 43.5920474 ], [ 145.3072075, 43.6005872 ], [ 145.3184761, 43.594715 ], [ 145.3278336, 43.5936272 ], [ 145.335005700000011, 43.5898597 ], [ 145.3346206, 43.5847858 ], [ 145.3408545, 43.5792864 ], [ 145.340831399999985, 43.5715018 ], [ 145.3326085, 43.5629109 ], [ 145.317089899999985, 43.5632482 ], [ 145.3053883, 43.5651176 ], [ 145.306803299999984, 43.5581504 ], [ 145.302682799999985, 43.5515595 ], [ 145.3229828, 43.5500846 ], [ 145.3344267, 43.5521877 ], [ 145.3448031, 43.5579461 ], [ 145.3498428, 43.5665319 ], [ 145.345605399999982, 43.5799645 ], [ 145.337683799999979, 43.5894673 ], [ 145.327706299999988, 43.5958499 ], [ 145.3022197, 43.6041158 ], [ 145.269850599999984, 43.6108754 ], [ 145.2455592, 43.6150808 ], [ 145.2247219, 43.6218969 ], [ 145.2092544, 43.6251561 ], [ 145.1574689, 43.6410436 ], [ 145.144247799999988, 43.64635 ], [ 145.136245, 43.6533619 ], [ 145.137016099999983, 43.6584683 ], [ 145.1319814, 43.6696339 ], [ 145.1252206, 43.6757922 ], [ 145.1208656, 43.6859269 ], [ 145.1083789, 43.7007442 ], [ 145.096450799999985, 43.7180192 ], [ 145.094246199999986, 43.7255748 ], [ 145.0849958, 43.7315364 ], [ 145.068952199999984, 43.7481694 ], [ 145.064705799999984, 43.7584919 ], [ 145.0637664, 43.7716831 ], [ 145.059125, 43.7858814 ], [ 145.0635672, 43.7919658 ], [ 145.0610831, 43.8059169 ], [ 145.0696331, 43.8133842 ], [ 145.081258599999984, 43.818875 ], [ 145.0923, 43.8395039 ], [ 145.098546699999986, 43.86092 ], [ 145.0933253, 43.8725847 ], [ 145.0967822, 43.8802775 ], [ 145.093921099999989, 43.8899644 ], [ 145.0959906, 43.8950067 ], [ 145.1065683, 43.9049136 ], [ 145.1120975, 43.9180167 ], [ 145.1188431, 43.9234997 ], [ 145.1208883, 43.9323725 ], [ 145.126518299999987, 43.9387453 ], [ 145.129864699999985, 43.9501033 ], [ 145.1360081, 43.9564211 ], [ 145.1422131, 43.9684578 ], [ 145.14947669999998, 43.97152 ], [ 145.155055299999987, 43.9825086 ], [ 145.1632251, 43.9875991 ], [ 145.178043299999985, 43.9997242 ], [ 145.1816456, 44.0082239 ], [ 145.1994039, 44.02128 ], [ 145.20489569999998, 44.0293507 ], [ 145.2226219, 44.0371478 ], [ 145.2388881, 44.0583167 ], [ 145.2384358, 44.0624233 ], [ 145.245036699999986, 44.0682853 ], [ 145.2400217, 44.0892144 ], [ 145.245308199999982, 44.1030949 ], [ 145.2501519, 44.1091422 ], [ 145.255567899999988, 44.125903 ], [ 145.263858299999981, 44.1381878 ], [ 145.2827581, 44.1485778 ], [ 145.292368899999985, 44.1560381 ], [ 145.2970861, 44.1644044 ], [ 145.3032919, 44.1658644 ], [ 145.3084997, 44.1742619 ], [ 145.317079399999983, 44.1816497 ], [ 145.3193172, 44.1879136 ], [ 145.328765799999985, 44.1913497 ], [ 145.3329306, 44.1972856 ], [ 145.3327222, 44.2052731 ], [ 145.337501399999979, 44.2136333 ], [ 145.3482194, 44.2230011 ], [ 145.346390300000024, 44.2296461 ], [ 145.3496342, 44.2329186 ], [ 145.347366699999981, 44.2413042 ], [ 145.3522581, 44.2466147 ], [ 145.3617194, 44.2511069 ], [ 145.366357199999982, 44.2644367 ], [ 145.3563958, 44.2832897 ], [ 145.3487611, 44.29457 ], [ 145.3500003, 44.298585 ], [ 145.34622779999998, 44.3109339 ], [ 145.3516108, 44.3150678 ], [ 145.350285, 44.3209656 ], [ 145.34188469999998, 44.3249283 ], [ 145.3406411, 44.3314094 ], [ 145.34428029999998, 44.339445 ], [ 145.3376442, 44.3413125 ], [ 145.330856899999986, 44.3350389 ], [ 145.3257825, 44.3254278 ], [ 145.3285311, 44.3093464 ], [ 145.3223578, 44.3036725 ], [ 145.322285, 44.2973606 ], [ 145.3173094, 44.28733 ], [ 145.3213369, 44.2785286 ], [ 145.3141469, 44.2575903 ], [ 145.30148939999998, 44.2517725 ], [ 145.3027056, 44.2465856 ], [ 145.2941831, 44.2401064 ], [ 145.2876867, 44.2286203 ], [ 145.2802058, 44.2253158 ], [ 145.2768886, 44.2060181 ], [ 145.285359700000015, 44.1995506 ], [ 145.2805272, 44.1905094 ], [ 145.286925599999989, 44.1865544 ], [ 145.27331, 44.1792792 ], [ 145.2719875, 44.1675464 ], [ 145.259329399999984, 44.1676792 ], [ 145.2446731, 44.1641664 ], [ 145.2343708, 44.1574114 ], [ 145.22466559999998, 44.1563047 ], [ 145.2177714, 44.1466833 ], [ 145.199498299999988, 44.1407239 ], [ 145.1824167, 44.1373961 ], [ 145.17851, 44.1272514 ], [ 145.1689619, 44.1244808 ], [ 145.16067, 44.1119256 ], [ 145.1499636, 44.1122561 ], [ 145.1407556, 44.0988514 ], [ 145.1393761, 44.0909331 ], [ 145.1210236, 44.0749803 ], [ 145.1132606, 44.0579092 ], [ 145.1057883, 44.0554064 ], [ 145.101076399999982, 44.0488528 ], [ 145.08734, 44.0442875 ], [ 145.0651508, 44.0430911 ], [ 145.0577175, 44.0368464 ], [ 145.0550436, 44.0231278 ], [ 145.049456099999986, 44.0169147 ], [ 145.0494406, 44.0080775 ], [ 145.0386733, 44.0052836 ], [ 145.0260461, 44.0062606 ], [ 145.0154925, 43.9976278 ], [ 145.0103389, 43.98826 ], [ 145.0053153, 43.9838397 ], [ 145.003870299999988, 43.9754661 ], [ 144.995184199999983, 43.9679689 ], [ 144.9966622, 43.9561581 ], [ 145.0032267, 43.9470642 ], [ 144.9853703, 43.939073099999987 ], [ 144.982145600000024, 43.9329011 ], [ 144.9650014, 43.9222108 ], [ 144.9567869, 43.9204981 ], [ 144.9410461, 43.9203036 ], [ 144.9230628, 43.9163408 ], [ 144.916067199999986, 43.911951699999989 ], [ 144.914164699999986, 43.9061361 ], [ 144.9048942, 43.9055358 ], [ 144.9055644, 43.8986233 ], [ 144.893374199999982, 43.8838211 ], [ 144.876760599999983, 43.8767911 ], [ 144.887722199999985, 43.8702828 ], [ 144.9044939, 43.8664806 ], [ 144.901944200000031, 43.8622856 ], [ 144.9051153, 43.8503294 ], [ 144.8968261, 43.8451931 ], [ 144.895885599999986, 43.8395489 ], [ 144.884639199999981, 43.8326753 ], [ 144.8770256, 43.8318833 ], [ 144.8795567, 43.8224261 ], [ 144.8717706, 43.8209881 ], [ 144.8631447, 43.8118083 ], [ 144.863869199999982, 43.8034394 ], [ 144.86751, 43.7979403 ], [ 144.8589225, 43.7859472 ], [ 144.8528861, 43.7890036 ], [ 144.843840299999982, 43.7867483 ], [ 144.8379861, 43.7971739 ], [ 144.8304344, 43.7992983 ], [ 144.8274717, 43.7942831 ], [ 144.8157639, 43.7957617 ], [ 144.814832199999984, 43.7904394 ], [ 144.8075828, 43.7872628 ], [ 144.8114372, 43.7815553 ], [ 144.8101925, 43.7748425 ], [ 144.8019697, 43.7658897 ], [ 144.7964806, 43.7630308 ], [ 144.7642653, 43.7573947 ], [ 144.7551569, 43.7573319 ], [ 144.7467619, 43.7604928 ], [ 144.7224933, 43.76178 ], [ 144.7200594, 43.7550044 ], [ 144.7202467, 43.7417778 ], [ 144.723268100000013, 43.7314169 ], [ 144.721720299999987, 43.7275083 ], [ 144.7255342, 43.7192806 ], [ 144.7236375, 43.7094569 ], [ 144.7301656, 43.7014658 ], [ 144.7327339, 43.6840231 ], [ 144.717896699999983, 43.6788306 ], [ 144.704747199999986, 43.6678233 ], [ 144.70626249999998, 43.6599464 ], [ 144.687626099999989, 43.6563478 ], [ 144.6667297, 43.6450256 ], [ 144.660378899999984, 43.6382503 ], [ 144.6484683, 43.6351747 ], [ 144.6416486, 43.6251131 ], [ 144.633886099999984, 43.6249358 ], [ 144.6268892, 43.6337475 ], [ 144.6140431, 43.6345067 ], [ 144.6009119, 43.6199039 ], [ 144.59172, 43.6189842 ], [ 144.592967499999986, 43.6093947 ], [ 144.5706314, 43.6006786 ], [ 144.57493359999998, 43.5920731 ], [ 144.5738608, 43.5873106 ], [ 144.579040599999985, 43.5769219 ], [ 144.590495299999986, 43.5772297 ], [ 144.6003461, 43.5734153 ], [ 144.6144467, 43.5705958 ], [ 144.6687236, 43.5470722 ], [ 144.745101700000021, 43.4859347 ], [ 144.678863299999989, 43.4419764 ], [ 144.662551899999983, 43.4459047 ], [ 144.652341899999982, 43.4466544 ], [ 144.6464158, 43.4385772 ], [ 144.641616699999986, 43.4364317 ], [ 144.646535799999981, 43.4292867 ], [ 144.6384453, 43.4264611 ], [ 144.6384981, 43.4187222 ], [ 144.645489699999985, 43.4128328 ], [ 144.644281899999982, 43.4073933 ], [ 144.65624219999998, 43.3954189 ], [ 144.663849199999987, 43.3809631 ], [ 144.6620528, 43.3747322 ], [ 144.6649019, 43.3655017 ], [ 144.6684669, 43.3634369 ], [ 144.669799399999988, 43.3514697 ], [ 144.677899199999985, 43.3496339 ], [ 144.68098, 43.3433353 ], [ 144.6881564, 43.3398908 ], [ 144.6960406, 43.3446689 ], [ 144.7029364, 43.3411747 ], [ 144.722231099999988, 43.3255361 ], [ 144.7260594, 43.3174289 ], [ 144.737777199999982, 43.3175506 ], [ 144.758261399999981, 43.3079797 ], [ 144.7661617, 43.3091572 ], [ 144.7680344, 43.3045275 ], [ 144.785066699999987, 43.3036064 ], [ 144.788136899999984, 43.3010339 ], [ 144.812129699999986, 43.2999567 ], [ 144.8226731, 43.2983578 ], [ 144.840718899999985, 43.2922031 ], [ 144.8468331, 43.28284 ], [ 144.862155, 43.2770575 ], [ 144.8715597, 43.2818694 ], [ 144.8792367, 43.2780111 ], [ 144.8954333, 43.2655186 ], [ 144.9107656, 43.257135 ], [ 144.9159575, 43.2446822 ], [ 144.937050299999981, 43.2492983 ], [ 144.9468594, 43.2484656 ], [ 144.962251399999985, 43.2385297 ], [ 144.9722156, 43.2354383 ], [ 144.9849944, 43.2338308 ], [ 144.9959825, 43.2245228 ], [ 145.0128297, 43.2159361 ], [ 145.0237206, 43.2149992 ], [ 145.0351192, 43.2200783 ], [ 145.0347803, 43.2246336 ], [ 145.043795800000026, 43.2321956 ], [ 145.0543056, 43.2357256 ], [ 145.066033899999979, 43.2425431 ], [ 145.0742311, 43.2398364 ], [ 145.0990875, 43.2382572 ], [ 145.1017453, 43.2357236 ], [ 145.1130708, 43.2367133 ], [ 145.1231061, 43.233815 ], [ 145.133250299999986, 43.2372664 ], [ 145.1418803, 43.2446328 ], [ 145.1497158, 43.2435506 ], [ 145.156903299999982, 43.2520867 ], [ 145.1676436, 43.2584658 ], [ 145.1796242, 43.2593256 ], [ 145.184951899999987, 43.2566386 ], [ 145.195602200000025, 43.2576594 ], [ 145.2098772, 43.2507978 ], [ 145.219201699999985, 43.2566703 ], [ 145.216802799999982, 43.2696456 ], [ 145.2258353, 43.2779831 ], [ 145.2396494, 43.2770097 ], [ 145.251387199999982, 43.2839792 ], [ 145.253095299999984, 43.2908461 ], [ 145.258965, 43.2930014 ], [ 145.256123299999985, 43.3002903 ], [ 145.2562561, 43.3106572 ], [ 145.252046899999982, 43.3177069 ], [ 145.253239399999984, 43.3303119 ], [ 145.287306699999988, 43.3303344 ], [ 145.3071108, 43.3267461 ], [ 145.3425858, 43.3109264 ], [ 145.370945, 43.2905933 ], [ 145.379932199999985, 43.2901189 ], [ 145.390909400000027, 43.2944905 ], [ 145.38593419999998, 43.2973836 ], [ 145.379106899999982, 43.3065036 ], [ 145.3606983, 43.3163328 ], [ 145.3445558, 43.326865 ], [ 145.322865, 43.3441633 ], [ 145.30775079999998, 43.3590569 ], [ 145.29689, 43.3726439 ], [ 145.2779464, 43.4019244 ], [ 145.271011099999981, 43.4159242 ], [ 145.2624389, 43.4383492 ], [ 145.2613292, 43.454980299999988 ], [ 145.2554347, 43.4745358 ], [ 145.2509672, 43.4838619 ], [ 145.246008599999982, 43.5064494 ], [ 145.2457097, 43.5210011 ], [ 145.241543299999989, 43.5326192 ], [ 145.237138499999986, 43.5354199 ], [ 145.235019699999981, 43.5427125 ], [ 145.222073099999989, 43.5579139 ], [ 145.223772699999984, 43.5670802 ], [ 145.2142781, 43.57736 ], [ 145.2177303, 43.5887431 ], [ 145.2110175, 43.5893575 ], [ 145.195212199999986, 43.6008344 ], [ 145.198907199999979, 43.6078247 ] ] ] ] } },
{ "type": "Feature", "properties": { "hokenjo": "渡島" }, "geometry": { "type": "MultiPolygon", "coordinates": [ [ [ [ 139.815561699999989, 41.3592622 ], [ 139.8129994, 41.3628436 ], [ 139.8036969, 41.3657064 ], [ 139.798891699999984, 41.3584114 ], [ 139.8075239, 41.3536961 ], [ 139.815561699999989, 41.3592622 ] ] ], [ [ [ 139.3700598, 41.5240067 ], [ 139.3530441, 41.523135599999989 ], [ 139.3408307, 41.5251049 ], [ 139.3362708, 41.5218157 ], [ 139.3346713, 41.5145284 ], [ 139.3387354, 41.5070376 ], [ 139.340482399999985, 41.4951082 ], [ 139.359453699999989, 41.5006346 ], [ 139.3721873, 41.5014015 ], [ 139.3830673, 41.5076217 ], [ 139.383468, 41.5121548 ], [ 139.3759014, 41.5225122 ], [ 139.3700598, 41.5240067 ] ] ], [ [ [ 140.194046899999989, 41.3984011 ], [ 140.1998533, 41.3982856 ], [ 140.204827199999983, 41.4046803 ], [ 140.21606749999998, 41.4100842 ], [ 140.216561899999988, 41.4165833 ], [ 140.2207727, 41.4252848 ], [ 140.237043299999982, 41.4413254 ], [ 140.238504799999987, 41.4498282 ], [ 140.2435111, 41.4527284 ], [ 140.246469, 41.4625398 ], [ 140.2559803, 41.4657244 ], [ 140.258147899999983, 41.4801529 ], [ 140.2713736, 41.4857724 ], [ 140.2930687, 41.4912744 ], [ 140.300767399999984, 41.4914114 ], [ 140.3236288, 41.4998854 ], [ 140.3365714, 41.5069765 ], [ 140.3451136, 41.5049428 ], [ 140.3529275, 41.5120733 ], [ 140.363642199999987, 41.5154739 ], [ 140.374389399999984, 41.5164531 ], [ 140.384922499999988, 41.5149594 ], [ 140.4042342, 41.5190778 ], [ 140.4085914, 41.5167156 ], [ 140.43310169999998, 41.5416625 ], [ 140.4370286, 41.5480628 ], [ 140.4365733, 41.5587442 ], [ 140.4310477, 41.562587 ], [ 140.4291164, 41.57479 ], [ 140.4289469, 41.6066458 ], [ 140.4331731, 41.6504806 ], [ 140.4345528, 41.6589069 ], [ 140.436240199999986, 41.6680273 ], [ 140.441836599999988, 41.6811044 ], [ 140.4551754, 41.6944798 ], [ 140.4620617, 41.6973833 ], [ 140.471959199999986, 41.6973575 ], [ 140.477942499999983, 41.7005589 ], [ 140.484018599999985, 41.697925 ], [ 140.504009700000012, 41.6992831 ], [ 140.5189761, 41.7016156 ], [ 140.5270042, 41.7005406 ], [ 140.532530799999989, 41.7077814 ], [ 140.5491964, 41.7208686 ], [ 140.5557035, 41.7228366 ], [ 140.562001899999984, 41.7281092 ], [ 140.577767699999981, 41.7313782 ], [ 140.58117390000001, 41.7371582 ], [ 140.6018, 41.7426814 ], [ 140.6049965, 41.7561946 ], [ 140.6043555, 41.7625086 ], [ 140.6120219, 41.7684739 ], [ 140.6135344, 41.7775861 ], [ 140.6206354, 41.7874785 ], [ 140.6180022, 41.7951438 ], [ 140.6226843, 41.8051149 ], [ 140.6351977, 41.8145575 ], [ 140.655122299999988, 41.8210384 ], [ 140.6651583, 41.8222174 ], [ 140.682469699999984, 41.8211775 ], [ 140.701826900000015, 41.8153729 ], [ 140.7096491, 41.8085058 ], [ 140.7195614, 41.8167661 ], [ 140.7061419, 41.8301389 ], [ 140.7000128, 41.8461458 ], [ 140.7172803, 41.8486417 ], [ 140.7328128, 41.85336 ], [ 140.735843599999981, 41.8611928 ], [ 140.743395, 41.8682861 ], [ 140.7520183, 41.8723092 ], [ 140.7626789, 41.8743692 ], [ 140.7671444, 41.8774758 ], [ 140.7751006, 41.9011267 ], [ 140.783425, 41.9111361 ], [ 140.7825761, 41.9165131 ], [ 140.7871514, 41.9314464 ], [ 140.797585699999985, 41.9265463 ], [ 140.8018214, 41.9332622 ], [ 140.8191186, 41.9449047 ], [ 140.82648469999998, 41.9539375 ], [ 140.831455799999986, 41.9508417 ], [ 140.837908299999981, 41.9603772 ], [ 140.842493900000022, 41.9626875 ], [ 140.8397281, 41.9698922 ], [ 140.839404699999989, 41.9869636 ], [ 140.8423319, 41.9937703 ], [ 140.8646364, 42.0093522 ], [ 140.8530867, 42.0135689 ], [ 140.8431242, 42.0223444 ], [ 140.8214471, 42.0341799 ], [ 140.814548299999984, 42.0421664 ], [ 140.8117006, 42.0509606 ], [ 140.803249199999982, 42.0578708 ], [ 140.804154399999987, 42.0683361 ], [ 140.802263899999986, 42.0770328 ], [ 140.7877986, 42.0771006 ], [ 140.775624400000027, 42.0840753 ], [ 140.7671803, 42.09734 ], [ 140.7620044, 42.1140603 ], [ 140.758825, 42.117055 ], [ 140.7437611, 42.1201694 ], [ 140.725781, 42.1281244 ], [ 140.715237799999983, 42.1366941 ], [ 140.7047145, 42.1374223 ], [ 140.6945667, 42.1288364 ], [ 140.6885102, 42.1259577 ], [ 140.6748833, 42.1264999 ], [ 140.6647709, 42.1286564 ], [ 140.654432499999984, 42.1281938 ], [ 140.615258399999988, 42.1148557 ], [ 140.579373, 42.1082113 ], [ 140.551103499999982, 42.1129845 ], [ 140.5353241, 42.1214114 ], [ 140.5293553, 42.1219133 ], [ 140.51444189999998, 42.1293658 ], [ 140.5069824, 42.1361759 ], [ 140.4978734, 42.1474828 ], [ 140.4836478, 42.1558275 ], [ 140.4758175, 42.1578867 ], [ 140.462990800000028, 42.1661067 ], [ 140.456985799999984, 42.1767311 ], [ 140.4512442, 42.1695739 ], [ 140.4390247, 42.1683611 ], [ 140.4339942, 42.1627028 ], [ 140.426827800000012, 42.1625122 ], [ 140.412707499999982, 42.1503075 ], [ 140.3981364, 42.1336811 ], [ 140.3937386, 42.1229869 ], [ 140.4139711, 42.1138169 ], [ 140.41511749999998, 42.1088175 ], [ 140.4213047, 42.1021831 ], [ 140.420320799999985, 42.0956939 ], [ 140.4289133, 42.0851539 ], [ 140.4252875, 42.0830492 ], [ 140.4234544, 42.0731353 ], [ 140.431652499999984, 42.0624717 ], [ 140.434413899999981, 42.0468419 ], [ 140.431157499999983, 42.0335683 ], [ 140.4333794, 42.0278731 ], [ 140.4293322, 42.0231767 ], [ 140.45378, 42.011917499999988 ], [ 140.465764399999983, 41.9974975 ], [ 140.470936099999989, 41.9934722 ], [ 140.4643692, 41.9861447 ], [ 140.4643539, 41.9758489 ], [ 140.4692192, 41.9651628 ], [ 140.4677461, 41.9594394 ], [ 140.470693899999986, 41.9539344 ], [ 140.4604086, 41.9518514 ], [ 140.457065799999981, 41.9449147 ], [ 140.4431764, 41.9373006 ], [ 140.452921100000026, 41.929791099999989 ], [ 140.450343600000025, 41.921318299999989 ], [ 140.4589767, 41.9107514 ], [ 140.4735514, 41.900875 ], [ 140.4684981, 41.8826192 ], [ 140.46422, 41.8785806 ], [ 140.460575299999988, 41.8636758 ], [ 140.44798, 41.8616578 ], [ 140.4506467, 41.85758 ], [ 140.4609064, 41.8511072 ], [ 140.4603703, 41.8446783 ], [ 140.440812199999982, 41.8384153 ], [ 140.428195599999981, 41.8316339 ], [ 140.427518599999985, 41.8249317 ], [ 140.4345878, 41.8150511 ], [ 140.430520799999982, 41.8079572 ], [ 140.4216314, 41.8132272 ], [ 140.4088108, 41.8129711 ], [ 140.397952799999985, 41.8056267 ], [ 140.3879653, 41.8079178 ], [ 140.3781022, 41.8054544 ], [ 140.371799399999986, 41.7941936 ], [ 140.3580575, 41.7869467 ], [ 140.353138900000033, 41.78554 ], [ 140.3492253, 41.7753067 ], [ 140.3521419, 41.7670053 ], [ 140.349850799999984, 41.7566 ], [ 140.34137, 41.7511383 ], [ 140.350406099999987, 41.7436508 ], [ 140.349860299999989, 41.7381397 ], [ 140.343465, 41.7329403 ], [ 140.3397417, 41.7222025 ], [ 140.324598899999984, 41.7200225 ], [ 140.3224917, 41.7155003 ], [ 140.308996399999984, 41.7179372 ], [ 140.3046364, 41.7118575 ], [ 140.298755799999981, 41.693131699999988 ], [ 140.3028947, 41.6887989 ], [ 140.2967744, 41.6855625 ], [ 140.2963097, 41.6805661 ], [ 140.2895531, 41.6738992 ], [ 140.281916699999982, 41.6707847 ], [ 140.2821467, 41.662745 ], [ 140.2817169, 41.6598494 ], [ 140.2575608, 41.6524642 ], [ 140.248895299999987, 41.6413972 ], [ 140.235662499999989, 41.6334006 ], [ 140.2256844, 41.6338586 ], [ 140.2140114, 41.6242614 ], [ 140.2009161, 41.6268486 ], [ 140.194365, 41.6196828 ], [ 140.1959594, 41.6083925 ], [ 140.1941994, 41.5999978 ], [ 140.188012499999985, 41.5975081 ], [ 140.1838881, 41.5901028 ], [ 140.176055599999984, 41.5881336 ], [ 140.1644681, 41.5774956 ], [ 140.150345, 41.5843192 ], [ 140.1386417, 41.581908899999988 ], [ 140.1303728, 41.5832447 ], [ 140.1179814, 41.5759833 ], [ 140.1106092, 41.5853092 ], [ 140.0994297, 41.5923744 ], [ 140.091409699999986, 41.5902819 ], [ 140.062813899999981, 41.5925419 ], [ 140.0622525, 41.6017608 ], [ 140.0592006, 41.6063211 ], [ 140.0490986, 41.609707199999988 ], [ 140.0399625, 41.6181644 ], [ 140.03503, 41.6274744 ], [ 140.0260217, 41.6318994 ], [ 140.0123508, 41.628949399999989 ], [ 139.998715799999985, 41.6321211 ], [ 139.9935269, 41.6302136 ], [ 139.988080599999989, 41.6160619 ], [ 139.983360299999987, 41.6094683 ], [ 139.982093099999986, 41.6004311 ], [ 139.9866558, 41.5642906 ], [ 139.9845886, 41.5608625 ], [ 139.991491800000034, 41.5433768 ], [ 139.9978064, 41.5399719 ], [ 140.0019553, 41.5312525 ], [ 140.0018799, 41.5245946 ], [ 140.0072425, 41.5192847 ], [ 140.009442799999988, 41.509467199999989 ], [ 140.0168922, 41.4992058 ], [ 140.015015299999988, 41.4926083 ], [ 140.0223833, 41.4842325 ], [ 140.028791899999987, 41.47307 ], [ 140.0273192, 41.46238 ], [ 140.0344914, 41.4560864 ], [ 140.040471599999989, 41.4473207 ], [ 140.04748189999998, 41.4461064 ], [ 140.072648099999981, 41.4286339 ], [ 140.074869399999983, 41.4244119 ], [ 140.0900478, 41.4207011 ], [ 140.092480599999988, 41.4247978 ], [ 140.1136711, 41.4269317 ], [ 140.1278989, 41.4307742 ], [ 140.1351233, 41.4272956 ], [ 140.1432375, 41.4284778 ], [ 140.1594154, 41.42202 ], [ 140.1809017, 41.4039725 ], [ 140.194046899999989, 41.3984011 ] ] ] ] } },
{ "type": "Feature", "properties": { "hokenjo": "苫小牧" }, "geometry": { "type": "MultiPolygon", "coordinates": [ [ [ [ 141.3790338, 42.5567776 ], [ 141.41832549999998, 42.5748654 ], [ 141.4618061, 42.5925114 ], [ 141.5001148, 42.604697 ], [ 141.5292178, 42.6128278 ], [ 141.583154899999982, 42.6237605 ], [ 141.610879, 42.6271677 ], [ 141.6115629, 42.620379899999989 ], [ 141.6175791, 42.6207244 ], [ 141.616771, 42.628121199999988 ], [ 141.6242311, 42.6303511 ], [ 141.6209743, 42.6412766 ], [ 141.6298276, 42.6366899 ], [ 141.6424001, 42.6395559 ], [ 141.6954058, 42.6573963 ], [ 141.6984242, 42.6525305 ], [ 141.6867825, 42.6509473 ], [ 141.6483912, 42.6378512 ], [ 141.631119899999987, 42.6281413 ], [ 141.659456899999981, 42.6304644 ], [ 141.6719984, 42.6303665 ], [ 141.6737798, 42.6278562 ], [ 141.690871900000019, 42.6287084 ], [ 141.716482, 42.627415299999988 ], [ 141.7365591, 42.6235644 ], [ 141.7594613, 42.620809 ], [ 141.7837149, 42.6131108 ], [ 141.7811945, 42.6069023 ], [ 141.7988508, 42.6022487 ], [ 141.810043399999984, 42.6106504 ], [ 141.820467, 42.6118631 ], [ 141.8217821, 42.6056875 ], [ 141.876807899999989, 42.5865252 ], [ 141.903805799999986, 42.5774293 ], [ 141.9186, 42.5600419 ], [ 141.924072199999983, 42.5591834 ], [ 141.93586449999998, 42.5522023 ], [ 141.941582, 42.544967899999989 ], [ 141.9560414, 42.5389004 ], [ 141.9674517, 42.531201599999989 ], [ 141.966940099999988, 42.5285133 ], [ 141.979079399999989, 42.5355247 ], [ 141.9824744, 42.5452633 ], [ 141.9957183, 42.54492 ], [ 142.0113675, 42.539889699999989 ], [ 142.0124644, 42.5460944 ], [ 142.0213153, 42.550495 ], [ 142.0345769, 42.5520934 ], [ 142.0470914, 42.5604092 ], [ 142.0605519, 42.5731517 ], [ 142.0666297, 42.5713256 ], [ 142.0842189, 42.5747067 ], [ 142.090745, 42.5819556 ], [ 142.109383899999983, 42.5909758 ], [ 142.119195599999983, 42.5931736 ], [ 142.1229936, 42.6190067 ], [ 142.1302733, 42.6353436 ], [ 142.1382022, 42.6438117 ], [ 142.139167499999985, 42.6560497 ], [ 142.1486167, 42.6610056 ], [ 142.148395, 42.6718958 ], [ 142.158086699999984, 42.6744269 ], [ 142.162111899999985, 42.679885 ], [ 142.1602317, 42.6837853 ], [ 142.167063899999988, 42.6924436 ], [ 142.1855903, 42.7006908 ], [ 142.1847908, 42.705995 ], [ 142.189625299999989, 42.7201733 ], [ 142.212078599999984, 42.723895 ], [ 142.2100969, 42.7280739 ], [ 142.2198822, 42.7342194 ], [ 142.2196889, 42.7445281 ], [ 142.230073299999987, 42.7440883 ], [ 142.2367103, 42.746952799999988 ], [ 142.252643299999988, 42.7471642 ], [ 142.2619081, 42.7529789 ], [ 142.26513, 42.7588844 ], [ 142.271315, 42.7595453 ], [ 142.2777264, 42.7648506 ], [ 142.29865719999998, 42.7729958 ], [ 142.29899469999998, 42.7869928 ], [ 142.3052011, 42.7907064 ], [ 142.3053267, 42.8012042 ], [ 142.3080439, 42.8031633 ], [ 142.3072214, 42.8188606 ], [ 142.311815599999989, 42.8249361 ], [ 142.309405, 42.8347392 ], [ 142.3045161, 42.8423994 ], [ 142.311049699999984, 42.8474344 ], [ 142.3077089, 42.8525119 ], [ 142.3180217, 42.8654028 ], [ 142.313085299999983, 42.8813708 ], [ 142.3246294, 42.8907672 ], [ 142.3330733, 42.8997797 ], [ 142.3327208, 42.908795 ], [ 142.320436699999988, 42.9133103 ], [ 142.312335, 42.9183156 ], [ 142.310488300000031, 42.9269767 ], [ 142.301257199999981, 42.9333586 ], [ 142.301805799999983, 42.9408703 ], [ 142.2786619, 42.9439106 ], [ 142.27279249999998, 42.95017 ], [ 142.27355559999998, 42.9561647 ], [ 142.2830878, 42.9658664 ], [ 142.284154700000016, 42.9730689 ], [ 142.27979, 42.981125 ], [ 142.2720411, 42.9871322 ], [ 142.2624692, 42.9822653 ], [ 142.255254399999984, 42.966613099999989 ], [ 142.246923899999985, 42.9687394 ], [ 142.238640799999985, 42.9741686 ], [ 142.2230903, 42.9681269 ], [ 142.223723299999989, 42.9629267 ], [ 142.21113889999998, 42.9601172 ], [ 142.2049367, 42.953425 ], [ 142.186495799999989, 42.9514033 ], [ 142.183422799999988, 42.9576547 ], [ 142.1772772, 42.9593083 ], [ 142.162247799999989, 42.9505739 ], [ 142.1556803, 42.9544583 ], [ 142.1443381, 42.9487656 ], [ 142.14538109999998, 42.9279608 ], [ 142.1377517, 42.9271894 ], [ 142.1105344, 42.9148494 ], [ 142.1122225, 42.9039239 ], [ 142.1067831, 42.9010492 ], [ 142.1070772, 42.8939042 ], [ 142.1000933, 42.8854781 ], [ 142.0955414, 42.8841186 ], [ 142.0811569, 42.8711256 ], [ 142.080568299999982, 42.8686833 ], [ 142.0708239, 42.8731144 ], [ 142.063955, 42.8695367 ], [ 142.0534408, 42.8597978 ], [ 142.043576699999988, 42.8623958 ], [ 142.033385, 42.8580056 ], [ 142.0233183, 42.8493919 ], [ 142.0149492, 42.8485794 ], [ 142.0064294, 42.8449181 ], [ 141.99568, 42.8494306 ], [ 141.98791, 42.8416781 ], [ 141.9803058, 42.8374244 ], [ 141.9753761, 42.8417133 ], [ 141.9622833, 42.8432575 ], [ 141.9544206, 42.854375 ], [ 141.9509544, 42.8626836 ], [ 141.9439419, 42.8710836 ], [ 141.9370872, 42.8829017 ], [ 141.9286783, 42.8880228 ], [ 141.9175117, 42.8900783 ], [ 141.916821699999986, 42.8979733 ], [ 141.896621399999987, 42.9054547 ], [ 141.88112940000002, 42.9128139 ], [ 141.8699814, 42.9220467 ], [ 141.8674294, 42.917701099999988 ], [ 141.84475, 42.909045 ], [ 141.837005299999987, 42.9078003 ], [ 141.817516399999988, 42.8980611 ], [ 141.8156583, 42.8943014 ], [ 141.8064106, 42.8927336 ], [ 141.7951869, 42.8785008 ], [ 141.7909014, 42.8760997 ], [ 141.7937753, 42.8671478 ], [ 141.7917297, 42.8584875 ], [ 141.7951669, 42.8566233 ], [ 141.785027499999984, 42.8492489 ], [ 141.7895392, 42.841375 ], [ 141.77554, 42.8352689 ], [ 141.7644161, 42.8326589 ], [ 141.766895299999987, 42.827035 ], [ 141.7760978, 42.8232233 ], [ 141.7757806, 42.8134428 ], [ 141.770182800000015, 42.8075422 ], [ 141.7647869, 42.8091775 ], [ 141.76106919999998, 42.8031361 ], [ 141.75432, 42.7984178 ], [ 141.7568511, 42.7919653 ], [ 141.7425936, 42.7877175 ], [ 141.722250799999983, 42.7801369 ], [ 141.7161572, 42.7742697 ], [ 141.7064581, 42.770405 ], [ 141.6915919, 42.7711547 ], [ 141.6688633, 42.7754031 ], [ 141.6532139, 42.7749028 ], [ 141.6488958, 42.7765586 ], [ 141.6296692, 42.7752247 ], [ 141.6213033, 42.7723356 ], [ 141.6045747, 42.7722428 ], [ 141.5925614, 42.7593117 ], [ 141.5723439, 42.7437789 ], [ 141.561376699999983, 42.7431325 ], [ 141.5428942, 42.7507764 ], [ 141.5285475, 42.7468281 ], [ 141.5107528, 42.7495247 ], [ 141.50384219999998, 42.7475769 ], [ 141.487648299999989, 42.7493 ], [ 141.461020599999983, 42.755235299999988 ], [ 141.4512708, 42.7633458 ], [ 141.4384911, 42.760059399999989 ], [ 141.4192425, 42.7631103 ], [ 141.4103997, 42.7629431 ], [ 141.412651399999987, 42.7433028 ], [ 141.410955, 42.73383 ], [ 141.412415, 42.721738099999989 ], [ 141.4032081, 42.7165456 ], [ 141.386847499999988, 42.69212 ], [ 141.3830456, 42.6945411 ], [ 141.3729775, 42.6919211 ], [ 141.3719256, 42.6855619 ], [ 141.3602986, 42.6816053 ], [ 141.350894399999987, 42.6844956 ], [ 141.3402989, 42.6849278 ], [ 141.3229172, 42.6825603 ], [ 141.3114075, 42.6842369 ], [ 141.30041559999998, 42.6932697 ], [ 141.2881428, 42.6986206 ], [ 141.2838092, 42.7033936 ], [ 141.277892799999989, 42.7035886 ], [ 141.258757799999984, 42.7138372 ], [ 141.25118, 42.7107019 ], [ 141.2438942, 42.6981439 ], [ 141.2333789, 42.6998936 ], [ 141.2186144, 42.6986228 ], [ 141.20974529999998, 42.7005908 ], [ 141.2071569, 42.6959142 ], [ 141.1969503, 42.6871181 ], [ 141.1914658, 42.6857897 ], [ 141.1838678, 42.6832303 ], [ 141.1832819, 42.6781631 ], [ 141.162774399999989, 42.6654086 ], [ 141.15651, 42.6562594 ], [ 141.1555603, 42.6427958 ], [ 141.1446125, 42.6381042 ], [ 141.142546899999985, 42.6335486 ], [ 141.1495261, 42.6287497 ], [ 141.146938299999988, 42.6224444 ], [ 141.12594, 42.6116414 ], [ 141.113831399999981, 42.6124592 ], [ 141.1116131, 42.6046628 ], [ 141.0934536, 42.5947181 ], [ 141.085984699999983, 42.5841572 ], [ 141.0852131, 42.57898 ], [ 141.087406099999981, 42.5611897 ], [ 141.0853292, 42.5542131 ], [ 141.099628100000018, 42.553945 ], [ 141.1111689, 42.5482169 ], [ 141.1235419, 42.5373864 ], [ 141.1230875, 42.5229906 ], [ 141.1337136, 42.5240472 ], [ 141.1464111, 42.5228817 ], [ 141.1494625, 42.5250319 ], [ 141.164133900000024, 42.5219706 ], [ 141.1708361, 42.5144728 ], [ 141.162790799999982, 42.5095633 ], [ 141.161703099999983, 42.4970214 ], [ 141.168080799999984, 42.4859864 ], [ 141.1731092, 42.4730294 ], [ 141.1793147, 42.4701889 ], [ 141.1823489, 42.4566381 ], [ 141.1891392, 42.4525569 ], [ 141.2059621, 42.4533604 ], [ 141.214858099999987, 42.459602 ], [ 141.2803386, 42.502388 ], [ 141.307410399999981, 42.5178965 ], [ 141.316544, 42.5204131 ], [ 141.3256884, 42.5286617 ], [ 141.339779199999981, 42.5370826 ], [ 141.3790338, 42.5567776 ] ] ] ] } },
{ "type": "Feature", "properties": { "hokenjo": "八雲" }, "geometry": { "type": "MultiPolygon", "coordinates": [ [ [ [ 140.294225899999986, 42.3749254 ], [ 140.3091403, 42.4071731 ], [ 140.3286783, 42.4423206 ], [ 140.3573707, 42.4845327 ], [ 140.3727097, 42.5036412 ], [ 140.3987923, 42.5318039 ], [ 140.4144694, 42.5459905 ], [ 140.441393299999987, 42.5675161 ], [ 140.4667828, 42.5851508 ], [ 140.47586579999998, 42.5890522 ], [ 140.4932703, 42.5837933 ], [ 140.510981099999981, 42.5842292 ], [ 140.5161061, 42.5892617 ], [ 140.5371131, 42.5874103 ], [ 140.54440169999998, 42.5946344 ], [ 140.544832499999984, 42.6030447 ], [ 140.529530599999987, 42.5930369 ], [ 140.4900356, 42.5904586 ], [ 140.482425299999989, 42.5938503 ], [ 140.4641528, 42.6073853 ], [ 140.4527172, 42.6051567 ], [ 140.4459478, 42.6087017 ], [ 140.4330564, 42.6092739 ], [ 140.42537249999998, 42.6065064 ], [ 140.42588, 42.5993925 ], [ 140.417865299999988, 42.5961975 ], [ 140.410451099999989, 42.5900325 ], [ 140.398846700000036, 42.5905592 ], [ 140.393425799999989, 42.5930953 ], [ 140.3854628, 42.5907886 ], [ 140.3795672, 42.5984356 ], [ 140.371102799999989, 42.6016842 ], [ 140.3604219, 42.6137736 ], [ 140.344356399999981, 42.6216372 ], [ 140.3290906, 42.6217997 ], [ 140.3177183, 42.627600799999989 ], [ 140.299701699999986, 42.6222125 ], [ 140.2917142, 42.6235025 ], [ 140.2765078, 42.6041361 ], [ 140.248267199999987, 42.6041356 ], [ 140.23815, 42.5976169 ], [ 140.2219528, 42.6022514 ], [ 140.215511099999986, 42.6080336 ], [ 140.213153299999988, 42.6103564 ], [ 140.193547199999983, 42.6077681 ], [ 140.188600799999989, 42.6031736 ], [ 140.185114199999987, 42.6120283 ], [ 140.1768461, 42.6132258 ], [ 140.1724769, 42.6176872 ], [ 140.1514961, 42.6156967 ], [ 140.148251099999982, 42.6004031 ], [ 140.15791059999998, 42.5926592 ], [ 140.1524364, 42.5797594 ], [ 140.1434453, 42.5793439 ], [ 140.140458099999989, 42.5692339 ], [ 140.1415414, 42.5650725 ], [ 140.128091399999988, 42.5605586 ], [ 140.1229017, 42.5487697 ], [ 140.1170239, 42.5450839 ], [ 140.1091294, 42.5456606 ], [ 140.098075, 42.5539289 ], [ 140.075132199999985, 42.5594081 ], [ 140.062302499999987, 42.5573628 ], [ 140.05124859999998, 42.5536817 ], [ 140.0371917, 42.5602467 ], [ 140.0298875, 42.5557597 ], [ 140.02480079999998, 42.5584583 ], [ 140.0217892, 42.5717942 ], [ 140.010865, 42.5798175 ], [ 140.0013394, 42.5816308 ], [ 139.9943308, 42.5777944 ], [ 139.971121899999986, 42.5830158 ], [ 139.9666431, 42.5873797 ], [ 139.9364536, 42.5888586 ], [ 139.931714200000016, 42.5959794 ], [ 139.9429892, 42.6075833 ], [ 139.9391003, 42.6136889 ], [ 139.9178219, 42.6124686 ], [ 139.910953600000028, 42.6166867 ], [ 139.8871986, 42.6140514 ], [ 139.8557214, 42.6088989 ], [ 139.845716400000015, 42.6132061 ], [ 139.830588299999988, 42.6144275 ], [ 139.8231653, 42.6130553 ], [ 139.8251364, 42.5997383 ], [ 139.823255599999982, 42.5949489 ], [ 139.8270719, 42.5879986 ], [ 139.8287097, 42.5775067 ], [ 139.833053899999982, 42.5740344 ], [ 139.836066099999982, 42.5632322 ], [ 139.8361847, 42.5529836 ], [ 139.8399594, 42.5398558 ], [ 139.846573899999981, 42.5256294 ], [ 139.8426031, 42.511656699999989 ], [ 139.8455391, 42.501878 ], [ 139.8434628, 42.4971006 ], [ 139.8488394, 42.4933233 ], [ 139.8464242, 42.4794344 ], [ 139.852935, 42.4657169 ], [ 139.8476561, 42.4561708 ], [ 139.8444658, 42.4437311 ], [ 139.8460622, 42.4323747 ], [ 139.8360025, 42.4055164 ], [ 139.82888029999998, 42.3933981 ], [ 139.81631, 42.38114 ], [ 139.8146581, 42.3744128 ], [ 139.80240809999998, 42.3661011 ], [ 139.796141399999982, 42.3563031 ], [ 139.781006099999985, 42.3528633 ], [ 139.7723428, 42.3294097 ], [ 139.7748511, 42.3261859 ], [ 139.769331099999988, 42.3182517 ], [ 139.7671411, 42.3024894 ], [ 139.7718319, 42.3008583 ], [ 139.7857467, 42.2749947 ], [ 139.784887199999986, 42.2700681 ], [ 139.77494249999998, 42.2619644 ], [ 139.779255799999987, 42.2509242 ], [ 139.788691699999987, 42.2440572 ], [ 139.79344279999998, 42.2334669 ], [ 139.7998025, 42.2288858 ], [ 139.812146899999988, 42.2290581 ], [ 139.8139933, 42.2227753 ], [ 139.82561560000002, 42.2241428 ], [ 139.8371721, 42.2202769 ], [ 139.8480414, 42.2199411 ], [ 139.853437499999984, 42.2164186 ], [ 139.8637656, 42.219008099999989 ], [ 139.88064810000003, 42.207785 ], [ 139.8799208, 42.198295 ], [ 139.8822714, 42.1909386 ], [ 139.887801699999983, 42.1858642 ], [ 139.8949107, 42.1838065 ], [ 139.8961536, 42.1749508 ], [ 139.904800599999987, 42.1657647 ], [ 139.912297199999983, 42.1537142 ], [ 139.9136939, 42.1477497 ], [ 139.9215844, 42.1354425 ], [ 139.9480222, 42.1293225 ], [ 139.9595061, 42.1286481 ], [ 139.9641325, 42.1305783 ], [ 139.97346349999998, 42.1280571 ], [ 139.9915681, 42.127758299999989 ], [ 139.9986281, 42.1221253 ], [ 140.0109756, 42.1207242 ], [ 140.023588099999984, 42.1145669 ], [ 140.0414003, 42.0988242 ], [ 140.05728689999998, 42.0826153 ], [ 140.0596261, 42.0758439 ], [ 140.0668483, 42.0699233 ], [ 140.07055219999998, 42.0600608 ], [ 140.0778944, 42.0617375 ], [ 140.0869639, 42.0679039 ], [ 140.1036078, 42.0729514 ], [ 140.1081819, 42.0712044 ], [ 140.136281699999984, 42.0691053 ], [ 140.14638, 42.0725125 ], [ 140.1546481, 42.0642197 ], [ 140.1749969, 42.0697714 ], [ 140.1930558, 42.0682472 ], [ 140.1935239, 42.0794236 ], [ 140.198622799999981, 42.0872839 ], [ 140.2124469, 42.0879639 ], [ 140.2215186, 42.093005 ], [ 140.2286739, 42.0850847 ], [ 140.2201508, 42.0786094 ], [ 140.234581099999986, 42.0711111 ], [ 140.2384439, 42.0666061 ], [ 140.2459131, 42.0654175 ], [ 140.2479722, 42.0604239 ], [ 140.2574158, 42.059278899999988 ], [ 140.2730661, 42.0538892 ], [ 140.2800039, 42.0481867 ], [ 140.2876139, 42.0511033 ], [ 140.298246899999981, 42.0505136 ], [ 140.303185, 42.0537858 ], [ 140.3117781, 42.0529267 ], [ 140.321708299999983, 42.0417392 ], [ 140.3318806, 42.0451158 ], [ 140.3437461, 42.0425386 ], [ 140.351619199999988, 42.0359422 ], [ 140.3601597, 42.0385289 ], [ 140.361088099999989, 42.043441699999988 ], [ 140.37894559999998, 42.0430814 ], [ 140.3883533, 42.0297906 ], [ 140.40090189999998, 42.0249811 ], [ 140.424216699999988, 42.0253003 ], [ 140.4293322, 42.0231767 ], [ 140.4333794, 42.0278731 ], [ 140.431157499999983, 42.0335683 ], [ 140.434413899999981, 42.0468419 ], [ 140.431652499999984, 42.0624717 ], [ 140.4234544, 42.0731353 ], [ 140.4252875, 42.0830492 ], [ 140.4289133, 42.0851539 ], [ 140.420320799999985, 42.0956939 ], [ 140.4213047, 42.1021831 ], [ 140.41511749999998, 42.1088175 ], [ 140.4139711, 42.1138169 ], [ 140.3937386, 42.1229869 ], [ 140.3981364, 42.1336811 ], [ 140.412707499999982, 42.1503075 ], [ 140.426827800000012, 42.1625122 ], [ 140.4339942, 42.1627028 ], [ 140.4390247, 42.1683611 ], [ 140.4512442, 42.1695739 ], [ 140.456985799999984, 42.1767311 ], [ 140.4428814, 42.1801025 ], [ 140.4339387, 42.1909682 ], [ 140.4246129, 42.1934967 ], [ 140.418365599999987, 42.1987036 ], [ 140.4104917, 42.2010564 ], [ 140.3990497, 42.215592 ], [ 140.3876749, 42.2222457 ], [ 140.3774996, 42.2245766 ], [ 140.3706641, 42.222969 ], [ 140.348195799999985, 42.2248248 ], [ 140.333111299999985, 42.2291244 ], [ 140.32079779999998, 42.2348114 ], [ 140.307047, 42.2374627 ], [ 140.2956202, 42.2439586 ], [ 140.2844517, 42.2562515 ], [ 140.2761715, 42.2794217 ], [ 140.275098899999989, 42.2949017 ], [ 140.277179, 42.3205373 ], [ 140.284633499999984, 42.3493382 ], [ 140.294225899999986, 42.3749254 ] ] ] ] } },
{ "type": "Feature", "properties": { "hokenjo": "富良野" }, "geometry": { "type": "MultiPolygon", "coordinates": [ [ [ [ 142.719856099999987, 43.0046742 ], [ 142.7277719, 43.0098033 ], [ 142.7408656, 43.004989699999989 ], [ 142.7543656, 43.0131058 ], [ 142.75370719999998, 43.0260825 ], [ 142.750735599999985, 43.0297081 ], [ 142.7534411, 43.0363392 ], [ 142.7480694, 43.0418819 ], [ 142.749089699999985, 43.0516842 ], [ 142.746796099999983, 43.0583361 ], [ 142.7397114, 43.0663778 ], [ 142.728127199999989, 43.0728006 ], [ 142.727674399999984, 43.0777086 ], [ 142.7371942, 43.0818072 ], [ 142.743862799999988, 43.0877581 ], [ 142.7369272, 43.0954792 ], [ 142.7511347, 43.1098256 ], [ 142.745284199999986, 43.1149956 ], [ 142.752963599999987, 43.1231136 ], [ 142.760424199999989, 43.121205 ], [ 142.7672378, 43.1304139 ], [ 142.764439399999986, 43.1377478 ], [ 142.7672853, 43.1445189 ], [ 142.767079199999984, 43.1590708 ], [ 142.7646581, 43.1619297 ], [ 142.7791097, 43.1735594 ], [ 142.7675744, 43.1803467 ], [ 142.7692578, 43.1888394 ], [ 142.7621153, 43.1940947 ], [ 142.7632719, 43.2004858 ], [ 142.7486803, 43.2110231 ], [ 142.7403233, 43.2126972 ], [ 142.7364336, 43.2194122 ], [ 142.733742799999987, 43.2342572 ], [ 142.742104399999988, 43.2406467 ], [ 142.7338972, 43.2489661 ], [ 142.739994699999983, 43.2524706 ], [ 142.7415064, 43.257908099999987 ], [ 142.7470425, 43.2599631 ], [ 142.7471367, 43.2654817 ], [ 142.7368233, 43.2847928 ], [ 142.734963599999986, 43.2976317 ], [ 142.7392719, 43.3130764 ], [ 142.736320799999987, 43.3185636 ], [ 142.744787799999983, 43.3242592 ], [ 142.748615799999982, 43.340135 ], [ 142.7553264, 43.3453681 ], [ 142.7689725, 43.3465764 ], [ 142.76128079999998, 43.3572769 ], [ 142.749915, 43.3534317 ], [ 142.72051639999998, 43.3599492 ], [ 142.715405, 43.3683003 ], [ 142.706055599999985, 43.3784567 ], [ 142.6945211, 43.3848692 ], [ 142.688974700000017, 43.3938311 ], [ 142.6835836, 43.3953533 ], [ 142.677398100000033, 43.4036025 ], [ 142.6718, 43.4051025 ], [ 142.678925, 43.4146511 ], [ 142.6863117, 43.4178092 ], [ 142.675285299999985, 43.42219 ], [ 142.676707199999981, 43.4264944 ], [ 142.6610292, 43.4355781 ], [ 142.650245, 43.4444492 ], [ 142.6488867, 43.4480142 ], [ 142.637370299999986, 43.4585281 ], [ 142.6302053, 43.462125 ], [ 142.612415299999981, 43.4665347 ], [ 142.606823099999986, 43.4704711 ], [ 142.5944083, 43.4837344 ], [ 142.590384699999987, 43.4941136 ], [ 142.597043900000017, 43.4978981 ], [ 142.578654200000017, 43.5110128 ], [ 142.570455600000031, 43.5138044 ], [ 142.560752799999989, 43.5079008 ], [ 142.5527122, 43.5094256 ], [ 142.545771699999989, 43.5040675 ], [ 142.5384439, 43.5096092 ], [ 142.5242417, 43.5119383 ], [ 142.5088711, 43.5026103 ], [ 142.481671399999982, 43.5067967 ], [ 142.47022, 43.5121661 ], [ 142.4596625, 43.5246781 ], [ 142.4497331, 43.5338717 ], [ 142.4418794, 43.5387056 ], [ 142.4371344, 43.5484931 ], [ 142.431219699999986, 43.5439764 ], [ 142.4248403, 43.5346789 ], [ 142.416829399999983, 43.5336336 ], [ 142.4099194, 43.5403147 ], [ 142.402500299999986, 43.5379897 ], [ 142.4008278, 43.5177217 ], [ 142.4022353, 43.5036183 ], [ 142.398034199999984, 43.4993783 ], [ 142.3968597, 43.4813842 ], [ 142.398652199999987, 43.4738314 ], [ 142.3820308, 43.4688708 ], [ 142.3764739, 43.4713903 ], [ 142.3673703, 43.4675483 ], [ 142.3570417, 43.4662233 ], [ 142.360565799999989, 43.4579406 ], [ 142.3616778, 43.4407897 ], [ 142.3681214, 43.4358319 ], [ 142.366829199999984, 43.4241589 ], [ 142.3575047, 43.4196467 ], [ 142.351429699999983, 43.4016636 ], [ 142.3476033, 43.4005225 ], [ 142.3412856, 43.3923967 ], [ 142.341995, 43.3850189 ], [ 142.3506692, 43.3780625 ], [ 142.3309803, 43.3709256 ], [ 142.3128556, 43.3604217 ], [ 142.3051514, 43.3598456 ], [ 142.2927281, 43.3510461 ], [ 142.2898825, 43.3433181 ], [ 142.295284399999986, 43.3371847 ], [ 142.2968947, 43.3301856 ], [ 142.2810892, 43.3221706 ], [ 142.2784178, 43.3102922 ], [ 142.27166889999998, 43.3026269 ], [ 142.2726197, 43.2976725 ], [ 142.2859733, 43.288940599999989 ], [ 142.288772199999983, 43.2794667 ], [ 142.27832859999998, 43.2530989 ], [ 142.2801464, 43.2352456 ], [ 142.276437499999986, 43.2334717 ], [ 142.278652199999982, 43.2252592 ], [ 142.2838319, 43.2132553 ], [ 142.281612199999984, 43.2020369 ], [ 142.283951699999989, 43.1977494 ], [ 142.2704972, 43.1884978 ], [ 142.2695436, 43.1794983 ], [ 142.263011399999982, 43.1667742 ], [ 142.2555644, 43.1601314 ], [ 142.2534283, 43.1512311 ], [ 142.2626517, 43.1357656 ], [ 142.254795299999984, 43.1321278 ], [ 142.2533508, 43.1217661 ], [ 142.245061099999987, 43.1174519 ], [ 142.2435797, 43.1056511 ], [ 142.2509911, 43.0996361 ], [ 142.2496078, 43.0927103 ], [ 142.2630456, 43.0842 ], [ 142.2683125, 43.0710781 ], [ 142.267979699999984, 43.0672008 ], [ 142.294318299999986, 43.0510456 ], [ 142.3128908, 43.0488756 ], [ 142.320483599999989, 43.04667 ], [ 142.3301822, 43.0316669 ], [ 142.3232447, 43.025625 ], [ 142.302245, 43.0166589 ], [ 142.2958497, 43.0151614 ], [ 142.289695, 43.0091142 ], [ 142.2911939, 43.0024836 ], [ 142.28542969999998, 42.9884053 ], [ 142.27979, 42.981125 ], [ 142.284154700000016, 42.9730689 ], [ 142.2830878, 42.9658664 ], [ 142.27355559999998, 42.9561647 ], [ 142.27279249999998, 42.95017 ], [ 142.2786619, 42.9439106 ], [ 142.301805799999983, 42.9408703 ], [ 142.301257199999981, 42.9333586 ], [ 142.310488300000031, 42.9269767 ], [ 142.312335, 42.9183156 ], [ 142.320436699999988, 42.9133103 ], [ 142.3327208, 42.908795 ], [ 142.3330733, 42.8997797 ], [ 142.3246294, 42.8907672 ], [ 142.3394, 42.8838317 ], [ 142.344008299999985, 42.8839992 ], [ 142.3605867, 42.8914828 ], [ 142.3703519, 42.8900547 ], [ 142.3782392, 42.8865178 ], [ 142.3861758, 42.89157 ], [ 142.391726899999981, 42.89872 ], [ 142.3964033, 42.9001811 ], [ 142.397855599999986, 42.907735 ], [ 142.4043072, 42.9142581 ], [ 142.3989075, 42.9315039 ], [ 142.4089994, 42.9336006 ], [ 142.4244864, 42.9287589 ], [ 142.42781, 42.9221644 ], [ 142.4436322, 42.9114672 ], [ 142.4658067, 42.9172172 ], [ 142.4749047, 42.9147747 ], [ 142.4864575, 42.9234597 ], [ 142.4923139, 42.9188947 ], [ 142.497947499999981, 42.9196992 ], [ 142.5030636, 42.9139717 ], [ 142.5110522, 42.9199844 ], [ 142.5214083, 42.9232675 ], [ 142.5252994, 42.9188981 ], [ 142.5326825, 42.9172825 ], [ 142.5362111, 42.9106797 ], [ 142.5460286, 42.9108939 ], [ 142.5513025, 42.9165489 ], [ 142.5600306, 42.9171075 ], [ 142.572989399999983, 42.931558599999988 ], [ 142.571062499999982, 42.941956399999988 ], [ 142.5775836, 42.9477622 ], [ 142.5870764, 42.9659353 ], [ 142.6066156, 42.9734128 ], [ 142.613833299999982, 42.9731281 ], [ 142.6270664, 42.9810181 ], [ 142.6319058, 42.9862761 ], [ 142.652279199999981, 42.9858817 ], [ 142.666210299999989, 42.9819831 ], [ 142.678110799999985, 42.990775299999989 ], [ 142.6895336, 42.9878439 ], [ 142.702630299999981, 42.9902489 ], [ 142.7104167, 42.9937236 ], [ 142.719856099999987, 43.0046742 ] ] ] ] } },
{ "type": "Feature", "properties": { "hokenjo": "北見" }, "geometry": { "type": "MultiPolygon", "coordinates": [ [ [ [ 144.206798099999986, 43.5207478 ], [ 144.22198419999998, 43.5210686 ], [ 144.2334464, 43.5333311 ], [ 144.2352861, 43.5455642 ], [ 144.232491899999985, 43.5556022 ], [ 144.2351578, 43.5603233 ], [ 144.22731, 43.5641069 ], [ 144.226239699999979, 43.5710178 ], [ 144.217489199999989, 43.5899442 ], [ 144.2177053, 43.5989633 ], [ 144.223275, 43.6050956 ], [ 144.2224481, 43.6116806 ], [ 144.227022799999986, 43.6289553 ], [ 144.2310272, 43.633975 ], [ 144.2431331, 43.6399953 ], [ 144.24825389999998, 43.6486472 ], [ 144.2591406, 43.6535556 ], [ 144.2708706, 43.6664581 ], [ 144.2779103, 43.6692889 ], [ 144.2731689, 43.6751444 ], [ 144.274414399999984, 43.6814992 ], [ 144.279598099999987, 43.6855681 ], [ 144.2972992, 43.6887083 ], [ 144.305014699999987, 43.6915767 ], [ 144.323285299999981, 43.7032528 ], [ 144.331942199999986, 43.7049381 ], [ 144.3316625, 43.7066006 ], [ 144.328381899999982, 43.7089928 ], [ 144.315276899999986, 43.7080764 ], [ 144.311745, 43.7053525 ], [ 144.3002089, 43.7052669 ], [ 144.273191699999984, 43.7086347 ], [ 144.2629139, 43.7154453 ], [ 144.2615256, 43.7199764 ], [ 144.253015, 43.7309347 ], [ 144.245952499999987, 43.7525986 ], [ 144.248651699999982, 43.7661433 ], [ 144.2456608, 43.7746892 ], [ 144.2340333, 43.7868419 ], [ 144.2362967, 43.7910892 ], [ 144.2335411, 43.8016053 ], [ 144.219655599999982, 43.8010042 ], [ 144.214166899999981, 43.8144292 ], [ 144.216629399999988, 43.8225489 ], [ 144.2062525, 43.8265881 ], [ 144.1971211, 43.8338003 ], [ 144.194829199999987, 43.8397356 ], [ 144.1863372, 43.8429042 ], [ 144.184706899999981, 43.8476617 ], [ 144.1912686, 43.8554994 ], [ 144.1310867, 43.8741164 ], [ 144.1298553, 43.8710569 ], [ 144.1127636, 43.8585086 ], [ 144.1055714, 43.8559772 ], [ 144.0925542, 43.859445 ], [ 144.0939469, 43.8652806 ], [ 144.085871699999984, 43.8748206 ], [ 144.082558899999981, 43.88546 ], [ 144.0656514, 43.8893317 ], [ 144.0524211, 43.8878364 ], [ 144.046536100000026, 43.8938539 ], [ 144.062804199999988, 43.9097642 ], [ 144.0634675, 43.9217069 ], [ 144.047437799999983, 43.9200789 ], [ 144.0406444, 43.9174944 ], [ 144.032932499999987, 43.9247694 ], [ 144.033967499999989, 43.9288056 ], [ 144.029335799999984, 43.9356572 ], [ 144.030810799999983, 43.9432867 ], [ 144.0207139, 43.9480158 ], [ 144.022755, 43.9637353 ], [ 144.029570299999989, 43.9646611 ], [ 144.0484189, 43.9733797 ], [ 144.04567, 43.98336 ], [ 144.0534453, 43.9855058 ], [ 144.0543669, 43.9894389 ], [ 144.0467017, 44.0100128 ], [ 144.03141, 44.0154119 ], [ 144.036630799999983, 44.0242 ], [ 144.0428986, 44.0250231 ], [ 144.0496211, 44.0393836 ], [ 144.0476447, 44.0450783 ], [ 144.0501856, 44.0546761 ], [ 144.0458964, 44.0613289 ], [ 144.0582183, 44.0703203 ], [ 144.058629199999984, 44.0762847 ], [ 144.0665664, 44.0801683 ], [ 144.065231399999988, 44.083728099999988 ], [ 144.0743161, 44.0927336 ], [ 144.0828153, 44.0983164 ], [ 144.087775300000033, 44.1095864 ], [ 144.1018569, 44.112861099999989 ], [ 144.111143299999981, 44.1097994 ], [ 144.1206511, 44.1096503 ], [ 144.1223397, 44.1157419 ], [ 144.110244699999981, 44.1193847 ], [ 144.099334299999981, 44.1261996 ], [ 144.0853301, 44.1264244 ], [ 144.0821872, 44.1242678 ], [ 144.067672099999982, 44.1243422 ], [ 143.9998913, 44.1337363 ], [ 143.962846500000012, 44.1402189 ], [ 143.912596, 44.1504853 ], [ 143.839179699999988, 44.1674122 ], [ 143.7891607, 44.1801571 ], [ 143.7829658, 44.1843469 ], [ 143.776451399999985, 44.1846869 ], [ 143.775689699999987, 44.1443436 ], [ 143.9109997, 44.1259006 ], [ 143.950544399999984, 44.0909 ], [ 143.96670469999998, 44.0848889 ], [ 143.9530842, 44.0658594 ], [ 143.946413100000029, 44.0600203 ], [ 143.9475003, 44.0527619 ], [ 143.9537358, 44.0428111 ], [ 143.952448299999986, 44.0362783 ], [ 143.9439869, 44.0348222 ], [ 143.9386944, 44.0307069 ], [ 143.933828299999988, 44.0181611 ], [ 143.928386700000033, 44.0122775 ], [ 143.9158828, 44.0099847 ], [ 143.9065508, 44.0037169 ], [ 143.9081361, 44.0000125 ], [ 143.8993544, 43.9956275 ], [ 143.893460299999987, 43.9975094 ], [ 143.88896219999998, 43.9899456 ], [ 143.8778022, 43.9813194 ], [ 143.8631814, 43.9769133 ], [ 143.844043299999981, 43.9804408 ], [ 143.840356899999989, 43.9860211 ], [ 143.8328869, 43.9833869 ], [ 143.812695, 43.9875733 ], [ 143.803188299999988, 43.9778397 ], [ 143.793438899999984, 43.9837686 ], [ 143.78057579999998, 43.9753331 ], [ 143.7851019, 43.9708222 ], [ 143.7809794, 43.9625639 ], [ 143.7714647, 43.9527225 ], [ 143.7636861, 43.9519347 ], [ 143.7541186, 43.9568156 ], [ 143.74665330000002, 43.9559794 ], [ 143.7477844, 43.9455992 ], [ 143.7507411, 43.9438883 ], [ 143.7497492, 43.9313494 ], [ 143.7569306, 43.9291817 ], [ 143.7578872, 43.9201542 ], [ 143.738226699999984, 43.9047928 ], [ 143.727733299999983, 43.9005967 ], [ 143.7264906, 43.8942642 ], [ 143.720820799999984, 43.8883653 ], [ 143.7199769, 43.8786969 ], [ 143.7006903, 43.8754233 ], [ 143.6899756, 43.8861614 ], [ 143.6900675, 43.8916294 ], [ 143.6814367, 43.8941667 ], [ 143.6780403, 43.9046472 ], [ 143.6699108, 43.9086647 ], [ 143.6738083, 43.9120858 ], [ 143.675766899999985, 43.9200117 ], [ 143.6864014, 43.9220306 ], [ 143.680590800000033, 43.9270039 ], [ 143.6728278, 43.9236986 ], [ 143.6662536, 43.9251828 ], [ 143.651680299999981, 43.9207647 ], [ 143.645953099999986, 43.9252881 ], [ 143.6502358, 43.9301919 ], [ 143.6415869, 43.9327817 ], [ 143.6378125, 43.9419803 ], [ 143.6297164, 43.9366142 ], [ 143.61639, 43.9336944 ], [ 143.6060522, 43.9394575 ], [ 143.603571099999982, 43.947855 ], [ 143.587753599999985, 43.9468633 ], [ 143.590455599999984, 43.9398736 ], [ 143.5844778, 43.9228169 ], [ 143.5838106, 43.9152889 ], [ 143.586379199999982, 43.9091897 ], [ 143.5872828, 43.8964456 ], [ 143.5835258, 43.8871922 ], [ 143.5775156, 43.8816183 ], [ 143.5698722, 43.8791867 ], [ 143.5656189, 43.8579742 ], [ 143.5725881, 43.8454003 ], [ 143.559615, 43.8400714 ], [ 143.553726399999988, 43.845235 ], [ 143.5463878, 43.8395686 ], [ 143.5366192, 43.8384514 ], [ 143.5290181, 43.835180799999989 ], [ 143.5256828, 43.8261997 ], [ 143.513505, 43.8143228 ], [ 143.5057136, 43.8143094 ], [ 143.488200299999988, 43.8094411 ], [ 143.477732799999984, 43.8147203 ], [ 143.471580300000028, 43.8118869 ], [ 143.4525803, 43.8128039 ], [ 143.433120300000013, 43.7990394 ], [ 143.4173322, 43.7985153 ], [ 143.4089856, 43.7957981 ], [ 143.398854699999987, 43.7953081 ], [ 143.376913299999984, 43.797905 ], [ 143.3757225, 43.7909489 ], [ 143.3669964, 43.7912919 ], [ 143.3616611, 43.788385 ], [ 143.364218300000033, 43.7822853 ], [ 143.3508467, 43.7737369 ], [ 143.3393797, 43.7712994 ], [ 143.3368858, 43.7655678 ], [ 143.326285600000034, 43.7641572 ], [ 143.3185033, 43.7696697 ], [ 143.307015299999989, 43.7594672 ], [ 143.289094399999982, 43.7635003 ], [ 143.2788578, 43.7545828 ], [ 143.2732131, 43.754095 ], [ 143.269736699999982, 43.7467808 ], [ 143.2506472, 43.7387117 ], [ 143.2490642, 43.7328997 ], [ 143.255673299999984, 43.7221878 ], [ 143.253036399999985, 43.7099522 ], [ 143.236265, 43.7007367 ], [ 143.226048599999984, 43.6967989 ], [ 143.2091111, 43.7022592 ], [ 143.1955078, 43.7002617 ], [ 143.1816658, 43.7068231 ], [ 143.1718453, 43.70692 ], [ 143.1612903, 43.7063214 ], [ 143.146673599999986, 43.6906344 ], [ 143.1462583, 43.6814367 ], [ 143.1396714, 43.6776586 ], [ 143.1417203, 43.6684142 ], [ 143.161249699999985, 43.6598264 ], [ 143.162509199999988, 43.6525939 ], [ 143.170425599999987, 43.6489753 ], [ 143.17335079999998, 43.6375858 ], [ 143.1557408, 43.6287569 ], [ 143.148148099999986, 43.6159219 ], [ 143.13653309999998, 43.6078819 ], [ 143.136305, 43.5996967 ], [ 143.1424697, 43.5951497 ], [ 143.154754199999985, 43.5915181 ], [ 143.1589581, 43.5937625 ], [ 143.172986399999985, 43.5948556 ], [ 143.1855017, 43.5857831 ], [ 143.200325599999985, 43.5830197 ], [ 143.2089578, 43.5841314 ], [ 143.2130358, 43.5754572 ], [ 143.2257483, 43.5749628 ], [ 143.2239181, 43.5686417 ], [ 143.2253331, 43.5549769 ], [ 143.235506099999981, 43.5511886 ], [ 143.2538022, 43.555765 ], [ 143.261569399999985, 43.5592933 ], [ 143.2693386, 43.5539672 ], [ 143.28779609999998, 43.55095 ], [ 143.297954399999981, 43.5469067 ], [ 143.314411399999983, 43.5469433 ], [ 143.3342867, 43.5572369 ], [ 143.339167799999984, 43.5501475 ], [ 143.3438519, 43.5516906 ], [ 143.3568761, 43.546505 ], [ 143.362515299999984, 43.5501161 ], [ 143.374031699999989, 43.5522469 ], [ 143.3852833, 43.5487892 ], [ 143.3906978, 43.5443997 ], [ 143.3994131, 43.546665 ], [ 143.4089678, 43.5411194 ], [ 143.415004399999987, 43.5340794 ], [ 143.4194364, 43.5332958 ], [ 143.424305799999985, 43.5255953 ], [ 143.4355086, 43.5218122 ], [ 143.44300579999998, 43.5154961 ], [ 143.463741699999986, 43.508153299999989 ], [ 143.4709669, 43.5213858 ], [ 143.4722578, 43.5292783 ], [ 143.4825903, 43.5327103 ], [ 143.4892792, 43.540847799999987 ], [ 143.502717499999989, 43.5474153 ], [ 143.515504199999981, 43.5464872 ], [ 143.519457499999987, 43.5539789 ], [ 143.529107499999981, 43.5645186 ], [ 143.5276164, 43.5720044 ], [ 143.5334364, 43.5880625 ], [ 143.5442133, 43.5984658 ], [ 143.570808299999982, 43.5947533 ], [ 143.574413599999986, 43.5975022 ], [ 143.5917083, 43.6037781 ], [ 143.6032933, 43.6030244 ], [ 143.6173444, 43.6060258 ], [ 143.618638299999986, 43.6122869 ], [ 143.63205, 43.6224872 ], [ 143.625666699999982, 43.6376975 ], [ 143.6395372, 43.6398056 ], [ 143.6555744, 43.6337261 ], [ 143.6583283, 43.6269381 ], [ 143.6740039, 43.6282878 ], [ 143.68042920000002, 43.6258958 ], [ 143.6859311, 43.6317456 ], [ 143.6927058, 43.6341108 ], [ 143.696429699999982, 43.639522199999988 ], [ 143.710975, 43.6353339 ], [ 143.722816099999989, 43.6404797 ], [ 143.729645299999987, 43.6363906 ], [ 143.7376617, 43.6354292 ], [ 143.740278099999983, 43.6192483 ], [ 143.759314200000034, 43.6165303 ], [ 143.7745717, 43.6229372 ], [ 143.7747542, 43.6161933 ], [ 143.7878658, 43.6060414 ], [ 143.7927458, 43.5905231 ], [ 143.799102799999986, 43.5897789 ], [ 143.8044406, 43.5833194 ], [ 143.8209436, 43.5787242 ], [ 143.821870599999983, 43.5715856 ], [ 143.8328583, 43.5537967 ], [ 143.836962200000016, 43.549669699999988 ], [ 143.8452572, 43.547355 ], [ 143.8559894, 43.5380972 ], [ 143.876692199999979, 43.5277056 ], [ 143.8768331, 43.5232583 ], [ 143.8849003, 43.522138899999987 ], [ 143.8970711, 43.5313828 ], [ 143.9091258, 43.5269286 ], [ 143.915193099999982, 43.5220739 ], [ 143.927695799999981, 43.5194978 ], [ 143.9306528, 43.5113089 ], [ 143.9294458, 43.5033697 ], [ 143.940183099999985, 43.5025694 ], [ 143.943851099999989, 43.4992986 ], [ 143.9402747, 43.489898599999989 ], [ 143.949605, 43.4858969 ], [ 143.957747499999982, 43.4826583 ], [ 143.955252799999982, 43.4760378 ], [ 143.9597461, 43.4727728 ], [ 143.9771589, 43.4716689 ], [ 143.9988214, 43.4649456 ], [ 144.020285799999982, 43.4610142 ], [ 144.040197799999987, 43.4642697 ], [ 144.0435722, 43.4691417 ], [ 144.051425599999988, 43.4696519 ], [ 144.065811699999983, 43.4749119 ], [ 144.07116, 43.4745681 ], [ 144.072415, 43.4828301 ], [ 144.077888299999984, 43.4909442 ], [ 144.0736331, 43.4932906 ], [ 144.071390800000017, 43.5015578 ], [ 144.0821703, 43.5149522 ], [ 144.096270799999985, 43.5164056 ], [ 144.1082089, 43.5125247 ], [ 144.121049699999986, 43.5119389 ], [ 144.1327714, 43.5173239 ], [ 144.134742499999987, 43.5269431 ], [ 144.1424319, 43.5311719 ], [ 144.148036099999985, 43.5280814 ], [ 144.1637667, 43.525345 ], [ 144.1753156, 43.5171142 ], [ 144.1809767, 43.5107633 ], [ 144.1904394, 43.5219661 ], [ 144.201215, 43.5251561 ], [ 144.206798099999986, 43.5207478 ] ] ] ] } },
{ "type": "Feature", "properties": { "hokenjo": "名寄" }, "geometry": { "type": "MultiPolygon", "coordinates": [ [ [ [ 142.487567499999983, 43.9563533 ], [ 142.4898925, 43.9616158 ], [ 142.491616099999987, 43.9758839 ], [ 142.49745249999998, 43.9812278 ], [ 142.514000600000031, 43.9862644 ], [ 142.52019390000001, 43.993285 ], [ 142.534210799999983, 43.9933303 ], [ 142.543518899999981, 44.0007175 ], [ 142.54777439999998, 44.0073786 ], [ 142.5631439, 44.0076744 ], [ 142.5756494, 44.0129656 ], [ 142.5884983, 44.0157542 ], [ 142.5869875, 44.0219025 ], [ 142.6001475, 44.0249028 ], [ 142.6109778, 44.0292719 ], [ 142.6207111, 44.0243972 ], [ 142.6282328, 44.0180831 ], [ 142.6372742, 44.0168439 ], [ 142.6441931, 44.0102861 ], [ 142.659503299999983, 44.0160472 ], [ 142.6815667, 44.0198461 ], [ 142.6879133, 44.0181983 ], [ 142.688358599999987, 44.0129922 ], [ 142.7075458, 44.0003047 ], [ 142.7217978, 43.9938211 ], [ 142.726730799999984, 43.9785247 ], [ 142.7341858, 43.975853099999988 ], [ 142.738720300000011, 43.96067 ], [ 142.7469403, 43.9493833 ], [ 142.7549783, 43.9468897 ], [ 142.7562728, 43.9419444 ], [ 142.766987199999988, 43.9387103 ], [ 142.7742556, 43.9300119 ], [ 142.783413900000028, 43.9249722 ], [ 142.7959094, 43.9222914 ], [ 142.798268299999989, 43.9162033 ], [ 142.816133899999983, 43.9150047 ], [ 142.83031, 43.9218639 ], [ 142.8304067, 43.9299658 ], [ 142.840568599999983, 43.9350914 ], [ 142.842292499999985, 43.94074 ], [ 142.850617199999988, 43.9445703 ], [ 142.862515, 43.9425128 ], [ 142.8690636, 43.9505978 ], [ 142.8819097, 43.9531206 ], [ 142.8909128, 43.9710097 ], [ 142.8889442, 43.9765567 ], [ 142.899728899999985, 43.9817569 ], [ 142.902552499999985, 43.9897161 ], [ 142.8943319, 44.00354 ], [ 142.898204199999981, 44.0098758 ], [ 142.8896092, 44.0207644 ], [ 142.8740636, 44.0196906 ], [ 142.8765603, 44.0326086 ], [ 142.866473300000024, 44.040335 ], [ 142.873436699999985, 44.0473464 ], [ 142.8789878, 44.0490161 ], [ 142.8742958, 44.0595172 ], [ 142.8642539, 44.0636828 ], [ 142.8606361, 44.0700622 ], [ 142.8680736, 44.077655299999989 ], [ 142.8704725, 44.0849311 ], [ 142.856935599999986, 44.0903689 ], [ 142.85634779999998, 44.1042722 ], [ 142.8605086, 44.1075353 ], [ 142.8526386, 44.1173242 ], [ 142.8512806, 44.1226311 ], [ 142.841748599999988, 44.1277233 ], [ 142.8397783, 44.1357381 ], [ 142.8431492, 44.1456753 ], [ 142.838278300000013, 44.1503 ], [ 142.8382928, 44.1568183 ], [ 142.852391399999988, 44.1582733 ], [ 142.8627653, 44.1547858 ], [ 142.876934399999982, 44.1596536 ], [ 142.8824453, 44.1686767 ], [ 142.8774717, 44.1748606 ], [ 142.8766211, 44.1851817 ], [ 142.8683878, 44.1883339 ], [ 142.8727533, 44.1941767 ], [ 142.8689244, 44.1981939 ], [ 142.872490299999981, 44.2035247 ], [ 142.8657053, 44.2115258 ], [ 142.8648081, 44.2186467 ], [ 142.875593899999984, 44.2287956 ], [ 142.8697872, 44.2323011 ], [ 142.8658225, 44.2406019 ], [ 142.866685, 44.2484297 ], [ 142.859250299999985, 44.2572728 ], [ 142.85219, 44.2589483 ], [ 142.8456158, 44.2672506 ], [ 142.8263739, 44.2724114 ], [ 142.8242433, 44.279225 ], [ 142.827241099999981, 44.2828939 ], [ 142.829229699999985, 44.2933725 ], [ 142.8238083, 44.3049981 ], [ 142.8227458, 44.3135806 ], [ 142.824169399999988, 44.3288475 ], [ 142.817257499999982, 44.33213 ], [ 142.8026408, 44.3315431 ], [ 142.8024514, 44.3426011 ], [ 142.808753599999989, 44.3489594 ], [ 142.8155811, 44.3503181 ], [ 142.815154399999983, 44.3563156 ], [ 142.8256725, 44.3694461 ], [ 142.8286769, 44.3793822 ], [ 142.823926699999987, 44.3884731 ], [ 142.8294047, 44.3919642 ], [ 142.830375299999986, 44.3972603 ], [ 142.818390599999987, 44.4138903 ], [ 142.818757800000014, 44.418855 ], [ 142.8244947, 44.4237072 ], [ 142.8357019, 44.4260878 ], [ 142.840382500000032, 44.4324156 ], [ 142.8512958, 44.4383311 ], [ 142.8402869, 44.4464761 ], [ 142.8445361, 44.4537683 ], [ 142.8436408, 44.4594219 ], [ 142.8218042, 44.4548281 ], [ 142.811712799999981, 44.4587533 ], [ 142.7949864, 44.4563147 ], [ 142.765416099999982, 44.464475 ], [ 142.757958299999984, 44.4610111 ], [ 142.7565239, 44.4564825 ], [ 142.7491814, 44.4549581 ], [ 142.7391714, 44.4632164 ], [ 142.7336306, 44.4600372 ], [ 142.7211939, 44.4608317 ], [ 142.7207086, 44.4685425 ], [ 142.712685599999986, 44.4812447 ], [ 142.6949811, 44.4819144 ], [ 142.691931899999986, 44.476625 ], [ 142.683428599999985, 44.4734831 ], [ 142.6676311, 44.4538756 ], [ 142.654830799999985, 44.4477414 ], [ 142.650707499999982, 44.4377581 ], [ 142.6199014, 44.4346531 ], [ 142.606503600000025, 44.4366561 ], [ 142.5938994, 44.4322869 ], [ 142.5840656, 44.4336758 ], [ 142.5863386, 44.4453044 ], [ 142.5932544, 44.4552031 ], [ 142.597935299999989, 44.4662544 ], [ 142.5967081, 44.4747231 ], [ 142.6014892, 44.4864922 ], [ 142.613305, 44.4939739 ], [ 142.618334399999981, 44.5000947 ], [ 142.620528899999982, 44.5144803 ], [ 142.627935300000019, 44.5229917 ], [ 142.6348128, 44.5237333 ], [ 142.646149399999985, 44.5305772 ], [ 142.636193599999984, 44.5361269 ], [ 142.6347472, 44.5459064 ], [ 142.636235299999981, 44.553514199999988 ], [ 142.65288, 44.567585 ], [ 142.655654699999985, 44.5781308 ], [ 142.6453314, 44.5806147 ], [ 142.6469525, 44.5899539 ], [ 142.6417969, 44.5971883 ], [ 142.6222789, 44.5947911 ], [ 142.6090644, 44.5979578 ], [ 142.5939256, 44.5937642 ], [ 142.57566079999998, 44.6002231 ], [ 142.5647339, 44.6003508 ], [ 142.561043899999987, 44.6074856 ], [ 142.5631864, 44.61215 ], [ 142.5577031, 44.6152394 ], [ 142.547647499999982, 44.613061099999989 ], [ 142.5367244, 44.614745 ], [ 142.5243089, 44.6090761 ], [ 142.5193214, 44.5958767 ], [ 142.5147981, 44.5922333 ], [ 142.51057609999998, 44.5832964 ], [ 142.4954014, 44.5784264 ], [ 142.4930625, 44.5892833 ], [ 142.483984400000026, 44.5898522 ], [ 142.477743600000025, 44.5964403 ], [ 142.479038299999985, 44.6059389 ], [ 142.472706099999982, 44.6118203 ], [ 142.4685892, 44.6198917 ], [ 142.458318099999985, 44.6161728 ], [ 142.435813599999989, 44.620387799999989 ], [ 142.431613299999981, 44.6278728 ], [ 142.4179067, 44.6367778 ], [ 142.413361899999984, 44.63669 ], [ 142.405465599999985, 44.6486728 ], [ 142.4121189, 44.6657614 ], [ 142.4184133, 44.6737428 ], [ 142.4092875, 44.6871025 ], [ 142.3968936, 44.695003299999989 ], [ 142.3952458, 44.7007453 ], [ 142.383913899999982, 44.7033644 ], [ 142.3762894, 44.7018081 ], [ 142.3627497, 44.7052511 ], [ 142.358865, 44.710091899999988 ], [ 142.342658299999982, 44.7060772 ], [ 142.3378142, 44.7094444 ], [ 142.327453099999985, 44.7101644 ], [ 142.3243506, 44.72677 ], [ 142.311447499999986, 44.7382031 ], [ 142.308598599999982, 44.7461708 ], [ 142.3026639, 44.7479461 ], [ 142.3048617, 44.7623061 ], [ 142.3094056, 44.76825 ], [ 142.312046899999984, 44.7779497 ], [ 142.300491099999988, 44.7837178 ], [ 142.2955772, 44.7882922 ], [ 142.2834681, 44.7885472 ], [ 142.280318099999988, 44.8027142 ], [ 142.2827011, 44.8130331 ], [ 142.281101399999983, 44.8223008 ], [ 142.273064399999981, 44.8216747 ], [ 142.2632783, 44.81735 ], [ 142.2401544, 44.8214861 ], [ 142.235683099999989, 44.8269806 ], [ 142.2268903, 44.8231356 ], [ 142.2089617, 44.8212228 ], [ 142.2050803, 44.8082339 ], [ 142.1910064, 44.7992392 ], [ 142.173513899999989, 44.7981017 ], [ 142.168918599999984, 44.8029767 ], [ 142.161176399999988, 44.8043753 ], [ 142.1587408, 44.8125867 ], [ 142.1659358, 44.8233414 ], [ 142.1669508, 44.8351242 ], [ 142.1620217, 44.8366733 ], [ 142.166570300000018, 44.8465047 ], [ 142.165731699999981, 44.8523728 ], [ 142.152128299999987, 44.8549453 ], [ 142.1506344, 44.8601489 ], [ 142.1596328, 44.8655269 ], [ 142.1601581, 44.8700889 ], [ 142.1521622, 44.8858019 ], [ 142.1333414, 44.9021575 ], [ 142.121015, 44.8979433 ], [ 142.11091, 44.8983647 ], [ 142.102378099999981, 44.9024444 ], [ 142.0962844, 44.9011753 ], [ 142.0696619, 44.9014064 ], [ 142.05311, 44.8982989 ], [ 142.0295722, 44.8986286 ], [ 142.028197799999987, 44.905185 ], [ 142.0204192, 44.9026097 ], [ 142.0193636, 44.8963128 ], [ 142.0032172, 44.8940617 ], [ 141.999524399999984, 44.8897022 ], [ 141.9994106, 44.8801836 ], [ 141.990822200000025, 44.8763314 ], [ 141.989434200000034, 44.8706767 ], [ 141.9965722, 44.8627189 ], [ 142.0032297, 44.8610933 ], [ 142.0075067, 44.8528408 ], [ 142.0038883, 44.8410286 ], [ 141.997922200000033, 44.8334586 ], [ 142.004987799999981, 44.8187217 ], [ 141.997101099999981, 44.8051244 ], [ 142.0010753, 44.8008458 ], [ 141.990805599999987, 44.7797208 ], [ 141.9924639, 44.7763956 ], [ 141.9870731, 44.7682283 ], [ 141.989691099999988, 44.7609672 ], [ 141.9853539, 44.7577517 ], [ 141.976398599999982, 44.7455556 ], [ 141.9812297, 44.7405164 ], [ 141.9845386, 44.728465 ], [ 141.995171699999986, 44.7196425 ], [ 141.9937536, 44.7056639 ], [ 142.0012908, 44.7008328 ], [ 141.995888899999983, 44.6900831 ], [ 141.98867, 44.6857964 ], [ 141.9972592, 44.6750067 ], [ 141.994600599999984, 44.6711897 ], [ 141.998443899999984, 44.6590047 ], [ 142.0097783, 44.6539525 ], [ 142.003140799999983, 44.645873099999989 ], [ 142.003311699999983, 44.6410283 ], [ 142.009165300000035, 44.6368425 ], [ 142.0044211, 44.6333072 ], [ 142.0033, 44.6243739 ], [ 142.0141233, 44.6195578 ], [ 142.0143411, 44.6100858 ], [ 142.007561100000032, 44.6059419 ], [ 142.0091722, 44.5989297 ], [ 142.0155078, 44.5927533 ], [ 142.0236606, 44.5891719 ], [ 142.0293417, 44.5903275 ], [ 142.04025249999998, 44.5859378 ], [ 142.0438728, 44.5709575 ], [ 142.0480939, 44.565855 ], [ 142.0472308, 44.5600858 ], [ 142.055307199999987, 44.5520444 ], [ 142.050905299999982, 44.5480917 ], [ 142.0504458, 44.5407781 ], [ 142.0406778, 44.53055 ], [ 142.0543903, 44.5135931 ], [ 142.06729, 44.5045042 ], [ 142.0729097, 44.4961528 ], [ 142.0798333, 44.4968539 ], [ 142.0860711, 44.4890197 ], [ 142.0962031, 44.49035 ], [ 142.1084811, 44.488678899999989 ], [ 142.1153519, 44.4745861 ], [ 142.134481099999988, 44.4752447 ], [ 142.1449814, 44.4785522 ], [ 142.1544867, 44.4778869 ], [ 142.1593253, 44.4737133 ], [ 142.1677975, 44.4734839 ], [ 142.1766311, 44.4694869 ], [ 142.183941399999981, 44.4632878 ], [ 142.192683099999982, 44.4598425 ], [ 142.196427199999988, 44.4522586 ], [ 142.209303600000027, 44.4539897 ], [ 142.2183786, 44.4504814 ], [ 142.2217489, 44.4412397 ], [ 142.234507799999989, 44.4311706 ], [ 142.2340414, 44.4263586 ], [ 142.2470094, 44.4176253 ], [ 142.2502542, 44.4099228 ], [ 142.260331399999984, 44.4101586 ], [ 142.2713267, 44.4024064 ], [ 142.27745969999998, 44.4019189 ], [ 142.2818364, 44.3960825 ], [ 142.2903069, 44.3933322 ], [ 142.3042667, 44.4016894 ], [ 142.314054699999986, 44.4037786 ], [ 142.3169967, 44.40013 ], [ 142.3207478, 44.3870111 ], [ 142.32019889999998, 44.3798939 ], [ 142.3231314, 44.3544056 ], [ 142.314584199999985, 44.3472008 ], [ 142.307837799999987, 44.3458094 ], [ 142.3072636, 44.3285233 ], [ 142.2881042, 44.3164317 ], [ 142.279327199999983, 44.3154478 ], [ 142.2780194, 44.308325 ], [ 142.2883503, 44.3042967 ], [ 142.2872428, 44.2983125 ], [ 142.2920394, 44.2915414 ], [ 142.310719399999982, 44.2731714 ], [ 142.3118944, 44.2668553 ], [ 142.2949592, 44.2622106 ], [ 142.2908306, 44.2664117 ], [ 142.2923792, 44.2714058 ], [ 142.2810092, 44.2762653 ], [ 142.2802769, 44.2814317 ], [ 142.2732531, 44.2835769 ], [ 142.267215599999986, 44.2804819 ], [ 142.2568628, 44.2859836 ], [ 142.2491997, 44.2859922 ], [ 142.240082199999989, 44.2954133 ], [ 142.2318172, 44.2972153 ], [ 142.213682200000022, 44.29525 ], [ 142.212421399999982, 44.2838147 ], [ 142.2074475, 44.2778764 ], [ 142.195075, 44.2855889 ], [ 142.1921744, 44.2794264 ], [ 142.182956099999984, 44.2722861 ], [ 142.174503099999981, 44.2610369 ], [ 142.1733442, 44.2542217 ], [ 142.1852217, 44.2478772 ], [ 142.1943925, 44.2544672 ], [ 142.200673099999989, 44.2562142 ], [ 142.2112544, 44.2494803 ], [ 142.2133006, 44.2409353 ], [ 142.206705, 44.2399706 ], [ 142.2042203, 44.2269844 ], [ 142.2052342, 44.2227411 ], [ 142.198972199999986, 44.2076972 ], [ 142.1848656, 44.2009275 ], [ 142.183281699999981, 44.1975367 ], [ 142.1721392, 44.1929469 ], [ 142.177411399999983, 44.1865331 ], [ 142.185790299999979, 44.1851792 ], [ 142.187983299999985, 44.1764419 ], [ 142.1859978, 44.1688986 ], [ 142.189348099999989, 44.1667108 ], [ 142.179323600000032, 44.1576492 ], [ 142.1852142, 44.1523722 ], [ 142.1881094, 44.13883 ], [ 142.204013299999986, 44.1231061 ], [ 142.1956347, 44.1090439 ], [ 142.181041099999987, 44.0951386 ], [ 142.178398099999981, 44.0885553 ], [ 142.1820922, 44.0812706 ], [ 142.1803828, 44.0712369 ], [ 142.174184199999985, 44.0618617 ], [ 142.1768672, 44.0492575 ], [ 142.20644919999998, 44.0325192 ], [ 142.209995, 44.0352247 ], [ 142.2362378, 44.0204842 ], [ 142.2414028, 44.0128711 ], [ 142.2471783, 43.9931192 ], [ 142.242681399999981, 43.9846667 ], [ 142.253071399999982, 43.9816261 ], [ 142.2545778, 43.9744558 ], [ 142.252835799999986, 43.9666692 ], [ 142.245276099999984, 43.9625525 ], [ 142.2447742, 43.9562233 ], [ 142.249191699999983, 43.9501458 ], [ 142.2742297, 43.9400128 ], [ 142.2825794, 43.9395522 ], [ 142.287972199999984, 43.9452375 ], [ 142.3044353, 43.9453931 ], [ 142.3059036, 43.954783299999988 ], [ 142.3113344, 43.9591794 ], [ 142.3262761, 43.9545992 ], [ 142.332401899999979, 43.9582844 ], [ 142.361939399999983, 43.9628358 ], [ 142.3673589, 43.9584128 ], [ 142.387532199999981, 43.9549478 ], [ 142.412597799999986, 43.9534278 ], [ 142.421399399999984, 43.9436064 ], [ 142.4320831, 43.9472886 ], [ 142.4374369, 43.9610914 ], [ 142.433915, 43.9647147 ], [ 142.4450306, 43.9734753 ], [ 142.4481869, 43.9674597 ], [ 142.4587822, 43.9648897 ], [ 142.4657497, 43.965454699999988 ], [ 142.472939199999985, 43.9603458 ], [ 142.487567499999983, 43.9563533 ] ] ] ] } },
{ "type": "Feature", "properties": { "hokenjo": "網走" }, "geometry": { "type": "MultiPolygon", "coordinates": [ [ [ [ 144.7224933, 43.76178 ], [ 144.7467619, 43.7604928 ], [ 144.7551569, 43.7573319 ], [ 144.7642653, 43.7573947 ], [ 144.7964806, 43.7630308 ], [ 144.8019697, 43.7658897 ], [ 144.8101925, 43.7748425 ], [ 144.8114372, 43.7815553 ], [ 144.8075828, 43.7872628 ], [ 144.814832199999984, 43.7904394 ], [ 144.8157639, 43.7957617 ], [ 144.8274717, 43.7942831 ], [ 144.8304344, 43.7992983 ], [ 144.8379861, 43.7971739 ], [ 144.843840299999982, 43.7867483 ], [ 144.8528861, 43.7890036 ], [ 144.8589225, 43.7859472 ], [ 144.86751, 43.7979403 ], [ 144.863869199999982, 43.8034394 ], [ 144.8631447, 43.8118083 ], [ 144.8717706, 43.8209881 ], [ 144.8795567, 43.8224261 ], [ 144.8770256, 43.8318833 ], [ 144.884639199999981, 43.8326753 ], [ 144.895885599999986, 43.8395489 ], [ 144.8968261, 43.8451931 ], [ 144.9051153, 43.8503294 ], [ 144.901944200000031, 43.8622856 ], [ 144.9044939, 43.8664806 ], [ 144.887722199999985, 43.8702828 ], [ 144.876760599999983, 43.8767911 ], [ 144.893374199999982, 43.8838211 ], [ 144.9055644, 43.8986233 ], [ 144.9048942, 43.9055358 ], [ 144.914164699999986, 43.9061361 ], [ 144.916067199999986, 43.911951699999989 ], [ 144.9230628, 43.9163408 ], [ 144.9410461, 43.9203036 ], [ 144.9567869, 43.9204981 ], [ 144.9650014, 43.9222108 ], [ 144.982145600000024, 43.9329011 ], [ 144.9853703, 43.939073099999987 ], [ 145.0032267, 43.9470642 ], [ 144.9966622, 43.9561581 ], [ 144.995184199999983, 43.9679689 ], [ 145.003870299999988, 43.9754661 ], [ 145.0053153, 43.9838397 ], [ 145.0103389, 43.98826 ], [ 145.0154925, 43.9976278 ], [ 145.0260461, 44.0062606 ], [ 145.0386733, 44.0052836 ], [ 145.0494406, 44.0080775 ], [ 145.049456099999986, 44.0169147 ], [ 145.0550436, 44.0231278 ], [ 145.0577175, 44.0368464 ], [ 145.0651508, 44.0430911 ], [ 145.08734, 44.0442875 ], [ 145.101076399999982, 44.0488528 ], [ 145.1057883, 44.0554064 ], [ 145.1132606, 44.0579092 ], [ 145.1210236, 44.0749803 ], [ 145.1393761, 44.0909331 ], [ 145.1407556, 44.0988514 ], [ 145.1499636, 44.1122561 ], [ 145.16067, 44.1119256 ], [ 145.1689619, 44.1244808 ], [ 145.17851, 44.1272514 ], [ 145.1824167, 44.1373961 ], [ 145.199498299999988, 44.1407239 ], [ 145.2177714, 44.1466833 ], [ 145.22466559999998, 44.1563047 ], [ 145.2343708, 44.1574114 ], [ 145.2446731, 44.1641664 ], [ 145.259329399999984, 44.1676792 ], [ 145.2719875, 44.1675464 ], [ 145.27331, 44.1792792 ], [ 145.286925599999989, 44.1865544 ], [ 145.2805272, 44.1905094 ], [ 145.285359700000015, 44.1995506 ], [ 145.2768886, 44.2060181 ], [ 145.2802058, 44.2253158 ], [ 145.2876867, 44.2286203 ], [ 145.2941831, 44.2401064 ], [ 145.3027056, 44.2465856 ], [ 145.30148939999998, 44.2517725 ], [ 145.3141469, 44.2575903 ], [ 145.3213369, 44.2785286 ], [ 145.3173094, 44.28733 ], [ 145.322285, 44.2973606 ], [ 145.3223578, 44.3036725 ], [ 145.3285311, 44.3093464 ], [ 145.3257825, 44.3254278 ], [ 145.330856899999986, 44.3350389 ], [ 145.3376442, 44.3413125 ], [ 145.328999399999987, 44.3451081 ], [ 145.3137075, 44.3331964 ], [ 145.3102428, 44.3193786 ], [ 145.3063344, 44.3123925 ], [ 145.2865447, 44.3029083 ], [ 145.2809933, 44.2902114 ], [ 145.2685806, 44.2833836 ], [ 145.258804199999986, 44.2748594 ], [ 145.259078099999982, 44.2705514 ], [ 145.2520175, 44.2671828 ], [ 145.2331758, 44.2545492 ], [ 145.225430599999981, 44.2479258 ], [ 145.2262261, 44.2429436 ], [ 145.217969399999987, 44.2326447 ], [ 145.2088617, 44.2154836 ], [ 145.1997558, 44.2032997 ], [ 145.191479200000032, 44.1950189 ], [ 145.175793299999981, 44.1892975 ], [ 145.165805299999988, 44.1836944 ], [ 145.154795299999989, 44.1805486 ], [ 145.14456, 44.1727811 ], [ 145.126728899999989, 44.1656375 ], [ 145.118825, 44.1558419 ], [ 145.1098322, 44.1504044 ], [ 145.099216899999988, 44.1487553 ], [ 145.0924272, 44.1415306 ], [ 145.070771399999984, 44.127335 ], [ 145.0552767, 44.1197389 ], [ 145.0424069, 44.1108272 ], [ 145.042025599999988, 44.1082778 ], [ 145.028480799999983, 44.1060878 ], [ 145.019305299999985, 44.1023047 ], [ 145.009050299999984, 44.094493899999989 ], [ 145.0100314, 44.0861664 ], [ 145.0067981, 44.08087 ], [ 144.989788299999987, 44.0677497 ], [ 144.9778092, 44.0654878 ], [ 144.969042799999983, 44.0569247 ], [ 144.9608558, 44.0551056 ], [ 144.9579133, 44.0481633 ], [ 144.945965299999983, 44.0399022 ], [ 144.9336286, 44.0409097 ], [ 144.9243817, 44.0193936 ], [ 144.9167589, 44.0129439 ], [ 144.9147472, 44.0080756 ], [ 144.8924572, 43.9935114 ], [ 144.8855467, 43.9913342 ], [ 144.8803561, 43.9854458 ], [ 144.860457199999985, 43.9763344 ], [ 144.8487069, 43.9736522 ], [ 144.8347839, 43.9603419 ], [ 144.8353256, 43.9525228 ], [ 144.830185299999982, 43.9493928 ], [ 144.805653299999989, 43.9425167 ], [ 144.7959922, 43.9319081 ], [ 144.7684836, 43.9262658 ], [ 144.745414399999987, 43.9228303 ], [ 144.696412, 43.9181873 ], [ 144.6758932, 43.9178024 ], [ 144.6633726, 43.9194123 ], [ 144.66164280000001, 43.9167583 ], [ 144.6037833, 43.9176303 ], [ 144.5541944, 43.9213103 ], [ 144.500456899999989, 43.9273383 ], [ 144.4804864, 43.9302158 ], [ 144.4257792, 43.940275 ], [ 144.398381699999987, 43.9461314 ], [ 144.363128599999982, 43.9557892 ], [ 144.3446831, 43.9616931 ], [ 144.3242553, 43.9694836 ], [ 144.30015659999998, 43.9814597 ], [ 144.2960957, 43.9886145 ], [ 144.2977371, 43.9927633 ], [ 144.286808399999984, 44.0040413 ], [ 144.288898, 44.0180261 ], [ 144.2712765, 44.0247401 ], [ 144.2610349, 44.0321376 ], [ 144.254851400000035, 44.0393152 ], [ 144.256583899999981, 44.0472617 ], [ 144.260706, 44.0498153 ], [ 144.261394699999983, 44.0571028 ], [ 144.25208139999998, 44.0611347 ], [ 144.255378600000029, 44.06916 ], [ 144.2525417, 44.0730097 ], [ 144.257165, 44.0851214 ], [ 144.2544392, 44.0989519 ], [ 144.250079199999988, 44.1093619 ], [ 144.2432569, 44.1135478 ], [ 144.236426099999989, 44.1068311 ], [ 144.2177639, 44.1021017 ], [ 144.2046758, 44.1020014 ], [ 144.1920896, 44.1044989 ], [ 144.178519199999982, 44.1053433 ], [ 144.1546792, 44.1092133 ], [ 144.1223397, 44.1157419 ], [ 144.1206511, 44.1096503 ], [ 144.111143299999981, 44.1097994 ], [ 144.1018569, 44.112861099999989 ], [ 144.087775300000033, 44.1095864 ], [ 144.0828153, 44.0983164 ], [ 144.0743161, 44.0927336 ], [ 144.065231399999988, 44.083728099999988 ], [ 144.0665664, 44.0801683 ], [ 144.058629199999984, 44.0762847 ], [ 144.0582183, 44.0703203 ], [ 144.0458964, 44.0613289 ], [ 144.0501856, 44.0546761 ], [ 144.0476447, 44.0450783 ], [ 144.0496211, 44.0393836 ], [ 144.0428986, 44.0250231 ], [ 144.036630799999983, 44.0242 ], [ 144.03141, 44.0154119 ], [ 144.0467017, 44.0100128 ], [ 144.0543669, 43.9894389 ], [ 144.0534453, 43.9855058 ], [ 144.04567, 43.98336 ], [ 144.0484189, 43.9733797 ], [ 144.029570299999989, 43.9646611 ], [ 144.022755, 43.9637353 ], [ 144.0207139, 43.9480158 ], [ 144.030810799999983, 43.9432867 ], [ 144.029335799999984, 43.9356572 ], [ 144.033967499999989, 43.9288056 ], [ 144.032932499999987, 43.9247694 ], [ 144.0406444, 43.9174944 ], [ 144.047437799999983, 43.9200789 ], [ 144.0634675, 43.9217069 ], [ 144.062804199999988, 43.9097642 ], [ 144.046536100000026, 43.8938539 ], [ 144.0524211, 43.8878364 ], [ 144.0656514, 43.8893317 ], [ 144.082558899999981, 43.88546 ], [ 144.085871699999984, 43.8748206 ], [ 144.0939469, 43.8652806 ], [ 144.0925542, 43.859445 ], [ 144.1055714, 43.8559772 ], [ 144.1127636, 43.8585086 ], [ 144.1298553, 43.8710569 ], [ 144.1310867, 43.8741164 ], [ 144.1912686, 43.8554994 ], [ 144.184706899999981, 43.8476617 ], [ 144.1863372, 43.8429042 ], [ 144.194829199999987, 43.8397356 ], [ 144.1971211, 43.8338003 ], [ 144.2062525, 43.8265881 ], [ 144.216629399999988, 43.8225489 ], [ 144.214166899999981, 43.8144292 ], [ 144.219655599999982, 43.8010042 ], [ 144.2335411, 43.8016053 ], [ 144.2362967, 43.7910892 ], [ 144.2340333, 43.7868419 ], [ 144.2456608, 43.7746892 ], [ 144.248651699999982, 43.7661433 ], [ 144.245952499999987, 43.7525986 ], [ 144.253015, 43.7309347 ], [ 144.2615256, 43.7199764 ], [ 144.2629139, 43.7154453 ], [ 144.273191699999984, 43.7086347 ], [ 144.3002089, 43.7052669 ], [ 144.311745, 43.7053525 ], [ 144.315276899999986, 43.7080764 ], [ 144.328381899999982, 43.7089928 ], [ 144.3316625, 43.7066006 ], [ 144.331942199999986, 43.7049381 ], [ 144.3380239, 43.7025781 ], [ 144.346926699999983, 43.7043953 ], [ 144.3695564, 43.6988947 ], [ 144.37902219999998, 43.6886861 ], [ 144.3907064, 43.687844399999989 ], [ 144.408369199999981, 43.6930397 ], [ 144.428889699999985, 43.6970928 ], [ 144.4572067, 43.6923889 ], [ 144.465523900000022, 43.6866325 ], [ 144.4748094, 43.6856581 ], [ 144.4817003, 43.6781439 ], [ 144.486542500000013, 43.6656839 ], [ 144.4862822, 43.660195 ], [ 144.502053099999983, 43.6554172 ], [ 144.5126931, 43.6547089 ], [ 144.5209214, 43.6384553 ], [ 144.5185103, 43.6303103 ], [ 144.5250333, 43.6219986 ], [ 144.530124199999989, 43.611755 ], [ 144.53979529999998, 43.6077714 ], [ 144.548304699999989, 43.6128958 ], [ 144.5629519, 43.6081308 ], [ 144.5706314, 43.6006786 ], [ 144.592967499999986, 43.6093947 ], [ 144.59172, 43.6189842 ], [ 144.6009119, 43.6199039 ], [ 144.6140431, 43.6345067 ], [ 144.6268892, 43.6337475 ], [ 144.633886099999984, 43.6249358 ], [ 144.6416486, 43.6251131 ], [ 144.6484683, 43.6351747 ], [ 144.660378899999984, 43.6382503 ], [ 144.6667297, 43.6450256 ], [ 144.687626099999989, 43.6563478 ], [ 144.70626249999998, 43.6599464 ], [ 144.704747199999986, 43.6678233 ], [ 144.717896699999983, 43.6788306 ], [ 144.7327339, 43.6840231 ], [ 144.7301656, 43.7014658 ], [ 144.7236375, 43.7094569 ], [ 144.7255342, 43.7192806 ], [ 144.721720299999987, 43.7275083 ], [ 144.723268100000013, 43.7314169 ], [ 144.7202467, 43.7417778 ], [ 144.7200594, 43.7550044 ], [ 144.7224933, 43.76178 ] ] ] ] } },
{ "type": "Feature", "properties": { "hokenjo": "紋別" }, "geometry": { "type": "MultiPolygon", "coordinates": [ [ [ [ 143.5844778, 43.9228169 ], [ 143.590455599999984, 43.9398736 ], [ 143.587753599999985, 43.9468633 ], [ 143.603571099999982, 43.947855 ], [ 143.6060522, 43.9394575 ], [ 143.61639, 43.9336944 ], [ 143.6297164, 43.9366142 ], [ 143.6378125, 43.9419803 ], [ 143.6415869, 43.9327817 ], [ 143.6502358, 43.9301919 ], [ 143.645953099999986, 43.9252881 ], [ 143.651680299999981, 43.9207647 ], [ 143.6662536, 43.9251828 ], [ 143.6728278, 43.9236986 ], [ 143.680590800000033, 43.9270039 ], [ 143.6864014, 43.9220306 ], [ 143.675766899999985, 43.9200117 ], [ 143.6738083, 43.9120858 ], [ 143.6699108, 43.9086647 ], [ 143.6780403, 43.9046472 ], [ 143.6814367, 43.8941667 ], [ 143.6900675, 43.8916294 ], [ 143.6899756, 43.8861614 ], [ 143.7006903, 43.8754233 ], [ 143.7199769, 43.8786969 ], [ 143.720820799999984, 43.8883653 ], [ 143.7264906, 43.8942642 ], [ 143.727733299999983, 43.9005967 ], [ 143.738226699999984, 43.9047928 ], [ 143.7578872, 43.9201542 ], [ 143.7569306, 43.9291817 ], [ 143.7497492, 43.9313494 ], [ 143.7507411, 43.9438883 ], [ 143.7477844, 43.9455992 ], [ 143.74665330000002, 43.9559794 ], [ 143.7541186, 43.9568156 ], [ 143.7636861, 43.9519347 ], [ 143.7714647, 43.9527225 ], [ 143.7809794, 43.9625639 ], [ 143.7851019, 43.9708222 ], [ 143.78057579999998, 43.9753331 ], [ 143.793438899999984, 43.9837686 ], [ 143.803188299999988, 43.9778397 ], [ 143.812695, 43.9875733 ], [ 143.8328869, 43.9833869 ], [ 143.840356899999989, 43.9860211 ], [ 143.844043299999981, 43.9804408 ], [ 143.8631814, 43.9769133 ], [ 143.8778022, 43.9813194 ], [ 143.88896219999998, 43.9899456 ], [ 143.893460299999987, 43.9975094 ], [ 143.8993544, 43.9956275 ], [ 143.9081361, 44.0000125 ], [ 143.9065508, 44.0037169 ], [ 143.9158828, 44.0099847 ], [ 143.928386700000033, 44.0122775 ], [ 143.933828299999988, 44.0181611 ], [ 143.9386944, 44.0307069 ], [ 143.9439869, 44.0348222 ], [ 143.952448299999986, 44.0362783 ], [ 143.9537358, 44.0428111 ], [ 143.9475003, 44.0527619 ], [ 143.946413100000029, 44.0600203 ], [ 143.9530842, 44.0658594 ], [ 143.96670469999998, 44.0848889 ], [ 143.950544399999984, 44.0909 ], [ 143.9109997, 44.1259006 ], [ 143.775689699999987, 44.1443436 ], [ 143.776451399999985, 44.1846869 ], [ 143.7383136, 44.1945558 ], [ 143.6913078, 44.2081889 ], [ 143.629485599999981, 44.2281283 ], [ 143.6269858, 44.2305489 ], [ 143.577774399999981, 44.2460358 ], [ 143.5590444, 44.2525236 ], [ 143.5159414, 44.2677472 ], [ 143.4657092, 44.2868367 ], [ 143.411467499999986, 44.3094707 ], [ 143.382494899999983, 44.3250615 ], [ 143.3740575, 44.3311368 ], [ 143.3714837, 44.3394648 ], [ 143.3651358, 44.337479 ], [ 143.3600545, 44.3455103 ], [ 143.3566983, 44.3597176 ], [ 143.348875599999985, 44.3704037 ], [ 143.3403754, 44.3720352 ], [ 143.309214699999984, 44.3854172 ], [ 143.2761372, 44.4007886 ], [ 143.2660797, 44.4052211 ], [ 143.2336453, 44.4219206 ], [ 143.2280501, 44.4292411 ], [ 143.226890700000013, 44.4387363 ], [ 143.2141163, 44.4405847 ], [ 143.1520275, 44.4708574 ], [ 143.1235125, 44.4863561 ], [ 143.1004658, 44.4978522 ], [ 143.082508599999983, 44.5074581 ], [ 143.0642106, 44.5185933 ], [ 143.0585136, 44.5282981 ], [ 143.0480508, 44.5287458 ], [ 143.036327199999988, 44.5343422 ], [ 142.9942414, 44.5577317 ], [ 142.976029499999981, 44.5718212 ], [ 142.9575754, 44.5930475 ], [ 142.9552693, 44.5983231 ], [ 142.944728, 44.6011709 ], [ 142.9429891, 44.6080344 ], [ 142.9331856, 44.6137311 ], [ 142.932838900000036, 44.6217883 ], [ 142.9274508, 44.6288506 ], [ 142.9181422, 44.6286653 ], [ 142.8964231, 44.6461083 ], [ 142.893069199999985, 44.6520428 ], [ 142.871083299999981, 44.662140799999989 ], [ 142.862640299999981, 44.6722581 ], [ 142.8522739, 44.6778772 ], [ 142.84206, 44.6872025 ], [ 142.834708299999988, 44.6810914 ], [ 142.830726699999985, 44.6703842 ], [ 142.8237839, 44.6641969 ], [ 142.810357499999981, 44.6568139 ], [ 142.7923289, 44.6429428 ], [ 142.791300299999989, 44.6402267 ], [ 142.766345, 44.6392383 ], [ 142.761617799999982, 44.6346294 ], [ 142.7508364, 44.6400694 ], [ 142.7398397, 44.641335 ], [ 142.7307092, 44.6388406 ], [ 142.7206653, 44.6324672 ], [ 142.7022844, 44.6300131 ], [ 142.6962967, 44.6214556 ], [ 142.6855981, 44.6168592 ], [ 142.6894158, 44.6099456 ], [ 142.6871822, 44.6028842 ], [ 142.671005799999989, 44.5977269 ], [ 142.6567406, 44.5969686 ], [ 142.6469525, 44.5899539 ], [ 142.6453314, 44.5806147 ], [ 142.655654699999985, 44.5781308 ], [ 142.65288, 44.567585 ], [ 142.636235299999981, 44.553514199999988 ], [ 142.6347472, 44.5459064 ], [ 142.636193599999984, 44.5361269 ], [ 142.646149399999985, 44.5305772 ], [ 142.6348128, 44.5237333 ], [ 142.627935300000019, 44.5229917 ], [ 142.620528899999982, 44.5144803 ], [ 142.618334399999981, 44.5000947 ], [ 142.613305, 44.4939739 ], [ 142.6014892, 44.4864922 ], [ 142.5967081, 44.4747231 ], [ 142.597935299999989, 44.4662544 ], [ 142.5932544, 44.4552031 ], [ 142.5863386, 44.4453044 ], [ 142.5840656, 44.4336758 ], [ 142.5938994, 44.4322869 ], [ 142.606503600000025, 44.4366561 ], [ 142.6199014, 44.4346531 ], [ 142.650707499999982, 44.4377581 ], [ 142.654830799999985, 44.4477414 ], [ 142.6676311, 44.4538756 ], [ 142.683428599999985, 44.4734831 ], [ 142.691931899999986, 44.476625 ], [ 142.6949811, 44.4819144 ], [ 142.712685599999986, 44.4812447 ], [ 142.7207086, 44.4685425 ], [ 142.7211939, 44.4608317 ], [ 142.7336306, 44.4600372 ], [ 142.7391714, 44.4632164 ], [ 142.7491814, 44.4549581 ], [ 142.7565239, 44.4564825 ], [ 142.757958299999984, 44.4610111 ], [ 142.765416099999982, 44.464475 ], [ 142.7949864, 44.4563147 ], [ 142.811712799999981, 44.4587533 ], [ 142.8218042, 44.4548281 ], [ 142.8436408, 44.4594219 ], [ 142.8445361, 44.4537683 ], [ 142.8402869, 44.4464761 ], [ 142.8512958, 44.4383311 ], [ 142.840382500000032, 44.4324156 ], [ 142.8357019, 44.4260878 ], [ 142.8244947, 44.4237072 ], [ 142.818757800000014, 44.418855 ], [ 142.818390599999987, 44.4138903 ], [ 142.830375299999986, 44.3972603 ], [ 142.8294047, 44.3919642 ], [ 142.823926699999987, 44.3884731 ], [ 142.8286769, 44.3793822 ], [ 142.8256725, 44.3694461 ], [ 142.815154399999983, 44.3563156 ], [ 142.8155811, 44.3503181 ], [ 142.808753599999989, 44.3489594 ], [ 142.8024514, 44.3426011 ], [ 142.8026408, 44.3315431 ], [ 142.817257499999982, 44.33213 ], [ 142.824169399999988, 44.3288475 ], [ 142.8227458, 44.3135806 ], [ 142.8238083, 44.3049981 ], [ 142.829229699999985, 44.2933725 ], [ 142.827241099999981, 44.2828939 ], [ 142.8242433, 44.279225 ], [ 142.8263739, 44.2724114 ], [ 142.8456158, 44.2672506 ], [ 142.85219, 44.2589483 ], [ 142.859250299999985, 44.2572728 ], [ 142.866685, 44.2484297 ], [ 142.8658225, 44.2406019 ], [ 142.8697872, 44.2323011 ], [ 142.875593899999984, 44.2287956 ], [ 142.8648081, 44.2186467 ], [ 142.8657053, 44.2115258 ], [ 142.872490299999981, 44.2035247 ], [ 142.8689244, 44.1981939 ], [ 142.8727533, 44.1941767 ], [ 142.8683878, 44.1883339 ], [ 142.8766211, 44.1851817 ], [ 142.8774717, 44.1748606 ], [ 142.8824453, 44.1686767 ], [ 142.876934399999982, 44.1596536 ], [ 142.8627653, 44.1547858 ], [ 142.852391399999988, 44.1582733 ], [ 142.8382928, 44.1568183 ], [ 142.838278300000013, 44.1503 ], [ 142.8431492, 44.1456753 ], [ 142.8397783, 44.1357381 ], [ 142.841748599999988, 44.1277233 ], [ 142.8512806, 44.1226311 ], [ 142.8526386, 44.1173242 ], [ 142.8605086, 44.1075353 ], [ 142.85634779999998, 44.1042722 ], [ 142.856935599999986, 44.0903689 ], [ 142.8704725, 44.0849311 ], [ 142.8680736, 44.077655299999989 ], [ 142.8606361, 44.0700622 ], [ 142.8642539, 44.0636828 ], [ 142.8742958, 44.0595172 ], [ 142.8789878, 44.0490161 ], [ 142.873436699999985, 44.0473464 ], [ 142.866473300000024, 44.040335 ], [ 142.8765603, 44.0326086 ], [ 142.8740636, 44.0196906 ], [ 142.8896092, 44.0207644 ], [ 142.898204199999981, 44.0098758 ], [ 142.8943319, 44.00354 ], [ 142.902552499999985, 43.9897161 ], [ 142.899728899999985, 43.9817569 ], [ 142.8889442, 43.9765567 ], [ 142.8909128, 43.9710097 ], [ 142.8819097, 43.9531206 ], [ 142.8830731, 43.9444333 ], [ 142.891835, 43.9432447 ], [ 142.8923414, 43.9383183 ], [ 142.8856175, 43.9344325 ], [ 142.891234699999984, 43.9302153 ], [ 142.888472799999988, 43.9263642 ], [ 142.9001869, 43.9217886 ], [ 142.9110744, 43.9268792 ], [ 142.935258299999987, 43.9265642 ], [ 142.956271099999981, 43.9330628 ], [ 142.973431399999981, 43.9416592 ], [ 142.9830883, 43.9431197 ], [ 142.986154199999987, 43.9389614 ], [ 142.999805, 43.9279622 ], [ 143.0138197, 43.9216236 ], [ 143.037122499999981, 43.9281417 ], [ 143.0538669, 43.9178842 ], [ 143.0552956, 43.9141239 ], [ 143.048374699999982, 43.9066975 ], [ 143.0374881, 43.9027392 ], [ 143.0338925, 43.8950886 ], [ 143.019063599999981, 43.8855111 ], [ 143.0229517, 43.8762569 ], [ 143.017043600000022, 43.87433 ], [ 143.0202342, 43.8635706 ], [ 143.011196399999989, 43.8614508 ], [ 143.0139572, 43.8443328 ], [ 143.0090753, 43.8370056 ], [ 143.010245, 43.8265822 ], [ 143.022283099999981, 43.8171408 ], [ 143.0374367, 43.8091 ], [ 143.01944, 43.8023017 ], [ 143.012256399999984, 43.7943981 ], [ 143.0161297, 43.7891122 ], [ 143.0141406, 43.780630599999988 ], [ 143.0071969, 43.7753225 ], [ 143.006891699999983, 43.7683525 ], [ 143.0112581, 43.7578892 ], [ 143.024365, 43.7471881 ], [ 143.032556699999986, 43.7489014 ], [ 143.0467956, 43.7464622 ], [ 143.0509672, 43.7439547 ], [ 143.0690386, 43.7463692 ], [ 143.0743539, 43.7378881 ], [ 143.0840144, 43.7388597 ], [ 143.090002199999986, 43.7451469 ], [ 143.09586, 43.7430133 ], [ 143.118378600000028, 43.7540153 ], [ 143.136312799999985, 43.7542353 ], [ 143.1424994, 43.7617644 ], [ 143.1534792, 43.7633844 ], [ 143.1605439, 43.7616244 ], [ 143.16855, 43.7558194 ], [ 143.1747383, 43.7421642 ], [ 143.179680599999983, 43.7349836 ], [ 143.174485799999985, 43.7309492 ], [ 143.1734156, 43.724087499999989 ], [ 143.1681294, 43.7162522 ], [ 143.1718453, 43.70692 ], [ 143.1816658, 43.7068231 ], [ 143.1955078, 43.7002617 ], [ 143.2091111, 43.7022592 ], [ 143.226048599999984, 43.6967989 ], [ 143.236265, 43.7007367 ], [ 143.253036399999985, 43.7099522 ], [ 143.255673299999984, 43.7221878 ], [ 143.2490642, 43.7328997 ], [ 143.2506472, 43.7387117 ], [ 143.269736699999982, 43.7467808 ], [ 143.2732131, 43.754095 ], [ 143.2788578, 43.7545828 ], [ 143.289094399999982, 43.7635003 ], [ 143.307015299999989, 43.7594672 ], [ 143.3185033, 43.7696697 ], [ 143.326285600000034, 43.7641572 ], [ 143.3368858, 43.7655678 ], [ 143.3393797, 43.7712994 ], [ 143.3508467, 43.7737369 ], [ 143.364218300000033, 43.7822853 ], [ 143.3616611, 43.788385 ], [ 143.3669964, 43.7912919 ], [ 143.3757225, 43.7909489 ], [ 143.376913299999984, 43.797905 ], [ 143.398854699999987, 43.7953081 ], [ 143.4089856, 43.7957981 ], [ 143.4173322, 43.7985153 ], [ 143.433120300000013, 43.7990394 ], [ 143.4525803, 43.8128039 ], [ 143.471580300000028, 43.8118869 ], [ 143.477732799999984, 43.8147203 ], [ 143.488200299999988, 43.8094411 ], [ 143.5057136, 43.8143094 ], [ 143.513505, 43.8143228 ], [ 143.5256828, 43.8261997 ], [ 143.5290181, 43.835180799999989 ], [ 143.5366192, 43.8384514 ], [ 143.5463878, 43.8395686 ], [ 143.553726399999988, 43.845235 ], [ 143.559615, 43.8400714 ], [ 143.5725881, 43.8454003 ], [ 143.5656189, 43.8579742 ], [ 143.5698722, 43.8791867 ], [ 143.5775156, 43.8816183 ], [ 143.5835258, 43.8871922 ], [ 143.5872828, 43.8964456 ], [ 143.586379199999982, 43.9091897 ], [ 143.5838106, 43.9152889 ], [ 143.5844778, 43.9228169 ] ] ] ] } },
{ "type": "Feature", "properties": { "hokenjo": "留萌" }, "geometry": { "type": "MultiPolygon", "coordinates": [ [ [ [ 141.6997192, 43.7814206 ], [ 141.6949847, 43.7857833 ], [ 141.6988686, 43.7962103 ], [ 141.710910800000022, 43.7923508 ], [ 141.719545, 43.7954706 ], [ 141.7279706, 43.7934114 ], [ 141.7414578, 43.7856094 ], [ 141.748403900000028, 43.7718936 ], [ 141.7540214, 43.7676994 ], [ 141.7612006, 43.7581411 ], [ 141.767380799999984, 43.7562614 ], [ 141.77447140000001, 43.7701464 ], [ 141.775575, 43.7763883 ], [ 141.770938300000012, 43.78457 ], [ 141.78691, 43.7905492 ], [ 141.8044253, 43.8013083 ], [ 141.8039772, 43.8120139 ], [ 141.806645, 43.8157206 ], [ 141.797269199999988, 43.8266997 ], [ 141.8136575, 43.8345203 ], [ 141.822855799999985, 43.8307283 ], [ 141.830579699999987, 43.8322719 ], [ 141.8299108, 43.8425686 ], [ 141.8455, 43.84484 ], [ 141.8515803, 43.8478775 ], [ 141.858372799999984, 43.8466469 ], [ 141.860624400000034, 43.8558217 ], [ 141.8583783, 43.8588094 ], [ 141.8660878, 43.8694881 ], [ 141.8664506, 43.8793206 ], [ 141.877997199999982, 43.8893631 ], [ 141.896128899999979, 43.8942783 ], [ 141.9002236, 43.9013908 ], [ 141.890858899999984, 43.9142519 ], [ 141.8849731, 43.9169969 ], [ 141.881614399999989, 43.9260972 ], [ 141.88938, 43.9354972 ], [ 141.885095, 43.9432856 ], [ 141.8951486, 43.9454456 ], [ 141.9013453, 43.9566972 ], [ 141.9195675, 43.9584797 ], [ 141.9312811, 43.9634031 ], [ 141.9291422, 43.9718269 ], [ 141.930963099999985, 43.9830675 ], [ 141.9488347, 43.9991622 ], [ 141.9675072, 43.9976694 ], [ 141.9859214, 43.9933586 ], [ 141.991922499999987, 43.9966903 ], [ 141.9956803, 44.0058953 ], [ 142.010923099999985, 44.0038383 ], [ 142.0200194, 44.0057208 ], [ 142.032716400000027, 43.9983928 ], [ 142.0405733, 43.9995286 ], [ 142.0429533, 44.0092694 ], [ 142.0537525, 44.0186653 ], [ 142.0613581, 44.0309775 ], [ 142.0579828, 44.0373053 ], [ 142.0597956, 44.0448792 ], [ 142.0660622, 44.0482717 ], [ 142.0583317, 44.0507961 ], [ 142.0569511, 44.0559583 ], [ 142.0646792, 44.0620272 ], [ 142.0699797, 44.0695256 ], [ 142.0623678, 44.07845 ], [ 142.0525197, 44.1043681 ], [ 142.063826399999982, 44.1123328 ], [ 142.0708675, 44.1194439 ], [ 142.0714389, 44.1241278 ], [ 142.07817559999998, 44.1292339 ], [ 142.072923299999985, 44.1322003 ], [ 142.0720317, 44.1394614 ], [ 142.075545799999986, 44.146085 ], [ 142.071355, 44.1513778 ], [ 142.0712642, 44.1577619 ], [ 142.075606400000026, 44.1649244 ], [ 142.0789369, 44.1722892 ], [ 142.0880922, 44.1822289 ], [ 142.088183099999981, 44.1883925 ], [ 142.08186139999998, 44.1956603 ], [ 142.073731899999984, 44.194165 ], [ 142.0598522, 44.1974861 ], [ 142.057426099999986, 44.2027289 ], [ 142.0495889, 44.2040414 ], [ 142.0435406, 44.2124736 ], [ 142.0498986, 44.2173464 ], [ 142.0434669, 44.228015 ], [ 142.050461399999989, 44.2320569 ], [ 142.0663783, 44.2354481 ], [ 142.061572800000022, 44.2501219 ], [ 142.05767419999998, 44.2558458 ], [ 142.045926399999985, 44.2629647 ], [ 142.038655799999987, 44.2585719 ], [ 142.0346606, 44.2651344 ], [ 142.039081399999986, 44.2697183 ], [ 142.0309317, 44.2846472 ], [ 142.045850600000023, 44.2901436 ], [ 142.060466900000023, 44.2981183 ], [ 142.053314199999988, 44.3085644 ], [ 142.058940299999989, 44.3145944 ], [ 142.0540933, 44.3210358 ], [ 142.053778599999987, 44.3264697 ], [ 142.0610139, 44.3360642 ], [ 142.0483189, 44.3445358 ], [ 142.0366731, 44.3458672 ], [ 142.032076099999983, 44.3556283 ], [ 142.0318614, 44.36543 ], [ 142.028813600000035, 44.3708083 ], [ 142.0316483, 44.3775458 ], [ 142.026376700000014, 44.3816817 ], [ 142.0212922, 44.3902164 ], [ 142.0356842, 44.4007478 ], [ 142.0352586, 44.4055608 ], [ 142.0542744, 44.408825 ], [ 142.0571567, 44.4139889 ], [ 142.064643099999984, 44.4167181 ], [ 142.071276899999987, 44.4230922 ], [ 142.0773403, 44.4243278 ], [ 142.0799769, 44.4335336 ], [ 142.0883208, 44.4386636 ], [ 142.0944983, 44.43653 ], [ 142.1055436, 44.4387875 ], [ 142.112191699999983, 44.4529314 ], [ 142.1114742, 44.4600664 ], [ 142.115620799999988, 44.4652347 ], [ 142.1153519, 44.4745861 ], [ 142.1084811, 44.488678899999989 ], [ 142.0962031, 44.49035 ], [ 142.0860711, 44.4890197 ], [ 142.0798333, 44.4968539 ], [ 142.0729097, 44.4961528 ], [ 142.06729, 44.5045042 ], [ 142.0543903, 44.5135931 ], [ 142.0406778, 44.53055 ], [ 142.0504458, 44.5407781 ], [ 142.050905299999982, 44.5480917 ], [ 142.055307199999987, 44.5520444 ], [ 142.0472308, 44.5600858 ], [ 142.0480939, 44.565855 ], [ 142.0438728, 44.5709575 ], [ 142.04025249999998, 44.5859378 ], [ 142.0293417, 44.5903275 ], [ 142.0236606, 44.5891719 ], [ 142.0155078, 44.5927533 ], [ 142.0091722, 44.5989297 ], [ 142.007561100000032, 44.6059419 ], [ 142.0143411, 44.6100858 ], [ 142.0141233, 44.6195578 ], [ 142.0033, 44.6243739 ], [ 142.0044211, 44.6333072 ], [ 142.009165300000035, 44.6368425 ], [ 142.003311699999983, 44.6410283 ], [ 142.003140799999983, 44.645873099999989 ], [ 142.0097783, 44.6539525 ], [ 141.998443899999984, 44.6590047 ], [ 141.994600599999984, 44.6711897 ], [ 141.9972592, 44.6750067 ], [ 141.98867, 44.6857964 ], [ 141.995888899999983, 44.6900831 ], [ 142.0012908, 44.7008328 ], [ 141.9937536, 44.7056639 ], [ 141.995171699999986, 44.7196425 ], [ 141.9845386, 44.728465 ], [ 141.9812297, 44.7405164 ], [ 141.976398599999982, 44.7455556 ], [ 141.9853539, 44.7577517 ], [ 141.989691099999988, 44.7609672 ], [ 141.9870731, 44.7682283 ], [ 141.9924639, 44.7763956 ], [ 141.990805599999987, 44.7797208 ], [ 142.0010753, 44.8008458 ], [ 141.997101099999981, 44.8051244 ], [ 142.004987799999981, 44.8187217 ], [ 141.997922200000033, 44.8334586 ], [ 142.0038883, 44.8410286 ], [ 142.0075067, 44.8528408 ], [ 142.0032297, 44.8610933 ], [ 141.9965722, 44.8627189 ], [ 141.989434200000034, 44.8706767 ], [ 141.990822200000025, 44.8763314 ], [ 141.9994106, 44.8801836 ], [ 141.999524399999984, 44.8897022 ], [ 142.0032172, 44.8940617 ], [ 142.0193636, 44.8963128 ], [ 142.0204192, 44.9026097 ], [ 142.028197799999987, 44.905185 ], [ 142.02109, 44.9109369 ], [ 142.012439199999989, 44.9069083 ], [ 142.0044125, 44.897915 ], [ 141.993206099999981, 44.9035058 ], [ 141.989646099999987, 44.9161808 ], [ 141.983193299999982, 44.9159669 ], [ 141.97477139999998, 44.911220799999988 ], [ 141.9665139, 44.9025633 ], [ 141.953013299999981, 44.898095 ], [ 141.9489858, 44.9108253 ], [ 141.930185599999987, 44.9081456 ], [ 141.929000799999983, 44.9004139 ], [ 141.90974559999998, 44.9092089 ], [ 141.9185722, 44.9155506 ], [ 141.9094806, 44.9215703 ], [ 141.8986983, 44.9227536 ], [ 141.876561399999986, 44.9294472 ], [ 141.8743733, 44.9322983 ], [ 141.877082799999982, 44.9474525 ], [ 141.876224399999984, 44.9562853 ], [ 141.8715489, 44.9709086 ], [ 141.8637192, 44.9800186 ], [ 141.862974399999985, 44.9877433 ], [ 141.855496099999982, 44.9932161 ], [ 141.8381378, 44.991923299999989 ], [ 141.8331442, 44.9897231 ], [ 141.8204031, 44.9928458 ], [ 141.7962422, 44.9917461 ], [ 141.777908599999989, 44.9850022 ], [ 141.7664828, 44.9849803 ], [ 141.7615858, 44.9825483 ], [ 141.744519199999985, 44.968585 ], [ 141.733036699999985, 44.966035 ], [ 141.7151608, 44.9526292 ], [ 141.716106699999983, 44.9462417 ], [ 141.7207914, 44.9419633 ], [ 141.726619699999986, 44.9272325 ], [ 141.729486899999984, 44.9143272 ], [ 141.7372608, 44.8940675 ], [ 141.74042, 44.8819344 ], [ 141.736615299999983, 44.8782056 ], [ 141.747160799999989, 44.8571103 ], [ 141.7547208, 44.8359794 ], [ 141.763369399999988, 44.8077617 ], [ 141.775241199999982, 44.7657158 ], [ 141.782759199999987, 44.7282325 ], [ 141.780507199999988, 44.721576899999988 ], [ 141.7834164, 44.7161903 ], [ 141.7876767, 44.6949178 ], [ 141.7918947, 44.6616128 ], [ 141.792316699999986, 44.6429433 ], [ 141.789888099999985, 44.6050631 ], [ 141.7873936, 44.5867156 ], [ 141.782445599999988, 44.5716756 ], [ 141.778075, 44.565435 ], [ 141.77308309999998, 44.5645236 ], [ 141.7674628, 44.5557175 ], [ 141.7656211, 44.5374811 ], [ 141.763156399999986, 44.5308478 ], [ 141.7643372, 44.5106819 ], [ 141.760615799999982, 44.4723928 ], [ 141.755043300000011, 44.4512419 ], [ 141.747059399999983, 44.4328011 ], [ 141.7361463, 44.415358 ], [ 141.7252901, 44.4045792 ], [ 141.7095335, 44.3914138 ], [ 141.7069591, 44.3779632 ], [ 141.6987494, 44.3693701 ], [ 141.6921289, 44.3662414 ], [ 141.6836802, 44.3472025 ], [ 141.678776900000031, 44.3327164 ], [ 141.6720647, 44.3238569 ], [ 141.6616958, 44.31561 ], [ 141.6470194, 44.3121106 ], [ 141.6488914, 44.2973747 ], [ 141.6476161, 44.2920969 ], [ 141.654318599999982, 44.2642969 ], [ 141.653966699999984, 44.2600319 ], [ 141.65798719999998, 44.2421622 ], [ 141.65444, 44.2200425 ], [ 141.65616559999998, 44.2089981 ], [ 141.657983299999984, 44.1880594 ], [ 141.6583119, 44.1617767 ], [ 141.6539315, 44.1544811 ], [ 141.6532128, 44.1424942 ], [ 141.6598742, 44.1006042 ], [ 141.662104199999987, 44.0784072 ], [ 141.662394399999982, 44.0386697 ], [ 141.6605319, 44.0284958 ], [ 141.6622706, 44.0234203 ], [ 141.659909199999987, 44.0084019 ], [ 141.651022899999987, 43.993858 ], [ 141.6458515, 43.9811651 ], [ 141.646276, 43.9759623 ], [ 141.6358639, 43.9745488 ], [ 141.638101899999981, 43.9701098 ], [ 141.645518, 43.9711284 ], [ 141.6413818, 43.9611994 ], [ 141.6423953, 43.9557525 ], [ 141.63841979999998, 43.9506995 ], [ 141.6320685, 43.9516734 ], [ 141.629411399999981, 43.9446609 ], [ 141.6333751, 43.9428602 ], [ 141.6268298, 43.9209724 ], [ 141.620992799999982, 43.9183839 ], [ 141.6078933, 43.9031211 ], [ 141.597409699999986, 43.8843256 ], [ 141.5880575, 43.8819394 ], [ 141.582165299999986, 43.8726383 ], [ 141.5751814, 43.8680839 ], [ 141.5649914, 43.8666758 ], [ 141.562127799999985, 43.8597667 ], [ 141.554713599999985, 43.8585325 ], [ 141.5465485, 43.8604807 ], [ 141.5440355, 43.8546988 ], [ 141.5373394, 43.8518328 ], [ 141.529327199999983, 43.857298 ], [ 141.5192748, 43.8588944 ], [ 141.5098122, 43.8551747 ], [ 141.4973942, 43.838859 ], [ 141.49357329999998, 43.8361991 ], [ 141.4819368, 43.8358033 ], [ 141.4664372, 43.8330483 ], [ 141.457505, 43.8357344 ], [ 141.4462164, 43.8287089 ], [ 141.4336319, 43.8258983 ], [ 141.4104025, 43.8139928 ], [ 141.3986578, 43.8117131 ], [ 141.393164, 43.8068435 ], [ 141.3818967, 43.8020139 ], [ 141.371861699999982, 43.791475 ], [ 141.3702917, 43.7775302 ], [ 141.3616817, 43.7614758 ], [ 141.3510192, 43.7548411 ], [ 141.34468769999998, 43.7442591 ], [ 141.33743, 43.7374944 ], [ 141.3470053, 43.7339192 ], [ 141.371273300000013, 43.7276206 ], [ 141.3791306, 43.729602199999988 ], [ 141.3932428, 43.7376031 ], [ 141.4049842, 43.7377861 ], [ 141.413876099999982, 43.7265514 ], [ 141.4116733, 43.7189961 ], [ 141.4173361, 43.7111969 ], [ 141.431678299999987, 43.7106536 ], [ 141.43883169999998, 43.7038297 ], [ 141.45309420000001, 43.7009008 ], [ 141.4687117, 43.7007794 ], [ 141.4799992, 43.687974399999987 ], [ 141.4906253, 43.6844411 ], [ 141.4933342, 43.6915369 ], [ 141.5054486, 43.6993919 ], [ 141.5110264, 43.6985014 ], [ 141.525031900000016, 43.7083594 ], [ 141.525108099999983, 43.7109642 ], [ 141.5382581, 43.7121567 ], [ 141.5588808, 43.7180628 ], [ 141.5733214, 43.7285775 ], [ 141.5956783, 43.7388275 ], [ 141.606489399999987, 43.7451139 ], [ 141.615124399999985, 43.7427911 ], [ 141.61753969999998, 43.7524292 ], [ 141.6324856, 43.7599161 ], [ 141.6402917, 43.7607967 ], [ 141.6472178, 43.7562553 ], [ 141.6640778, 43.7597622 ], [ 141.6935442, 43.7463544 ], [ 141.701537799999983, 43.751320299999989 ], [ 141.704742499999981, 43.756774199999988 ], [ 141.6981792, 43.7738708 ], [ 141.6997192, 43.7814206 ] ] ], [ [ [ 141.3355656, 44.4322847 ], [ 141.327536, 44.4378727 ], [ 141.3266951, 44.4423937 ], [ 141.314357199999989, 44.434465 ], [ 141.3073772, 44.4273533 ], [ 141.2963239, 44.4232189 ], [ 141.2929794, 44.4195822 ], [ 141.2944422, 44.4126628 ], [ 141.3196022, 44.41559 ], [ 141.3355656, 44.4322847 ] ] ], [ [ [ 141.4260147, 44.4281553 ], [ 141.429088299999989, 44.4334914 ], [ 141.4257422, 44.4465672 ], [ 141.408926399999984, 44.4440708 ], [ 141.38639139999998, 44.4380067 ], [ 141.3843228, 44.4303989 ], [ 141.3938517, 44.4309906 ], [ 141.4158142, 44.4277167 ], [ 141.4260147, 44.4281553 ] ] ] ] } }
]
}
