{
"type": "FeatureCollection",
"name": "hyogo",
"crs": { "type": "name", "properties": { "name": "urn:ogc:def:crs:OGC:1.3:CRS84" } },
"features": [
{ "type": "Feature", "properties": { "hokenjo": "あかし" }, "geometry": { "type": "MultiPolygon", "coordinates": [ [ [ [ 135.0309131, 34.6595828 ], [ 135.0264, 34.6606339 ], [ 135.0223011, 34.6573533 ], [ 135.0179469, 34.6589589 ], [ 135.0139144, 34.6581581 ], [ 135.01063, 34.6614811 ], [ 135.0061864, 34.6580347 ], [ 134.9997306, 34.6569067 ], [ 134.996296699999988, 34.6590297 ], [ 134.986931699999985, 34.6573967 ], [ 134.983730799999989, 34.6609708 ], [ 134.979949399999981, 34.6577081 ], [ 134.976675299999982, 34.6586306 ], [ 134.9743942, 34.6659728 ], [ 134.9700456, 34.6714753 ], [ 134.9713817, 34.6774994 ], [ 134.9673286, 34.6799517 ], [ 134.9651806, 34.6855833 ], [ 134.9659083, 34.6975903 ], [ 134.9632753, 34.7040633 ], [ 134.966026699999986, 34.7076761 ], [ 134.9649478, 34.7116403 ], [ 134.9596556, 34.7133697 ], [ 134.951608300000032, 34.7115878 ], [ 134.9428783, 34.7126261 ], [ 134.940508099999988, 34.7082383 ], [ 134.9327681, 34.7020675 ], [ 134.930645, 34.6991494 ], [ 134.91898, 34.7088025 ], [ 134.9171292, 34.7072822 ], [ 134.9100522, 34.7203256 ], [ 134.912453299999981, 34.7213053 ], [ 134.9068939, 34.7248192 ], [ 134.8999814, 34.7255914 ], [ 134.8928881, 34.7243408 ], [ 134.8907156, 34.721225 ], [ 134.885411399999981, 34.7189692 ], [ 134.8805792, 34.7102228 ], [ 134.8755644, 34.7085194 ], [ 134.870542, 34.7028454 ], [ 134.876802699999985, 34.6999554 ], [ 134.8955882, 34.689007599999989 ], [ 134.9076215, 34.6764857 ], [ 134.9163, 34.6753063 ], [ 134.929673399999984, 34.6710332 ], [ 134.9359763, 34.6664097 ], [ 134.944680399999982, 34.6617374 ], [ 134.9572158, 34.6520809 ], [ 134.972627099999983, 34.6438236 ], [ 134.987846099999985, 34.6416656 ], [ 134.9903364, 34.6453027 ], [ 134.994572799999986, 34.6419876 ], [ 135.0117634, 34.6421292 ], [ 135.018717, 34.6431383 ], [ 135.020115799999985, 34.6473972 ], [ 135.0296897, 34.655268299999989 ], [ 135.0309131, 34.6595828 ] ] ], [ [ [ 134.8628941, 34.6899231 ], [ 134.8776004, 34.6844146 ], [ 134.883991, 34.6918733 ], [ 134.881045, 34.6947967 ], [ 134.869697799999983, 34.7014141 ], [ 134.868340099999983, 34.699185299999989 ], [ 134.866610799999989, 34.6963615 ], [ 134.8628941, 34.6899231 ] ] ] ] } },
{ "type": "Feature", "properties": { "hokenjo": "芦屋" }, "geometry": { "type": "MultiPolygon", "coordinates": [ [ [ [ 135.322105199999982, 34.7120757 ], [ 135.3219406, 34.7164067 ], [ 135.30622649999998, 34.7132972 ], [ 135.3084891, 34.7076813 ], [ 135.311833, 34.7056398 ], [ 135.3209513, 34.7048502 ], [ 135.3192953, 34.7114895 ], [ 135.322105199999982, 34.7120757 ] ] ], [ [ [ 135.3035634, 34.7188533 ], [ 135.3060226, 34.7144867 ], [ 135.32394979999998, 34.7180985 ], [ 135.3243445, 34.7258439 ], [ 135.323921399999989, 34.73059 ], [ 135.3205414, 34.736647499999989 ], [ 135.3174386, 34.7394819 ], [ 135.316353099999986, 34.7447606 ], [ 135.311947799999984, 34.7540028 ], [ 135.306279200000034, 34.7598242 ], [ 135.3045328, 34.7634597 ], [ 135.2997425, 34.7659081 ], [ 135.29477, 34.7753931 ], [ 135.2869269, 34.7771492 ], [ 135.284539699999982, 34.7807156 ], [ 135.267521499999987, 34.7810012 ], [ 135.266845900000021, 34.7802658 ], [ 135.2724258, 34.7696353 ], [ 135.27581, 34.7664081 ], [ 135.28064, 34.7586364 ], [ 135.2801547, 34.7519472 ], [ 135.2871289, 34.7478714 ], [ 135.2843331, 34.7443889 ], [ 135.2906883, 34.7386211 ], [ 135.296126099999981, 34.7283797 ], [ 135.299599699999987, 34.7284414 ], [ 135.3034568, 34.7190951 ], [ 135.3035128, 34.7189683 ], [ 135.3035634, 34.7188533 ] ] ] ] } },
{ "type": "Feature", "properties": { "hokenjo": "伊丹" }, "geometry": { "type": "MultiPolygon", "coordinates": [ [ [ [ 135.4237403, 34.8020533 ], [ 135.4197364, 34.8088294 ], [ 135.415990599999986, 34.8176928 ], [ 135.4161858, 34.8204575 ], [ 135.422382199999987, 34.8269086 ], [ 135.4237994, 34.8299475 ], [ 135.4242286, 34.83822 ], [ 135.4186372, 34.8494692 ], [ 135.4313583, 34.8564153 ], [ 135.4300575, 34.8610556 ], [ 135.43480169999998, 34.8700833 ], [ 135.4340128, 34.8722125 ], [ 135.4375181, 34.8768144 ], [ 135.4374311, 34.8799192 ], [ 135.4409382, 34.8904565 ], [ 135.443943099999984, 34.8913903 ], [ 135.445817799999986, 34.8965203 ], [ 135.443579199999988, 34.8989389 ], [ 135.4394694, 34.8960161 ], [ 135.430503099999981, 34.8935164 ], [ 135.4310822, 34.8972417 ], [ 135.4256825, 34.9067408 ], [ 135.419968899999986, 34.9064783 ], [ 135.4191003, 34.9097533 ], [ 135.4302992, 34.9163475 ], [ 135.4345247, 34.9167681 ], [ 135.4393028, 34.9205044 ], [ 135.4514486, 34.9198967 ], [ 135.4567103, 34.9179056 ], [ 135.465407199999987, 34.9195881 ], [ 135.4671525, 34.9287867 ], [ 135.4610122, 34.9262747 ], [ 135.4571181, 34.929141699999988 ], [ 135.4528186, 34.9297189 ], [ 135.441592499999985, 34.9393792 ], [ 135.4385481, 34.9369417 ], [ 135.425346400000024, 34.9364275 ], [ 135.4184847, 34.9338944 ], [ 135.4157558, 34.9407939 ], [ 135.410413299999988, 34.9399247 ], [ 135.4072914, 34.9436658 ], [ 135.3959567, 34.9444394 ], [ 135.3923519, 34.9413658 ], [ 135.3871706, 34.9466067 ], [ 135.3875372, 34.9509839 ], [ 135.3818858, 34.9562297 ], [ 135.3753269, 34.9551328 ], [ 135.3639236, 34.9562353 ], [ 135.360725299999984, 34.9544219 ], [ 135.3542481, 34.9626172 ], [ 135.345068600000019, 34.9668461 ], [ 135.3487489, 34.9719697 ], [ 135.348524199999986, 34.9757753 ], [ 135.3522442, 34.9795272 ], [ 135.359532799999982, 34.9825156 ], [ 135.352562799999987, 34.9903889 ], [ 135.3535517, 35.0008028 ], [ 135.3515103, 35.0042781 ], [ 135.354690299999987, 35.0065981 ], [ 135.3537078, 35.013201099999989 ], [ 135.355763599999989, 35.0165175 ], [ 135.3547192, 35.0246114 ], [ 135.34655859999998, 35.0266706 ], [ 135.3398028, 35.0258772 ], [ 135.322809399999983, 35.0247142 ], [ 135.3211886, 35.0192386 ], [ 135.3214428, 35.0141089 ], [ 135.316811699999988, 35.0154089 ], [ 135.3144983, 35.0118539 ], [ 135.30760859999998, 35.0097964 ], [ 135.3047761, 35.0122956 ], [ 135.294451399999986, 35.0135817 ], [ 135.287753899999984, 35.0115356 ], [ 135.289926399999985, 35.0090064 ], [ 135.2863169, 34.9974053 ], [ 135.289287799999983, 34.9960808 ], [ 135.2983769, 34.9970117 ], [ 135.3029017, 34.9951089 ], [ 135.3045142, 34.989705 ], [ 135.3103653, 34.9845933 ], [ 135.3016853, 34.9823267 ], [ 135.297954399999981, 34.9743281 ], [ 135.3020953, 34.9629117 ], [ 135.3053003, 34.9623836 ], [ 135.3092778, 34.9596403 ], [ 135.314461699999981, 34.9596283 ], [ 135.3164181, 34.9523156 ], [ 135.3208814, 34.9440128 ], [ 135.326525299999986, 34.9412631 ], [ 135.3251233, 34.934195 ], [ 135.330626099999989, 34.9322925 ], [ 135.332672799999983, 34.9247886 ], [ 135.3316369, 34.922116699999989 ], [ 135.33391, 34.9166436 ], [ 135.339605299999988, 34.9164611 ], [ 135.3420806, 34.9113594 ], [ 135.3393772, 34.9075694 ], [ 135.3387042, 34.9030542 ], [ 135.332077199999986, 34.9022531 ], [ 135.3297958, 34.8980992 ], [ 135.325012499999985, 34.8987967 ], [ 135.3239208, 34.8938439 ], [ 135.3303306, 34.8925086 ], [ 135.3338642, 34.8934094 ], [ 135.337457500000028, 34.8874431 ], [ 135.3392983, 34.8756786 ], [ 135.3435897, 34.8747886 ], [ 135.348635799999983, 34.8690125 ], [ 135.3505089, 34.8642161 ], [ 135.3564989, 34.8649439 ], [ 135.3608075, 34.8638164 ], [ 135.3680578, 34.8609586 ], [ 135.3735989, 34.8574053 ], [ 135.3680017, 34.8512358 ], [ 135.370420599999989, 34.8494403 ], [ 135.3797983, 34.8503919 ], [ 135.382634199999984, 34.8464492 ], [ 135.3875706, 34.8437058 ], [ 135.395593099999985, 34.8433389 ], [ 135.3994194, 34.8457728 ], [ 135.4101317, 34.842555 ], [ 135.4112897, 34.8377864 ], [ 135.4079361, 34.8344008 ], [ 135.406258899999983, 34.8295725 ], [ 135.403518599999984, 34.8292056 ], [ 135.400040800000028, 34.8241656 ], [ 135.4016533, 34.8116097 ], [ 135.400648599999982, 34.8083439 ], [ 135.3947967, 34.8057492 ], [ 135.3891856, 34.8148306 ], [ 135.375375599999984, 34.8107608 ], [ 135.3833942, 34.7961117 ], [ 135.378441399999986, 34.7908744 ], [ 135.369780599999984, 34.7923986 ], [ 135.3723592, 34.7844539 ], [ 135.37345, 34.7812297 ], [ 135.378894400000036, 34.7788303 ], [ 135.382835, 34.7738467 ], [ 135.3839992, 34.7687353 ], [ 135.3896244, 34.7708242 ], [ 135.3920539, 34.7652411 ], [ 135.3985108, 34.7609408 ], [ 135.4057483, 34.763795 ], [ 135.416947199999981, 34.758006099999989 ], [ 135.4162236, 34.7624589 ], [ 135.4217261, 34.7677525 ], [ 135.4363467, 34.7715764 ], [ 135.4432158, 34.7726203 ], [ 135.44469669999998, 34.7685292 ], [ 135.446179199999989, 34.7752872 ], [ 135.445130299999988, 34.7807419 ], [ 135.4416958, 34.7888631 ], [ 135.4291072, 34.8015228 ], [ 135.4237403, 34.8020533 ] ] ] ] } },
{ "type": "Feature", "properties": { "hokenjo": "加古川" }, "geometry": { "type": "MultiPolygon", "coordinates": [ [ [ [ 134.8628941, 34.6899231 ], [ 134.866610799999989, 34.6963615 ], [ 134.8617645, 34.6971182 ], [ 134.857330499999989, 34.6920919 ], [ 134.8628941, 34.6899231 ] ] ], [ [ [ 134.8582835, 34.6998358 ], [ 134.8621163, 34.7074421 ], [ 134.8556232, 34.7102504 ], [ 134.8531457, 34.7057326 ], [ 134.8459169, 34.7082514 ], [ 134.8400231, 34.6967142 ], [ 134.8532334, 34.6941438 ], [ 134.8582835, 34.6998358 ] ] ], [ [ [ 134.8805792, 34.7102228 ], [ 134.885411399999981, 34.7189692 ], [ 134.8907156, 34.721225 ], [ 134.8928881, 34.7243408 ], [ 134.8999814, 34.7255914 ], [ 134.9068939, 34.7248192 ], [ 134.912453299999981, 34.7213053 ], [ 134.9182897, 34.7260978 ], [ 134.9267758, 34.7271311 ], [ 134.9358311, 34.7307725 ], [ 134.9485239, 34.7325883 ], [ 134.954066399999988, 34.7370303 ], [ 134.9664219, 34.7524975 ], [ 134.9613714, 34.7630161 ], [ 134.9593189, 34.7694769 ], [ 134.9629383, 34.7771933 ], [ 134.953662799999989, 34.7783589 ], [ 134.9472103, 34.7772411 ], [ 134.941796899999986, 34.7798822 ], [ 134.9350672, 34.7790856 ], [ 134.9257389, 34.7956989 ], [ 134.92564059999998, 34.8014644 ], [ 134.9284778, 34.8067469 ], [ 134.927422799999988, 34.8103475 ], [ 134.9198911, 34.8199761 ], [ 134.9205331, 34.8243472 ], [ 134.915861899999982, 34.8262294 ], [ 134.9007442, 34.8248586 ], [ 134.896133599999985, 34.8276717 ], [ 134.8901019, 34.8287003 ], [ 134.8883811, 34.8329458 ], [ 134.8842378, 34.8352269 ], [ 134.8826258, 34.8397544 ], [ 134.872814399999982, 34.8400947 ], [ 134.867632499999985, 34.843585 ], [ 134.864401099999981, 34.8496339 ], [ 134.8576536, 34.8540983 ], [ 134.8521044, 34.8522767 ], [ 134.8424406, 34.854985 ], [ 134.8286967, 34.8574508 ], [ 134.82467029999998, 34.853994199999988 ], [ 134.816051099999981, 34.8531233 ], [ 134.8144361, 34.8561967 ], [ 134.8169119, 34.8643881 ], [ 134.813635, 34.8671006 ], [ 134.8070606, 34.8621839 ], [ 134.7975903, 34.8660169 ], [ 134.7949247, 34.8625289 ], [ 134.80136, 34.85517 ], [ 134.800825, 34.8473956 ], [ 134.798793099999983, 34.8445189 ], [ 134.7989225, 34.8399147 ], [ 134.784980599999983, 34.8366675 ], [ 134.7816058, 34.8390514 ], [ 134.776892799999985, 34.8393069 ], [ 134.7733639, 34.8355342 ], [ 134.772996399999982, 34.8297944 ], [ 134.7647758, 34.8303547 ], [ 134.7636092, 34.8253792 ], [ 134.7684683, 34.8218664 ], [ 134.7748722, 34.8238286 ], [ 134.7785228, 34.8158078 ], [ 134.771545299999985, 34.813291899999989 ], [ 134.7735778, 34.8084508 ], [ 134.7681681, 34.8046189 ], [ 134.7629211, 34.7976106 ], [ 134.7558128, 34.7970561 ], [ 134.7535119, 34.7951319 ], [ 134.7468742, 34.7987825 ], [ 134.7453772, 34.7962581 ], [ 134.7484269, 34.7898269 ], [ 134.74507939999998, 34.7877542 ], [ 134.7481108, 34.7816419 ], [ 134.7515575, 34.7795219 ], [ 134.7533369, 34.7845608 ], [ 134.7565033, 34.7858436 ], [ 134.7597375, 34.7920489 ], [ 134.7630306, 34.7884781 ], [ 134.762768599999987, 34.785533099999988 ], [ 134.7672389, 34.7819539 ], [ 134.7675319, 34.7769494 ], [ 134.761306099999985, 34.7621508 ], [ 134.7611944, 34.7584684 ], [ 134.757229199999983, 34.751841 ], [ 134.763320599999986, 34.7484946 ], [ 134.7689093, 34.7502885 ], [ 134.787676399999981, 34.7401061 ], [ 134.797147199999984, 34.7324867 ], [ 134.8086758, 34.7320861 ], [ 134.8129367, 34.7307149 ], [ 134.8088038, 34.7184783 ], [ 134.826578399999988, 34.7063515 ], [ 134.828539399999983, 34.7101595 ], [ 134.8365815, 34.7073685 ], [ 134.8436165, 34.7205825 ], [ 134.848205300000018, 34.7195929 ], [ 134.847257, 34.7153267 ], [ 134.8501484, 34.7159954 ], [ 134.8663804, 34.7075192 ], [ 134.870542, 34.7028454 ], [ 134.8755644, 34.7085194 ], [ 134.8805792, 34.7102228 ] ] ] ] } },
{ "type": "Feature", "properties": { "hokenjo": "加東" }, "geometry": { "type": "MultiPolygon", "coordinates": [ [ [ [ 135.1184467, 34.928945 ], [ 135.11245, 34.9281303 ], [ 135.1075303, 34.9298147 ], [ 135.1037297, 34.9381636 ], [ 135.1020097, 34.9447503 ], [ 135.10372, 34.9476347 ], [ 135.097350299999988, 34.9490922 ], [ 135.0924956, 34.95678 ], [ 135.0926725, 34.96457 ], [ 135.0947108, 34.9813419 ], [ 135.093656899999985, 34.9909858 ], [ 135.0907214, 34.9917372 ], [ 135.0818769, 34.9885831 ], [ 135.0787886, 34.99552 ], [ 135.0725378, 34.9933142 ], [ 135.0731825, 34.9988889 ], [ 135.0701828, 35.0033008 ], [ 135.0666775, 35.002479699999988 ], [ 135.0594333, 35.0089022 ], [ 135.0655697, 35.0169714 ], [ 135.0663414, 35.0215092 ], [ 135.073912799999988, 35.0273906 ], [ 135.0776769, 35.0274719 ], [ 135.0791056, 35.0315458 ], [ 135.0850164, 35.0368128 ], [ 135.094747499999983, 35.0405433 ], [ 135.1007583, 35.0486006 ], [ 135.09859, 35.0537231 ], [ 135.095986899999986, 35.0549844 ], [ 135.088321399999984, 35.0532508 ], [ 135.085645299999982, 35.0544794 ], [ 135.080749699999984, 35.0514208 ], [ 135.0694014, 35.0476761 ], [ 135.06330029999998, 35.0468942 ], [ 135.060428299999984, 35.0537383 ], [ 135.052412799999985, 35.0515836 ], [ 135.048741399999983, 35.0525917 ], [ 135.03804359999998, 35.0525856 ], [ 135.031146399999983, 35.0547469 ], [ 135.026338899999985, 35.0578211 ], [ 135.0251883, 35.06234 ], [ 135.0251939, 35.0717786 ], [ 135.0194644, 35.0710447 ], [ 135.011623899999989, 35.0718142 ], [ 134.999146699999983, 35.0691533 ], [ 134.9914406, 35.0687789 ], [ 134.983612199999982, 35.0711 ], [ 134.9786042, 35.0701508 ], [ 134.972534199999984, 35.0717847 ], [ 134.96818829999998, 35.0711917 ], [ 134.963030600000025, 35.0661769 ], [ 134.9601772, 35.0684817 ], [ 134.949008300000031, 35.0693583 ], [ 134.9465103, 35.071045 ], [ 134.9465103, 35.0765103 ], [ 134.943379199999981, 35.0874089 ], [ 134.9459722, 35.0935428 ], [ 134.930363299999982, 35.1081431 ], [ 134.932713299999989, 35.1159914 ], [ 134.9376628, 35.1175794 ], [ 134.94318389999998, 35.1239814 ], [ 134.9440917, 35.1290244 ], [ 134.94232359999998, 35.1324875 ], [ 134.9546956, 35.1426978 ], [ 134.9612603, 35.1470569 ], [ 134.9609044, 35.1515639 ], [ 134.9579836, 35.1537747 ], [ 134.94895, 35.1538083 ], [ 134.9476747, 35.1556425 ], [ 134.9508956, 35.1612989 ], [ 134.9506369, 35.1666708 ], [ 134.946527799999984, 35.1756053 ], [ 134.9573658, 35.1904217 ], [ 134.9484931, 35.1963167 ], [ 134.951848899999987, 35.203185 ], [ 134.9507261, 35.208733599999988 ], [ 134.947165, 35.2146528 ], [ 134.9412778, 35.2144008 ], [ 134.9357133, 35.2161336 ], [ 134.92862, 35.2130131 ], [ 134.9186322, 35.2121144 ], [ 134.9155747, 35.2055728 ], [ 134.9014783, 35.1945125 ], [ 134.9057656, 35.1922636 ], [ 134.907533600000022, 35.1887811 ], [ 134.9074211, 35.1829864 ], [ 134.9031631, 35.1820633 ], [ 134.89763, 35.1714897 ], [ 134.9022397, 35.1690569 ], [ 134.903563599999984, 35.1608281 ], [ 134.8945606, 35.1534611 ], [ 134.8937497, 35.1493703 ], [ 134.8906628, 35.1462442 ], [ 134.8863106, 35.1461014 ], [ 134.8754458, 35.1395164 ], [ 134.874477499999983, 35.1340111 ], [ 134.8708417, 35.1282361 ], [ 134.8664253, 35.1254794 ], [ 134.8672358, 35.1207067 ], [ 134.860652499999986, 35.1146242 ], [ 134.853932499999985, 35.1132736 ], [ 134.850108299999988, 35.1034589 ], [ 134.8537144, 35.0928622 ], [ 134.8562369, 35.0891517 ], [ 134.8504906, 35.0855389 ], [ 134.845003099999985, 35.0839586 ], [ 134.8452333, 35.0786622 ], [ 134.841978899999987, 35.0758611 ], [ 134.8424731, 35.0702017 ], [ 134.8350242, 35.0639306 ], [ 134.8362742, 35.0600233 ], [ 134.8407028, 35.0579758 ], [ 134.848031099999986, 35.0473478 ], [ 134.8402994, 35.0414858 ], [ 134.8379372, 35.0375586 ], [ 134.8399492, 35.0325233 ], [ 134.8481861, 35.0242867 ], [ 134.8467133, 35.0184642 ], [ 134.832723099999981, 35.0054981 ], [ 134.8342303, 34.9977214 ], [ 134.8282706, 34.9909858 ], [ 134.8222175, 34.9893369 ], [ 134.8134206, 34.9845425 ], [ 134.8119683, 34.9769806 ], [ 134.8089689, 34.9706125 ], [ 134.805395799999985, 34.9695828 ], [ 134.804003599999987, 34.961495 ], [ 134.7960167, 34.9534239 ], [ 134.798791699999981, 34.9489719 ], [ 134.8004019, 34.9362058 ], [ 134.7994119, 34.9325361 ], [ 134.794240299999984, 34.9291039 ], [ 134.795742499999989, 34.9196483 ], [ 134.7937492, 34.9178617 ], [ 134.7959083, 34.9120289 ], [ 134.7967133, 34.90559 ], [ 134.7938278, 34.9014078 ], [ 134.7940328, 34.8955339 ], [ 134.7884372, 34.8911994 ], [ 134.786093099999988, 34.8873908 ], [ 134.7898308, 34.8835417 ], [ 134.7892261, 34.8811472 ], [ 134.8042436, 34.8747394 ], [ 134.807825, 34.8748642 ], [ 134.8084231, 34.8707683 ], [ 134.813635, 34.8671006 ], [ 134.8169119, 34.8643881 ], [ 134.8144361, 34.8561967 ], [ 134.816051099999981, 34.8531233 ], [ 134.82467029999998, 34.853994199999988 ], [ 134.8286967, 34.8574508 ], [ 134.8424406, 34.854985 ], [ 134.8521044, 34.8522767 ], [ 134.8576536, 34.8540983 ], [ 134.864401099999981, 34.8496339 ], [ 134.867632499999985, 34.843585 ], [ 134.872814399999982, 34.8400947 ], [ 134.8826258, 34.8397544 ], [ 134.8842378, 34.8352269 ], [ 134.8883811, 34.8329458 ], [ 134.8901019, 34.8287003 ], [ 134.896133599999985, 34.8276717 ], [ 134.9007442, 34.8248586 ], [ 134.915861899999982, 34.8262294 ], [ 134.9205331, 34.8243472 ], [ 134.9198911, 34.8199761 ], [ 134.927422799999988, 34.8103475 ], [ 134.9284778, 34.8067469 ], [ 134.92564059999998, 34.8014644 ], [ 134.9257389, 34.7956989 ], [ 134.9350672, 34.7790856 ], [ 134.941796899999986, 34.7798822 ], [ 134.9472103, 34.7772411 ], [ 134.953662799999989, 34.7783589 ], [ 134.9629383, 34.7771933 ], [ 134.9593189, 34.7694769 ], [ 134.9613714, 34.7630161 ], [ 134.9725272, 34.7628192 ], [ 134.9805517, 34.7694603 ], [ 134.990143599999982, 34.7739842 ], [ 135.0018264, 34.7756208 ], [ 135.0006253, 34.7702625 ], [ 135.005519199999981, 34.7701522 ], [ 135.007471899999985, 34.7678072 ], [ 135.0256239, 34.7641453 ], [ 135.033882799999986, 34.7659953 ], [ 135.0386686, 34.7647319 ], [ 135.040480299999984, 34.7697275 ], [ 135.047525799999988, 34.7715517 ], [ 135.0510022, 34.7697389 ], [ 135.0539503, 34.7650656 ], [ 135.0619922, 34.7640317 ], [ 135.066914199999985, 34.7677722 ], [ 135.0762331, 34.7710028 ], [ 135.0826703, 34.77839 ], [ 135.0860444, 34.7792397 ], [ 135.09464, 34.7786206 ], [ 135.0925264, 34.7855461 ], [ 135.0940803, 34.7897217 ], [ 135.08568, 34.7935817 ], [ 135.08190639999998, 34.8015147 ], [ 135.074953599999986, 34.8057189 ], [ 135.0772844, 34.8120567 ], [ 135.075992499999984, 34.8160525 ], [ 135.081164699999988, 34.8170525 ], [ 135.0855511, 34.8217367 ], [ 135.0849828, 34.8242603 ], [ 135.0923214, 34.828212199999989 ], [ 135.09241, 34.8323175 ], [ 135.100996399999985, 34.8345481 ], [ 135.105995799999988, 34.843555 ], [ 135.1114222, 34.8463703 ], [ 135.115336899999988, 34.8456011 ], [ 135.122680299999985, 34.8375658 ], [ 135.1375506, 34.8361394 ], [ 135.1401572, 34.8344931 ], [ 135.151251699999989, 34.8419356 ], [ 135.1553931, 34.8434989 ], [ 135.1583478, 34.8511753 ], [ 135.156464400000033, 34.8601492 ], [ 135.1561869, 34.8712658 ], [ 135.1585222, 34.8761675 ], [ 135.1550517, 34.8821106 ], [ 135.16258, 34.8854286 ], [ 135.1675061, 34.8891444 ], [ 135.1630783, 34.8900692 ], [ 135.1595433, 34.8936683 ], [ 135.1592622, 34.8982592 ], [ 135.156584399999986, 34.9010731 ], [ 135.156644699999987, 34.9092183 ], [ 135.1521564, 34.9126436 ], [ 135.150717499999985, 34.9167719 ], [ 135.152828299999982, 34.9186481 ], [ 135.152837200000022, 34.924199699999988 ], [ 135.1488886, 34.9301444 ], [ 135.1479103, 34.9383683 ], [ 135.145526700000033, 34.9427431 ], [ 135.1405636, 34.9391067 ], [ 135.1348542, 34.9378322 ], [ 135.124482199999989, 34.9331981 ], [ 135.1215617, 34.9291447 ], [ 135.1184467, 34.928945 ] ] ] ] } },
{ "type": "Feature", "properties": { "hokenjo": "洲本" }, "geometry": { "type": "MultiPolygon", "coordinates": [ [ [ [ 134.83065689999998, 34.1720549 ], [ 134.821445, 34.1795406 ], [ 134.819141299999984, 34.1676824 ], [ 134.8146049, 34.1679025 ], [ 134.811572499999983, 34.1651594 ], [ 134.811201700000026, 34.1571089 ], [ 134.821340500000019, 34.1568301 ], [ 134.823575299999987, 34.1597858 ], [ 134.830561599999982, 34.1645764 ], [ 134.83065689999998, 34.1720549 ] ] ], [ [ [ 134.8714972, 34.2399104 ], [ 134.8796792, 34.2422791 ], [ 134.890741, 34.2473373 ], [ 134.8984418, 34.2521527 ], [ 134.906770900000026, 34.2544813 ], [ 134.914313099999987, 34.2553924 ], [ 134.924071199999986, 34.2579806 ], [ 134.936949199999987, 34.2627868 ], [ 134.9516419, 34.2665274 ], [ 134.9540108, 34.2742083 ], [ 134.948957799999988, 34.2743386 ], [ 134.9475199, 34.2805963 ], [ 134.949085, 34.2868073 ], [ 134.943957, 34.297122 ], [ 134.9343701, 34.3033873 ], [ 134.928539199999989, 34.3052329 ], [ 134.920970499999981, 34.3114367 ], [ 134.918157399999984, 34.3173368 ], [ 134.917730299999988, 34.3239032 ], [ 134.9149038, 34.3365395 ], [ 134.9117876, 34.34079 ], [ 134.9035888, 34.3411777 ], [ 134.8990033, 34.3458506 ], [ 134.893714099999983, 34.3532048 ], [ 134.895879800000017, 34.3569826 ], [ 134.8960678, 34.3664023 ], [ 134.898012599999987, 34.3691365 ], [ 134.896447099999989, 34.3768244 ], [ 134.8947035, 34.3989793 ], [ 134.898879599999987, 34.4092879 ], [ 134.9011011, 34.4186155 ], [ 134.911233399999986, 34.4297196 ], [ 134.9065381, 34.4334681 ], [ 134.911608799999982, 34.4374111 ], [ 134.9159, 34.434743 ], [ 134.9240039, 34.4440544 ], [ 134.919252299999982, 34.4439028 ], [ 134.922275899999988, 34.449107 ], [ 134.9259299, 34.4465304 ], [ 134.9343088, 34.4547788 ], [ 134.9429951, 34.4658842 ], [ 134.945100199999985, 34.4714158 ], [ 134.9529829, 34.4827111 ], [ 134.958447399999983, 34.4888477 ], [ 134.9693708, 34.4958302 ], [ 134.972600400000033, 34.4970021 ], [ 134.979575, 34.503634 ], [ 134.981398899999988, 34.5082895 ], [ 134.9859865, 34.5126834 ], [ 134.9926509, 34.5225488 ], [ 134.995461899999981, 34.5455744 ], [ 134.9972051, 34.5455092 ], [ 135.007025299999981, 34.5562382 ], [ 135.0133793, 34.5600788 ], [ 135.0176085, 34.5644651 ], [ 135.0256997, 34.5765834 ], [ 135.024982199999982, 34.5810673 ], [ 135.0210434, 34.589763 ], [ 135.0169631, 34.5907776 ], [ 135.012149199999982, 34.596252 ], [ 135.0102714, 34.6017965 ], [ 135.0021931, 34.6091683 ], [ 134.9923163, 34.6070649 ], [ 134.984072199999986, 34.6035736 ], [ 134.982214400000032, 34.6008699 ], [ 134.976559399999985, 34.5980539 ], [ 134.969778099999985, 34.5892129 ], [ 134.966049, 34.5862961 ], [ 134.9602587, 34.5757169 ], [ 134.9575902, 34.5736429 ], [ 134.9472213, 34.5608596 ], [ 134.9408015, 34.5567973 ], [ 134.935067799999985, 34.5494237 ], [ 134.930507399999982, 34.5472252 ], [ 134.9260595, 34.548547899999988 ], [ 134.919722799999988, 34.5443193 ], [ 134.9134544, 34.5360327 ], [ 134.9103754, 34.5355244 ], [ 134.896831599999985, 34.528898 ], [ 134.887747599999983, 34.5303082 ], [ 134.8823439, 34.5245167 ], [ 134.8791469, 34.524295 ], [ 134.873822599999983, 34.5153739 ], [ 134.8693193, 34.5131508 ], [ 134.8636291, 34.5047608 ], [ 134.8547613, 34.488866 ], [ 134.847031900000019, 34.4769253 ], [ 134.84322, 34.4744418 ], [ 134.8359647, 34.4667378 ], [ 134.831134, 34.4662175 ], [ 134.818570199999982, 34.4683149 ], [ 134.816444499999989, 34.4635594 ], [ 134.8098727, 34.4591159 ], [ 134.8039487, 34.4503555 ], [ 134.7985104, 34.448682 ], [ 134.7962, 34.4455248 ], [ 134.7896443, 34.4284333 ], [ 134.7879496, 34.4272373 ], [ 134.7831871, 34.4169552 ], [ 134.7755942, 34.4114109 ], [ 134.766728699999987, 34.3913595 ], [ 134.7637669, 34.3869459 ], [ 134.759504099999987, 34.3845238 ], [ 134.7549505, 34.3847712 ], [ 134.7406148, 34.3524513 ], [ 134.734126799999984, 34.3395401 ], [ 134.730869399999989, 34.3345637 ], [ 134.725112, 34.3292712 ], [ 134.7222089, 34.3301613 ], [ 134.717281899999989, 34.3279116 ], [ 134.7188946, 34.3253962 ], [ 134.7134682, 34.322297 ], [ 134.706097299999982, 34.321122 ], [ 134.7028718, 34.3243008 ], [ 134.693498, 34.3244784 ], [ 134.687948799999987, 34.3301839 ], [ 134.6863698, 34.3261423 ], [ 134.6817427, 34.320094 ], [ 134.6739665, 34.317548 ], [ 134.6679421, 34.3056436 ], [ 134.6621754, 34.2969278 ], [ 134.65841469999998, 34.2945894 ], [ 134.6627297, 34.2892222 ], [ 134.6615252, 34.2770335 ], [ 134.6594274, 34.2723826 ], [ 134.666829799999988, 34.271618599999989 ], [ 134.671783299999987, 34.2685677 ], [ 134.6726653, 34.2598731 ], [ 134.6759284, 34.2561835 ], [ 134.671902499999987, 34.249868 ], [ 134.6744366, 34.2449411 ], [ 134.68176889999998, 34.2483696 ], [ 134.6858134, 34.2469559 ], [ 134.695085399999982, 34.2478426 ], [ 134.7001816, 34.2444174 ], [ 134.7008304, 34.2413916 ], [ 134.7070201, 34.2444585 ], [ 134.704507399999983, 34.2483629 ], [ 134.7133883, 34.2547043 ], [ 134.7180715, 34.2567477 ], [ 134.721783599999981, 34.2503418 ], [ 134.72083379999998, 34.2449177 ], [ 134.714740799999987, 34.2403657 ], [ 134.710173700000013, 34.2389159 ], [ 134.7067769, 34.2318024 ], [ 134.703076899999985, 34.2290657 ], [ 134.6997778, 34.2221991 ], [ 134.703453199999984, 34.2167377 ], [ 134.710871699999984, 34.2167914 ], [ 134.7188606, 34.2148547 ], [ 134.7306792, 34.2066246 ], [ 134.7324853, 34.1988748 ], [ 134.7293216, 34.1901961 ], [ 134.7340908, 34.1887199 ], [ 134.7461836, 34.1928253 ], [ 134.7551565, 34.1945746 ], [ 134.7668459, 34.1989466 ], [ 134.775238, 34.2004726 ], [ 134.784568899999982, 34.1991647 ], [ 134.8004446, 34.1999909 ], [ 134.8032963, 34.2037881 ], [ 134.8150738, 34.2081424 ], [ 134.8247059, 34.2157218 ], [ 134.8292729, 34.2216148 ], [ 134.846348899999981, 34.2310262 ], [ 134.8608802, 34.2354661 ], [ 134.8714972, 34.2399104 ] ] ] ] } },
{ "type": "Feature", "properties": { "hokenjo": "神戸市" }, "geometry": { "type": "MultiPolygon", "coordinates": [ [ [ [ 135.0815538, 34.6318383 ], [ 135.085261799999984, 34.6337442 ], [ 135.093149399999987, 34.6347228 ], [ 135.1022592, 34.637061599999988 ], [ 135.107874399999986, 34.6404834 ], [ 135.1228518, 34.6423593 ], [ 135.139695099999983, 34.6424693 ], [ 135.147562599999986, 34.6457074 ], [ 135.1671629, 34.6478417 ], [ 135.1832301, 34.6494767 ], [ 135.186657199999985, 34.652201 ], [ 135.18054859999998, 34.655567 ], [ 135.1798114, 34.6624074 ], [ 135.1859986, 34.6632495 ], [ 135.1873776, 34.6668831 ], [ 135.1831119, 34.670199 ], [ 135.189390299999985, 34.6723299 ], [ 135.1843781, 34.6820435 ], [ 135.1903366, 34.6814068 ], [ 135.2007561, 34.6837674 ], [ 135.2039278, 34.6869205 ], [ 135.2074986, 34.6842857 ], [ 135.2181846, 34.6900185 ], [ 135.216250299999984, 34.694139 ], [ 135.2189032, 34.6954935 ], [ 135.2240198, 34.6916975 ], [ 135.2383106, 34.69327 ], [ 135.2349542, 34.698542 ], [ 135.239762, 34.7014034 ], [ 135.2454088, 34.6993618 ], [ 135.2543253, 34.700342 ], [ 135.2879796, 34.7039858 ], [ 135.2855152, 34.714061 ], [ 135.291875, 34.7159133 ], [ 135.29427, 34.7194557 ], [ 135.3034568, 34.7190951 ], [ 135.299599699999987, 34.7284414 ], [ 135.296126099999981, 34.7283797 ], [ 135.2906883, 34.7386211 ], [ 135.2843331, 34.7443889 ], [ 135.2871289, 34.7478714 ], [ 135.2801547, 34.7519472 ], [ 135.28064, 34.7586364 ], [ 135.27581, 34.7664081 ], [ 135.2724258, 34.7696353 ], [ 135.266845900000021, 34.7802658 ], [ 135.267521499999987, 34.7810012 ], [ 135.2709461, 34.79183 ], [ 135.2686175, 34.7967983 ], [ 135.2697925, 34.8018475 ], [ 135.260913099999982, 34.8053478 ], [ 135.255125, 34.8057861 ], [ 135.2506311, 34.808175 ], [ 135.246658699999983, 34.8039481 ], [ 135.2332245, 34.8127363 ], [ 135.2327956, 34.818965 ], [ 135.2296972, 34.8246789 ], [ 135.2327611, 34.8371669 ], [ 135.233215799999982, 34.8453508 ], [ 135.2440308, 34.8481469 ], [ 135.2477403, 34.8453478 ], [ 135.2606461, 34.8420422 ], [ 135.265555799999987, 34.8483908 ], [ 135.272759399999984, 34.8468103 ], [ 135.2801711, 34.8475975 ], [ 135.2858506, 34.8555483 ], [ 135.2897989, 34.8556172 ], [ 135.2938389, 34.8613269 ], [ 135.2919719, 34.8660556 ], [ 135.286781100000013, 34.8707861 ], [ 135.285642199999984, 34.8789169 ], [ 135.2803958, 34.8857475 ], [ 135.263033299999989, 34.884805 ], [ 135.2481417, 34.8778361 ], [ 135.241938299999987, 34.8783544 ], [ 135.2347861, 34.8759497 ], [ 135.2286747, 34.8725522 ], [ 135.2218786, 34.8750547 ], [ 135.216215, 34.8748542 ], [ 135.209906099999984, 34.8783714 ], [ 135.2012131, 34.8759944 ], [ 135.197565, 34.8792075 ], [ 135.192236899999983, 34.8804342 ], [ 135.1824239, 34.8885914 ], [ 135.1785908, 34.8877122 ], [ 135.1675061, 34.8891444 ], [ 135.16258, 34.8854286 ], [ 135.1550517, 34.8821106 ], [ 135.1585222, 34.8761675 ], [ 135.1561869, 34.8712658 ], [ 135.156464400000033, 34.8601492 ], [ 135.1583478, 34.8511753 ], [ 135.1553931, 34.8434989 ], [ 135.151251699999989, 34.8419356 ], [ 135.1401572, 34.8344931 ], [ 135.1375506, 34.8361394 ], [ 135.122680299999985, 34.8375658 ], [ 135.115336899999988, 34.8456011 ], [ 135.1114222, 34.8463703 ], [ 135.105995799999988, 34.843555 ], [ 135.100996399999985, 34.8345481 ], [ 135.09241, 34.8323175 ], [ 135.0923214, 34.828212199999989 ], [ 135.0849828, 34.8242603 ], [ 135.0855511, 34.8217367 ], [ 135.081164699999988, 34.8170525 ], [ 135.075992499999984, 34.8160525 ], [ 135.0772844, 34.8120567 ], [ 135.074953599999986, 34.8057189 ], [ 135.08190639999998, 34.8015147 ], [ 135.08568, 34.7935817 ], [ 135.0940803, 34.7897217 ], [ 135.0925264, 34.7855461 ], [ 135.09464, 34.7786206 ], [ 135.0860444, 34.7792397 ], [ 135.0826703, 34.77839 ], [ 135.0762331, 34.7710028 ], [ 135.066914199999985, 34.7677722 ], [ 135.0619922, 34.7640317 ], [ 135.0539503, 34.7650656 ], [ 135.0510022, 34.7697389 ], [ 135.047525799999988, 34.7715517 ], [ 135.040480299999984, 34.7697275 ], [ 135.0386686, 34.7647319 ], [ 135.033882799999986, 34.7659953 ], [ 135.0256239, 34.7641453 ], [ 135.007471899999985, 34.7678072 ], [ 135.005519199999981, 34.7701522 ], [ 135.0006253, 34.7702625 ], [ 135.0018264, 34.7756208 ], [ 134.990143599999982, 34.7739842 ], [ 134.9805517, 34.7694603 ], [ 134.9725272, 34.7628192 ], [ 134.9613714, 34.7630161 ], [ 134.9664219, 34.7524975 ], [ 134.954066399999988, 34.7370303 ], [ 134.9485239, 34.7325883 ], [ 134.9358311, 34.7307725 ], [ 134.9267758, 34.7271311 ], [ 134.9182897, 34.7260978 ], [ 134.912453299999981, 34.7213053 ], [ 134.9100522, 34.7203256 ], [ 134.9171292, 34.7072822 ], [ 134.91898, 34.7088025 ], [ 134.930645, 34.6991494 ], [ 134.9327681, 34.7020675 ], [ 134.940508099999988, 34.7082383 ], [ 134.9428783, 34.7126261 ], [ 134.951608300000032, 34.7115878 ], [ 134.9596556, 34.7133697 ], [ 134.9649478, 34.7116403 ], [ 134.966026699999986, 34.7076761 ], [ 134.9632753, 34.7040633 ], [ 134.9659083, 34.6975903 ], [ 134.9651806, 34.6855833 ], [ 134.9673286, 34.6799517 ], [ 134.9713817, 34.6774994 ], [ 134.9700456, 34.6714753 ], [ 134.9743942, 34.6659728 ], [ 134.976675299999982, 34.6586306 ], [ 134.979949399999981, 34.6577081 ], [ 134.983730799999989, 34.6609708 ], [ 134.986931699999985, 34.6573967 ], [ 134.996296699999988, 34.6590297 ], [ 134.9997306, 34.6569067 ], [ 135.0061864, 34.6580347 ], [ 135.01063, 34.6614811 ], [ 135.0139144, 34.6581581 ], [ 135.0179469, 34.6589589 ], [ 135.0223011, 34.6573533 ], [ 135.0264, 34.6606339 ], [ 135.0309131, 34.6595828 ], [ 135.0296897, 34.655268299999989 ], [ 135.020115799999985, 34.6473972 ], [ 135.018717, 34.6431383 ], [ 135.0223532, 34.6414325 ], [ 135.032153599999987, 34.6332107 ], [ 135.031873599999983, 34.6312865 ], [ 135.045594599999987, 34.6247437 ], [ 135.051247599999982, 34.6267568 ], [ 135.0600799, 34.6255757 ], [ 135.0745195, 34.6283208 ], [ 135.0742663, 34.6307614 ], [ 135.0815538, 34.6318383 ] ] ], [ [ [ 135.2092767, 34.6301386 ], [ 135.238711099999989, 34.6323968 ], [ 135.236549199999985, 34.6408089 ], [ 135.227843899999982, 34.6411317 ], [ 135.2135165, 34.6399998 ], [ 135.2088632, 34.6337624 ], [ 135.2092767, 34.6301386 ] ] ], [ [ [ 135.280457600000034, 34.6660755 ], [ 135.274535499999985, 34.665417 ], [ 135.276807900000023, 34.651300899999988 ], [ 135.280192199999988, 34.6513521 ], [ 135.282847299999986, 34.6514103 ], [ 135.280457600000034, 34.6660755 ] ] ], [ [ [ 135.217775099999983, 34.6726779 ], [ 135.2163136, 34.6750552 ], [ 135.2255231, 34.6778882 ], [ 135.219998799999985, 34.6827792 ], [ 135.2102922, 34.6812894 ], [ 135.2107028, 34.6789392 ], [ 135.201442, 34.6736293 ], [ 135.2023586, 34.6592356 ], [ 135.21715469999998, 34.6500771 ], [ 135.2451137, 34.6508155 ], [ 135.238893099999984, 34.6612471 ], [ 135.2281482, 34.6579692 ], [ 135.2257227, 34.661996 ], [ 135.236447699999985, 34.6652881 ], [ 135.233402, 34.6710487 ], [ 135.221122, 34.6673089 ], [ 135.2195664, 34.669657 ], [ 135.231886299999985, 34.6734344 ], [ 135.228022, 34.6758124 ], [ 135.217775099999983, 34.6726779 ] ] ], [ [ [ 135.2783331, 34.6924449 ], [ 135.2891036, 34.6908717 ], [ 135.2881583, 34.6966677 ], [ 135.2813989, 34.6973003 ], [ 135.2727686, 34.6987536 ], [ 135.272356799999983, 34.6965631 ], [ 135.2652665, 34.6957913 ], [ 135.264187599999985, 34.6977829 ], [ 135.252205799999984, 34.6933007 ], [ 135.2544631, 34.6777611 ], [ 135.2905051, 34.6817036 ], [ 135.289470199999982, 34.6880297 ], [ 135.2787697, 34.6896694 ], [ 135.2783331, 34.6924449 ] ] ], [ [ [ 135.292208499999987, 34.7120333 ], [ 135.293641, 34.7045377 ], [ 135.304071199999981, 34.7056994 ], [ 135.3039482, 34.7099848 ], [ 135.303288399999985, 34.7168768 ], [ 135.2938689, 34.7176138 ], [ 135.292208499999987, 34.7120333 ] ] ] ] } },
{ "type": "Feature", "properties": { "hokenjo": "西宮市" }, "geometry": { "type": "MultiPolygon", "coordinates": [ [ [ [ 135.3435949, 34.7152749 ], [ 135.3424114, 34.7136563 ], [ 135.3450056, 34.7047843 ], [ 135.3470001, 34.7028706 ], [ 135.353051199999982, 34.707332 ], [ 135.3435949, 34.7152749 ] ] ], [ [ [ 135.3346668, 34.7212704 ], [ 135.330308, 34.7221068 ], [ 135.3248083, 34.7169862 ], [ 135.324834, 34.710374 ], [ 135.3388142, 34.7109171 ], [ 135.341162699999984, 34.7157912 ], [ 135.3346668, 34.7212704 ] ] ], [ [ [ 135.2709461, 34.79183 ], [ 135.267521499999987, 34.7810012 ], [ 135.284539699999982, 34.7807156 ], [ 135.2869269, 34.7771492 ], [ 135.29477, 34.7753931 ], [ 135.2997425, 34.7659081 ], [ 135.3045328, 34.7634597 ], [ 135.306279200000034, 34.7598242 ], [ 135.311947799999984, 34.7540028 ], [ 135.316353099999986, 34.7447606 ], [ 135.3174386, 34.7394819 ], [ 135.3205414, 34.736647499999989 ], [ 135.323921399999989, 34.73059 ], [ 135.3243445, 34.7258439 ], [ 135.332563, 34.7230969 ], [ 135.335861599999987, 34.7257044 ], [ 135.338949, 34.7223078 ], [ 135.3489614, 34.7146657 ], [ 135.350319499999983, 34.7152146 ], [ 135.360075, 34.7061599 ], [ 135.3639148, 34.7050679 ], [ 135.353904699999987, 34.6968162 ], [ 135.3632359, 34.6884621 ], [ 135.368623899999989, 34.692712 ], [ 135.3724341, 34.6936062 ], [ 135.3784875, 34.7062989 ], [ 135.3841792, 34.7211642 ], [ 135.3839189, 34.7237736 ], [ 135.379617199999984, 34.730875 ], [ 135.3800717, 34.7398103 ], [ 135.376727499999987, 34.7454753 ], [ 135.373351899999989, 34.7572992 ], [ 135.374313299999983, 34.7665683 ], [ 135.37345, 34.7812297 ], [ 135.3723592, 34.7844539 ], [ 135.369109200000025, 34.7809094 ], [ 135.3695936, 34.7762031 ], [ 135.3632742, 34.7761194 ], [ 135.3530897, 34.7731697 ], [ 135.3424681, 34.7753408 ], [ 135.3407, 34.7804258 ], [ 135.3330353, 34.7824236 ], [ 135.326310800000016, 34.780855 ], [ 135.317033899999984, 34.7877381 ], [ 135.3119867, 34.7891008 ], [ 135.3041125, 34.7879019 ], [ 135.3069722, 34.7921158 ], [ 135.3020081, 34.8009944 ], [ 135.3155911, 34.8077358 ], [ 135.321523900000017, 34.8074944 ], [ 135.3376586, 34.8155964 ], [ 135.3330128, 34.8220889 ], [ 135.3252833, 34.8293956 ], [ 135.324288599999988, 34.8343731 ], [ 135.3160342, 34.8469486 ], [ 135.3137103, 34.8488572 ], [ 135.3161203, 34.8530383 ], [ 135.315540299999981, 34.8562269 ], [ 135.311835, 34.8578611 ], [ 135.305736699999983, 34.8546972 ], [ 135.300666899999982, 34.8541453 ], [ 135.3007189, 34.8593244 ], [ 135.2938389, 34.8613269 ], [ 135.2897989, 34.8556172 ], [ 135.2858506, 34.8555483 ], [ 135.2801711, 34.8475975 ], [ 135.272759399999984, 34.8468103 ], [ 135.265555799999987, 34.8483908 ], [ 135.2606461, 34.8420422 ], [ 135.2477403, 34.8453478 ], [ 135.2440308, 34.8481469 ], [ 135.233215799999982, 34.8453508 ], [ 135.2327611, 34.8371669 ], [ 135.2296972, 34.8246789 ], [ 135.2327956, 34.818965 ], [ 135.2332245, 34.8127363 ], [ 135.246658699999983, 34.8039481 ], [ 135.2506311, 34.808175 ], [ 135.255125, 34.8057861 ], [ 135.260913099999982, 34.8053478 ], [ 135.2697925, 34.8018475 ], [ 135.2686175, 34.7967983 ], [ 135.2709461, 34.79183 ] ] ] ] } },
{ "type": "Feature", "properties": { "hokenjo": "赤穂" }, "geometry": { "type": "MultiPolygon", "coordinates": [ [ [ [ 134.450798, 34.7537175 ], [ 134.456928, 34.7560941 ], [ 134.457975799999986, 34.7600106 ], [ 134.4643163, 34.7642747 ], [ 134.4607312, 34.7688755 ], [ 134.4568152, 34.7788927 ], [ 134.4572781, 34.785795199999988 ], [ 134.4613818, 34.7885708 ], [ 134.464670399999989, 34.7880187 ], [ 134.468029699999988, 34.7927211 ], [ 134.475955199999987, 34.7845427 ], [ 134.469681900000012, 34.784303 ], [ 134.4696744, 34.7784222 ], [ 134.4722218, 34.7770287 ], [ 134.469974799999989, 34.771677 ], [ 134.4705721, 34.7657715 ], [ 134.4734736, 34.7599502 ], [ 134.4742565, 34.7552099 ], [ 134.4777886, 34.7650361 ], [ 134.4766775, 34.7715236 ], [ 134.480196399999983, 34.7722483 ], [ 134.4825033, 34.7758294 ], [ 134.487728299999986, 34.7763639 ], [ 134.4983306, 34.7805897 ], [ 134.5029578, 34.7853389 ], [ 134.4980919, 34.7933006 ], [ 134.49772, 34.7976203 ], [ 134.501995, 34.8017511 ], [ 134.5009786, 34.8088164 ], [ 134.5036356, 34.8133319 ], [ 134.4994308, 34.8190511 ], [ 134.4983025, 34.8302653 ], [ 134.4909044, 34.8260122 ], [ 134.4875719, 34.8257533 ], [ 134.482356400000015, 34.8303733 ], [ 134.4793406, 34.8353458 ], [ 134.4810908, 34.8391064 ], [ 134.4756803, 34.8433253 ], [ 134.4748764, 34.8473475 ], [ 134.471237799999983, 34.8492456 ], [ 134.466925299999986, 34.8476292 ], [ 134.4638517, 34.861449199999988 ], [ 134.4655592, 34.8637503 ], [ 134.4706453, 34.8632567 ], [ 134.4756625, 34.8651183 ], [ 134.4810594, 34.8695167 ], [ 134.483576699999986, 34.8742086 ], [ 134.4845972, 34.8797503 ], [ 134.4917572, 34.8843631 ], [ 134.4881561, 34.8865508 ], [ 134.4902419, 34.890965 ], [ 134.4959814, 34.8931914 ], [ 134.4894047, 34.8997147 ], [ 134.491447199999982, 34.9047172 ], [ 134.4804322, 34.911145 ], [ 134.480790800000023, 34.9174225 ], [ 134.484647199999984, 34.9216875 ], [ 134.4748653, 34.921175 ], [ 134.470554199999981, 34.9107056 ], [ 134.462486399999989, 34.9088928 ], [ 134.4608878, 34.9103992 ], [ 134.448575799999986, 34.9089675 ], [ 134.447261699999984, 34.9133925 ], [ 134.4516386, 34.9201783 ], [ 134.4467286, 34.9274725 ], [ 134.4487647, 34.9316025 ], [ 134.4447903, 34.9342778 ], [ 134.444561099999987, 34.9390783 ], [ 134.433263899999986, 34.9454078 ], [ 134.429527799999988, 34.9453853 ], [ 134.424928100000017, 34.9419872 ], [ 134.41463109999998, 34.9380036 ], [ 134.402826100000027, 34.9375194 ], [ 134.397900599999986, 34.9384281 ], [ 134.3870442, 34.9371092 ], [ 134.377265, 34.9421578 ], [ 134.3722914, 34.9402042 ], [ 134.3600908, 34.9424447 ], [ 134.3542803, 34.9405119 ], [ 134.352144399999986, 34.9338925 ], [ 134.343959399999989, 34.9307444 ], [ 134.3386686, 34.9249306 ], [ 134.3351667, 34.9254858 ], [ 134.328025599999989, 34.93264 ], [ 134.3328886, 34.9368539 ], [ 134.326467200000025, 34.937806699999989 ], [ 134.3247461, 34.9339731 ], [ 134.319703299999986, 34.9324639 ], [ 134.313919699999985, 34.9275714 ], [ 134.3068261, 34.9262414 ], [ 134.2979556, 34.9207469 ], [ 134.299991899999981, 34.9139175 ], [ 134.295015, 34.9074625 ], [ 134.2941056, 34.9028017 ], [ 134.2891481, 34.8976911 ], [ 134.2777908, 34.8951408 ], [ 134.269292799999988, 34.8890911 ], [ 134.2674883, 34.8833014 ], [ 134.2623539, 34.8819831 ], [ 134.267075299999988, 34.8754778 ], [ 134.2601631, 34.8673136 ], [ 134.258455, 34.8625544 ], [ 134.254000599999983, 34.8569583 ], [ 134.2545575, 34.8492625 ], [ 134.2609639, 34.8469675 ], [ 134.2646114, 34.8373128 ], [ 134.2617817, 34.8357689 ], [ 134.261730299999982, 34.8311486 ], [ 134.2662953, 34.825641399999988 ], [ 134.2725319, 34.8265256 ], [ 134.283346699999981, 34.829745 ], [ 134.2884192, 34.8269303 ], [ 134.2879314, 34.8215594 ], [ 134.295607499999988, 34.8180564 ], [ 134.2981419, 34.8136211 ], [ 134.3015369, 34.8146272 ], [ 134.3073508, 34.8109233 ], [ 134.3063406, 34.8086161 ], [ 134.31128529999998, 34.8025522 ], [ 134.3163614, 34.8025744 ], [ 134.3164653, 34.7972097 ], [ 134.3192094, 34.7881878 ], [ 134.3158278, 34.7810408 ], [ 134.3232681, 34.7742558 ], [ 134.329599699999989, 34.7742381 ], [ 134.3306744, 34.7710514 ], [ 134.3347886, 34.7688883 ], [ 134.3330664, 34.7657369 ], [ 134.321530599999988, 34.7617092 ], [ 134.318448599999982, 34.7562611 ], [ 134.3166197, 34.7441292 ], [ 134.313026899999983, 34.7383972 ], [ 134.317598299999986, 34.7351956 ], [ 134.3208194, 34.7353653 ], [ 134.3236508, 34.7310439 ], [ 134.3210461, 34.7291789 ], [ 134.3238599, 34.7247869 ], [ 134.3287992, 34.7306917 ], [ 134.339667099999986, 34.7388861 ], [ 134.3440933, 34.7387799 ], [ 134.3449832, 34.7354719 ], [ 134.3524184, 34.7366138 ], [ 134.3549298, 34.7392523 ], [ 134.363819899999982, 34.7408461 ], [ 134.36311569999998, 34.7461491 ], [ 134.35814019999998, 34.7466038 ], [ 134.360805299999981, 34.7510314 ], [ 134.3685061, 34.744776099999989 ], [ 134.3738959, 34.736564 ], [ 134.379941699999989, 34.7362101 ], [ 134.3756414, 34.7315384 ], [ 134.385279199999985, 34.7261168 ], [ 134.387515799999989, 34.7305607 ], [ 134.3928965, 34.7290124 ], [ 134.40509849999998, 34.7296456 ], [ 134.4065467, 34.7269075 ], [ 134.4162566, 34.7312456 ], [ 134.4174583, 34.7340346 ], [ 134.4230876, 34.7372893 ], [ 134.427944199999985, 34.7453548 ], [ 134.434339099999988, 34.7476016 ], [ 134.4260798, 34.7551896 ], [ 134.4323286, 34.7606569 ], [ 134.4299107, 34.7625469 ], [ 134.4330876, 34.7661713 ], [ 134.437165099999987, 34.7660159 ], [ 134.4497086, 34.7689109 ], [ 134.4553933, 34.7671227 ], [ 134.4533251, 34.7612341 ], [ 134.449521399999981, 34.7577362 ], [ 134.450798, 34.7537175 ] ] ] ] } },
{ "type": "Feature", "properties": { "hokenjo": "丹波" }, "geometry": { "type": "MultiPolygon", "coordinates": [ [ [ [ 135.2249406, 35.1637578 ], [ 135.216461399999986, 35.1616328 ], [ 135.2136375, 35.1625328 ], [ 135.20663, 35.1606144 ], [ 135.203242499999988, 35.1649075 ], [ 135.193374399999982, 35.1721044 ], [ 135.1872519, 35.1719433 ], [ 135.19014, 35.1831861 ], [ 135.1867131, 35.1902239 ], [ 135.1928939, 35.1940711 ], [ 135.2001319, 35.1955203 ], [ 135.197057799999982, 35.2030175 ], [ 135.188835, 35.2068286 ], [ 135.188104399999986, 35.2100136 ], [ 135.182065, 35.2159836 ], [ 135.1751314, 35.2146008 ], [ 135.17096669999998, 35.2202669 ], [ 135.1630672, 35.2200906 ], [ 135.1546917, 35.2266994 ], [ 135.156471899999985, 35.2298283 ], [ 135.1618197, 35.23123 ], [ 135.1664214, 35.2390594 ], [ 135.167026099999987, 35.242744699999989 ], [ 135.1647161, 35.2489931 ], [ 135.161214699999988, 35.2537031 ], [ 135.160618299999982, 35.2583492 ], [ 135.1572536, 35.26123 ], [ 135.1470139, 35.2639972 ], [ 135.14198, 35.2622797 ], [ 135.1347922, 35.2649931 ], [ 135.128929199999988, 35.2607169 ], [ 135.1228361, 35.2632456 ], [ 135.119295599999987, 35.2626308 ], [ 135.1093158, 35.2662922 ], [ 135.100331399999988, 35.2597281 ], [ 135.094648299999989, 35.2600244 ], [ 135.089605300000017, 35.2544672 ], [ 135.0854233, 35.2531911 ], [ 135.082899699999984, 35.2463797 ], [ 135.074738599999989, 35.2432542 ], [ 135.072870599999987, 35.2395503 ], [ 135.0678747, 35.2373511 ], [ 135.06447559999998, 35.2418439 ], [ 135.064337199999983, 35.2464364 ], [ 135.0605653, 35.2487861 ], [ 135.0613792, 35.2517386 ], [ 135.058025, 35.2549364 ], [ 135.0569419, 35.2644833 ], [ 135.0494914, 35.2619628 ], [ 135.0421086, 35.2640819 ], [ 135.0357678, 35.2625678 ], [ 135.0193889, 35.2678897 ], [ 135.010480299999983, 35.2697372 ], [ 135.011913599999986, 35.2805061 ], [ 135.0073228, 35.2855833 ], [ 135.0041364, 35.2855656 ], [ 134.99677, 35.2896714 ], [ 134.992858899999987, 35.2890536 ], [ 134.986442499999981, 35.2925856 ], [ 134.976450799999981, 35.2950819 ], [ 134.9677022, 35.2960422 ], [ 134.9662356, 35.2978878 ], [ 134.9600533, 35.2979125 ], [ 134.947122799999988, 35.3039328 ], [ 134.9460067, 35.307151399999988 ], [ 134.9409039, 35.3087461 ], [ 134.9376144, 35.3076106 ], [ 134.9381689, 35.3004372 ], [ 134.9312842, 35.2967253 ], [ 134.928789199999983, 35.2912603 ], [ 134.925091899999984, 35.2889428 ], [ 134.924236899999983, 35.2796575 ], [ 134.9229944, 35.2773903 ], [ 134.91558, 35.2728394 ], [ 134.9152239, 35.2665392 ], [ 134.90712689999998, 35.260515 ], [ 134.9029922, 35.2541978 ], [ 134.901452799999987, 35.2478717 ], [ 134.903740299999981, 35.2386467 ], [ 134.9091042, 35.2345817 ], [ 134.90660219999998, 35.2288472 ], [ 134.9000081, 35.2277106 ], [ 134.90496, 35.2231144 ], [ 134.909193099999982, 35.2218703 ], [ 134.9140136, 35.2179008 ], [ 134.9145256, 35.214375 ], [ 134.9186322, 35.2121144 ], [ 134.92862, 35.2130131 ], [ 134.9357133, 35.2161336 ], [ 134.9412778, 35.2144008 ], [ 134.947165, 35.2146528 ], [ 134.9507261, 35.208733599999988 ], [ 134.951848899999987, 35.203185 ], [ 134.9484931, 35.1963167 ], [ 134.9573658, 35.1904217 ], [ 134.946527799999984, 35.1756053 ], [ 134.9506369, 35.1666708 ], [ 134.9508956, 35.1612989 ], [ 134.9476747, 35.1556425 ], [ 134.94895, 35.1538083 ], [ 134.9579836, 35.1537747 ], [ 134.9609044, 35.1515639 ], [ 134.9612603, 35.1470569 ], [ 134.9546956, 35.1426978 ], [ 134.94232359999998, 35.1324875 ], [ 134.9440917, 35.1290244 ], [ 134.94318389999998, 35.1239814 ], [ 134.9376628, 35.1175794 ], [ 134.932713299999989, 35.1159914 ], [ 134.930363299999982, 35.1081431 ], [ 134.9459722, 35.0935428 ], [ 134.943379199999981, 35.0874089 ], [ 134.9465103, 35.0765103 ], [ 134.9465103, 35.071045 ], [ 134.949008300000031, 35.0693583 ], [ 134.9601772, 35.0684817 ], [ 134.963030600000025, 35.0661769 ], [ 134.96818829999998, 35.0711917 ], [ 134.972534199999984, 35.0717847 ], [ 134.9786042, 35.0701508 ], [ 134.983612199999982, 35.0711 ], [ 134.9914406, 35.0687789 ], [ 134.999146699999983, 35.0691533 ], [ 135.011623899999989, 35.0718142 ], [ 135.0194644, 35.0710447 ], [ 135.0251939, 35.0717786 ], [ 135.0251883, 35.06234 ], [ 135.026338899999985, 35.0578211 ], [ 135.031146399999983, 35.0547469 ], [ 135.03804359999998, 35.0525856 ], [ 135.048741399999983, 35.0525917 ], [ 135.052412799999985, 35.0515836 ], [ 135.060428299999984, 35.0537383 ], [ 135.06330029999998, 35.0468942 ], [ 135.0694014, 35.0476761 ], [ 135.080749699999984, 35.0514208 ], [ 135.085645299999982, 35.0544794 ], [ 135.088321399999984, 35.0532508 ], [ 135.095986899999986, 35.0549844 ], [ 135.09859, 35.0537231 ], [ 135.1007583, 35.0486006 ], [ 135.094747499999983, 35.0405433 ], [ 135.0850164, 35.0368128 ], [ 135.0791056, 35.0315458 ], [ 135.0776769, 35.0274719 ], [ 135.073912799999988, 35.0273906 ], [ 135.0663414, 35.0215092 ], [ 135.0655697, 35.0169714 ], [ 135.0594333, 35.0089022 ], [ 135.0666775, 35.002479699999988 ], [ 135.0701828, 35.0033008 ], [ 135.0731825, 34.9988889 ], [ 135.0725378, 34.9933142 ], [ 135.0787886, 34.99552 ], [ 135.0818769, 34.9885831 ], [ 135.0907214, 34.9917372 ], [ 135.093656899999985, 34.9909858 ], [ 135.0947108, 34.9813419 ], [ 135.0926725, 34.96457 ], [ 135.10032529999998, 34.958196099999988 ], [ 135.1159778, 34.9646072 ], [ 135.1232081, 34.95499 ], [ 135.1295436, 34.9581828 ], [ 135.133206699999988, 34.9645961 ], [ 135.138497199999989, 34.9681317 ], [ 135.141203599999983, 34.9751314 ], [ 135.138957799999986, 34.979438099999989 ], [ 135.13954529999998, 34.9899278 ], [ 135.1433894, 34.9923008 ], [ 135.1499392, 34.9887744 ], [ 135.1609181, 34.9890544 ], [ 135.1639994, 34.9935603 ], [ 135.164608099999981, 34.9990694 ], [ 135.1675625, 35.0007542 ], [ 135.170202200000034, 34.995405 ], [ 135.174885, 34.9964131 ], [ 135.1755397, 35.0091664 ], [ 135.1831636, 35.0107408 ], [ 135.184801099999987, 35.0136458 ], [ 135.192440800000014, 35.0177494 ], [ 135.1968067, 35.0272811 ], [ 135.2029686, 35.0253606 ], [ 135.207375, 35.0271736 ], [ 135.2141681, 35.027645 ], [ 135.2203169, 35.0352978 ], [ 135.2225, 35.0304186 ], [ 135.226914199999982, 35.0284086 ], [ 135.2353478, 35.0286889 ], [ 135.2373567, 35.0359897 ], [ 135.2451881, 35.0321128 ], [ 135.2443614, 35.0292317 ], [ 135.2500011, 35.0266919 ], [ 135.2486342, 35.0233756 ], [ 135.2534097, 35.0216814 ], [ 135.254915, 35.0115117 ], [ 135.2590456, 35.0109686 ], [ 135.2684047, 35.0148103 ], [ 135.276063099999988, 35.0138917 ], [ 135.285019399999982, 35.0158481 ], [ 135.287753899999984, 35.0115356 ], [ 135.294451399999986, 35.0135817 ], [ 135.3047761, 35.0122956 ], [ 135.30760859999998, 35.0097964 ], [ 135.3144983, 35.0118539 ], [ 135.316811699999988, 35.0154089 ], [ 135.3214428, 35.0141089 ], [ 135.3211886, 35.0192386 ], [ 135.322809399999983, 35.0247142 ], [ 135.3398028, 35.0258772 ], [ 135.3380186, 35.0304758 ], [ 135.3335797, 35.0351581 ], [ 135.3337431, 35.0396494 ], [ 135.337895, 35.0426497 ], [ 135.3490856, 35.0461986 ], [ 135.3494844, 35.0508692 ], [ 135.3594781, 35.0501119 ], [ 135.367626699999988, 35.0439922 ], [ 135.36929809999998, 35.0487044 ], [ 135.3687289, 35.0548897 ], [ 135.371310599999987, 35.0586058 ], [ 135.377153099999987, 35.0608678 ], [ 135.376613599999985, 35.0660244 ], [ 135.3870736, 35.0725439 ], [ 135.3936928, 35.0731964 ], [ 135.3995353, 35.0760994 ], [ 135.3986894, 35.0817069 ], [ 135.4001092, 35.0859581 ], [ 135.4042814, 35.0889931 ], [ 135.4006819, 35.0938206 ], [ 135.390508899999986, 35.098795 ], [ 135.3876847, 35.0991531 ], [ 135.3891725, 35.1083336 ], [ 135.3933147, 35.1105081 ], [ 135.3910147, 35.1145092 ], [ 135.3872217, 35.1164869 ], [ 135.386074399999984, 35.1207361 ], [ 135.3912039, 35.1264844 ], [ 135.38981, 35.1287653 ], [ 135.3822203, 35.1297983 ], [ 135.3727361, 35.1289575 ], [ 135.368153899999982, 35.1311022 ], [ 135.35987609999998, 35.1321581 ], [ 135.3547117, 35.1366553 ], [ 135.3432206, 35.1356411 ], [ 135.3397606, 35.1378003 ], [ 135.3374356, 35.1440867 ], [ 135.340872499999989, 35.145685 ], [ 135.3409594, 35.1496575 ], [ 135.326841699999989, 35.1492158 ], [ 135.3240319, 35.1466033 ], [ 135.3153275, 35.1462578 ], [ 135.3034811, 35.142756399999989 ], [ 135.2987478, 35.1435975 ], [ 135.2937456, 35.1415697 ], [ 135.2876183, 35.1427325 ], [ 135.27993, 35.1469672 ], [ 135.2785431, 35.1510825 ], [ 135.2856142, 35.1526575 ], [ 135.2881042, 35.1583533 ], [ 135.2922058, 35.1613056 ], [ 135.2901875, 35.1649497 ], [ 135.2892258, 35.1724075 ], [ 135.2847233, 35.1711858 ], [ 135.280801699999984, 35.1745203 ], [ 135.2740953, 35.1772292 ], [ 135.267435799999987, 35.1757108 ], [ 135.253564399999988, 35.1764364 ], [ 135.250064399999985, 35.178035 ], [ 135.237531099999984, 35.1763294 ], [ 135.2320297, 35.1774567 ], [ 135.2295881, 35.1723572 ], [ 135.228571099999982, 35.1657814 ], [ 135.2249406, 35.1637578 ] ] ] ] } },
{ "type": "Feature", "properties": { "hokenjo": "朝来" }, "geometry": { "type": "MultiPolygon", "coordinates": [ [ [ [ 134.856961399999989, 35.4075689 ], [ 134.849328900000017, 35.4089025 ], [ 134.8451631, 35.4115539 ], [ 134.8416728, 35.4170517 ], [ 134.839735, 35.4253942 ], [ 134.835563899999983, 35.4271469 ], [ 134.8339339, 35.4315319 ], [ 134.8263536, 35.4357578 ], [ 134.819888099999986, 35.4381342 ], [ 134.817428899999982, 35.4464983 ], [ 134.8130478, 35.4480875 ], [ 134.8086767, 35.4518481 ], [ 134.8011842, 35.4512078 ], [ 134.7965556, 35.4484914 ], [ 134.7904825, 35.4476347 ], [ 134.79191, 35.441450599999989 ], [ 134.784598599999981, 35.4422269 ], [ 134.772057499999988, 35.4475656 ], [ 134.767404199999987, 35.4470931 ], [ 134.763221099999981, 35.4435275 ], [ 134.748832199999981, 35.4432903 ], [ 134.745635599999986, 35.4401106 ], [ 134.7452022, 35.436405799999989 ], [ 134.7513692, 35.4305139 ], [ 134.7473861, 35.4242792 ], [ 134.743076699999989, 35.4215008 ], [ 134.7385975, 35.4210028 ], [ 134.7278397, 35.4232703 ], [ 134.7222194, 35.4283872 ], [ 134.716845799999987, 35.4244572 ], [ 134.7106569, 35.4242914 ], [ 134.7047303, 35.4257428 ], [ 134.703764399999983, 35.4281758 ], [ 134.6964458, 35.4293475 ], [ 134.687520299999989, 35.4266483 ], [ 134.6836322, 35.4279847 ], [ 134.6792881, 35.4262247 ], [ 134.675041100000016, 35.4284572 ], [ 134.667687799999982, 35.4291111 ], [ 134.6601819, 35.4327431 ], [ 134.653818299999983, 35.4293708 ], [ 134.644601099999988, 35.4280111 ], [ 134.6492653, 35.4200425 ], [ 134.6448083, 35.4139997 ], [ 134.6448658, 35.4109333 ], [ 134.6392697, 35.407285 ], [ 134.635572199999984, 35.4096389 ], [ 134.6292722, 35.4103156 ], [ 134.6181358, 35.4067486 ], [ 134.612482799999981, 35.400315 ], [ 134.608242499999989, 35.3996544 ], [ 134.60736, 35.3941953 ], [ 134.60092419999998, 35.3882458 ], [ 134.5950489, 35.3880375 ], [ 134.586486399999984, 35.3897233 ], [ 134.5785536, 35.3927167 ], [ 134.576378299999988, 35.3951886 ], [ 134.5657358, 35.39193 ], [ 134.5553439, 35.3932006 ], [ 134.5498522, 35.3904906 ], [ 134.5414897, 35.3893769 ], [ 134.537625599999984, 35.3915597 ], [ 134.5370419, 35.394635 ], [ 134.5292478, 35.3944086 ], [ 134.5233261, 35.3900686 ], [ 134.5189044, 35.3886594 ], [ 134.512338299999982, 35.3800744 ], [ 134.5077986, 35.37898 ], [ 134.504019199999988, 35.373068599999989 ], [ 134.5028678, 35.3659614 ], [ 134.5045953, 35.3594336 ], [ 134.5083522, 35.3561192 ], [ 134.513498299999981, 35.3540936 ], [ 134.510279199999985, 35.3508486 ], [ 134.509396399999986, 35.3421314 ], [ 134.5068389, 35.3385214 ], [ 134.5188747, 35.3304442 ], [ 134.52353, 35.3294278 ], [ 134.5240739, 35.3261094 ], [ 134.5288047, 35.3226972 ], [ 134.5339658, 35.3223397 ], [ 134.5379317, 35.3177814 ], [ 134.5451864, 35.3158056 ], [ 134.5449147, 35.31383 ], [ 134.550050299999981, 35.3094378 ], [ 134.561283299999985, 35.3073586 ], [ 134.5724725, 35.29789 ], [ 134.579113899999982, 35.2962669 ], [ 134.58122, 35.2817164 ], [ 134.5876461, 35.2742133 ], [ 134.590239199999985, 35.2746853 ], [ 134.600612499999983, 35.2666217 ], [ 134.6037747, 35.2661967 ], [ 134.6134586, 35.269494699999989 ], [ 134.619751899999983, 35.2779628 ], [ 134.6277594, 35.2807533 ], [ 134.6340681, 35.2786658 ], [ 134.6416458, 35.2738933 ], [ 134.641139399999986, 35.2720061 ], [ 134.6512372, 35.261835 ], [ 134.6506258, 35.2570192 ], [ 134.653651699999983, 35.2534892 ], [ 134.661323899999985, 35.2521361 ], [ 134.66298, 35.2557633 ], [ 134.669143099999985, 35.2557586 ], [ 134.67048939999998, 35.2500617 ], [ 134.676665, 35.2441256 ], [ 134.682136899999989, 35.2416725 ], [ 134.684920299999987, 35.2423842 ], [ 134.688607499999989, 35.2470136 ], [ 134.694428599999981, 35.248845 ], [ 134.6970469, 35.2416375 ], [ 134.6904128, 35.2349117 ], [ 134.692433599999987, 35.2315492 ], [ 134.6974194, 35.2289692 ], [ 134.6987547, 35.2240794 ], [ 134.6977517, 35.2144828 ], [ 134.7035411, 35.2107553 ], [ 134.710268899999988, 35.2121269 ], [ 134.714169199999986, 35.2050981 ], [ 134.7202036, 35.2022781 ], [ 134.7212889, 35.1957744 ], [ 134.728236899999985, 35.1931242 ], [ 134.727396699999986, 35.1890875 ], [ 134.7208664, 35.1864744 ], [ 134.717567799999983, 35.1795203 ], [ 134.722548599999982, 35.1745664 ], [ 134.7244675, 35.169125 ], [ 134.7283067, 35.1660308 ], [ 134.7235153, 35.1599472 ], [ 134.7295789, 35.1472339 ], [ 134.735282499999983, 35.1410714 ], [ 134.7552119, 35.1366056 ], [ 134.7591481, 35.1420653 ], [ 134.7639428, 35.1446903 ], [ 134.766656399999988, 35.1363064 ], [ 134.7699689, 35.1332289 ], [ 134.773743599999989, 35.1257931 ], [ 134.7786514, 35.1282119 ], [ 134.7810244, 35.1346264 ], [ 134.7863619, 35.1378336 ], [ 134.7897878, 35.1423253 ], [ 134.7965911, 35.1422325 ], [ 134.805160299999983, 35.1400503 ], [ 134.8135517, 35.1420803 ], [ 134.8252306, 35.134515 ], [ 134.83541169999998, 35.1400147 ], [ 134.8445481, 35.1493072 ], [ 134.8462083, 35.1561578 ], [ 134.8443289, 35.1621728 ], [ 134.8552144, 35.1662214 ], [ 134.8666183, 35.1682217 ], [ 134.8681339, 35.1712503 ], [ 134.8791994, 35.1749856 ], [ 134.882485799999984, 35.179814199999988 ], [ 134.883049199999988, 35.1854203 ], [ 134.8873578, 35.1890606 ], [ 134.886484699999983, 35.1920556 ], [ 134.891570799999982, 35.1941464 ], [ 134.9014783, 35.1945125 ], [ 134.9155747, 35.2055728 ], [ 134.9186322, 35.2121144 ], [ 134.9145256, 35.214375 ], [ 134.9140136, 35.2179008 ], [ 134.909193099999982, 35.2218703 ], [ 134.90496, 35.2231144 ], [ 134.9000081, 35.2277106 ], [ 134.90660219999998, 35.2288472 ], [ 134.9091042, 35.2345817 ], [ 134.903740299999981, 35.2386467 ], [ 134.901452799999987, 35.2478717 ], [ 134.9029922, 35.2541978 ], [ 134.90712689999998, 35.260515 ], [ 134.9152239, 35.2665392 ], [ 134.91558, 35.2728394 ], [ 134.9229944, 35.2773903 ], [ 134.924236899999983, 35.2796575 ], [ 134.925091899999984, 35.2889428 ], [ 134.928789199999983, 35.2912603 ], [ 134.9312842, 35.2967253 ], [ 134.9381689, 35.3004372 ], [ 134.9376144, 35.3076106 ], [ 134.93424330000002, 35.3077525 ], [ 134.9247, 35.31166 ], [ 134.9213186, 35.3174089 ], [ 134.9259322, 35.3217717 ], [ 134.924801699999989, 35.3260928 ], [ 134.928060599999981, 35.3302386 ], [ 134.925583099999983, 35.3366781 ], [ 134.9172058, 35.3401581 ], [ 134.9188672, 35.350125 ], [ 134.9234664, 35.3542381 ], [ 134.9189417, 35.3644372 ], [ 134.9204547, 35.36829 ], [ 134.9268261, 35.3774608 ], [ 134.926508899999988, 35.38573 ], [ 134.922981099999987, 35.3910619 ], [ 134.9277117, 35.3995542 ], [ 134.931538599999982, 35.4014 ], [ 134.934354399999989, 35.407405 ], [ 134.929253099999983, 35.4135789 ], [ 134.923864399999985, 35.4166881 ], [ 134.919938299999984, 35.4211253 ], [ 134.9153858, 35.4217489 ], [ 134.910640299999983, 35.4176453 ], [ 134.903051399999981, 35.4136786 ], [ 134.9019486, 35.4042522 ], [ 134.8889733, 35.4045183 ], [ 134.87895530000003, 35.4035997 ], [ 134.877570599999984, 35.4057167 ], [ 134.862510600000036, 35.4099467 ], [ 134.856961399999989, 35.4075689 ] ] ] ] } },
{ "type": "Feature", "properties": { "hokenjo": "尼崎市" }, "geometry": { "type": "MultiPolygon", "coordinates": [ [ [ [ 135.44469669999998, 34.7685292 ], [ 135.4432158, 34.7726203 ], [ 135.4363467, 34.7715764 ], [ 135.4217261, 34.7677525 ], [ 135.4162236, 34.7624589 ], [ 135.416947199999981, 34.758006099999989 ], [ 135.4057483, 34.763795 ], [ 135.3985108, 34.7609408 ], [ 135.3920539, 34.7652411 ], [ 135.3896244, 34.7708242 ], [ 135.3839992, 34.7687353 ], [ 135.382835, 34.7738467 ], [ 135.378894400000036, 34.7788303 ], [ 135.37345, 34.7812297 ], [ 135.374313299999983, 34.7665683 ], [ 135.373351899999989, 34.7572992 ], [ 135.376727499999987, 34.7454753 ], [ 135.3800717, 34.7398103 ], [ 135.379617199999984, 34.730875 ], [ 135.3839189, 34.7237736 ], [ 135.3841792, 34.7211642 ], [ 135.3784875, 34.7062989 ], [ 135.3724341, 34.6936062 ], [ 135.3737545, 34.6930179 ], [ 135.3685037, 34.6831602 ], [ 135.3712308, 34.6807719 ], [ 135.376721, 34.6856797 ], [ 135.3753207, 34.6874419 ], [ 135.3776082, 34.6926609 ], [ 135.3816568, 34.6911138 ], [ 135.3893067, 34.6919157 ], [ 135.396028, 34.7003202 ], [ 135.4001318, 34.6975507 ], [ 135.392661799999985, 34.6882065 ], [ 135.382002199999988, 34.6822717 ], [ 135.3755908, 34.6799081 ], [ 135.3761811, 34.6765694 ], [ 135.391968, 34.6800369 ], [ 135.4063534, 34.6975984 ], [ 135.4128647, 34.7019967 ], [ 135.424565799999982, 34.7058967 ], [ 135.4295789, 34.7113472 ], [ 135.4458128, 34.7180864 ], [ 135.4481061, 34.7216889 ], [ 135.4456356, 34.7300336 ], [ 135.4489869, 34.7340972 ], [ 135.459334399999989, 34.7334875 ], [ 135.4601683, 34.747885 ], [ 135.459352199999984, 34.7520319 ], [ 135.4500694, 34.7600328 ], [ 135.450408899999985, 34.7663225 ], [ 135.44469669999998, 34.7685292 ] ] ] ] } },
{ "type": "Feature", "properties": { "hokenjo": "姫路市" }, "geometry": { "type": "MultiPolygon", "coordinates": [ [ [ [ 134.4764044, 34.5931217 ], [ 134.4822378, 34.5939056 ], [ 134.484014699999989, 34.5999328 ], [ 134.479463899999985, 34.5996425 ], [ 134.4764044, 34.5931217 ] ] ], [ [ [ 134.5182359, 34.6502066 ], [ 134.518950499999988, 34.6544769 ], [ 134.5155906, 34.6595861 ], [ 134.5138953, 34.6545167 ], [ 134.5024578, 34.6493939 ], [ 134.5021511, 34.6433464 ], [ 134.5145547, 34.6365186 ], [ 134.517888299999981, 34.6440408 ], [ 134.512268899999981, 34.6470386 ], [ 134.51266, 34.6503642 ], [ 134.5182359, 34.6502066 ] ] ], [ [ [ 134.434640799999983, 34.651935 ], [ 134.4413475, 34.6488186 ], [ 134.441108899999989, 34.653885 ], [ 134.434640799999983, 34.651935 ] ] ], [ [ [ 134.4904314, 34.6611183 ], [ 134.4960163, 34.667935899999989 ], [ 134.4925667, 34.6680574 ], [ 134.4873294, 34.6716051 ], [ 134.4848905, 34.667838599999989 ], [ 134.486173899999983, 34.6613533 ], [ 134.48041390000003, 34.6589039 ], [ 134.4670692, 34.6616011 ], [ 134.4633259, 34.6570159 ], [ 134.46029919999998, 34.6508644 ], [ 134.460913299999987, 34.6462411 ], [ 134.4648635, 34.6411264 ], [ 134.4676475, 34.6403622 ], [ 134.4738064, 34.6461083 ], [ 134.4808386, 34.6499017 ], [ 134.488373199999984, 34.6493897 ], [ 134.4925192, 34.6450892 ], [ 134.4977197, 34.6434333 ], [ 134.50091, 34.6455122 ], [ 134.4975234, 34.6531608 ], [ 134.4947642, 34.6541553 ], [ 134.4950878, 34.6594433 ], [ 134.4904314, 34.6611183 ] ] ], [ [ [ 134.585929800000031, 34.6709804 ], [ 134.5806052, 34.6708425 ], [ 134.5795463, 34.6741891 ], [ 134.5733788, 34.6766812 ], [ 134.57040139999998, 34.6730663 ], [ 134.5621017, 34.6693514 ], [ 134.562418, 34.663765 ], [ 134.5662309, 34.6608557 ], [ 134.571001099999989, 34.6523731 ], [ 134.576013599999982, 34.6508881 ], [ 134.577996399999989, 34.6557707 ], [ 134.5854396, 34.6578195 ], [ 134.590826800000031, 34.6620289 ], [ 134.5904126, 34.6680697 ], [ 134.585929800000031, 34.6709804 ] ] ], [ [ [ 134.5380734, 34.6787365 ], [ 134.5320975, 34.6768264 ], [ 134.535588599999983, 34.6865522 ], [ 134.531960600000019, 34.6835419 ], [ 134.525937199999987, 34.6844667 ], [ 134.5239742, 34.6813908 ], [ 134.5162919, 34.6815714 ], [ 134.5105297, 34.6767003 ], [ 134.5140542, 34.6745989 ], [ 134.5135703, 34.6707267 ], [ 134.5174494, 34.6681606 ], [ 134.5252864, 34.666685 ], [ 134.53485329999998, 34.6609333 ], [ 134.5361306, 34.6583819 ], [ 134.5418972, 34.658194699999989 ], [ 134.5455531, 34.6645292 ], [ 134.542948599999988, 34.6700436 ], [ 134.545384399999989, 34.6741139 ], [ 134.5380734, 34.6787365 ] ] ], [ [ [ 134.6908575, 34.7601963 ], [ 134.6979403, 34.7599648 ], [ 134.7019483, 34.7707978 ], [ 134.6926718, 34.7682657 ], [ 134.6908575, 34.7601963 ] ] ], [ [ [ 134.600323799999984, 34.765065299999989 ], [ 134.606265799999989, 34.7664014 ], [ 134.605547699999988, 34.7722117 ], [ 134.593068599999981, 34.7695219 ], [ 134.596317299999981, 34.7597364 ], [ 134.600323799999984, 34.765065299999989 ] ] ], [ [ [ 134.6674492, 34.7701675 ], [ 134.6618353, 34.7723589 ], [ 134.6572161, 34.7651651 ], [ 134.6633703, 34.7654392 ], [ 134.6674492, 34.7701675 ] ] ], [ [ [ 134.7206486, 35.0355236 ], [ 134.7214606, 35.0420322 ], [ 134.7183522, 35.0437294 ], [ 134.7203097, 35.0531508 ], [ 134.7173961, 35.0565278 ], [ 134.710048300000011, 35.0537378 ], [ 134.7015097, 35.0584603 ], [ 134.701747499999982, 35.0640561 ], [ 134.6984981, 35.0685025 ], [ 134.7005486, 35.0755617 ], [ 134.685600599999987, 35.0820281 ], [ 134.6832364, 35.0851608 ], [ 134.6832925, 35.0926508 ], [ 134.6753703, 35.0943394 ], [ 134.671833599999985, 35.0932231 ], [ 134.663853599999982, 35.0898828 ], [ 134.660061899999988, 35.0812547 ], [ 134.6517781, 35.0847689 ], [ 134.6502444, 35.0875328 ], [ 134.6369906, 35.0880636 ], [ 134.625065299999989, 35.0821297 ], [ 134.6236983, 35.0864506 ], [ 134.618164399999984, 35.0850517 ], [ 134.6137247, 35.0775375 ], [ 134.6061775, 35.0693411 ], [ 134.6053442, 35.0618783 ], [ 134.5980083, 35.0503583 ], [ 134.591385799999983, 35.0434456 ], [ 134.5940731, 35.0406956 ], [ 134.591315, 35.0351506 ], [ 134.5921683, 35.0259669 ], [ 134.5943725, 35.0225522 ], [ 134.5924617, 35.016401699999989 ], [ 134.5894672, 35.0117217 ], [ 134.582938899999988, 35.0055639 ], [ 134.5846267, 35.0000319 ], [ 134.5792989, 34.9942075 ], [ 134.578703099999984, 34.9871317 ], [ 134.575414199999983, 34.988265 ], [ 134.5703883, 34.9858294 ], [ 134.566674399999982, 34.9819461 ], [ 134.5644461, 34.9720931 ], [ 134.5678686, 34.9692689 ], [ 134.5733708, 34.9680303 ], [ 134.574207799999982, 34.9642942 ], [ 134.5704467, 34.954320599999988 ], [ 134.5725381, 34.9480261 ], [ 134.5731567, 34.9349667 ], [ 134.5681817, 34.9310078 ], [ 134.567906099999988, 34.9274872 ], [ 134.5718881, 34.9113964 ], [ 134.5661364, 34.9087397 ], [ 134.563405599999982, 34.9032364 ], [ 134.5710978, 34.8963603 ], [ 134.577463599999987, 34.8952486 ], [ 134.5933947, 34.8983442 ], [ 134.5980169, 34.8949067 ], [ 134.5980169, 34.8874253 ], [ 134.5966575, 34.8831128 ], [ 134.5984364, 34.8804164 ], [ 134.5914239, 34.8760397 ], [ 134.5916394, 34.8731539 ], [ 134.5873961, 34.87018 ], [ 134.5845406, 34.8640069 ], [ 134.584726099999983, 34.8601767 ], [ 134.588774199999989, 34.8564317 ], [ 134.5966019, 34.8584853 ], [ 134.5998922, 34.8557028 ], [ 134.5995389, 34.8524347 ], [ 134.607, 34.8496247 ], [ 134.609744399999983, 34.8521328 ], [ 134.616943599999985, 34.8528489 ], [ 134.6190125, 34.8504967 ], [ 134.615278599999982, 34.8462306 ], [ 134.6232006, 34.8430119 ], [ 134.6232047, 34.8395269 ], [ 134.6283875, 34.8375089 ], [ 134.6276531, 34.8311683 ], [ 134.6300264, 34.8284414 ], [ 134.627299199999982, 34.8208442 ], [ 134.622913300000022, 34.8211614 ], [ 134.619509699999981, 34.8178344 ], [ 134.6031136, 34.8200844 ], [ 134.6062986, 34.8223381 ], [ 134.604366900000031, 34.8263589 ], [ 134.5955031, 34.8276483 ], [ 134.5904644, 34.8240589 ], [ 134.583456399999989, 34.8231536 ], [ 134.5814272, 34.8202925 ], [ 134.5814139, 34.8134758 ], [ 134.5778631, 34.8132819 ], [ 134.577523899999989, 34.8090289 ], [ 134.565323299999989, 34.8067825 ], [ 134.5574919, 34.8093256 ], [ 134.5591633, 34.8059022 ], [ 134.5697203, 34.7963842 ], [ 134.5729958, 34.7892183 ], [ 134.573827500000021, 34.7793122 ], [ 134.5705094, 34.7726794 ], [ 134.571402799999987, 34.7654711 ], [ 134.569879499999985, 34.7580349 ], [ 134.5730117, 34.7580036 ], [ 134.5864364, 34.7618642 ], [ 134.584845, 34.7687289 ], [ 134.6035281, 34.7746606 ], [ 134.6087775, 34.77499 ], [ 134.6115375, 34.7678047 ], [ 134.623951399999982, 34.7731653 ], [ 134.6286261, 34.773141699999989 ], [ 134.628695099999987, 34.7784306 ], [ 134.6234916, 34.779716 ], [ 134.622435699999983, 34.7837596 ], [ 134.6423097, 34.7837658 ], [ 134.6439258, 34.7802778 ], [ 134.634309699999989, 34.7795147 ], [ 134.631946699999986, 34.7775181 ], [ 134.633396, 34.7673094 ], [ 134.6457264, 34.7673247 ], [ 134.6461519, 34.7794497 ], [ 134.6538525, 34.7795092 ], [ 134.650101899999981, 34.7744322 ], [ 134.652576899999985, 34.7705881 ], [ 134.6607654, 34.7838134 ], [ 134.6635001, 34.7847389 ], [ 134.6702775, 34.7800178 ], [ 134.666367799999989, 34.7764814 ], [ 134.6617092, 34.7769853 ], [ 134.659738299999987, 34.7738217 ], [ 134.6678669, 34.7706021 ], [ 134.6736922, 34.776493099999989 ], [ 134.676837400000011, 34.7734564 ], [ 134.6833399, 34.7720659 ], [ 134.6853146, 34.7781586 ], [ 134.68910360000001, 34.7774917 ], [ 134.6877433, 34.7712326 ], [ 134.692839599999985, 34.7701773 ], [ 134.701925599999981, 34.7720933 ], [ 134.6994372, 34.7761129 ], [ 134.711508399999985, 34.776559 ], [ 134.725448, 34.7711657 ], [ 134.7408025, 34.7681591 ], [ 134.7463091, 34.768801 ], [ 134.761306099999985, 34.7621508 ], [ 134.7675319, 34.7769494 ], [ 134.7672389, 34.7819539 ], [ 134.762768599999987, 34.785533099999988 ], [ 134.7630306, 34.7884781 ], [ 134.7597375, 34.7920489 ], [ 134.7565033, 34.7858436 ], [ 134.7533369, 34.7845608 ], [ 134.7515575, 34.7795219 ], [ 134.7481108, 34.7816419 ], [ 134.74507939999998, 34.7877542 ], [ 134.7484269, 34.7898269 ], [ 134.7453772, 34.7962581 ], [ 134.7468742, 34.7987825 ], [ 134.7535119, 34.7951319 ], [ 134.7558128, 34.7970561 ], [ 134.7629211, 34.7976106 ], [ 134.7681681, 34.8046189 ], [ 134.7735778, 34.8084508 ], [ 134.771545299999985, 34.813291899999989 ], [ 134.7785228, 34.8158078 ], [ 134.7748722, 34.8238286 ], [ 134.7684683, 34.8218664 ], [ 134.7636092, 34.8253792 ], [ 134.7647758, 34.8303547 ], [ 134.772996399999982, 34.8297944 ], [ 134.7733639, 34.8355342 ], [ 134.776892799999985, 34.8393069 ], [ 134.7816058, 34.8390514 ], [ 134.784980599999983, 34.8366675 ], [ 134.7989225, 34.8399147 ], [ 134.798793099999983, 34.8445189 ], [ 134.800825, 34.8473956 ], [ 134.80136, 34.85517 ], [ 134.7949247, 34.8625289 ], [ 134.7975903, 34.8660169 ], [ 134.8070606, 34.8621839 ], [ 134.813635, 34.8671006 ], [ 134.8084231, 34.8707683 ], [ 134.807825, 34.8748642 ], [ 134.8042436, 34.8747394 ], [ 134.7892261, 34.8811472 ], [ 134.7898308, 34.8835417 ], [ 134.786093099999988, 34.8873908 ], [ 134.7884372, 34.8911994 ], [ 134.7940328, 34.8955339 ], [ 134.7938278, 34.9014078 ], [ 134.7967133, 34.90559 ], [ 134.7959083, 34.9120289 ], [ 134.7937492, 34.9178617 ], [ 134.7921867, 34.9200761 ], [ 134.7847625, 34.917606899999988 ], [ 134.779032799999982, 34.9231142 ], [ 134.7700414, 34.9242406 ], [ 134.7653631, 34.9348028 ], [ 134.7557764, 34.9361836 ], [ 134.7507439, 34.9346114 ], [ 134.7468183, 34.9376214 ], [ 134.7289872, 34.938145 ], [ 134.7291131, 34.9428022 ], [ 134.724893899999984, 34.9444025 ], [ 134.725205, 34.9477453 ], [ 134.7175083, 34.9528194 ], [ 134.7150708, 34.9573403 ], [ 134.7182697, 34.9623297 ], [ 134.717389199999985, 34.9660978 ], [ 134.7128583, 34.9729333 ], [ 134.7064794, 34.9739122 ], [ 134.704951099999988, 34.9801422 ], [ 134.7094208, 34.9834786 ], [ 134.7123044, 34.9938069 ], [ 134.708439199999987, 34.9991194 ], [ 134.7008181, 35.0013264 ], [ 134.6985319, 35.0095422 ], [ 134.6950789, 35.0117108 ], [ 134.6982636, 35.0175767 ], [ 134.705995799999982, 35.0198525 ], [ 134.7080575, 35.0231283 ], [ 134.7102931, 35.0315811 ], [ 134.7142139, 35.0343667 ], [ 134.7206486, 35.0355236 ] ] ] ] } },
{ "type": "Feature", "properties": { "hokenjo": "福崎" }, "geometry": { "type": "MultiPolygon", "coordinates": [ [ [ [ 134.805395799999985, 34.9695828 ], [ 134.8089689, 34.9706125 ], [ 134.8119683, 34.9769806 ], [ 134.8134206, 34.9845425 ], [ 134.8222175, 34.9893369 ], [ 134.8282706, 34.9909858 ], [ 134.8342303, 34.9977214 ], [ 134.832723099999981, 35.0054981 ], [ 134.8467133, 35.0184642 ], [ 134.8481861, 35.0242867 ], [ 134.8399492, 35.0325233 ], [ 134.8379372, 35.0375586 ], [ 134.8402994, 35.0414858 ], [ 134.848031099999986, 35.0473478 ], [ 134.8407028, 35.0579758 ], [ 134.8362742, 35.0600233 ], [ 134.8350242, 35.0639306 ], [ 134.8424731, 35.0702017 ], [ 134.841978899999987, 35.0758611 ], [ 134.8452333, 35.0786622 ], [ 134.845003099999985, 35.0839586 ], [ 134.8504906, 35.0855389 ], [ 134.8562369, 35.0891517 ], [ 134.8537144, 35.0928622 ], [ 134.850108299999988, 35.1034589 ], [ 134.853932499999985, 35.1132736 ], [ 134.860652499999986, 35.1146242 ], [ 134.8672358, 35.1207067 ], [ 134.8664253, 35.1254794 ], [ 134.8708417, 35.1282361 ], [ 134.874477499999983, 35.1340111 ], [ 134.8754458, 35.1395164 ], [ 134.8863106, 35.1461014 ], [ 134.8906628, 35.1462442 ], [ 134.8937497, 35.1493703 ], [ 134.8945606, 35.1534611 ], [ 134.903563599999984, 35.1608281 ], [ 134.9022397, 35.1690569 ], [ 134.89763, 35.1714897 ], [ 134.9031631, 35.1820633 ], [ 134.9074211, 35.1829864 ], [ 134.907533600000022, 35.1887811 ], [ 134.9057656, 35.1922636 ], [ 134.9014783, 35.1945125 ], [ 134.891570799999982, 35.1941464 ], [ 134.886484699999983, 35.1920556 ], [ 134.8873578, 35.1890606 ], [ 134.883049199999988, 35.1854203 ], [ 134.882485799999984, 35.179814199999988 ], [ 134.8791994, 35.1749856 ], [ 134.8681339, 35.1712503 ], [ 134.8666183, 35.1682217 ], [ 134.8552144, 35.1662214 ], [ 134.8443289, 35.1621728 ], [ 134.8462083, 35.1561578 ], [ 134.8445481, 35.1493072 ], [ 134.83541169999998, 35.1400147 ], [ 134.8252306, 35.134515 ], [ 134.8135517, 35.1420803 ], [ 134.805160299999983, 35.1400503 ], [ 134.7965911, 35.1422325 ], [ 134.7897878, 35.1423253 ], [ 134.7863619, 35.1378336 ], [ 134.7810244, 35.1346264 ], [ 134.7786514, 35.1282119 ], [ 134.773743599999989, 35.1257931 ], [ 134.7699689, 35.1332289 ], [ 134.766656399999988, 35.1363064 ], [ 134.7639428, 35.1446903 ], [ 134.7591481, 35.1420653 ], [ 134.7552119, 35.1366056 ], [ 134.735282499999983, 35.1410714 ], [ 134.7295789, 35.1472339 ], [ 134.7235153, 35.1599472 ], [ 134.7283067, 35.1660308 ], [ 134.7244675, 35.169125 ], [ 134.722548599999982, 35.1745664 ], [ 134.717567799999983, 35.1795203 ], [ 134.7208664, 35.1864744 ], [ 134.7151692, 35.1870322 ], [ 134.712826399999983, 35.1847831 ], [ 134.706065599999988, 35.1834511 ], [ 134.70162, 35.1848511 ], [ 134.6977789, 35.1835114 ], [ 134.6928158, 35.1735633 ], [ 134.6872811, 35.1699933 ], [ 134.6815872, 35.1684461 ], [ 134.676835800000021, 35.1697981 ], [ 134.6697872, 35.16831 ], [ 134.6690553, 35.1637856 ], [ 134.672308099999981, 35.1601281 ], [ 134.6698412, 35.1550287 ], [ 134.671385, 35.1531114 ], [ 134.663841099999985, 35.1393336 ], [ 134.6567153, 35.1326761 ], [ 134.6582486, 35.1268594 ], [ 134.6628256, 35.1257131 ], [ 134.6631042, 35.1228239 ], [ 134.6568378, 35.1146192 ], [ 134.65617, 35.1102231 ], [ 134.6607756, 35.1086272 ], [ 134.665497499999987, 35.1048603 ], [ 134.663970299999988, 35.0986403 ], [ 134.671833599999985, 35.0932231 ], [ 134.6753703, 35.0943394 ], [ 134.6832925, 35.0926508 ], [ 134.6832364, 35.0851608 ], [ 134.685600599999987, 35.0820281 ], [ 134.7005486, 35.0755617 ], [ 134.6984981, 35.0685025 ], [ 134.701747499999982, 35.0640561 ], [ 134.7015097, 35.0584603 ], [ 134.710048300000011, 35.0537378 ], [ 134.7173961, 35.0565278 ], [ 134.7203097, 35.0531508 ], [ 134.7183522, 35.0437294 ], [ 134.7214606, 35.0420322 ], [ 134.7206486, 35.0355236 ], [ 134.7142139, 35.0343667 ], [ 134.7102931, 35.0315811 ], [ 134.7080575, 35.0231283 ], [ 134.705995799999982, 35.0198525 ], [ 134.6982636, 35.0175767 ], [ 134.6950789, 35.0117108 ], [ 134.6985319, 35.0095422 ], [ 134.7008181, 35.0013264 ], [ 134.708439199999987, 34.9991194 ], [ 134.7123044, 34.9938069 ], [ 134.7094208, 34.9834786 ], [ 134.704951099999988, 34.9801422 ], [ 134.7064794, 34.9739122 ], [ 134.7128583, 34.9729333 ], [ 134.717389199999985, 34.9660978 ], [ 134.7182697, 34.9623297 ], [ 134.7150708, 34.9573403 ], [ 134.7175083, 34.9528194 ], [ 134.725205, 34.9477453 ], [ 134.724893899999984, 34.9444025 ], [ 134.7291131, 34.9428022 ], [ 134.7289872, 34.938145 ], [ 134.7468183, 34.9376214 ], [ 134.7507439, 34.9346114 ], [ 134.7557764, 34.9361836 ], [ 134.7653631, 34.9348028 ], [ 134.7700414, 34.9242406 ], [ 134.779032799999982, 34.9231142 ], [ 134.7847625, 34.917606899999988 ], [ 134.7921867, 34.9200761 ], [ 134.7937492, 34.9178617 ], [ 134.795742499999989, 34.9196483 ], [ 134.794240299999984, 34.9291039 ], [ 134.7994119, 34.9325361 ], [ 134.8004019, 34.9362058 ], [ 134.798791699999981, 34.9489719 ], [ 134.7960167, 34.9534239 ], [ 134.804003599999987, 34.961495 ], [ 134.805395799999985, 34.9695828 ] ] ] ] } },
{ "type": "Feature", "properties": { "hokenjo": "宝塚" }, "geometry": { "type": "MultiPolygon", "coordinates": [ [ [ [ 135.3053003, 34.9623836 ], [ 135.3020953, 34.9629117 ], [ 135.297954399999981, 34.9743281 ], [ 135.3016853, 34.9823267 ], [ 135.3103653, 34.9845933 ], [ 135.3045142, 34.989705 ], [ 135.3029017, 34.9951089 ], [ 135.2983769, 34.9970117 ], [ 135.289287799999983, 34.9960808 ], [ 135.2863169, 34.9974053 ], [ 135.289926399999985, 35.0090064 ], [ 135.287753899999984, 35.0115356 ], [ 135.285019399999982, 35.0158481 ], [ 135.276063099999988, 35.0138917 ], [ 135.2684047, 35.0148103 ], [ 135.2590456, 35.0109686 ], [ 135.254915, 35.0115117 ], [ 135.2534097, 35.0216814 ], [ 135.2486342, 35.0233756 ], [ 135.2500011, 35.0266919 ], [ 135.2443614, 35.0292317 ], [ 135.2451881, 35.0321128 ], [ 135.2373567, 35.0359897 ], [ 135.2353478, 35.0286889 ], [ 135.226914199999982, 35.0284086 ], [ 135.2225, 35.0304186 ], [ 135.2203169, 35.0352978 ], [ 135.2141681, 35.027645 ], [ 135.207375, 35.0271736 ], [ 135.2029686, 35.0253606 ], [ 135.1968067, 35.0272811 ], [ 135.192440800000014, 35.0177494 ], [ 135.184801099999987, 35.0136458 ], [ 135.1831636, 35.0107408 ], [ 135.1755397, 35.0091664 ], [ 135.174885, 34.9964131 ], [ 135.170202200000034, 34.995405 ], [ 135.1675625, 35.0007542 ], [ 135.164608099999981, 34.9990694 ], [ 135.1639994, 34.9935603 ], [ 135.1609181, 34.9890544 ], [ 135.1499392, 34.9887744 ], [ 135.1433894, 34.9923008 ], [ 135.13954529999998, 34.9899278 ], [ 135.138957799999986, 34.979438099999989 ], [ 135.141203599999983, 34.9751314 ], [ 135.138497199999989, 34.9681317 ], [ 135.133206699999988, 34.9645961 ], [ 135.1295436, 34.9581828 ], [ 135.1232081, 34.95499 ], [ 135.1159778, 34.9646072 ], [ 135.10032529999998, 34.958196099999988 ], [ 135.0926725, 34.96457 ], [ 135.0924956, 34.95678 ], [ 135.097350299999988, 34.9490922 ], [ 135.10372, 34.9476347 ], [ 135.1020097, 34.9447503 ], [ 135.1037297, 34.9381636 ], [ 135.1075303, 34.9298147 ], [ 135.11245, 34.9281303 ], [ 135.1184467, 34.928945 ], [ 135.1215617, 34.9291447 ], [ 135.124482199999989, 34.9331981 ], [ 135.1348542, 34.9378322 ], [ 135.1405636, 34.9391067 ], [ 135.145526700000033, 34.9427431 ], [ 135.1479103, 34.9383683 ], [ 135.1488886, 34.9301444 ], [ 135.152837200000022, 34.924199699999988 ], [ 135.152828299999982, 34.9186481 ], [ 135.150717499999985, 34.9167719 ], [ 135.1521564, 34.9126436 ], [ 135.156644699999987, 34.9092183 ], [ 135.156584399999986, 34.9010731 ], [ 135.1592622, 34.8982592 ], [ 135.1595433, 34.8936683 ], [ 135.1630783, 34.8900692 ], [ 135.1675061, 34.8891444 ], [ 135.1785908, 34.8877122 ], [ 135.1824239, 34.8885914 ], [ 135.192236899999983, 34.8804342 ], [ 135.197565, 34.8792075 ], [ 135.2012131, 34.8759944 ], [ 135.209906099999984, 34.8783714 ], [ 135.216215, 34.8748542 ], [ 135.2218786, 34.8750547 ], [ 135.2286747, 34.8725522 ], [ 135.2347861, 34.8759497 ], [ 135.241938299999987, 34.8783544 ], [ 135.2481417, 34.8778361 ], [ 135.263033299999989, 34.884805 ], [ 135.2803958, 34.8857475 ], [ 135.285642199999984, 34.8789169 ], [ 135.286781100000013, 34.8707861 ], [ 135.2919719, 34.8660556 ], [ 135.2938389, 34.8613269 ], [ 135.3007189, 34.8593244 ], [ 135.300666899999982, 34.8541453 ], [ 135.305736699999983, 34.8546972 ], [ 135.311835, 34.8578611 ], [ 135.315540299999981, 34.8562269 ], [ 135.3161203, 34.8530383 ], [ 135.3137103, 34.8488572 ], [ 135.3160342, 34.8469486 ], [ 135.324288599999988, 34.8343731 ], [ 135.3252833, 34.8293956 ], [ 135.3330128, 34.8220889 ], [ 135.3376586, 34.8155964 ], [ 135.321523900000017, 34.8074944 ], [ 135.3155911, 34.8077358 ], [ 135.3020081, 34.8009944 ], [ 135.3069722, 34.7921158 ], [ 135.3041125, 34.7879019 ], [ 135.3119867, 34.7891008 ], [ 135.317033899999984, 34.7877381 ], [ 135.326310800000016, 34.780855 ], [ 135.3330353, 34.7824236 ], [ 135.3407, 34.7804258 ], [ 135.3424681, 34.7753408 ], [ 135.3530897, 34.7731697 ], [ 135.3632742, 34.7761194 ], [ 135.3695936, 34.7762031 ], [ 135.369109200000025, 34.7809094 ], [ 135.3723592, 34.7844539 ], [ 135.369780599999984, 34.7923986 ], [ 135.378441399999986, 34.7908744 ], [ 135.3833942, 34.7961117 ], [ 135.375375599999984, 34.8107608 ], [ 135.3891856, 34.8148306 ], [ 135.3947967, 34.8057492 ], [ 135.400648599999982, 34.8083439 ], [ 135.4016533, 34.8116097 ], [ 135.400040800000028, 34.8241656 ], [ 135.403518599999984, 34.8292056 ], [ 135.406258899999983, 34.8295725 ], [ 135.4079361, 34.8344008 ], [ 135.4112897, 34.8377864 ], [ 135.4101317, 34.842555 ], [ 135.3994194, 34.8457728 ], [ 135.395593099999985, 34.8433389 ], [ 135.3875706, 34.8437058 ], [ 135.382634199999984, 34.8464492 ], [ 135.3797983, 34.8503919 ], [ 135.370420599999989, 34.8494403 ], [ 135.3680017, 34.8512358 ], [ 135.3735989, 34.8574053 ], [ 135.3680578, 34.8609586 ], [ 135.3608075, 34.8638164 ], [ 135.3564989, 34.8649439 ], [ 135.3505089, 34.8642161 ], [ 135.348635799999983, 34.8690125 ], [ 135.3435897, 34.8747886 ], [ 135.3392983, 34.8756786 ], [ 135.337457500000028, 34.8874431 ], [ 135.3338642, 34.8934094 ], [ 135.3303306, 34.8925086 ], [ 135.3239208, 34.8938439 ], [ 135.325012499999985, 34.8987967 ], [ 135.3297958, 34.8980992 ], [ 135.332077199999986, 34.9022531 ], [ 135.3387042, 34.9030542 ], [ 135.3393772, 34.9075694 ], [ 135.3420806, 34.9113594 ], [ 135.339605299999988, 34.9164611 ], [ 135.33391, 34.9166436 ], [ 135.3316369, 34.922116699999989 ], [ 135.332672799999983, 34.9247886 ], [ 135.330626099999989, 34.9322925 ], [ 135.3251233, 34.934195 ], [ 135.326525299999986, 34.9412631 ], [ 135.3208814, 34.9440128 ], [ 135.3164181, 34.9523156 ], [ 135.314461699999981, 34.9596283 ], [ 135.3092778, 34.9596403 ], [ 135.3053003, 34.9623836 ] ] ] ] } },
{ "type": "Feature", "properties": { "hokenjo": "豊岡" }, "geometry": { "type": "MultiPolygon", "coordinates": [ [ [ [ 134.5172958, 35.6662158 ], [ 134.518906499999986, 35.6612955 ], [ 134.5124353, 35.6581253 ], [ 134.5055461, 35.6613672 ], [ 134.5007625, 35.657795 ], [ 134.4899139, 35.6530425 ], [ 134.4804633, 35.6466467 ], [ 134.4776144, 35.6423808 ], [ 134.4718772, 35.6387536 ], [ 134.462762199999986, 35.6399744 ], [ 134.459933899999982, 35.6349708 ], [ 134.456691399999983, 35.6350044 ], [ 134.4530527, 35.6289999 ], [ 134.4465711, 35.6291047 ], [ 134.434821699999986, 35.6333136 ], [ 134.431958899999984, 35.6298197 ], [ 134.4357976, 35.6234 ], [ 134.4339508, 35.6209935 ], [ 134.4249356, 35.6215478 ], [ 134.420623899999981, 35.6243425 ], [ 134.417871099999985, 35.6199247 ], [ 134.4026111, 35.6166281 ], [ 134.395305, 35.6197103 ], [ 134.3884478, 35.6177717 ], [ 134.3874294, 35.6137375 ], [ 134.37483, 35.6133311 ], [ 134.3704928, 35.6106006 ], [ 134.381634700000035, 35.6033394 ], [ 134.387287499999985, 35.6037208 ], [ 134.3930897, 35.60137 ], [ 134.3931039, 35.5982739 ], [ 134.401636699999983, 35.5950267 ], [ 134.408258599999982, 35.5873183 ], [ 134.4056153, 35.5844308 ], [ 134.4071353, 35.5793033 ], [ 134.40507359999998, 35.5707094 ], [ 134.4099539, 35.5628967 ], [ 134.4141119, 35.5640639 ], [ 134.4214986, 35.5629111 ], [ 134.422283599999986, 35.5565656 ], [ 134.42506, 35.5520314 ], [ 134.421016899999984, 35.5448869 ], [ 134.424014199999988, 35.5420042 ], [ 134.4233294, 35.5349075 ], [ 134.4201903, 35.5334403 ], [ 134.4206747, 35.5285717 ], [ 134.4131025, 35.5175997 ], [ 134.4137792, 35.5138297 ], [ 134.4188728, 35.5139461 ], [ 134.424426399999987, 35.50875 ], [ 134.4276322, 35.5086547 ], [ 134.430876399999988, 35.5024692 ], [ 134.4274328, 35.496565 ], [ 134.4302189, 35.4922772 ], [ 134.4379136, 35.4742764 ], [ 134.434207499999985, 35.4696436 ], [ 134.4345753, 35.4636344 ], [ 134.438181899999989, 35.4612294 ], [ 134.43750559999998, 35.4576242 ], [ 134.4397247, 35.4478561 ], [ 134.43962, 35.4439739 ], [ 134.4459789, 35.4420206 ], [ 134.448251699999986, 35.4384431 ], [ 134.452258299999983, 35.436451399999989 ], [ 134.4627347, 35.4367994 ], [ 134.4723344, 35.4298147 ], [ 134.477353599999986, 35.4290186 ], [ 134.4798664, 35.424962799999989 ], [ 134.4767031, 35.4145631 ], [ 134.481433899999985, 35.4104983 ], [ 134.477436399999988, 35.4000861 ], [ 134.477265, 35.3952203 ], [ 134.4744167, 35.3920264 ], [ 134.4744044, 35.3861894 ], [ 134.471385, 35.3800322 ], [ 134.4747494, 35.3747083 ], [ 134.482839399999989, 35.3730839 ], [ 134.486555800000019, 35.3691892 ], [ 134.5028678, 35.3659614 ], [ 134.504019199999988, 35.373068599999989 ], [ 134.5077986, 35.37898 ], [ 134.512338299999982, 35.3800744 ], [ 134.5189044, 35.3886594 ], [ 134.5233261, 35.3900686 ], [ 134.5292478, 35.3944086 ], [ 134.5370419, 35.394635 ], [ 134.537625599999984, 35.3915597 ], [ 134.5414897, 35.3893769 ], [ 134.5498522, 35.3904906 ], [ 134.5553439, 35.3932006 ], [ 134.5657358, 35.39193 ], [ 134.576378299999988, 35.3951886 ], [ 134.5785536, 35.3927167 ], [ 134.586486399999984, 35.3897233 ], [ 134.5950489, 35.3880375 ], [ 134.60092419999998, 35.3882458 ], [ 134.60736, 35.3941953 ], [ 134.608242499999989, 35.3996544 ], [ 134.612482799999981, 35.400315 ], [ 134.6181358, 35.4067486 ], [ 134.6292722, 35.4103156 ], [ 134.635572199999984, 35.4096389 ], [ 134.6392697, 35.407285 ], [ 134.6448658, 35.4109333 ], [ 134.6448083, 35.4139997 ], [ 134.6492653, 35.4200425 ], [ 134.644601099999988, 35.4280111 ], [ 134.653818299999983, 35.4293708 ], [ 134.6601819, 35.4327431 ], [ 134.667687799999982, 35.4291111 ], [ 134.675041100000016, 35.4284572 ], [ 134.6792881, 35.4262247 ], [ 134.6836322, 35.4279847 ], [ 134.687520299999989, 35.4266483 ], [ 134.6964458, 35.4293475 ], [ 134.703764399999983, 35.4281758 ], [ 134.7047303, 35.4257428 ], [ 134.7106569, 35.4242914 ], [ 134.716845799999987, 35.4244572 ], [ 134.7222194, 35.4283872 ], [ 134.7278397, 35.4232703 ], [ 134.7385975, 35.4210028 ], [ 134.743076699999989, 35.4215008 ], [ 134.7473861, 35.4242792 ], [ 134.7513692, 35.4305139 ], [ 134.7452022, 35.436405799999989 ], [ 134.745635599999986, 35.4401106 ], [ 134.748832199999981, 35.4432903 ], [ 134.763221099999981, 35.4435275 ], [ 134.767404199999987, 35.4470931 ], [ 134.772057499999988, 35.4475656 ], [ 134.784598599999981, 35.4422269 ], [ 134.79191, 35.441450599999989 ], [ 134.7904825, 35.4476347 ], [ 134.7965556, 35.4484914 ], [ 134.8011842, 35.4512078 ], [ 134.8086767, 35.4518481 ], [ 134.8130478, 35.4480875 ], [ 134.817428899999982, 35.4464983 ], [ 134.819888099999986, 35.4381342 ], [ 134.8263536, 35.4357578 ], [ 134.8339339, 35.4315319 ], [ 134.835563899999983, 35.4271469 ], [ 134.839735, 35.4253942 ], [ 134.8416728, 35.4170517 ], [ 134.8451631, 35.4115539 ], [ 134.849328900000017, 35.4089025 ], [ 134.856961399999989, 35.4075689 ], [ 134.862510600000036, 35.4099467 ], [ 134.877570599999984, 35.4057167 ], [ 134.87895530000003, 35.4035997 ], [ 134.8889733, 35.4045183 ], [ 134.9019486, 35.4042522 ], [ 134.903051399999981, 35.4136786 ], [ 134.910640299999983, 35.4176453 ], [ 134.9153858, 35.4217489 ], [ 134.919938299999984, 35.4211253 ], [ 134.923864399999985, 35.4166881 ], [ 134.929253099999983, 35.4135789 ], [ 134.934354399999989, 35.407405 ], [ 134.946148599999987, 35.4133097 ], [ 134.9549336, 35.4084764 ], [ 134.9589339, 35.4091114 ], [ 134.9640167, 35.40615 ], [ 134.9651189, 35.4033936 ], [ 134.970946699999985, 35.3989511 ], [ 134.980755599999981, 35.3983683 ], [ 134.988611099999986, 35.3928322 ], [ 134.987074399999983, 35.3888783 ], [ 134.9905536, 35.3857131 ], [ 135.0019661, 35.3870503 ], [ 135.0053758, 35.3906517 ], [ 135.0118703, 35.3917297 ], [ 135.014425599999981, 35.3941167 ], [ 135.019240599999989, 35.3941228 ], [ 135.023591899999985, 35.4010411 ], [ 135.0297206, 35.4055808 ], [ 135.0300344, 35.4101003 ], [ 135.038397799999984, 35.4097536 ], [ 135.048743299999984, 35.4073611 ], [ 135.0502544, 35.4136594 ], [ 135.049440799999985, 35.4203156 ], [ 135.0470297, 35.4238994 ], [ 135.047096899999985, 35.4299228 ], [ 135.049381399999987, 35.4401369 ], [ 135.0518181, 35.4424908 ], [ 135.049799399999984, 35.4510706 ], [ 135.045365299999986, 35.4550725 ], [ 135.0437475, 35.4659819 ], [ 135.041767199999981, 35.4674142 ], [ 135.0410364, 35.4733042 ], [ 135.035124199999984, 35.4770283 ], [ 135.035664699999984, 35.4802283 ], [ 135.0401325, 35.4816608 ], [ 135.0422097, 35.4890822 ], [ 135.0421633, 35.4940606 ], [ 135.0324167, 35.4975897 ], [ 135.041287499999981, 35.5037428 ], [ 135.0451558, 35.5086931 ], [ 135.04288, 35.51139 ], [ 135.0429614, 35.5200086 ], [ 135.0408425, 35.5216561 ], [ 135.0393614, 35.5284769 ], [ 135.0361911, 35.53061 ], [ 135.036946699999987, 35.5385686 ], [ 135.0271875, 35.5400297 ], [ 135.0175103, 35.5379553 ], [ 135.0080083, 35.5336328 ], [ 134.993415299999981, 35.5343078 ], [ 134.988248299999981, 35.5295397 ], [ 134.9820397, 35.5284511 ], [ 134.9792567, 35.5239664 ], [ 134.9740569, 35.5250506 ], [ 134.965270299999986, 35.5198192 ], [ 134.963435799999985, 35.5145247 ], [ 134.9582139, 35.5129731 ], [ 134.9526481, 35.5145428 ], [ 134.94211, 35.5142008 ], [ 134.9300639, 35.5116772 ], [ 134.9233558, 35.516314699999988 ], [ 134.9231508, 35.52169 ], [ 134.9151292, 35.5277081 ], [ 134.9172022, 35.5294758 ], [ 134.9192919, 35.5381211 ], [ 134.9148069, 35.5449397 ], [ 134.9031264, 35.5493975 ], [ 134.9008756, 35.5560633 ], [ 134.888286099999988, 35.5601611 ], [ 134.8810517, 35.5640336 ], [ 134.8812125, 35.5673844 ], [ 134.875763299999988, 35.5739517 ], [ 134.8660625, 35.5810586 ], [ 134.8627294, 35.5869161 ], [ 134.8561172, 35.5865508 ], [ 134.8540353, 35.5892831 ], [ 134.8655178, 35.5993725 ], [ 134.867413299999981, 35.6084294 ], [ 134.8664814, 35.6135231 ], [ 134.870677199999989, 35.6148319 ], [ 134.8738969, 35.6211558 ], [ 134.870314399999984, 35.6315861 ], [ 134.8713133, 35.6362994 ], [ 134.8671961, 35.6362908 ], [ 134.865843899999987, 35.6449711 ], [ 134.86768859999998, 35.6496792 ], [ 134.8641692, 35.6518069 ], [ 134.867504699999984, 35.6582324 ], [ 134.8613402, 35.6581034 ], [ 134.8574806, 35.6599645 ], [ 134.849502, 35.654763 ], [ 134.845216199999982, 35.6490937 ], [ 134.842399199999988, 35.6426912 ], [ 134.839391399999982, 35.6429062 ], [ 134.8335587, 35.6487861 ], [ 134.837359099999986, 35.6513043 ], [ 134.8392629, 35.6556751 ], [ 134.8362793, 35.6566815 ], [ 134.8263323, 35.6553674 ], [ 134.8139742, 35.6638079 ], [ 134.804758, 35.6639621 ], [ 134.795456, 35.6696763 ], [ 134.792659499999985, 35.6667182 ], [ 134.7843776, 35.6666312 ], [ 134.7809503, 35.6621337 ], [ 134.77564, 35.661471 ], [ 134.7739053, 35.658923699999988 ], [ 134.765067099999982, 35.6607495 ], [ 134.7610489, 35.6641604 ], [ 134.7574401, 35.6611875 ], [ 134.7449857, 35.6619133 ], [ 134.7438955, 35.6595458 ], [ 134.736799, 35.6599051 ], [ 134.733207599999986, 35.6584514 ], [ 134.732013, 35.6621498 ], [ 134.7281319, 35.6623836 ], [ 134.7249807, 35.6669982 ], [ 134.711453899999981, 35.6654807 ], [ 134.7082537, 35.663878 ], [ 134.709257399999984, 35.6577104 ], [ 134.7076351, 35.6535411 ], [ 134.7025702, 35.6554779 ], [ 134.6966194, 35.6539641 ], [ 134.6921443, 35.659594 ], [ 134.69516, 35.6610599 ], [ 134.6940799, 35.665047 ], [ 134.687192899999985, 35.6618314 ], [ 134.6869974, 35.6564439 ], [ 134.6812352, 35.6574817 ], [ 134.6758879, 35.6601558 ], [ 134.667682, 35.655743 ], [ 134.6632064, 35.6481458 ], [ 134.659788599999985, 35.6504721 ], [ 134.6668316, 35.6626011 ], [ 134.664016, 35.6667941 ], [ 134.6541498, 35.663973 ], [ 134.6471095, 35.6600251 ], [ 134.645204399999983, 35.6541952 ], [ 134.6413657, 35.6499023 ], [ 134.6297596, 35.6498077 ], [ 134.6295068, 35.6420506 ], [ 134.6215876, 35.6395526 ], [ 134.6144433, 35.6404507 ], [ 134.612776199999985, 35.6437087 ], [ 134.613427100000024, 35.6486807 ], [ 134.6086421, 35.6485949 ], [ 134.6007276, 35.6580346 ], [ 134.5926864, 35.6551589 ], [ 134.5852104, 35.6589596 ], [ 134.578599100000019, 35.6601791 ], [ 134.576141399999983, 35.6585761 ], [ 134.5761234, 35.652301 ], [ 134.5708526, 35.6569637 ], [ 134.563388799999984, 35.6553547 ], [ 134.563362399999988, 35.6517559 ], [ 134.558212699999984, 35.6511183 ], [ 134.5568446, 35.6555343 ], [ 134.5506824, 35.6582624 ], [ 134.546006399999982, 35.6654352 ], [ 134.5389559, 35.6702015 ], [ 134.5348201, 35.6670753 ], [ 134.5294787, 35.6657697 ], [ 134.5231901, 35.666964 ], [ 134.5172958, 35.6662158 ] ] ] ] } },
{ "type": "Feature", "properties": { "hokenjo": "龍野" }, "geometry": { "type": "MultiPolygon", "coordinates": [ [ [ [ 134.588774199999989, 34.8564317 ], [ 134.584726099999983, 34.8601767 ], [ 134.5845406, 34.8640069 ], [ 134.5873961, 34.87018 ], [ 134.5916394, 34.8731539 ], [ 134.5914239, 34.8760397 ], [ 134.5984364, 34.8804164 ], [ 134.5966575, 34.8831128 ], [ 134.5980169, 34.8874253 ], [ 134.5980169, 34.8949067 ], [ 134.5933947, 34.8983442 ], [ 134.577463599999987, 34.8952486 ], [ 134.5710978, 34.8963603 ], [ 134.563405599999982, 34.9032364 ], [ 134.5661364, 34.9087397 ], [ 134.5718881, 34.9113964 ], [ 134.567906099999988, 34.9274872 ], [ 134.5681817, 34.9310078 ], [ 134.5731567, 34.9349667 ], [ 134.5725381, 34.9480261 ], [ 134.5704467, 34.954320599999988 ], [ 134.574207799999982, 34.9642942 ], [ 134.5733708, 34.9680303 ], [ 134.5678686, 34.9692689 ], [ 134.5644461, 34.9720931 ], [ 134.566674399999982, 34.9819461 ], [ 134.5703883, 34.9858294 ], [ 134.575414199999983, 34.988265 ], [ 134.578703099999984, 34.9871317 ], [ 134.5792989, 34.9942075 ], [ 134.5846267, 35.0000319 ], [ 134.582938899999988, 35.0055639 ], [ 134.5894672, 35.0117217 ], [ 134.5924617, 35.016401699999989 ], [ 134.5943725, 35.0225522 ], [ 134.5921683, 35.0259669 ], [ 134.591315, 35.0351506 ], [ 134.5940731, 35.0406956 ], [ 134.591385799999983, 35.0434456 ], [ 134.5980083, 35.0503583 ], [ 134.6053442, 35.0618783 ], [ 134.6061775, 35.0693411 ], [ 134.6137247, 35.0775375 ], [ 134.618164399999984, 35.0850517 ], [ 134.6236983, 35.0864506 ], [ 134.625065299999989, 35.0821297 ], [ 134.6369906, 35.0880636 ], [ 134.6502444, 35.0875328 ], [ 134.6517781, 35.0847689 ], [ 134.660061899999988, 35.0812547 ], [ 134.663853599999982, 35.0898828 ], [ 134.671833599999985, 35.0932231 ], [ 134.663970299999988, 35.0986403 ], [ 134.665497499999987, 35.1048603 ], [ 134.6607756, 35.1086272 ], [ 134.65617, 35.1102231 ], [ 134.6568378, 35.1146192 ], [ 134.6631042, 35.1228239 ], [ 134.6628256, 35.1257131 ], [ 134.6582486, 35.1268594 ], [ 134.6567153, 35.1326761 ], [ 134.663841099999985, 35.1393336 ], [ 134.671385, 35.1531114 ], [ 134.6698412, 35.1550287 ], [ 134.672308099999981, 35.1601281 ], [ 134.6690553, 35.1637856 ], [ 134.6697872, 35.16831 ], [ 134.676835800000021, 35.1697981 ], [ 134.6815872, 35.1684461 ], [ 134.6872811, 35.1699933 ], [ 134.6928158, 35.1735633 ], [ 134.6977789, 35.1835114 ], [ 134.70162, 35.1848511 ], [ 134.706065599999988, 35.1834511 ], [ 134.712826399999983, 35.1847831 ], [ 134.7151692, 35.1870322 ], [ 134.7208664, 35.1864744 ], [ 134.727396699999986, 35.1890875 ], [ 134.728236899999985, 35.1931242 ], [ 134.7212889, 35.1957744 ], [ 134.7202036, 35.2022781 ], [ 134.714169199999986, 35.2050981 ], [ 134.710268899999988, 35.2121269 ], [ 134.7035411, 35.2107553 ], [ 134.6977517, 35.2144828 ], [ 134.6987547, 35.2240794 ], [ 134.6974194, 35.2289692 ], [ 134.692433599999987, 35.2315492 ], [ 134.6904128, 35.2349117 ], [ 134.6970469, 35.2416375 ], [ 134.694428599999981, 35.248845 ], [ 134.688607499999989, 35.2470136 ], [ 134.684920299999987, 35.2423842 ], [ 134.682136899999989, 35.2416725 ], [ 134.676665, 35.2441256 ], [ 134.67048939999998, 35.2500617 ], [ 134.669143099999985, 35.2557586 ], [ 134.66298, 35.2557633 ], [ 134.661323899999985, 35.2521361 ], [ 134.653651699999983, 35.2534892 ], [ 134.6506258, 35.2570192 ], [ 134.6512372, 35.261835 ], [ 134.641139399999986, 35.2720061 ], [ 134.6416458, 35.2738933 ], [ 134.6340681, 35.2786658 ], [ 134.6277594, 35.2807533 ], [ 134.619751899999983, 35.2779628 ], [ 134.6134586, 35.269494699999989 ], [ 134.6037747, 35.2661967 ], [ 134.600612499999983, 35.2666217 ], [ 134.590239199999985, 35.2746853 ], [ 134.5876461, 35.2742133 ], [ 134.58122, 35.2817164 ], [ 134.579113899999982, 35.2962669 ], [ 134.5724725, 35.29789 ], [ 134.561283299999985, 35.3073586 ], [ 134.550050299999981, 35.3094378 ], [ 134.5449147, 35.31383 ], [ 134.5451864, 35.3158056 ], [ 134.5379317, 35.3177814 ], [ 134.5339658, 35.3223397 ], [ 134.5288047, 35.3226972 ], [ 134.5240739, 35.3261094 ], [ 134.52353, 35.3294278 ], [ 134.5188747, 35.3304442 ], [ 134.5068389, 35.3385214 ], [ 134.504549699999984, 35.3372694 ], [ 134.5019206, 35.3265433 ], [ 134.5050478, 35.3163028 ], [ 134.51480220000002, 35.3076722 ], [ 134.5116286, 35.3052914 ], [ 134.511591399999986, 35.2998964 ], [ 134.5092836, 35.2937761 ], [ 134.5130997, 35.2865267 ], [ 134.5134258, 35.2801622 ], [ 134.5152406, 35.2772319 ], [ 134.5047875, 35.2717997 ], [ 134.5019833, 35.2687342 ], [ 134.4950872, 35.2668514 ], [ 134.4899081, 35.2613919 ], [ 134.4835881, 35.2602778 ], [ 134.482342499999987, 35.254649199999989 ], [ 134.476523900000018, 35.2490917 ], [ 134.4714153, 35.2483033 ], [ 134.46176939999998, 35.2431008 ], [ 134.4638211, 35.2374033 ], [ 134.4480217, 35.2379358 ], [ 134.444193100000035, 35.236845 ], [ 134.4403453, 35.2316608 ], [ 134.435319199999981, 35.2291725 ], [ 134.4234314, 35.2355564 ], [ 134.4153011, 35.239101399999988 ], [ 134.402814399999983, 35.2410244 ], [ 134.4001275, 35.2365397 ], [ 134.39699779999998, 35.2276183 ], [ 134.382516899999985, 35.2217244 ], [ 134.3811522, 35.2178897 ], [ 134.3813164, 35.2063469 ], [ 134.383690799999982, 35.1939339 ], [ 134.39475, 35.1913539 ], [ 134.3996742, 35.1876247 ], [ 134.411083099999985, 35.1869669 ], [ 134.412633299999982, 35.1776497 ], [ 134.407133099999982, 35.1698533 ], [ 134.4061839, 35.1657769 ], [ 134.4108297, 35.1629108 ], [ 134.4131611, 35.1586186 ], [ 134.411632199999985, 35.1519625 ], [ 134.408685599999984, 35.1478697 ], [ 134.4070214, 35.1473306 ], [ 134.3974719, 35.1521414 ], [ 134.38825749999998, 35.1512628 ], [ 134.383084699999984, 35.1524903 ], [ 134.377563899999984, 35.14912 ], [ 134.3747158, 35.1508689 ], [ 134.3673933, 35.146961399999988 ], [ 134.362475599999982, 35.1400925 ], [ 134.3632939, 35.1355261 ], [ 134.3605197, 35.1293053 ], [ 134.3564303, 35.1248242 ], [ 134.3607303, 35.1203492 ], [ 134.3534569, 35.1143467 ], [ 134.3522839, 35.1111003 ], [ 134.35332889999998, 35.1020553 ], [ 134.35503079999998, 35.0994278 ], [ 134.350000600000016, 35.0942519 ], [ 134.349551099999985, 35.0902228 ], [ 134.3365394, 35.0887508 ], [ 134.3282075, 35.0856406 ], [ 134.319083299999988, 35.0834425 ], [ 134.3211594, 35.0674972 ], [ 134.3171772, 35.0656469 ], [ 134.3145403, 35.0609044 ], [ 134.314335, 35.0507919 ], [ 134.3171736, 35.0468175 ], [ 134.3163319, 35.0431997 ], [ 134.3077356, 35.0455019 ], [ 134.305305299999986, 35.0401692 ], [ 134.297787199999988, 35.0431067 ], [ 134.2926669, 35.0390014 ], [ 134.2815881, 35.0336161 ], [ 134.275208099999986, 35.0233097 ], [ 134.267598099999987, 35.0215375 ], [ 134.2686225, 35.0180303 ], [ 134.2644383, 35.016691699999988 ], [ 134.265762199999983, 35.0049669 ], [ 134.2789711, 35.001015 ], [ 134.282364699999988, 34.9965931 ], [ 134.2778372, 34.9871075 ], [ 134.2710889, 34.9839022 ], [ 134.2719314, 34.9789364 ], [ 134.2770753, 34.9757886 ], [ 134.274575299999981, 34.9712231 ], [ 134.274295599999988, 34.9657508 ], [ 134.2769556, 34.9633303 ], [ 134.267340600000011, 34.9574561 ], [ 134.266698599999984, 34.9544314 ], [ 134.25999, 34.9523064 ], [ 134.257768299999981, 34.9477767 ], [ 134.2543264, 34.9462183 ], [ 134.253727199999986, 34.9390869 ], [ 134.259943599999986, 34.9344389 ], [ 134.2628842, 34.9376569 ], [ 134.2730867, 34.9325506 ], [ 134.2760964, 34.9296803 ], [ 134.2747994, 34.9242803 ], [ 134.2782369, 34.921679399999988 ], [ 134.2844917, 34.9210347 ], [ 134.284019199999989, 34.9169661 ], [ 134.287356099999982, 34.9128297 ], [ 134.295015, 34.9074625 ], [ 134.299991899999981, 34.9139175 ], [ 134.2979556, 34.9207469 ], [ 134.3068261, 34.9262414 ], [ 134.313919699999985, 34.9275714 ], [ 134.319703299999986, 34.9324639 ], [ 134.3247461, 34.9339731 ], [ 134.326467200000025, 34.937806699999989 ], [ 134.3328886, 34.9368539 ], [ 134.328025599999989, 34.93264 ], [ 134.3351667, 34.9254858 ], [ 134.3386686, 34.9249306 ], [ 134.343959399999989, 34.9307444 ], [ 134.352144399999986, 34.9338925 ], [ 134.3542803, 34.9405119 ], [ 134.3600908, 34.9424447 ], [ 134.3722914, 34.9402042 ], [ 134.377265, 34.9421578 ], [ 134.3870442, 34.9371092 ], [ 134.397900599999986, 34.9384281 ], [ 134.402826100000027, 34.9375194 ], [ 134.41463109999998, 34.9380036 ], [ 134.424928100000017, 34.9419872 ], [ 134.429527799999988, 34.9453853 ], [ 134.433263899999986, 34.9454078 ], [ 134.444561099999987, 34.9390783 ], [ 134.4447903, 34.9342778 ], [ 134.4487647, 34.9316025 ], [ 134.4467286, 34.9274725 ], [ 134.4516386, 34.9201783 ], [ 134.447261699999984, 34.9133925 ], [ 134.448575799999986, 34.9089675 ], [ 134.4608878, 34.9103992 ], [ 134.462486399999989, 34.9088928 ], [ 134.470554199999981, 34.9107056 ], [ 134.4748653, 34.921175 ], [ 134.484647199999984, 34.9216875 ], [ 134.480790800000023, 34.9174225 ], [ 134.4804322, 34.911145 ], [ 134.491447199999982, 34.9047172 ], [ 134.4894047, 34.8997147 ], [ 134.4959814, 34.8931914 ], [ 134.4902419, 34.890965 ], [ 134.4881561, 34.8865508 ], [ 134.4917572, 34.8843631 ], [ 134.4845972, 34.8797503 ], [ 134.483576699999986, 34.8742086 ], [ 134.4810594, 34.8695167 ], [ 134.4756625, 34.8651183 ], [ 134.4706453, 34.8632567 ], [ 134.4655592, 34.8637503 ], [ 134.4638517, 34.861449199999988 ], [ 134.466925299999986, 34.8476292 ], [ 134.471237799999983, 34.8492456 ], [ 134.4748764, 34.8473475 ], [ 134.4756803, 34.8433253 ], [ 134.4810908, 34.8391064 ], [ 134.4793406, 34.8353458 ], [ 134.482356400000015, 34.8303733 ], [ 134.4875719, 34.8257533 ], [ 134.4909044, 34.8260122 ], [ 134.4983025, 34.8302653 ], [ 134.4994308, 34.8190511 ], [ 134.5036356, 34.8133319 ], [ 134.5009786, 34.8088164 ], [ 134.501995, 34.8017511 ], [ 134.49772, 34.7976203 ], [ 134.4980919, 34.7933006 ], [ 134.5029578, 34.7853389 ], [ 134.4983306, 34.7805897 ], [ 134.487728299999986, 34.7763639 ], [ 134.4825033, 34.7758294 ], [ 134.480196399999983, 34.7722483 ], [ 134.4766775, 34.7715236 ], [ 134.4777886, 34.7650361 ], [ 134.4742565, 34.7552099 ], [ 134.4811981, 34.7599366 ], [ 134.4811976, 34.7658926 ], [ 134.4862206, 34.7691347 ], [ 134.4906503, 34.7667507 ], [ 134.4944136, 34.771731 ], [ 134.4997426, 34.7744771 ], [ 134.5033877, 34.773182 ], [ 134.500667, 34.7689772 ], [ 134.50467949999998, 34.7612269 ], [ 134.508565799999985, 34.7657131 ], [ 134.519074599999982, 34.772742 ], [ 134.5229463, 34.779238 ], [ 134.526821899999987, 34.7827489 ], [ 134.53013679999998, 34.7821727 ], [ 134.532170399999984, 34.7766537 ], [ 134.5373678, 34.774952 ], [ 134.539702299999988, 34.7710102 ], [ 134.5478631, 34.7732254 ], [ 134.5537067, 34.772249699999989 ], [ 134.5595004, 34.7694639 ], [ 134.5583001, 34.764341 ], [ 134.569879499999985, 34.7580349 ], [ 134.571402799999987, 34.7654711 ], [ 134.5705094, 34.7726794 ], [ 134.573827500000021, 34.7793122 ], [ 134.5729958, 34.7892183 ], [ 134.5697203, 34.7963842 ], [ 134.5591633, 34.8059022 ], [ 134.5574919, 34.8093256 ], [ 134.565323299999989, 34.8067825 ], [ 134.577523899999989, 34.8090289 ], [ 134.5778631, 34.8132819 ], [ 134.5814139, 34.8134758 ], [ 134.5814272, 34.8202925 ], [ 134.583456399999989, 34.8231536 ], [ 134.5904644, 34.8240589 ], [ 134.5955031, 34.8276483 ], [ 134.604366900000031, 34.8263589 ], [ 134.6062986, 34.8223381 ], [ 134.6031136, 34.8200844 ], [ 134.619509699999981, 34.8178344 ], [ 134.622913300000022, 34.8211614 ], [ 134.627299199999982, 34.8208442 ], [ 134.6300264, 34.8284414 ], [ 134.6276531, 34.8311683 ], [ 134.6283875, 34.8375089 ], [ 134.6232047, 34.8395269 ], [ 134.6232006, 34.8430119 ], [ 134.615278599999982, 34.8462306 ], [ 134.6190125, 34.8504967 ], [ 134.616943599999985, 34.8528489 ], [ 134.609744399999983, 34.8521328 ], [ 134.607, 34.8496247 ], [ 134.5995389, 34.8524347 ], [ 134.5998922, 34.8557028 ], [ 134.5966019, 34.8584853 ], [ 134.588774199999989, 34.8564317 ] ] ] ] } }
]
}
