{
"type": "FeatureCollection",
"name": "iwate",
"crs": { "type": "name", "properties": { "name": "urn:ogc:def:crs:OGC:1.3:CRS84" } },
"features": [
{ "type": "Feature", "properties": { "hokenjo": "一関" }, "geometry": { "type": "MultiPolygon", "coordinates": [ [ [ [ 141.1775151, 39.0184299 ], [ 141.173762499999981, 39.017198 ], [ 141.1685448, 39.0176689 ], [ 141.1668115, 39.0153289 ], [ 141.1619177, 39.0133818 ], [ 141.160867699999983, 39.0126477 ], [ 141.1571443, 39.0135863 ], [ 141.1482442, 39.0164025 ], [ 141.1454391, 39.0179564 ], [ 141.141322, 39.0193659 ], [ 141.138112799999988, 39.0212868 ], [ 141.134262399999983, 39.020171 ], [ 141.1278221, 39.0131671 ], [ 141.123309799999987, 39.0142849 ], [ 141.1212309, 39.0158613 ], [ 141.1195822, 39.0144677 ], [ 141.118008, 39.0156288 ], [ 141.119083, 39.0181319 ], [ 141.1140842, 39.022163 ], [ 141.1119572, 39.0232347 ], [ 141.108086499999985, 39.0266697 ], [ 141.10665179999998, 39.0270442 ], [ 141.10561, 39.0285111 ], [ 141.1040619, 39.0286075 ], [ 141.1052535, 39.0204453 ], [ 141.1052105, 39.0190456 ], [ 141.110338899999988, 39.0186947 ], [ 141.111367, 39.0170164 ], [ 141.1103454, 39.0156267 ], [ 141.110880399999985, 39.0125758 ], [ 141.112633, 39.0100564 ], [ 141.111259400000023, 39.0093597 ], [ 141.1104944, 39.0075172 ], [ 141.1108164, 39.005905 ], [ 141.1075083, 39.0054134 ], [ 141.0996098, 39.0064634 ], [ 141.0972562, 39.0044078 ], [ 141.096287599999982, 39.0044765 ], [ 141.0913199, 39.0072109 ], [ 141.089678, 39.0063032 ], [ 141.0901819, 39.0043546 ], [ 141.0865522, 39.0030429 ], [ 141.081592900000032, 39.003401 ], [ 141.076589499999983, 39.0026996 ], [ 141.0741367, 39.0031266 ], [ 141.0735092, 39.0021721 ], [ 141.0698199, 39.0020347 ], [ 141.0676052, 39.0028791 ], [ 141.0650779, 39.0025383 ], [ 141.0612251, 39.0002961 ], [ 141.0593342, 39.0006778 ], [ 141.057682799999981, 38.9994636 ], [ 141.0554933, 39.000305 ], [ 141.052177699999987, 39.0003701 ], [ 141.0494871, 38.9992884 ], [ 141.0483567, 39.0010967 ], [ 141.045056099999982, 39.0014784 ], [ 141.0375943, 38.9997371 ], [ 141.0352313, 38.9983157 ], [ 141.030612599999984, 38.9970141 ], [ 141.0278878, 38.9955253 ], [ 141.0256559, 38.9917181 ], [ 141.0204464, 38.9910936 ], [ 141.0195611, 38.9899256 ], [ 141.0174705, 38.9900928 ], [ 141.016345, 38.9877895 ], [ 141.0132602, 38.9876893 ], [ 141.0104254, 38.987079 ], [ 141.0095948, 38.9880504 ], [ 141.0072404, 38.9854149 ], [ 141.0064635, 38.9852835 ], [ 141.00225279999998, 38.987523 ], [ 140.9973196, 38.9873705 ], [ 140.9940278, 38.9884677 ], [ 140.9926408, 38.9894489 ], [ 140.9906856, 38.9877825 ], [ 140.9881119, 38.9885128 ], [ 140.9877965, 38.99083 ], [ 140.9853464, 38.9922948 ], [ 140.9869462, 38.9935425 ], [ 140.9836827, 38.9968914 ], [ 140.982798799999983, 38.9966187 ], [ 140.979644799999988, 38.9976026 ], [ 140.978363699999989, 38.9972337 ], [ 140.9773423, 38.9946826 ], [ 140.9718, 38.9951452 ], [ 140.963189199999988, 38.9972105 ], [ 140.961653899999988, 38.9964916 ], [ 140.957625799999988, 38.9966922 ], [ 140.9551605, 38.9947628 ], [ 140.951929899999982, 38.994217299999988 ], [ 140.9502076, 38.9948179 ], [ 140.9481763, 38.9934206 ], [ 140.9445915, 38.9926448 ], [ 140.94292870000001, 38.993024 ], [ 140.939819199999988, 38.9927327 ], [ 140.9320641, 38.9907805 ], [ 140.930351799999983, 38.9924922 ], [ 140.9275479, 38.992435 ], [ 140.923710799999981, 38.9935697 ], [ 140.9204891, 38.9953825 ], [ 140.92018539999998, 38.9976795 ], [ 140.919389199999983, 38.9986395 ], [ 140.9196739, 39.0013156 ], [ 140.916911299999981, 39.0046976 ], [ 140.9159376, 39.007572 ], [ 140.9174884, 39.0100362 ], [ 140.9173025, 39.0139039 ], [ 140.917789699999986, 39.0150098 ], [ 140.915580399999982, 39.0170851 ], [ 140.9115492, 39.0220151 ], [ 140.908478799999983, 39.0240368 ], [ 140.9075751, 39.0262301 ], [ 140.907601799999981, 39.0282149 ], [ 140.9087709, 39.0287193 ], [ 140.908177, 39.0308293 ], [ 140.9065108, 39.0324551 ], [ 140.9056077, 39.034539 ], [ 140.9065482, 39.036904899999989 ], [ 140.9058657, 39.038129 ], [ 140.9011303, 39.0419327 ], [ 140.9008996, 39.0459946 ], [ 140.897273200000029, 39.0472894 ], [ 140.8968648, 39.0493391 ], [ 140.895092799999986, 39.049765 ], [ 140.8929383, 39.0492941 ], [ 140.8907275, 39.0469708 ], [ 140.888779199999988, 39.0472272 ], [ 140.8866864, 39.0458895 ], [ 140.884400199999988, 39.0452253 ], [ 140.883024399999982, 39.0441267 ], [ 140.8785208, 39.0452154 ], [ 140.876968, 39.044879 ], [ 140.875718, 39.0428937 ], [ 140.8703257, 39.0434124 ], [ 140.868734499999988, 39.0446504 ], [ 140.864928599999985, 39.0465246 ], [ 140.863463599999989, 39.0448522 ], [ 140.860891399999986, 39.0440249 ], [ 140.862064799999985, 39.0413211 ], [ 140.8622507, 39.0393694 ], [ 140.859532299999984, 39.0386427 ], [ 140.858159799999981, 39.0389841 ], [ 140.8554945, 39.0382989 ], [ 140.8537776, 39.0362592 ], [ 140.8509531, 39.035755 ], [ 140.8484671, 39.0293231 ], [ 140.845762, 39.0284778 ], [ 140.843011, 39.0260917 ], [ 140.842507399999988, 39.0211542 ], [ 140.83933159999998, 39.0210431 ], [ 140.834796499999982, 39.0216815 ], [ 140.8312034, 39.0234004 ], [ 140.828988899999985, 39.0218935 ], [ 140.8249317, 39.0199649 ], [ 140.822757199999984, 39.0203994 ], [ 140.818355, 39.0188353 ], [ 140.816955799999988, 39.0176019 ], [ 140.8150597, 39.0170255 ], [ 140.8130511, 39.0151928 ], [ 140.809311899999983, 39.0143214 ], [ 140.806063199999983, 39.0142595 ], [ 140.804439, 39.0152003 ], [ 140.801820099999986, 39.0156343 ], [ 140.7988301, 39.0154637 ], [ 140.79704, 39.0160454 ], [ 140.792385800000034, 39.015161 ], [ 140.787851, 39.0173813 ], [ 140.784928900000011, 39.0197136 ], [ 140.7834573, 39.0163816 ], [ 140.779977, 39.0144069 ], [ 140.780373199999985, 39.0129055 ], [ 140.7788482, 39.0083944 ], [ 140.774197099999981, 39.005177499999988 ], [ 140.7687032, 39.0034656 ], [ 140.768482399999982, 39.0011193 ], [ 140.7644065, 39.0003659 ], [ 140.764500199999986, 38.9969576 ], [ 140.766906399999982, 38.9958484 ], [ 140.76790219999998, 38.9947106 ], [ 140.7670106, 38.9917756 ], [ 140.763898899999987, 38.9893954 ], [ 140.7647912, 38.9875209 ], [ 140.7644904, 38.9856465 ], [ 140.765891, 38.9840798 ], [ 140.7680588, 38.9829304 ], [ 140.7691064, 38.9814528 ], [ 140.7693036, 38.9789953 ], [ 140.7701543, 38.9761981 ], [ 140.77370190000002, 38.9727045 ], [ 140.7749569, 38.9704173 ], [ 140.7747494, 38.968992 ], [ 140.772312199999988, 38.9670409 ], [ 140.7722503, 38.9635025 ], [ 140.7746254, 38.9611586 ], [ 140.7735902, 38.9580845 ], [ 140.7762655, 38.9589789 ], [ 140.782167499999986, 38.9582083 ], [ 140.7865923, 38.9605399 ], [ 140.79066229999998, 38.9618071 ], [ 140.7940357, 38.9639999 ], [ 140.7989866, 38.962927 ], [ 140.8002933, 38.9619376 ], [ 140.8050589, 38.9633209 ], [ 140.807481199999984, 38.9629244 ], [ 140.8098673, 38.9633764 ], [ 140.8113165, 38.964588 ], [ 140.813021, 38.9641113 ], [ 140.8187883, 38.9636568 ], [ 140.8240581, 38.9641198 ], [ 140.828937699999983, 38.9617109 ], [ 140.8343643, 38.9581989 ], [ 140.8370846, 38.9577997 ], [ 140.838100199999985, 38.9553186 ], [ 140.840693099999982, 38.9505755 ], [ 140.8436835, 38.9488374 ], [ 140.848719099999983, 38.9473766 ], [ 140.8555237, 38.9431993 ], [ 140.8579102, 38.9430609 ], [ 140.8617313, 38.9416387 ], [ 140.864409199999983, 38.9414146 ], [ 140.8663267, 38.9395323 ], [ 140.8691465, 38.9382212 ], [ 140.871989899999988, 38.9353893 ], [ 140.8729749, 38.9349509 ], [ 140.873997799999984, 38.932312 ], [ 140.875725, 38.9309867 ], [ 140.881452599999989, 38.9295528 ], [ 140.881698799999981, 38.9278689 ], [ 140.8854311, 38.9270312 ], [ 140.8866649, 38.9288761 ], [ 140.887699400000031, 38.9289723 ], [ 140.89319279999998, 38.9274294 ], [ 140.898188399999981, 38.9280127 ], [ 140.9001118, 38.9289125 ], [ 140.902652400000022, 38.9292672 ], [ 140.90541829999998, 38.9286024 ], [ 140.90655049999998, 38.9275605 ], [ 140.9103742, 38.9274444 ], [ 140.912792599999989, 38.9250388 ], [ 140.912347899999986, 38.9239483 ], [ 140.913451899999984, 38.9224324 ], [ 140.912944399999986, 38.9205102 ], [ 140.915099699999985, 38.9204085 ], [ 140.9144042, 38.9175821 ], [ 140.9163403, 38.9162224 ], [ 140.92039459999998, 38.9162171 ], [ 140.9221613, 38.9143424 ], [ 140.9223662, 38.9183332 ], [ 140.9246923, 38.9208887 ], [ 140.9265354, 38.9214109 ], [ 140.928217099999983, 38.9206593 ], [ 140.931393, 38.9204101 ], [ 140.9307442, 38.9178131 ], [ 140.934214, 38.9162573 ], [ 140.9343773, 38.9153006 ], [ 140.937835399999983, 38.9148817 ], [ 140.9390477, 38.9161481 ], [ 140.9434281, 38.9150186 ], [ 140.9455946, 38.9116239 ], [ 140.947191799999985, 38.9100658 ], [ 140.9492521, 38.9110747 ], [ 140.9519, 38.9092672 ], [ 140.9547901, 38.9093538 ], [ 140.961519399999986, 38.9057277 ], [ 140.9617642, 38.902491 ], [ 140.9644518, 38.9021641 ], [ 140.9665263, 38.9004085 ], [ 140.966098, 38.8986715 ], [ 140.969612, 38.8950999 ], [ 140.970837, 38.8949132 ], [ 140.971357399999988, 38.8921874 ], [ 140.972543800000011, 38.8904718 ], [ 140.9706199, 38.8880143 ], [ 140.971773899999988, 38.8873757 ], [ 140.9744867, 38.8872515 ], [ 140.975377899999984, 38.8859451 ], [ 140.977279, 38.8856529 ], [ 140.9776654, 38.8839379 ], [ 140.979959700000023, 38.8837048 ], [ 140.9807681, 38.8814104 ], [ 140.9844565, 38.8799348 ], [ 140.9826615, 38.8792017 ], [ 140.984298, 38.876192 ], [ 140.9854791, 38.8752764 ], [ 140.9873261, 38.8752545 ], [ 140.9898131, 38.8743175 ], [ 140.9938754, 38.8768077 ], [ 140.995050599999985, 38.8800911 ], [ 140.9963359, 38.8806852 ], [ 140.998894299999989, 38.8805991 ], [ 141.0007296, 38.8815474 ], [ 141.002498299999985, 38.880919899999988 ], [ 141.0046317, 38.8786979 ], [ 141.005867, 38.8787468 ], [ 141.007907, 38.8808365 ], [ 141.009890899999988, 38.8815342 ], [ 141.0114166, 38.8806826 ], [ 141.013448, 38.8810245 ], [ 141.0163488, 38.8843939 ], [ 141.0206997, 38.8863966 ], [ 141.021567, 38.886131 ], [ 141.021665899999988, 38.8827641 ], [ 141.0224901, 38.8810746 ], [ 141.023733800000031, 38.880816 ], [ 141.0251027, 38.8829668 ], [ 141.026843, 38.882826799999989 ], [ 141.029609199999982, 38.8834709 ], [ 141.031532, 38.880789 ], [ 141.032697399999989, 38.8804054 ], [ 141.032525699999979, 38.8779187 ], [ 141.0368489, 38.8767342 ], [ 141.0401057, 38.8773831 ], [ 141.0435063, 38.8765652 ], [ 141.045952199999988, 38.8788763 ], [ 141.047617799999983, 38.8811441 ], [ 141.0519256, 38.8832676 ], [ 141.0538171, 38.8817284 ], [ 141.0577705, 38.8821062 ], [ 141.0614828, 38.8838772 ], [ 141.0650846, 38.8824497 ], [ 141.065762899999982, 38.882813 ], [ 141.069299699999988, 38.8813785 ], [ 141.0712964, 38.8819941 ], [ 141.072769, 38.8804821 ], [ 141.0747721, 38.879466 ], [ 141.079283299999986, 38.881314 ], [ 141.081154199999986, 38.8813023 ], [ 141.081874699999986, 38.8826445 ], [ 141.0850409, 38.883765 ], [ 141.0887458, 38.8835414 ], [ 141.0916952, 38.8874286 ], [ 141.0933494, 38.887861 ], [ 141.0950737, 38.8863438 ], [ 141.0986857, 38.8847496 ], [ 141.1022625, 38.8845034 ], [ 141.102737, 38.8833812 ], [ 141.102449299999989, 38.8807054 ], [ 141.1079834, 38.8776584 ], [ 141.1110363, 38.878563 ], [ 141.1140289, 38.8780219 ], [ 141.1162209, 38.8791319 ], [ 141.116825, 38.8804805 ], [ 141.119506199999989, 38.8800663 ], [ 141.1237902, 38.8804671 ], [ 141.125299499999983, 38.8794723 ], [ 141.1282784, 38.8795595 ], [ 141.1331492, 38.8782292 ], [ 141.135662599999989, 38.8768027 ], [ 141.139479699999981, 38.8774885 ], [ 141.1404753, 38.8767424 ], [ 141.141489799999988, 38.8739996 ], [ 141.1429163, 38.8726224 ], [ 141.1436017, 38.8704376 ], [ 141.14613319999998, 38.8692748 ], [ 141.1461924, 38.8665546 ], [ 141.1456157, 38.8656059 ], [ 141.146657799999986, 38.8629279 ], [ 141.147121799999979, 38.8598123 ], [ 141.145810399999988, 38.8579384 ], [ 141.146782699999989, 38.8562668 ], [ 141.1397912, 38.8505094 ], [ 141.138015700000011, 38.8475224 ], [ 141.1325036, 38.8450144 ], [ 141.1301714, 38.8420839 ], [ 141.130165299999987, 38.8400042 ], [ 141.125336299999987, 38.8368612 ], [ 141.1204476, 38.8350913 ], [ 141.118918399999984, 38.8358854 ], [ 141.1165847, 38.8359827 ], [ 141.1141571, 38.8370197 ], [ 141.1133451, 38.8380133 ], [ 141.1093678, 38.8372964 ], [ 141.106080099999986, 38.8379175 ], [ 141.1048237, 38.8373473 ], [ 141.104712399999983, 38.8349664 ], [ 141.103421, 38.8332848 ], [ 141.1027796, 38.8306289 ], [ 141.1035564, 38.8283503 ], [ 141.105029800000011, 38.8280259 ], [ 141.1045154, 38.8232653 ], [ 141.1086899, 38.8251986 ], [ 141.1115448, 38.8237725 ], [ 141.1139018, 38.8234472 ], [ 141.116100200000034, 38.8223819 ], [ 141.1177811, 38.8246763 ], [ 141.1204373, 38.8260671 ], [ 141.1237351, 38.8254634 ], [ 141.1260711, 38.8218506 ], [ 141.1239828, 38.8197615 ], [ 141.123617, 38.8165484 ], [ 141.1254851, 38.8166348 ], [ 141.128370499999988, 38.8159237 ], [ 141.129915900000015, 38.8128228 ], [ 141.135611399999988, 38.8127056 ], [ 141.1374864, 38.8139158 ], [ 141.1399204, 38.8143027 ], [ 141.142503799999986, 38.8119019 ], [ 141.1411158, 38.808878 ], [ 141.1408467, 38.8042538 ], [ 141.141153299999985, 38.8000974 ], [ 141.1405881, 38.795746099999988 ], [ 141.139673099999982, 38.7943894 ], [ 141.138579599999986, 38.7908127 ], [ 141.1405628, 38.7898121 ], [ 141.1401491, 38.788642 ], [ 141.1480719, 38.7842566 ], [ 141.1474098, 38.7858385 ], [ 141.1516373, 38.785257 ], [ 141.15274549999998, 38.7844862 ], [ 141.1592623, 38.7825342 ], [ 141.1609143, 38.7813334 ], [ 141.163586399999986, 38.7819573 ], [ 141.1674899, 38.7784644 ], [ 141.1695619, 38.7776677 ], [ 141.171203599999984, 38.7789872 ], [ 141.1728087, 38.7782227 ], [ 141.1736803, 38.7810421 ], [ 141.1763618, 38.7810766 ], [ 141.179048, 38.7821251 ], [ 141.180971, 38.784525699999989 ], [ 141.1821611, 38.7831259 ], [ 141.1848043, 38.7813881 ], [ 141.1860921, 38.7799117 ], [ 141.1896884, 38.7784903 ], [ 141.191809299999989, 38.7772159 ], [ 141.1956002, 38.7768108 ], [ 141.1971781, 38.7755566 ], [ 141.197749, 38.7739036 ], [ 141.2007844, 38.7714444 ], [ 141.2034665, 38.7699038 ], [ 141.206061299999988, 38.7694844 ], [ 141.207531499999988, 38.7653819 ], [ 141.2071551, 38.7620499 ], [ 141.2082316, 38.7613919 ], [ 141.207122800000036, 38.7580877 ], [ 141.2072733, 38.7568063 ], [ 141.209179299999988, 38.754103 ], [ 141.2112249, 38.7536841 ], [ 141.2145482, 38.7506549 ], [ 141.215838599999984, 38.7484706 ], [ 141.217113899999987, 38.7487439 ], [ 141.2229389, 38.7486194 ], [ 141.2325492, 38.7476514 ], [ 141.237110299999983, 38.7491439 ], [ 141.2368788, 38.7520182 ], [ 141.229001899999986, 38.7515244 ], [ 141.228844399999986, 38.7525677 ], [ 141.2352345, 38.7561352 ], [ 141.236539199999982, 38.7553321 ], [ 141.241614699999985, 38.7557512 ], [ 141.2413832, 38.7578279 ], [ 141.2479256, 38.758374499999988 ], [ 141.247659699999986, 38.7604545 ], [ 141.2528126, 38.7608477 ], [ 141.2547563, 38.7596788 ], [ 141.2568086, 38.7609385 ], [ 141.2573352, 38.7623882 ], [ 141.256927599999983, 38.7646646 ], [ 141.2559137, 38.7667307 ], [ 141.2559464, 38.7706213 ], [ 141.2582399, 38.7739582 ], [ 141.258173199999987, 38.776399 ], [ 141.260949899999986, 38.7779865 ], [ 141.263262699999984, 38.7802987 ], [ 141.2627321, 38.7820867 ], [ 141.2634095, 38.7863098 ], [ 141.2644128, 38.7881795 ], [ 141.2668357, 38.7873539 ], [ 141.2692013, 38.78862 ], [ 141.2690653, 38.7934489 ], [ 141.271347599999984, 38.7949783 ], [ 141.272482, 38.7969652 ], [ 141.275239299999981, 38.7956804 ], [ 141.2747163, 38.7943038 ], [ 141.278447200000016, 38.7936279 ], [ 141.279760899999985, 38.7927068 ], [ 141.282335099999983, 38.7937256 ], [ 141.2820532, 38.7952951 ], [ 141.28385369999998, 38.7971123 ], [ 141.285182599999985, 38.7976212 ], [ 141.292696799999987, 38.7953927 ], [ 141.29531, 38.7940152 ], [ 141.2975451, 38.7934082 ], [ 141.3023594, 38.7930529 ], [ 141.3045498, 38.7934604 ], [ 141.304133, 38.7975154 ], [ 141.3022868, 38.798599 ], [ 141.302354799999989, 38.8002334 ], [ 141.303578400000021, 38.8018456 ], [ 141.3024389, 38.8033443 ], [ 141.3030028, 38.8048756 ], [ 141.3072728, 38.8087109 ], [ 141.3063238, 38.8105228 ], [ 141.307672699999983, 38.81377 ], [ 141.307679799999988, 38.8166075 ], [ 141.306587799999988, 38.818957 ], [ 141.3091351, 38.8208628 ], [ 141.3089625, 38.8221639 ], [ 141.3122209, 38.8224574 ], [ 141.313816299999985, 38.8221172 ], [ 141.3168483, 38.8232749 ], [ 141.320452099999983, 38.8185032 ], [ 141.323817, 38.8169712 ], [ 141.3241109, 38.815644 ], [ 141.328256899999985, 38.8143273 ], [ 141.3310579, 38.8127075 ], [ 141.3325202, 38.8112128 ], [ 141.3322933, 38.8095567 ], [ 141.3336022, 38.808735 ], [ 141.334661399999987, 38.8069086 ], [ 141.3370596, 38.8070183 ], [ 141.338676, 38.8061974 ], [ 141.3415578, 38.8068421 ], [ 141.3409527, 38.8083602 ], [ 141.344238100000013, 38.8087741 ], [ 141.347727099999986, 38.8099359 ], [ 141.349626699999988, 38.8122943 ], [ 141.353068, 38.8124039 ], [ 141.3555692, 38.8108531 ], [ 141.358226799999983, 38.8111428 ], [ 141.3597191, 38.8106122 ], [ 141.3596641, 38.8091539 ], [ 141.3617645, 38.8083322 ], [ 141.3645976, 38.808431 ], [ 141.3659509, 38.8094757 ], [ 141.3686089, 38.8079549 ], [ 141.371383400000013, 38.8074346 ], [ 141.372397700000022, 38.8041873 ], [ 141.3752984, 38.8024376 ], [ 141.375823699999984, 38.8006248 ], [ 141.3779634, 38.7971197 ], [ 141.3803193, 38.7961192 ], [ 141.382724599999989, 38.7981341 ], [ 141.38536019999998, 38.7988852 ], [ 141.3866366, 38.7998444 ], [ 141.388546099999985, 38.7998216 ], [ 141.38933590000002, 38.7984296 ], [ 141.393812699999984, 38.7998399 ], [ 141.395665799999989, 38.7981634 ], [ 141.397389, 38.795282 ], [ 141.3980836, 38.7923709 ], [ 141.3965202, 38.7906262 ], [ 141.3981114, 38.7895026 ], [ 141.4007718, 38.7894736 ], [ 141.4043341, 38.7888917 ], [ 141.4105011, 38.7856533 ], [ 141.412827, 38.7864268 ], [ 141.414864, 38.7862021 ], [ 141.415636, 38.7844737 ], [ 141.4156242, 38.779659 ], [ 141.414520899999985, 38.7784568 ], [ 141.412689799999981, 38.7749301 ], [ 141.4098304, 38.7725252 ], [ 141.4109613, 38.7709296 ], [ 141.4097391, 38.7678741 ], [ 141.4146204, 38.768344 ], [ 141.4174562, 38.7708943 ], [ 141.420738799999981, 38.7708548 ], [ 141.423056299999985, 38.7718395 ], [ 141.422910100000024, 38.774603899999988 ], [ 141.4211353, 38.7778559 ], [ 141.421387399999986, 38.7795364 ], [ 141.4253142, 38.7813153 ], [ 141.4295429, 38.7810158 ], [ 141.4297129, 38.7823363 ], [ 141.4315004, 38.7832896 ], [ 141.4349928, 38.7825315 ], [ 141.4379639, 38.7830798 ], [ 141.439795, 38.7856187 ], [ 141.4386916, 38.7869804 ], [ 141.4357771, 38.7867507 ], [ 141.433991700000036, 38.7900116 ], [ 141.432532399999985, 38.7915852 ], [ 141.4326787, 38.7940055 ], [ 141.4341331, 38.7965627 ], [ 141.43464419999998, 38.7985588 ], [ 141.4367053, 38.801426 ], [ 141.436159299999986, 38.8057799 ], [ 141.4332392, 38.8076061 ], [ 141.431453, 38.8065597 ], [ 141.4294151, 38.8106011 ], [ 141.4318629, 38.8121874 ], [ 141.4329932, 38.8111372 ], [ 141.4354736, 38.8115938 ], [ 141.437348, 38.8128399 ], [ 141.4409607, 38.8113332 ], [ 141.442846799999984, 38.8113926 ], [ 141.4464309, 38.8104709 ], [ 141.4515046, 38.8118747 ], [ 141.454345, 38.8108977 ], [ 141.4570383, 38.8124244 ], [ 141.4590914, 38.8152413 ], [ 141.455401199999983, 38.81604 ], [ 141.454028699999981, 38.8168036 ], [ 141.453075499999983, 38.8187447 ], [ 141.454546, 38.8214025 ], [ 141.4538301, 38.8246581 ], [ 141.452058599999987, 38.8279736 ], [ 141.4519235, 38.8312006 ], [ 141.4501075, 38.8327003 ], [ 141.449834899999985, 38.8373898 ], [ 141.4530211, 38.8431939 ], [ 141.4545966, 38.8472509 ], [ 141.4569952, 38.8497806 ], [ 141.459263, 38.851075 ], [ 141.461628599999983, 38.8515558 ], [ 141.463890599999985, 38.8530111 ], [ 141.4660178, 38.855965499999989 ], [ 141.465739899999988, 38.8573883 ], [ 141.4637759, 38.8584383 ], [ 141.455706, 38.8603001 ], [ 141.4526694, 38.8625523 ], [ 141.4540816, 38.8655473 ], [ 141.4528815, 38.8667724 ], [ 141.45201, 38.8701929 ], [ 141.4512669, 38.8710946 ], [ 141.4506931, 38.8751435 ], [ 141.4511076, 38.8763171 ], [ 141.4536769, 38.8789416 ], [ 141.459028599999982, 38.8815257 ], [ 141.4609906, 38.8835773 ], [ 141.4660384, 38.8854384 ], [ 141.4673027, 38.8882198 ], [ 141.4654756, 38.8910387 ], [ 141.4661872, 38.8936629 ], [ 141.4673769, 38.8945023 ], [ 141.4705428, 38.8949389 ], [ 141.472710799999987, 38.8975114 ], [ 141.475836099999981, 38.8991375 ], [ 141.4782803, 38.8998494 ], [ 141.4802994, 38.901834699999988 ], [ 141.482776699999988, 38.9023155 ], [ 141.485028799999981, 38.904641 ], [ 141.4890888, 38.9070337 ], [ 141.49038539999998, 38.9108815 ], [ 141.4919147, 38.9130399 ], [ 141.492126899999988, 38.9147921 ], [ 141.489384, 38.9174483 ], [ 141.4914584, 38.9194513 ], [ 141.492109699999986, 38.9216243 ], [ 141.489916199999982, 38.9240205 ], [ 141.4898478, 38.9253524 ], [ 141.488332499999984, 38.9267641 ], [ 141.4880646, 38.9281208 ], [ 141.4855605, 38.9322847 ], [ 141.4855723, 38.9357284 ], [ 141.4871145, 38.9386373 ], [ 141.490456, 38.9431647 ], [ 141.491531700000024, 38.9487334 ], [ 141.490183, 38.9499756 ], [ 141.493963399999984, 38.9553497 ], [ 141.4919188, 38.9569106 ], [ 141.4903457, 38.9570876 ], [ 141.489292799999987, 38.9605796 ], [ 141.4902428, 38.9624523 ], [ 141.488881099999986, 38.9683052 ], [ 141.4881297, 38.9698821 ], [ 141.486489299999988, 38.9712327 ], [ 141.4851938, 38.976003 ], [ 141.483534, 38.9781667 ], [ 141.4816736, 38.9790589 ], [ 141.480951, 38.9806906 ], [ 141.479409, 38.9818337 ], [ 141.4792889, 38.9834484 ], [ 141.4760844, 38.9844654 ], [ 141.4740372, 38.9837341 ], [ 141.4703551, 38.9856339 ], [ 141.470072499999986, 38.9877689 ], [ 141.4665187, 38.9874173 ], [ 141.464607299999983, 38.9907312 ], [ 141.46426409999998, 38.9921856 ], [ 141.4659891, 38.9931423 ], [ 141.468902499999984, 38.9933861 ], [ 141.471078799999987, 38.9972097 ], [ 141.467620499999981, 39.0008734 ], [ 141.468233, 39.0026573 ], [ 141.4679773, 39.0045906 ], [ 141.4715296, 39.0066323 ], [ 141.472370400000017, 39.0077014 ], [ 141.472667799999982, 39.01004 ], [ 141.473805, 39.011677 ], [ 141.473393499999986, 39.0132581 ], [ 141.47141449999998, 39.0157795 ], [ 141.4710105, 39.0185087 ], [ 141.469512, 39.0204757 ], [ 141.4661994, 39.023598199999988 ], [ 141.466180399999985, 39.0259355 ], [ 141.462848799999989, 39.0288539 ], [ 141.4615471, 39.0307189 ], [ 141.4616608, 39.0347019 ], [ 141.4600615, 39.0382781 ], [ 141.4605805, 39.0431884 ], [ 141.465375, 39.0448692 ], [ 141.466823799999986, 39.0479419 ], [ 141.4667485, 39.0500109 ], [ 141.4692696, 39.0522194 ], [ 141.4713304, 39.0520811 ], [ 141.4718557, 39.0530419 ], [ 141.475526600000023, 39.0530413 ], [ 141.4780419, 39.0543885 ], [ 141.4797308, 39.0561655 ], [ 141.480108699999988, 39.0594969 ], [ 141.4782625, 39.0620999 ], [ 141.47805409999998, 39.0642724 ], [ 141.479749, 39.0669533 ], [ 141.4786359, 39.0697397 ], [ 141.4804565, 39.0747255 ], [ 141.4827507, 39.0760786 ], [ 141.4806958, 39.0812597 ], [ 141.479178499999989, 39.0831197 ], [ 141.4746471, 39.0868006 ], [ 141.471022, 39.088661 ], [ 141.4704294, 39.0895563 ], [ 141.4663598, 39.0917041 ], [ 141.4642456, 39.0942513 ], [ 141.462804899999981, 39.0951936 ], [ 141.4630693, 39.0976983 ], [ 141.4643715, 39.0994413 ], [ 141.4627322, 39.1015689 ], [ 141.4603836, 39.101935 ], [ 141.458439299999981, 39.1029767 ], [ 141.45466, 39.1037145 ], [ 141.4512488, 39.1069415 ], [ 141.449550700000032, 39.1062037 ], [ 141.446725099999981, 39.1062432 ], [ 141.4448458, 39.1074821 ], [ 141.443023, 39.1077374 ], [ 141.4393331, 39.1104466 ], [ 141.434063, 39.1109739 ], [ 141.4320185, 39.1107314 ], [ 141.4254746, 39.1085765 ], [ 141.4208894, 39.1094807 ], [ 141.418823299999985, 39.1092449 ], [ 141.4180206, 39.1080954 ], [ 141.4141296, 39.1072961 ], [ 141.411856199999988, 39.1093961 ], [ 141.410244400000011, 39.1116714 ], [ 141.4099205, 39.1131892 ], [ 141.408044499999988, 39.116025 ], [ 141.40599469999998, 39.1169259 ], [ 141.405721799999981, 39.1194109 ], [ 141.409261, 39.1217637 ], [ 141.4099617, 39.1254642 ], [ 141.409975799999984, 39.1288148 ], [ 141.408530399999989, 39.1298123 ], [ 141.4067083, 39.1339365 ], [ 141.406737699999979, 39.1357535 ], [ 141.4024736, 39.1386596 ], [ 141.3972705, 39.1380736 ], [ 141.393187300000022, 39.1407206 ], [ 141.3903901, 39.1450009 ], [ 141.39022749999998, 39.1480956 ], [ 141.393843, 39.1518615 ], [ 141.3942193, 39.1553354 ], [ 141.3921297, 39.1584243 ], [ 141.389312, 39.1604438 ], [ 141.384853, 39.1621219 ], [ 141.383364699999987, 39.1617952 ], [ 141.3826564, 39.1601566 ], [ 141.383361799999989, 39.1583921 ], [ 141.3813434, 39.1567744 ], [ 141.379976, 39.1548624 ], [ 141.380185499999982, 39.152683 ], [ 141.378163799999982, 39.1515271 ], [ 141.375871599999982, 39.1515508 ], [ 141.3747946, 39.1497936 ], [ 141.3727568, 39.149523 ], [ 141.371514099999985, 39.1485689 ], [ 141.3678151, 39.1494028 ], [ 141.3668434, 39.150492199999988 ], [ 141.3647263, 39.1512823 ], [ 141.36072, 39.1486098 ], [ 141.356403299999982, 39.1474731 ], [ 141.356229899999988, 39.1461887 ], [ 141.3542644, 39.1433051 ], [ 141.3530587, 39.1407729 ], [ 141.3532818, 39.139255899999988 ], [ 141.356682799999987, 39.1348064 ], [ 141.3555874, 39.1314781 ], [ 141.3548912, 39.1309786 ], [ 141.3505128, 39.1309789 ], [ 141.3443862, 39.1344573 ], [ 141.340474300000011, 39.1387954 ], [ 141.3354392, 39.137898 ], [ 141.331450599999982, 39.1361747 ], [ 141.3302926, 39.1339955 ], [ 141.3269848, 39.132063 ], [ 141.3242809, 39.1317077 ], [ 141.319468799999981, 39.1321703 ], [ 141.3157616, 39.1314997 ], [ 141.3121989, 39.1325473 ], [ 141.3098961, 39.1327037 ], [ 141.3046544, 39.1317418 ], [ 141.3024393, 39.132076 ], [ 141.3033901, 39.1258957 ], [ 141.3026312, 39.1242512 ], [ 141.3038166, 39.1221901 ], [ 141.303861399999988, 39.120472 ], [ 141.3016127, 39.1203257 ], [ 141.302078099999989, 39.118837 ], [ 141.305089, 39.1168678 ], [ 141.3061069, 39.1143873 ], [ 141.305486699999989, 39.1127167 ], [ 141.302683100000024, 39.1098612 ], [ 141.3044712, 39.1082475 ], [ 141.3032016, 39.1062867 ], [ 141.3030884, 39.1021742 ], [ 141.3057274, 39.0998972 ], [ 141.306723399999981, 39.095683 ], [ 141.3088124, 39.0922791 ], [ 141.3099761, 39.0917666 ], [ 141.313291599999985, 39.086826 ], [ 141.314087799999982, 39.0832199 ], [ 141.310378899999989, 39.0825785 ], [ 141.3088219, 39.0831163 ], [ 141.304433499999988, 39.0826824 ], [ 141.296580399999982, 39.0840047 ], [ 141.2937167, 39.0863653 ], [ 141.2909272, 39.086427 ], [ 141.2888457, 39.0872268 ], [ 141.2886557, 39.0891484 ], [ 141.2872409, 39.0899907 ], [ 141.2835978, 39.0899816 ], [ 141.2819802, 39.0892427 ], [ 141.277904299999989, 39.0898399 ], [ 141.275208599999985, 39.0922955 ], [ 141.272961100000032, 39.0914111 ], [ 141.269390499999986, 39.0909083 ], [ 141.267498, 39.0888145 ], [ 141.2674116, 39.087587 ], [ 141.2651497, 39.0867814 ], [ 141.2622102, 39.0848462 ], [ 141.260024499999986, 39.0808031 ], [ 141.2571744, 39.0813243 ], [ 141.256376, 39.0821759 ], [ 141.2537807, 39.0824043 ], [ 141.2528307, 39.0815526 ], [ 141.2524186, 39.0767951 ], [ 141.2511839, 39.0745293 ], [ 141.2495322, 39.0742718 ], [ 141.250585699999988, 39.0713496 ], [ 141.249232299999989, 39.0705149 ], [ 141.24326720000002, 39.070676299999988 ], [ 141.2414923, 39.0661157 ], [ 141.2399476, 39.0652627 ], [ 141.2398809, 39.0636146 ], [ 141.2375059, 39.0628624 ], [ 141.2366615, 39.0619302 ], [ 141.231685299999981, 39.0619278 ], [ 141.22860129999998, 39.0623145 ], [ 141.2265899, 39.0612123 ], [ 141.2265899, 39.0597986 ], [ 141.2244866, 39.0580331 ], [ 141.2220299, 39.0593054 ], [ 141.2181903, 39.0587071 ], [ 141.214892, 39.056856 ], [ 141.2152848, 39.0555987 ], [ 141.2129798, 39.052854 ], [ 141.209702199999981, 39.0531296 ], [ 141.2078444, 39.0520566 ], [ 141.2068095, 39.0505494 ], [ 141.2071489, 39.0494416 ], [ 141.2049051, 39.0445874 ], [ 141.2054588, 39.042326 ], [ 141.206601399999983, 39.0404979 ], [ 141.205807, 39.0398379 ], [ 141.2036266, 39.0407841 ], [ 141.2002952, 39.0403547 ], [ 141.198464, 39.0391272 ], [ 141.199321, 39.0376469 ], [ 141.202047, 39.0362257 ], [ 141.204662899999988, 39.0336721 ], [ 141.204038199999985, 39.0320741 ], [ 141.201197899999983, 39.0323652 ], [ 141.200243199999989, 39.0311433 ], [ 141.197822299999984, 39.0296761 ], [ 141.194803399999984, 39.0296797 ], [ 141.1932383, 39.0290531 ], [ 141.187376299999983, 39.0280259 ], [ 141.1842076, 39.027016499999988 ], [ 141.184278799999987, 39.0239076 ], [ 141.181712399999981, 39.020110099999989 ], [ 141.178987299999989, 39.0198654 ], [ 141.1775151, 39.0184299 ] ] ] ] } },
{ "type": "Feature", "properties": { "hokenjo": "奥州" }, "geometry": { "type": "MultiPolygon", "coordinates": [ [ [ [ 141.1036533, 39.2298637 ], [ 141.1006399, 39.2299887 ], [ 141.0995929, 39.2305851 ], [ 141.096495399999981, 39.2293535 ], [ 141.0928132, 39.2286607 ], [ 141.0915254, 39.2305152 ], [ 141.0894853, 39.2305741 ], [ 141.085422199999982, 39.2315442 ], [ 141.0850672, 39.2335475 ], [ 141.0828209, 39.2375434 ], [ 141.0802251, 39.2389803 ], [ 141.0776233, 39.2397973 ], [ 141.0772524, 39.2423154 ], [ 141.0740274, 39.2420918 ], [ 141.0754296, 39.2457118 ], [ 141.0769584, 39.2473043 ], [ 141.0744767, 39.2489407 ], [ 141.0708989, 39.249511 ], [ 141.060759099999984, 39.2495166 ], [ 141.0602768, 39.2508447 ], [ 141.0552237, 39.250157 ], [ 141.0519515, 39.2505492 ], [ 141.0524356, 39.2522806 ], [ 141.051995799999986, 39.2553287 ], [ 141.0548484, 39.2553928 ], [ 141.0568553, 39.2569023 ], [ 141.0518941, 39.2591481 ], [ 141.0503369, 39.2581079 ], [ 141.046542599999981, 39.2572262 ], [ 141.046572, 39.2563581 ], [ 141.0433143, 39.2563543 ], [ 141.040005799999989, 39.2553578 ], [ 141.040141399999982, 39.2497978 ], [ 141.036235799999986, 39.249790399999988 ], [ 141.0362055, 39.2520092 ], [ 141.032245499999988, 39.2524301 ], [ 141.0319031, 39.2549475 ], [ 141.0140246, 39.2451487 ], [ 141.0111229, 39.2428015 ], [ 141.0054503, 39.2416171 ], [ 140.9976158, 39.2379196 ], [ 140.99417219999998, 39.2374357 ], [ 140.9884046, 39.2373268 ], [ 140.9847495, 39.2357827 ], [ 140.9797174, 39.2361313 ], [ 140.9764807, 39.236006 ], [ 140.975270699999982, 39.2354424 ], [ 140.9719931, 39.2353007 ], [ 140.96609490000003, 39.2345107 ], [ 140.9634084, 39.232802899999989 ], [ 140.9611253, 39.2327757 ], [ 140.9603492, 39.2306926 ], [ 140.957103800000027, 39.233434599999988 ], [ 140.95385349999998, 39.2342623 ], [ 140.9517937, 39.2333473 ], [ 140.9509496, 39.2311934 ], [ 140.9459444, 39.2320515 ], [ 140.9444842, 39.2319557 ], [ 140.9427814, 39.2302537 ], [ 140.941634800000031, 39.2263326 ], [ 140.940463099999988, 39.2251887 ], [ 140.936275, 39.2248779 ], [ 140.9335017, 39.2242627 ], [ 140.9332728, 39.2234921 ], [ 140.9345207, 39.2204477 ], [ 140.9336923, 39.2194999 ], [ 140.9300801, 39.2173244 ], [ 140.9278952, 39.2140185 ], [ 140.9268983, 39.2109085 ], [ 140.9271, 39.209106 ], [ 140.925773599999985, 39.2076071 ], [ 140.925555299999985, 39.2061216 ], [ 140.9239481, 39.2048307 ], [ 140.923626499999983, 39.2030444 ], [ 140.921806799999985, 39.2011086 ], [ 140.9194909, 39.2006183 ], [ 140.9198946, 39.1958258 ], [ 140.9189246, 39.1951202 ], [ 140.9111829, 39.1945978 ], [ 140.9082714, 39.1948628 ], [ 140.9072989, 39.1925209 ], [ 140.902068, 39.1930917 ], [ 140.9017417, 39.1917798 ], [ 140.897725, 39.1897298 ], [ 140.896640599999984, 39.1873026 ], [ 140.892926599999981, 39.1861368 ], [ 140.8925256, 39.1833221 ], [ 140.890689200000025, 39.1816904 ], [ 140.8868594, 39.1807558 ], [ 140.886352499999987, 39.1800124 ], [ 140.8830841, 39.17944 ], [ 140.8813089, 39.1783661 ], [ 140.880435299999988, 39.1755956 ], [ 140.878659699999986, 39.1756159 ], [ 140.873534399999983, 39.1744114 ], [ 140.871755399999984, 39.1752759 ], [ 140.865546699999982, 39.1753568 ], [ 140.8631828, 39.1763024 ], [ 140.8582638, 39.1763533 ], [ 140.857551299999983, 39.1773263 ], [ 140.8529246, 39.1764728 ], [ 140.850563199999982, 39.1746164 ], [ 140.8490985, 39.1725959 ], [ 140.8458963, 39.1712567 ], [ 140.844362099999984, 39.1690134 ], [ 140.842296799999986, 39.1685201 ], [ 140.8392068, 39.1665268 ], [ 140.8378957, 39.1665041 ], [ 140.83322339999998, 39.1650241 ], [ 140.831971399999986, 39.1654344 ], [ 140.8264491, 39.1694442 ], [ 140.8247207, 39.1719881 ], [ 140.8274226, 39.1736219 ], [ 140.8271174, 39.1745777 ], [ 140.823727, 39.1763706 ], [ 140.822107800000026, 39.1767417 ], [ 140.81954589999998, 39.1760025 ], [ 140.8162317, 39.1762278 ], [ 140.808875500000028, 39.1784442 ], [ 140.8078577, 39.1783831 ], [ 140.8053344, 39.1770717 ], [ 140.7988991, 39.175169 ], [ 140.7962143, 39.1765717 ], [ 140.7926405, 39.1741176 ], [ 140.7883344, 39.1725109 ], [ 140.7862275, 39.1667813 ], [ 140.783522, 39.1654063 ], [ 140.7799339, 39.1669179 ], [ 140.778601899999984, 39.1685635 ], [ 140.7764766, 39.1684424 ], [ 140.7738774, 39.1675924 ], [ 140.7732647, 39.1654885 ], [ 140.772022199999981, 39.1641802 ], [ 140.7707556, 39.1608099 ], [ 140.77073919999998, 39.1593804 ], [ 140.765672099999989, 39.1549563 ], [ 140.7655494, 39.1523083 ], [ 140.7641602, 39.151321599999989 ], [ 140.763563299999987, 39.1497841 ], [ 140.7620025, 39.1491221 ], [ 140.7597056, 39.1463719 ], [ 140.759052, 39.1436571 ], [ 140.7561422, 39.1436763 ], [ 140.7526603, 39.1423747 ], [ 140.7497262, 39.1404108 ], [ 140.7489415, 39.1381222 ], [ 140.7510752, 39.1332619 ], [ 140.7556194, 39.1327238 ], [ 140.7578672, 39.1329021 ], [ 140.759322199999986, 39.1319249 ], [ 140.760385, 39.1300469 ], [ 140.7625837, 39.1285285 ], [ 140.7668668, 39.1269404 ], [ 140.7695804, 39.1250621 ], [ 140.769980799999985, 39.1241649 ], [ 140.7666055, 39.1202179 ], [ 140.7603119, 39.1182285 ], [ 140.7587183, 39.1185819 ], [ 140.755873799999989, 39.1180536 ], [ 140.756307199999981, 39.1145585 ], [ 140.75593139999998, 39.1121874 ], [ 140.7580237, 39.1122574 ], [ 140.761693700000023, 39.1109174 ], [ 140.76172649999998, 39.1096952 ], [ 140.7632468, 39.1088582 ], [ 140.7607296, 39.1059649 ], [ 140.7590377, 39.1031641 ], [ 140.758212499999985, 39.0997455 ], [ 140.7569294, 39.0987649 ], [ 140.7559325, 39.0967724 ], [ 140.7571504, 39.093841 ], [ 140.756072, 39.0922396 ], [ 140.7533506, 39.0910077 ], [ 140.752468199999981, 39.0875794 ], [ 140.7529063, 39.0860163 ], [ 140.755417099999988, 39.0854444 ], [ 140.758526300000028, 39.0853821 ], [ 140.758981899999981, 39.0833877 ], [ 140.7605489, 39.0830132 ], [ 140.763220599999983, 39.0805915 ], [ 140.766557299999988, 39.0810515 ], [ 140.7682849, 39.0794515 ], [ 140.771967099999983, 39.0786798 ], [ 140.7751102, 39.0796851 ], [ 140.775801, 39.0807795 ], [ 140.7788511, 39.0820673 ], [ 140.7816402, 39.0816436 ], [ 140.78345250000001, 39.0790511 ], [ 140.7854748, 39.0791039 ], [ 140.7896546, 39.0783844 ], [ 140.792831299999989, 39.0773299 ], [ 140.795098, 39.0770538 ], [ 140.7976849, 39.0775435 ], [ 140.7999769, 39.0765444 ], [ 140.8005416, 39.0777933 ], [ 140.802386899999988, 39.0778949 ], [ 140.80082, 39.0739554 ], [ 140.8025137, 39.0737124 ], [ 140.8039798, 39.0722896 ], [ 140.8044349, 39.0705713 ], [ 140.8033902, 39.0694046 ], [ 140.8038369, 39.066989899999989 ], [ 140.800609899999984, 39.0646338 ], [ 140.799447200000031, 39.0628366 ], [ 140.8002228, 39.0599782 ], [ 140.802009199999986, 39.0588413 ], [ 140.805287099999987, 39.0578523 ], [ 140.8066437, 39.0582926 ], [ 140.809803800000026, 39.057974 ], [ 140.8081861, 39.0554473 ], [ 140.806374399999982, 39.0547637 ], [ 140.805178, 39.052024 ], [ 140.803198, 39.050164 ], [ 140.80083, 39.0494446 ], [ 140.800628099999983, 39.0472529 ], [ 140.799263100000019, 39.0460376 ], [ 140.7994234, 39.0445326 ], [ 140.7971737, 39.0432118 ], [ 140.7935334, 39.0417169 ], [ 140.795084, 39.0389043 ], [ 140.7960871, 39.0360166 ], [ 140.793525499999987, 39.0334966 ], [ 140.793272699999989, 39.0320277 ], [ 140.795076099999989, 39.0306643 ], [ 140.7946806, 39.0287357 ], [ 140.7926328, 39.0277368 ], [ 140.790762299999983, 39.0240899 ], [ 140.7857153, 39.0215105 ], [ 140.784928900000011, 39.0197136 ], [ 140.787851, 39.0173813 ], [ 140.792385800000034, 39.015161 ], [ 140.79704, 39.0160454 ], [ 140.7988301, 39.0154637 ], [ 140.801820099999986, 39.0156343 ], [ 140.804439, 39.0152003 ], [ 140.806063199999983, 39.0142595 ], [ 140.809311899999983, 39.0143214 ], [ 140.8130511, 39.0151928 ], [ 140.8150597, 39.0170255 ], [ 140.816955799999988, 39.0176019 ], [ 140.818355, 39.0188353 ], [ 140.822757199999984, 39.0203994 ], [ 140.8249317, 39.0199649 ], [ 140.828988899999985, 39.0218935 ], [ 140.8312034, 39.0234004 ], [ 140.834796499999982, 39.0216815 ], [ 140.83933159999998, 39.0210431 ], [ 140.842507399999988, 39.0211542 ], [ 140.843011, 39.0260917 ], [ 140.845762, 39.0284778 ], [ 140.8484671, 39.0293231 ], [ 140.8509531, 39.035755 ], [ 140.8537776, 39.0362592 ], [ 140.8554945, 39.0382989 ], [ 140.858159799999981, 39.0389841 ], [ 140.859532299999984, 39.0386427 ], [ 140.8622507, 39.0393694 ], [ 140.862064799999985, 39.0413211 ], [ 140.860891399999986, 39.0440249 ], [ 140.863463599999989, 39.0448522 ], [ 140.864928599999985, 39.0465246 ], [ 140.868734499999988, 39.0446504 ], [ 140.8703257, 39.0434124 ], [ 140.875718, 39.0428937 ], [ 140.876968, 39.044879 ], [ 140.8785208, 39.0452154 ], [ 140.883024399999982, 39.0441267 ], [ 140.884400199999988, 39.0452253 ], [ 140.8866864, 39.0458895 ], [ 140.888779199999988, 39.0472272 ], [ 140.8907275, 39.0469708 ], [ 140.8929383, 39.0492941 ], [ 140.895092799999986, 39.049765 ], [ 140.8968648, 39.0493391 ], [ 140.897273200000029, 39.0472894 ], [ 140.9008996, 39.0459946 ], [ 140.9011303, 39.0419327 ], [ 140.9058657, 39.038129 ], [ 140.9065482, 39.036904899999989 ], [ 140.9056077, 39.034539 ], [ 140.9065108, 39.0324551 ], [ 140.908177, 39.0308293 ], [ 140.9087709, 39.0287193 ], [ 140.907601799999981, 39.0282149 ], [ 140.9075751, 39.0262301 ], [ 140.908478799999983, 39.0240368 ], [ 140.9115492, 39.0220151 ], [ 140.915580399999982, 39.0170851 ], [ 140.917789699999986, 39.0150098 ], [ 140.9173025, 39.0139039 ], [ 140.9174884, 39.0100362 ], [ 140.9159376, 39.007572 ], [ 140.916911299999981, 39.0046976 ], [ 140.9196739, 39.0013156 ], [ 140.919389199999983, 38.9986395 ], [ 140.92018539999998, 38.9976795 ], [ 140.9204891, 38.9953825 ], [ 140.923710799999981, 38.9935697 ], [ 140.9275479, 38.992435 ], [ 140.930351799999983, 38.9924922 ], [ 140.9320641, 38.9907805 ], [ 140.939819199999988, 38.9927327 ], [ 140.94292870000001, 38.993024 ], [ 140.9445915, 38.9926448 ], [ 140.9481763, 38.9934206 ], [ 140.9502076, 38.9948179 ], [ 140.951929899999982, 38.994217299999988 ], [ 140.9551605, 38.9947628 ], [ 140.957625799999988, 38.9966922 ], [ 140.961653899999988, 38.9964916 ], [ 140.963189199999988, 38.9972105 ], [ 140.9718, 38.9951452 ], [ 140.9773423, 38.9946826 ], [ 140.978363699999989, 38.9972337 ], [ 140.979644799999988, 38.9976026 ], [ 140.982798799999983, 38.9966187 ], [ 140.9836827, 38.9968914 ], [ 140.9869462, 38.9935425 ], [ 140.9853464, 38.9922948 ], [ 140.9877965, 38.99083 ], [ 140.9881119, 38.9885128 ], [ 140.9906856, 38.9877825 ], [ 140.9926408, 38.9894489 ], [ 140.9940278, 38.9884677 ], [ 140.9973196, 38.9873705 ], [ 141.00225279999998, 38.987523 ], [ 141.0064635, 38.9852835 ], [ 141.0072404, 38.9854149 ], [ 141.0095948, 38.9880504 ], [ 141.0104254, 38.987079 ], [ 141.0132602, 38.9876893 ], [ 141.016345, 38.9877895 ], [ 141.0174705, 38.9900928 ], [ 141.0195611, 38.9899256 ], [ 141.0204464, 38.9910936 ], [ 141.0256559, 38.9917181 ], [ 141.0278878, 38.9955253 ], [ 141.030612599999984, 38.9970141 ], [ 141.0352313, 38.9983157 ], [ 141.0375943, 38.9997371 ], [ 141.045056099999982, 39.0014784 ], [ 141.0483567, 39.0010967 ], [ 141.0494871, 38.9992884 ], [ 141.052177699999987, 39.0003701 ], [ 141.0554933, 39.000305 ], [ 141.057682799999981, 38.9994636 ], [ 141.0593342, 39.0006778 ], [ 141.0612251, 39.0002961 ], [ 141.0650779, 39.0025383 ], [ 141.0676052, 39.0028791 ], [ 141.0698199, 39.0020347 ], [ 141.0735092, 39.0021721 ], [ 141.0741367, 39.0031266 ], [ 141.076589499999983, 39.0026996 ], [ 141.081592900000032, 39.003401 ], [ 141.0865522, 39.0030429 ], [ 141.0901819, 39.0043546 ], [ 141.089678, 39.0063032 ], [ 141.0913199, 39.0072109 ], [ 141.096287599999982, 39.0044765 ], [ 141.0972562, 39.0044078 ], [ 141.0996098, 39.0064634 ], [ 141.1075083, 39.0054134 ], [ 141.1108164, 39.005905 ], [ 141.1104944, 39.0075172 ], [ 141.111259400000023, 39.0093597 ], [ 141.112633, 39.0100564 ], [ 141.110880399999985, 39.0125758 ], [ 141.1103454, 39.0156267 ], [ 141.111367, 39.0170164 ], [ 141.110338899999988, 39.0186947 ], [ 141.1052105, 39.0190456 ], [ 141.1052535, 39.0204453 ], [ 141.1040619, 39.0286075 ], [ 141.10561, 39.0285111 ], [ 141.10665179999998, 39.0270442 ], [ 141.108086499999985, 39.0266697 ], [ 141.1119572, 39.0232347 ], [ 141.1140842, 39.022163 ], [ 141.119083, 39.0181319 ], [ 141.118008, 39.0156288 ], [ 141.1195822, 39.0144677 ], [ 141.1212309, 39.0158613 ], [ 141.123309799999987, 39.0142849 ], [ 141.1278221, 39.0131671 ], [ 141.134262399999983, 39.020171 ], [ 141.138112799999988, 39.0212868 ], [ 141.141322, 39.0193659 ], [ 141.1454391, 39.0179564 ], [ 141.1482442, 39.0164025 ], [ 141.1571443, 39.0135863 ], [ 141.160867699999983, 39.0126477 ], [ 141.1619177, 39.0133818 ], [ 141.1668115, 39.0153289 ], [ 141.1685448, 39.0176689 ], [ 141.173762499999981, 39.017198 ], [ 141.1775151, 39.0184299 ], [ 141.178987299999989, 39.0198654 ], [ 141.181712399999981, 39.020110099999989 ], [ 141.184278799999987, 39.0239076 ], [ 141.1842076, 39.027016499999988 ], [ 141.187376299999983, 39.0280259 ], [ 141.1932383, 39.0290531 ], [ 141.194803399999984, 39.0296797 ], [ 141.197822299999984, 39.0296761 ], [ 141.200243199999989, 39.0311433 ], [ 141.201197899999983, 39.0323652 ], [ 141.204038199999985, 39.0320741 ], [ 141.204662899999988, 39.0336721 ], [ 141.202047, 39.0362257 ], [ 141.199321, 39.0376469 ], [ 141.198464, 39.0391272 ], [ 141.2002952, 39.0403547 ], [ 141.2036266, 39.0407841 ], [ 141.205807, 39.0398379 ], [ 141.206601399999983, 39.0404979 ], [ 141.2054588, 39.042326 ], [ 141.2049051, 39.0445874 ], [ 141.2071489, 39.0494416 ], [ 141.2068095, 39.0505494 ], [ 141.2078444, 39.0520566 ], [ 141.209702199999981, 39.0531296 ], [ 141.2129798, 39.052854 ], [ 141.2152848, 39.0555987 ], [ 141.214892, 39.056856 ], [ 141.2181903, 39.0587071 ], [ 141.2220299, 39.0593054 ], [ 141.2244866, 39.0580331 ], [ 141.2265899, 39.0597986 ], [ 141.2265899, 39.0612123 ], [ 141.22860129999998, 39.0623145 ], [ 141.231685299999981, 39.0619278 ], [ 141.2366615, 39.0619302 ], [ 141.2375059, 39.0628624 ], [ 141.2398809, 39.0636146 ], [ 141.2399476, 39.0652627 ], [ 141.2414923, 39.0661157 ], [ 141.24326720000002, 39.070676299999988 ], [ 141.249232299999989, 39.0705149 ], [ 141.250585699999988, 39.0713496 ], [ 141.2495322, 39.0742718 ], [ 141.2511839, 39.0745293 ], [ 141.2524186, 39.0767951 ], [ 141.2528307, 39.0815526 ], [ 141.2537807, 39.0824043 ], [ 141.256376, 39.0821759 ], [ 141.2571744, 39.0813243 ], [ 141.260024499999986, 39.0808031 ], [ 141.2622102, 39.0848462 ], [ 141.2651497, 39.0867814 ], [ 141.2674116, 39.087587 ], [ 141.267498, 39.0888145 ], [ 141.269390499999986, 39.0909083 ], [ 141.272961100000032, 39.0914111 ], [ 141.275208599999985, 39.0922955 ], [ 141.277904299999989, 39.0898399 ], [ 141.2819802, 39.0892427 ], [ 141.2835978, 39.0899816 ], [ 141.2872409, 39.0899907 ], [ 141.2886557, 39.0891484 ], [ 141.2888457, 39.0872268 ], [ 141.2909272, 39.086427 ], [ 141.2937167, 39.0863653 ], [ 141.296580399999982, 39.0840047 ], [ 141.304433499999988, 39.0826824 ], [ 141.3088219, 39.0831163 ], [ 141.310378899999989, 39.0825785 ], [ 141.314087799999982, 39.0832199 ], [ 141.313291599999985, 39.086826 ], [ 141.3099761, 39.0917666 ], [ 141.3088124, 39.0922791 ], [ 141.306723399999981, 39.095683 ], [ 141.3057274, 39.0998972 ], [ 141.3030884, 39.1021742 ], [ 141.3032016, 39.1062867 ], [ 141.3044712, 39.1082475 ], [ 141.302683100000024, 39.1098612 ], [ 141.305486699999989, 39.1127167 ], [ 141.3061069, 39.1143873 ], [ 141.305089, 39.1168678 ], [ 141.302078099999989, 39.118837 ], [ 141.3016127, 39.1203257 ], [ 141.303861399999988, 39.120472 ], [ 141.3038166, 39.1221901 ], [ 141.3026312, 39.1242512 ], [ 141.3033901, 39.1258957 ], [ 141.3024393, 39.132076 ], [ 141.3046544, 39.1317418 ], [ 141.3098961, 39.1327037 ], [ 141.3121989, 39.1325473 ], [ 141.3157616, 39.1314997 ], [ 141.319468799999981, 39.1321703 ], [ 141.3242809, 39.1317077 ], [ 141.3269848, 39.132063 ], [ 141.3302926, 39.1339955 ], [ 141.331450599999982, 39.1361747 ], [ 141.3354392, 39.137898 ], [ 141.340474300000011, 39.1387954 ], [ 141.3443862, 39.1344573 ], [ 141.3505128, 39.1309789 ], [ 141.3548912, 39.1309786 ], [ 141.3555874, 39.1314781 ], [ 141.356682799999987, 39.1348064 ], [ 141.3532818, 39.139255899999988 ], [ 141.3530587, 39.1407729 ], [ 141.3542644, 39.1433051 ], [ 141.356229899999988, 39.1461887 ], [ 141.356403299999982, 39.1474731 ], [ 141.36072, 39.1486098 ], [ 141.3647263, 39.1512823 ], [ 141.3668434, 39.150492199999988 ], [ 141.3678151, 39.1494028 ], [ 141.371514099999985, 39.1485689 ], [ 141.3727568, 39.149523 ], [ 141.3747946, 39.1497936 ], [ 141.375871599999982, 39.1515508 ], [ 141.378163799999982, 39.1515271 ], [ 141.380185499999982, 39.152683 ], [ 141.379976, 39.1548624 ], [ 141.3813434, 39.1567744 ], [ 141.383361799999989, 39.1583921 ], [ 141.3826564, 39.1601566 ], [ 141.383364699999987, 39.1617952 ], [ 141.384853, 39.1621219 ], [ 141.3839682, 39.1636038 ], [ 141.3848535, 39.1658566 ], [ 141.3868546, 39.1659855 ], [ 141.3879026, 39.1689761 ], [ 141.388449400000013, 39.1723383 ], [ 141.3875535, 39.17389 ], [ 141.3844575, 39.1768414 ], [ 141.388998599999979, 39.1811186 ], [ 141.389309699999984, 39.1818786 ], [ 141.3860104, 39.1849031 ], [ 141.381978, 39.1864007 ], [ 141.3794844, 39.1858548 ], [ 141.3760724, 39.1864218 ], [ 141.373356199999989, 39.1876004 ], [ 141.373355799999985, 39.1891163 ], [ 141.3769936, 39.1916213 ], [ 141.3836489, 39.193251499999988 ], [ 141.3873173, 39.1928268 ], [ 141.388904, 39.1940437 ], [ 141.3918301, 39.194362 ], [ 141.3925209, 39.1971987 ], [ 141.3974987, 39.2000306 ], [ 141.399857299999979, 39.2000759 ], [ 141.4017015, 39.2011575 ], [ 141.406623699999983, 39.2035892 ], [ 141.405370299999987, 39.2043958 ], [ 141.4029854, 39.209662 ], [ 141.397829299999984, 39.2158457 ], [ 141.389902799999987, 39.227153 ], [ 141.387882099999985, 39.2277247 ], [ 141.3881352, 39.228831899999989 ], [ 141.3859937, 39.2313683 ], [ 141.385579399999983, 39.2341408 ], [ 141.383058799999986, 39.2349953 ], [ 141.381351199999983, 39.2363595 ], [ 141.382004199999983, 39.2393034 ], [ 141.3803002, 39.2418081 ], [ 141.3803638, 39.2433053 ], [ 141.3823027, 39.2449723 ], [ 141.382588800000036, 39.2466473 ], [ 141.379138899999987, 39.2496529 ], [ 141.377551399999987, 39.2497215 ], [ 141.3735337, 39.2525696 ], [ 141.3709117, 39.2531257 ], [ 141.370260299999984, 39.2542974 ], [ 141.3664613, 39.2553077 ], [ 141.3632643, 39.2571811 ], [ 141.358468, 39.258760599999988 ], [ 141.35722819999998, 39.2603642 ], [ 141.356239599999981, 39.2613114 ], [ 141.353000899999984, 39.2629254 ], [ 141.3516114, 39.2623679 ], [ 141.3459527, 39.2632026 ], [ 141.3409931, 39.2642793 ], [ 141.339051399999988, 39.2664624 ], [ 141.3369386, 39.2668172 ], [ 141.334906499999988, 39.2691836 ], [ 141.333492, 39.2719581 ], [ 141.3341202, 39.2750294 ], [ 141.3339521, 39.2768264 ], [ 141.3309437, 39.2776192 ], [ 141.3289278, 39.2791287 ], [ 141.325916299999989, 39.2825001 ], [ 141.3197784, 39.2825268 ], [ 141.3101589, 39.279026 ], [ 141.3083005, 39.2779732 ], [ 141.3041499, 39.276576 ], [ 141.3030163, 39.276788 ], [ 141.302431500000012, 39.2786302 ], [ 141.30310369999998, 39.2803802 ], [ 141.303221399999984, 39.284368 ], [ 141.304189399999984, 39.2857669 ], [ 141.309091599999988, 39.2891527 ], [ 141.3082863, 39.2915027 ], [ 141.306360899999987, 39.2931178 ], [ 141.306340899999981, 39.2941192 ], [ 141.304607799999985, 39.2954509 ], [ 141.3015991, 39.2963492 ], [ 141.301245099999988, 39.2994503 ], [ 141.3032954, 39.3013887 ], [ 141.3012219, 39.3038854 ], [ 141.3006872, 39.3058632 ], [ 141.297799, 39.3071554 ], [ 141.2978354, 39.3091151 ], [ 141.2988114, 39.3119018 ], [ 141.297205, 39.3134907 ], [ 141.2948362, 39.3170952 ], [ 141.2934956, 39.318238 ], [ 141.288383, 39.318619399999989 ], [ 141.286348, 39.3171041 ], [ 141.2835977, 39.3168153 ], [ 141.2828208, 39.3173681 ], [ 141.2785654, 39.3170369 ], [ 141.277416499999987, 39.3162256 ], [ 141.270458099999985, 39.3141798 ], [ 141.267806399999984, 39.3150626 ], [ 141.2648589, 39.3143981 ], [ 141.262376599999982, 39.3130793 ], [ 141.25832459999998, 39.314669 ], [ 141.2572688, 39.3136257 ], [ 141.2524761, 39.3144877 ], [ 141.249148, 39.3147569 ], [ 141.2474722, 39.3125405 ], [ 141.2444122, 39.3115696 ], [ 141.240884599999987, 39.3110741 ], [ 141.239038, 39.3094688 ], [ 141.2393783, 39.3086019 ], [ 141.237383, 39.3064777 ], [ 141.2357161, 39.3029908 ], [ 141.2367567, 39.3007963 ], [ 141.238256, 39.299366 ], [ 141.240523199999984, 39.2987296 ], [ 141.240530799999988, 39.2975924 ], [ 141.23869209999998, 39.2960594 ], [ 141.2375644, 39.2935402 ], [ 141.2408351, 39.2914032 ], [ 141.242609, 39.2912713 ], [ 141.244196, 39.2892859 ], [ 141.244898899999981, 39.2857887 ], [ 141.2466734, 39.285704 ], [ 141.247574499999985, 39.2839778 ], [ 141.250208499999985, 39.2814411 ], [ 141.2491149, 39.2792956 ], [ 141.250469399999986, 39.27724 ], [ 141.2541204, 39.2733094 ], [ 141.253985699999987, 39.2718516 ], [ 141.248398399999985, 39.2699019 ], [ 141.2442259, 39.2691697 ], [ 141.2372564, 39.2666839 ], [ 141.2328977, 39.2661395 ], [ 141.2297931, 39.2665418 ], [ 141.2264581, 39.264726 ], [ 141.225784799999985, 39.2625749 ], [ 141.223618900000019, 39.2617018 ], [ 141.216568199999983, 39.2630305 ], [ 141.2121817, 39.2643431 ], [ 141.2113047, 39.265348599999989 ], [ 141.207828299999989, 39.267001199999989 ], [ 141.2068104, 39.2685595 ], [ 141.20167859999998, 39.2709713 ], [ 141.2003877, 39.2730538 ], [ 141.1969712, 39.2744147 ], [ 141.195521499999984, 39.274125 ], [ 141.1935803, 39.2756003 ], [ 141.191305799999981, 39.2760678 ], [ 141.1892053, 39.2756926 ], [ 141.1875128, 39.2733403 ], [ 141.187836399999981, 39.2718553 ], [ 141.184875299999987, 39.2721559 ], [ 141.1819113, 39.271416 ], [ 141.1800735, 39.2715035 ], [ 141.1776682, 39.2698107 ], [ 141.1748523, 39.2702052 ], [ 141.172777599999989, 39.2686225 ], [ 141.171662, 39.2689886 ], [ 141.1694492, 39.2669992 ], [ 141.16752649999998, 39.2618928 ], [ 141.167868, 39.2606611 ], [ 141.166157699999985, 39.2589417 ], [ 141.166599599999984, 39.2582775 ], [ 141.1661679, 39.2548815 ], [ 141.1615266, 39.2516825 ], [ 141.1600063, 39.2534656 ], [ 141.156227299999983, 39.2548871 ], [ 141.154002, 39.2548312 ], [ 141.150819899999988, 39.2557836 ], [ 141.149418800000035, 39.2548911 ], [ 141.14987, 39.2534838 ], [ 141.1480264, 39.2518849 ], [ 141.1449969, 39.25185 ], [ 141.1417908, 39.2503045 ], [ 141.1424989, 39.2480611 ], [ 141.144974, 39.2437213 ], [ 141.143463199999985, 39.241851 ], [ 141.134300599999989, 39.2401714 ], [ 141.133492, 39.2389597 ], [ 141.1281779, 39.237477 ], [ 141.127545, 39.2386667 ], [ 141.119631199999986, 39.2363291 ], [ 141.119331599999981, 39.2370678 ], [ 141.1155771, 39.2361313 ], [ 141.1114902, 39.2356545 ], [ 141.103821899999986, 39.2311932 ], [ 141.1036533, 39.2298637 ] ] ] ] } },
{ "type": "Feature", "properties": { "hokenjo": "釜石" }, "geometry": { "type": "MultiPolygon", "coordinates": [ [ [ [ 141.9153168, 39.3456217 ], [ 141.915339599999982, 39.3474676 ], [ 141.9132013, 39.3483813 ], [ 141.9130188, 39.3501895 ], [ 141.917067299999985, 39.3517058 ], [ 141.9184439, 39.3528585 ], [ 141.9147376, 39.3548492 ], [ 141.9159674, 39.3560648 ], [ 141.9182473, 39.3546341 ], [ 141.919460099999981, 39.3553721 ], [ 141.9283251, 39.3523617 ], [ 141.9301666, 39.3523492 ], [ 141.9348834, 39.3511356 ], [ 141.9371705, 39.3501768 ], [ 141.939107400000012, 39.3482505 ], [ 141.9410526, 39.3491734 ], [ 141.9423381, 39.3508368 ], [ 141.94579539999998, 39.3503636 ], [ 141.9494995, 39.3525448 ], [ 141.9514757, 39.3529509 ], [ 141.9559166, 39.3556482 ], [ 141.9574357, 39.3559933 ], [ 141.958643099999989, 39.3590966 ], [ 141.9563291, 39.3610986 ], [ 141.9567554, 39.3621788 ], [ 141.9592346, 39.3638969 ], [ 141.9608322, 39.3658014 ], [ 141.964864299999988, 39.3679388 ], [ 141.967654899999985, 39.3745791 ], [ 141.9660164, 39.3752763 ], [ 141.9661399, 39.3772582 ], [ 141.9646737, 39.3784969 ], [ 141.9588804, 39.376319 ], [ 141.9565278, 39.3760194 ], [ 141.956007799999981, 39.3747085 ], [ 141.9524888, 39.371749 ], [ 141.9489187, 39.3711006 ], [ 141.948408299999983, 39.3704342 ], [ 141.9452365, 39.3716896 ], [ 141.943700899999982, 39.373273 ], [ 141.943564399999985, 39.3765126 ], [ 141.9420862, 39.3774698 ], [ 141.941465599999987, 39.3792808 ], [ 141.9394561, 39.3804063 ], [ 141.937991399999987, 39.38363 ], [ 141.937987900000024, 39.3848166 ], [ 141.9396199, 39.3871913 ], [ 141.9427552, 39.3884587 ], [ 141.9446767, 39.3916166 ], [ 141.9464939, 39.3918559 ], [ 141.9459556, 39.3936922 ], [ 141.947869500000024, 39.3940619 ], [ 141.949994799999985, 39.3959968 ], [ 141.9513331, 39.3960442 ], [ 141.952938099999983, 39.3993545 ], [ 141.9497519, 39.4002584 ], [ 141.9469608, 39.4017273 ], [ 141.943628499999988, 39.4027693 ], [ 141.938229, 39.4030799 ], [ 141.9339904, 39.4019655 ], [ 141.9315575, 39.4042944 ], [ 141.931481599999984, 39.4059203 ], [ 141.9295888, 39.4056423 ], [ 141.9254402, 39.4037109 ], [ 141.9226209, 39.4011861 ], [ 141.91627, 39.4003267 ], [ 141.913543900000036, 39.4002045 ], [ 141.9089865, 39.4015209 ], [ 141.906791, 39.4013535 ], [ 141.9056512, 39.4020204 ], [ 141.9025859, 39.4013235 ], [ 141.9011501, 39.4005151 ], [ 141.897190099999989, 39.3993729 ], [ 141.892722599999985, 39.3997666 ], [ 141.8910292, 39.4012533 ], [ 141.8910005, 39.4028672 ], [ 141.886799, 39.4047361 ], [ 141.8839956, 39.4063445 ], [ 141.8827149, 39.4077301 ], [ 141.881641799999983, 39.4103901 ], [ 141.8818819, 39.4126899 ], [ 141.8802364, 39.4133079 ], [ 141.8787437, 39.4160991 ], [ 141.876452, 39.4156197 ], [ 141.8737873, 39.416770299999989 ], [ 141.8730942, 39.4179422 ], [ 141.8693121, 39.4188445 ], [ 141.8657732, 39.420204 ], [ 141.8631749, 39.4241035 ], [ 141.861750199999989, 39.4249563 ], [ 141.860960299999988, 39.4293702 ], [ 141.8598696, 39.4320516 ], [ 141.8611812, 39.4352747 ], [ 141.859285, 39.437127 ], [ 141.8586166, 39.4387709 ], [ 141.8528081, 39.4424601 ], [ 141.8497451, 39.4475816 ], [ 141.8465372, 39.449768899999988 ], [ 141.8432038, 39.4510523 ], [ 141.843001499999986, 39.4531453 ], [ 141.840475, 39.4558487 ], [ 141.8403396, 39.459536299999989 ], [ 141.8366409, 39.4616835 ], [ 141.834407299999981, 39.4617188 ], [ 141.830728, 39.4638833 ], [ 141.8278628, 39.4626005 ], [ 141.8228763, 39.4628642 ], [ 141.8202124, 39.4636456 ], [ 141.817225899999983, 39.4659687 ], [ 141.817065, 39.4672932 ], [ 141.8152708, 39.4687262 ], [ 141.8154874, 39.4705076 ], [ 141.8136935, 39.4725824 ], [ 141.814380199999988, 39.4784086 ], [ 141.81241319999998, 39.4795239 ], [ 141.809836499999989, 39.4817747 ], [ 141.809207800000024, 39.4833086 ], [ 141.807308, 39.4851728 ], [ 141.8068326, 39.4883512 ], [ 141.805852, 39.4898329 ], [ 141.798898, 39.4954396 ], [ 141.7982906, 39.4989741 ], [ 141.793180200000023, 39.502085 ], [ 141.7881657, 39.5042126 ], [ 141.7861859, 39.5045367 ], [ 141.785538699999989, 39.5065306 ], [ 141.7819436, 39.510314 ], [ 141.782006699999982, 39.5142916 ], [ 141.776740599999982, 39.5151447 ], [ 141.7746242, 39.5158502 ], [ 141.770015799999982, 39.5183867 ], [ 141.7653999, 39.5177761 ], [ 141.763257399999986, 39.5192836 ], [ 141.7611934, 39.5231365 ], [ 141.7586211, 39.5257859 ], [ 141.7558358, 39.526014599999989 ], [ 141.7533027, 39.5273143 ], [ 141.7501897, 39.5272366 ], [ 141.748317899999989, 39.5293407 ], [ 141.745605399999988, 39.5286369 ], [ 141.743824, 39.5288047 ], [ 141.741945099999981, 39.5278819 ], [ 141.7402032, 39.5260366 ], [ 141.7400288, 39.5247422 ], [ 141.7385138, 39.5227458 ], [ 141.738645, 39.521149699999988 ], [ 141.739818099999979, 39.5196238 ], [ 141.738842299999988, 39.517678 ], [ 141.7373839, 39.5169638 ], [ 141.7377837, 39.5143841 ], [ 141.736498, 39.5108743 ], [ 141.7328549, 39.5093027 ], [ 141.7295666, 39.5085433 ], [ 141.728253300000034, 39.5074377 ], [ 141.7246466, 39.5071119 ], [ 141.721680099999986, 39.5072677 ], [ 141.7197904, 39.5079236 ], [ 141.715139, 39.5067923 ], [ 141.7120684, 39.5051767 ], [ 141.710318199999989, 39.5037184 ], [ 141.708713499999988, 39.5007406 ], [ 141.7065963, 39.498777 ], [ 141.7058264, 39.4960192 ], [ 141.7049175, 39.4947622 ], [ 141.7038023, 39.4915306 ], [ 141.703293799999983, 39.4884208 ], [ 141.70494, 39.4865944 ], [ 141.704368099999982, 39.4852566 ], [ 141.7052448, 39.483113 ], [ 141.704262299999982, 39.4824413 ], [ 141.702181599999989, 39.4786357 ], [ 141.7050706, 39.4762771 ], [ 141.7082326, 39.4722089 ], [ 141.7085253, 39.4692023 ], [ 141.7115935, 39.4642753 ], [ 141.7148569, 39.462518599999989 ], [ 141.7147934, 39.4579804 ], [ 141.716327399999983, 39.4543657 ], [ 141.7163783, 39.4529637 ], [ 141.719511499999982, 39.4490987 ], [ 141.721783499999987, 39.4473289 ], [ 141.720839100000035, 39.4462725 ], [ 141.720425, 39.4440523 ], [ 141.720547899999985, 39.4394791 ], [ 141.722278599999981, 39.4370333 ], [ 141.7238173, 39.4339613 ], [ 141.723436, 39.4314954 ], [ 141.7199652, 39.4291615 ], [ 141.720538, 39.4275807 ], [ 141.72357359999998, 39.4263617 ], [ 141.7292453, 39.4270948 ], [ 141.7328954, 39.4264778 ], [ 141.736353, 39.4241744 ], [ 141.7418997, 39.4228508 ], [ 141.7425576, 39.4197507 ], [ 141.7464158, 39.4171546 ], [ 141.7444619, 39.4148315 ], [ 141.7423459, 39.4132954 ], [ 141.741573499999987, 39.4111762 ], [ 141.7382651, 39.4095409 ], [ 141.7337009, 39.4088048 ], [ 141.732440699999984, 39.4079679 ], [ 141.728247, 39.4090716 ], [ 141.7242075, 39.4090166 ], [ 141.7230576, 39.4077377 ], [ 141.7198479, 39.4062843 ], [ 141.715367, 39.4072227 ], [ 141.7109538, 39.4090986 ], [ 141.70816050000002, 39.4070089 ], [ 141.7059485, 39.407424399999989 ], [ 141.7043567, 39.4101447 ], [ 141.7007629, 39.40976 ], [ 141.6990456, 39.410987 ], [ 141.692089399999986, 39.4124826 ], [ 141.689430499999986, 39.4114798 ], [ 141.6875302, 39.4097087 ], [ 141.687962199999987, 39.4082751 ], [ 141.6854411, 39.406932 ], [ 141.681493599999982, 39.4060465 ], [ 141.6782231, 39.4058757 ], [ 141.6725614, 39.4041559 ], [ 141.67009360000003, 39.4049954 ], [ 141.6669042, 39.4011626 ], [ 141.6705954, 39.3999267 ], [ 141.671401799999984, 39.3983326 ], [ 141.6689653, 39.3956959 ], [ 141.6656686, 39.3943881 ], [ 141.663447, 39.3920597 ], [ 141.6614581, 39.3910206 ], [ 141.663952599999988, 39.3888261 ], [ 141.661978, 39.3867394 ], [ 141.6634775, 39.3841899 ], [ 141.6635559, 39.3828691 ], [ 141.6620332, 39.3805671 ], [ 141.6625402, 39.377451 ], [ 141.6610111, 39.3764316 ], [ 141.6582616, 39.3758996 ], [ 141.6558164, 39.3737207 ], [ 141.656564, 39.3705287 ], [ 141.65536849999998, 39.3692129 ], [ 141.6557609, 39.3659898 ], [ 141.6568684, 39.3650337 ], [ 141.656184599999989, 39.3622339 ], [ 141.654385499999989, 39.3587931 ], [ 141.6544999, 39.354714099999988 ], [ 141.6577491, 39.3529805 ], [ 141.6582106, 39.3520296 ], [ 141.6607989, 39.3515057 ], [ 141.660244, 39.3502493 ], [ 141.6607635, 39.3480835 ], [ 141.6601474, 39.3463051 ], [ 141.660923199999985, 39.3420593 ], [ 141.660043799999983, 39.3396314 ], [ 141.662614599999984, 39.3350206 ], [ 141.6653714, 39.3323802 ], [ 141.6664437, 39.3290233 ], [ 141.666475, 39.3250287 ], [ 141.663583, 39.3241015 ], [ 141.660938099999981, 39.321486 ], [ 141.663880399999982, 39.3201201 ], [ 141.6664228, 39.3177323 ], [ 141.670625299999983, 39.3176217 ], [ 141.673423499999984, 39.3165631 ], [ 141.6758826, 39.31646 ], [ 141.6810736, 39.3155052 ], [ 141.6839491, 39.3168213 ], [ 141.689142, 39.3160674 ], [ 141.6927556, 39.3162201 ], [ 141.6952077, 39.3145851 ], [ 141.693410299999982, 39.3116576 ], [ 141.6912745, 39.3090903 ], [ 141.6914635, 39.3075623 ], [ 141.6899616, 39.3058925 ], [ 141.6873994, 39.3044536 ], [ 141.685285599999986, 39.3016439 ], [ 141.683522, 39.2985164 ], [ 141.6826447, 39.2952483 ], [ 141.683807, 39.2934966 ], [ 141.6890955, 39.2915638 ], [ 141.690120899999982, 39.2883487 ], [ 141.692428799999988, 39.2862054 ], [ 141.691438399999981, 39.2830423 ], [ 141.6933201, 39.2808314 ], [ 141.694094399999983, 39.2788197 ], [ 141.6969976, 39.2773983 ], [ 141.6981141, 39.2743388 ], [ 141.6993042, 39.2730471 ], [ 141.699268099999983, 39.2712901 ], [ 141.6974528, 39.2667112 ], [ 141.7002756, 39.2651406 ], [ 141.7018329, 39.2652925 ], [ 141.7064605, 39.2644553 ], [ 141.7063776, 39.2609977 ], [ 141.70529639999998, 39.2550938 ], [ 141.705199599999986, 39.2522546 ], [ 141.7046144, 39.2509498 ], [ 141.705484499999983, 39.248202899999988 ], [ 141.7056661, 39.2438092 ], [ 141.708034, 39.2407044 ], [ 141.708784399999985, 39.2388027 ], [ 141.7104867, 39.2370229 ], [ 141.711374399999983, 39.2333923 ], [ 141.70919139999998, 39.2306779 ], [ 141.705759199999989, 39.2286904 ], [ 141.7038182, 39.2255982 ], [ 141.7023331, 39.2214531 ], [ 141.7011296, 39.2196548 ], [ 141.701818, 39.2183334 ], [ 141.7043914, 39.2182436 ], [ 141.7063389, 39.217048 ], [ 141.7119535, 39.2173205 ], [ 141.7145702, 39.2182994 ], [ 141.7162597, 39.2162174 ], [ 141.7170784, 39.2140909 ], [ 141.7185127, 39.2133712 ], [ 141.7213681, 39.2104 ], [ 141.7252656, 39.2057596 ], [ 141.7276841, 39.2042324 ], [ 141.7282625, 39.2032457 ], [ 141.7274918, 39.1992765 ], [ 141.729792799999984, 39.1957217 ], [ 141.7290635, 39.1923225 ], [ 141.730517, 39.1896483 ], [ 141.7306604, 39.1880594 ], [ 141.7343091, 39.1860427 ], [ 141.73560759999998, 39.1835971 ], [ 141.7392432, 39.1826004 ], [ 141.742406599999981, 39.1777083 ], [ 141.744566099999986, 39.1748899 ], [ 141.7464876, 39.1744105 ], [ 141.7512743, 39.1743243 ], [ 141.754123199999981, 39.1761654 ], [ 141.7592621, 39.1780084 ], [ 141.7606896, 39.1776865 ], [ 141.7635893, 39.1787454 ], [ 141.7699558, 39.1788825 ], [ 141.7735161, 39.1794964 ], [ 141.777927799999986, 39.1792505 ], [ 141.781791199999986, 39.1801408 ], [ 141.7850464, 39.1814283 ], [ 141.7907433, 39.1796521 ], [ 141.7929054, 39.1774509 ], [ 141.794632899999982, 39.1770192 ], [ 141.7993449, 39.178365 ], [ 141.8032844, 39.1772883 ], [ 141.804746400000028, 39.1772894 ], [ 141.808220800000015, 39.178743 ], [ 141.811442100000022, 39.1763152 ], [ 141.815603, 39.1762604 ], [ 141.819815799999986, 39.1757693 ], [ 141.823838099999989, 39.1763717 ], [ 141.8249519, 39.1782304 ], [ 141.8275055, 39.1785404 ], [ 141.8295599, 39.1800267 ], [ 141.8341757, 39.1773911 ], [ 141.8382977, 39.1770844 ], [ 141.8431467, 39.1759699 ], [ 141.845548399999984, 39.1758991 ], [ 141.847719, 39.175094 ], [ 141.8536608, 39.1745365 ], [ 141.8555321, 39.1757584 ], [ 141.857372699999985, 39.1758517 ], [ 141.8599994, 39.1747064 ], [ 141.865134899999987, 39.1716199 ], [ 141.8658347, 39.1701949 ], [ 141.8709673, 39.1695418 ], [ 141.8732077, 39.1683471 ], [ 141.875774799999988, 39.1699474 ], [ 141.8803955, 39.1682837 ], [ 141.882034399999981, 39.1686354 ], [ 141.8843828, 39.1676781 ], [ 141.8938278, 39.1694053 ], [ 141.895469099999985, 39.1706492 ], [ 141.8978199, 39.1715351 ], [ 141.899510099999986, 39.1731212 ], [ 141.902786, 39.1737253 ], [ 141.9052714, 39.1755951 ], [ 141.905604399999987, 39.1766662 ], [ 141.910323799999986, 39.1785426 ], [ 141.916415299999983, 39.1785079 ], [ 141.9208822, 39.1822134 ], [ 141.922478899999987, 39.183589 ], [ 141.9223034, 39.18465 ], [ 141.9201426, 39.1858613 ], [ 141.9178219, 39.1855276 ], [ 141.915185899999983, 39.186487299999989 ], [ 141.914143, 39.1852102 ], [ 141.9111591, 39.186144 ], [ 141.9076028, 39.1858147 ], [ 141.9069213, 39.1850519 ], [ 141.90204030000001, 39.1834742 ], [ 141.9005333, 39.1844776 ], [ 141.8977076, 39.1850389 ], [ 141.8965925, 39.1842506 ], [ 141.8945263, 39.1845359 ], [ 141.8950548, 39.1827845 ], [ 141.8934296, 39.1815205 ], [ 141.8897814, 39.1818089 ], [ 141.889258900000016, 39.1839256 ], [ 141.8864446, 39.1853221 ], [ 141.883045899999985, 39.1850768 ], [ 141.8813326, 39.1859509 ], [ 141.88136129999998, 39.1876946 ], [ 141.8804405, 39.1910574 ], [ 141.878751, 39.1908149 ], [ 141.877749099999988, 39.1919821 ], [ 141.873538699999983, 39.1921065 ], [ 141.871780199999989, 39.1912646 ], [ 141.868119399999983, 39.1911641 ], [ 141.8663425, 39.1917706 ], [ 141.865459, 39.1937224 ], [ 141.8691585, 39.196641299999989 ], [ 141.8721821, 39.196951 ], [ 141.869664799999981, 39.2003192 ], [ 141.865959299999986, 39.1998819 ], [ 141.8648805, 39.2018321 ], [ 141.865116, 39.2038165 ], [ 141.866824399999985, 39.2063498 ], [ 141.870657099999988, 39.2070266 ], [ 141.8751839, 39.2057229 ], [ 141.8800646, 39.2033568 ], [ 141.8840803, 39.2018641 ], [ 141.8854586, 39.2022439 ], [ 141.8881949, 39.1986584 ], [ 141.890086699999983, 39.1977595 ], [ 141.893457899999987, 39.1998194 ], [ 141.891741, 39.2019823 ], [ 141.8935631, 39.2041422 ], [ 141.8913799, 39.2050188 ], [ 141.889020599999981, 39.208708 ], [ 141.8934476, 39.2084162 ], [ 141.8953046, 39.209198799999989 ], [ 141.897096399999981, 39.2075634 ], [ 141.8986515, 39.2076654 ], [ 141.898711599999984, 39.2058661 ], [ 141.900834799999984, 39.2066321 ], [ 141.9023384, 39.2047914 ], [ 141.904472400000031, 39.2050524 ], [ 141.904885399999984, 39.207057 ], [ 141.909368699999987, 39.2079193 ], [ 141.9092345, 39.2089973 ], [ 141.913000899999986, 39.2104134 ], [ 141.9136512, 39.2120261 ], [ 141.916183599999982, 39.2136633 ], [ 141.920663499999989, 39.2154662 ], [ 141.9253146, 39.2152448 ], [ 141.927497099999982, 39.2154875 ], [ 141.9281514, 39.2177373 ], [ 141.925589299999984, 39.2198828 ], [ 141.923224799999986, 39.2205578 ], [ 141.9251026, 39.2226618 ], [ 141.927208399999984, 39.2216481 ], [ 141.9339802, 39.2229707 ], [ 141.9355348, 39.2219844 ], [ 141.9368847, 39.2237461 ], [ 141.9388659, 39.2232161 ], [ 141.9425881, 39.2182787 ], [ 141.946349199999986, 39.217623499999988 ], [ 141.948509799999982, 39.2178125 ], [ 141.948926299999982, 39.2193052 ], [ 141.951960899999989, 39.2213249 ], [ 141.954407299999986, 39.2223531 ], [ 141.9541222, 39.2244831 ], [ 141.951150899999988, 39.2249059 ], [ 141.94933709999998, 39.227658 ], [ 141.94959609999998, 39.2297623 ], [ 141.949574, 39.2358214 ], [ 141.945544499999983, 39.2371033 ], [ 141.943833399999988, 39.2384124 ], [ 141.9451828, 39.2402224 ], [ 141.944919199999987, 39.2424474 ], [ 141.9475364, 39.2425777 ], [ 141.9488105, 39.241677 ], [ 141.9507504, 39.2439983 ], [ 141.95410769999998, 39.244771 ], [ 141.9550031, 39.2442115 ], [ 141.9587216, 39.2446364 ], [ 141.958779599999986, 39.2458552 ], [ 141.960517899999985, 39.2474168 ], [ 141.961881799999986, 39.2462441 ], [ 141.964258, 39.2471937 ], [ 141.965646, 39.245485699999989 ], [ 141.9669772, 39.245825 ], [ 141.9675782, 39.2476373 ], [ 141.970823599999989, 39.247518 ], [ 141.9707497, 39.2505793 ], [ 141.9693421, 39.2514666 ], [ 141.967602699999986, 39.2505801 ], [ 141.9662606, 39.250956099999989 ], [ 141.9600202, 39.2510373 ], [ 141.9568003, 39.2488623 ], [ 141.954257899999988, 39.2492361 ], [ 141.9478887, 39.2480429 ], [ 141.9461114, 39.2470055 ], [ 141.94449179999998, 39.2475998 ], [ 141.9421652, 39.2463915 ], [ 141.9405918, 39.2481726 ], [ 141.938243, 39.2481907 ], [ 141.939045099999987, 39.2455238 ], [ 141.938704199999989, 39.2440043 ], [ 141.9362138, 39.2443663 ], [ 141.9334838, 39.241967 ], [ 141.9315771, 39.2426371 ], [ 141.9308294, 39.2454548 ], [ 141.9283628, 39.2462238 ], [ 141.9253937, 39.2427607 ], [ 141.9243975, 39.238711699999989 ], [ 141.920250399999986, 39.237923 ], [ 141.916981199999981, 39.240594 ], [ 141.915602, 39.2395539 ], [ 141.9133101, 39.2407651 ], [ 141.9136385, 39.2452135 ], [ 141.9150498, 39.2464051 ], [ 141.91275539999998, 39.2480201 ], [ 141.907869799999986, 39.2467679 ], [ 141.9066043, 39.2475141 ], [ 141.9066642, 39.2493575 ], [ 141.902204499999982, 39.2494631 ], [ 141.9014276, 39.2481238 ], [ 141.8992935, 39.2479601 ], [ 141.897605299999981, 39.2487622 ], [ 141.894478, 39.2476223 ], [ 141.892578, 39.2463645 ], [ 141.889268, 39.2485052 ], [ 141.894012, 39.2488844 ], [ 141.9027123, 39.2528675 ], [ 141.9007584, 39.2556433 ], [ 141.903078, 39.2566918 ], [ 141.9013948, 39.2579715 ], [ 141.8989427, 39.2581555 ], [ 141.899641799999984, 39.259998 ], [ 141.8993609, 39.2617072 ], [ 141.8965526, 39.2633118 ], [ 141.8961792, 39.2654324 ], [ 141.8976041, 39.2663 ], [ 141.8921216, 39.2680416 ], [ 141.890664099999981, 39.2677106 ], [ 141.8868019, 39.26861 ], [ 141.8861843, 39.2698661 ], [ 141.8882017, 39.2731898 ], [ 141.8911124, 39.2741235 ], [ 141.894963700000034, 39.2717726 ], [ 141.897346199999987, 39.2716382 ], [ 141.90120349999998, 39.2724267 ], [ 141.9034312, 39.2717206 ], [ 141.9062624, 39.2715385 ], [ 141.9103953, 39.2686318 ], [ 141.911323, 39.2670302 ], [ 141.913660400000026, 39.2673593 ], [ 141.914157099999983, 39.2706196 ], [ 141.916178, 39.271239199999989 ], [ 141.9163259, 39.2692218 ], [ 141.9172185, 39.2673784 ], [ 141.9194072, 39.2677148 ], [ 141.9204288, 39.2687502 ], [ 141.9244568, 39.2663558 ], [ 141.9277176, 39.2669939 ], [ 141.9293286, 39.2700677 ], [ 141.9293356, 39.2714631 ], [ 141.926922400000024, 39.271802 ], [ 141.9257524, 39.2742511 ], [ 141.925647199999986, 39.2769969 ], [ 141.9214696, 39.2800036 ], [ 141.9239028, 39.280542 ], [ 141.926853599999987, 39.2818087 ], [ 141.9258259, 39.2834954 ], [ 141.9257929, 39.2854396 ], [ 141.920988099999988, 39.2862531 ], [ 141.916929, 39.2856466 ], [ 141.9149783, 39.2893395 ], [ 141.91232, 39.289927 ], [ 141.9106448, 39.2888896 ], [ 141.908053199999983, 39.2906921 ], [ 141.905062499999985, 39.2909564 ], [ 141.9043402, 39.2927096 ], [ 141.9062869, 39.2931769 ], [ 141.9079759, 39.2949365 ], [ 141.905977799999988, 39.2973857 ], [ 141.9032259, 39.297823 ], [ 141.901794099999989, 39.2988013 ], [ 141.900346, 39.2985948 ], [ 141.897792899999985, 39.2995564 ], [ 141.89712, 39.2989085 ], [ 141.894686399999983, 39.299408 ], [ 141.8933111, 39.3009673 ], [ 141.88882049999998, 39.3005651 ], [ 141.886877199999986, 39.302045 ], [ 141.887208, 39.3032285 ], [ 141.8896632, 39.3049298 ], [ 141.8906557, 39.3077594 ], [ 141.894572899999986, 39.3057386 ], [ 141.8966108, 39.3052434 ], [ 141.9008505, 39.3075727 ], [ 141.90240559999998, 39.3073793 ], [ 141.903489899999983, 39.308818 ], [ 141.9057537, 39.3093253 ], [ 141.9082515, 39.3086669 ], [ 141.9076517, 39.307267599999989 ], [ 141.9085331, 39.3054271 ], [ 141.911550299999988, 39.3056508 ], [ 141.913425599999982, 39.3047076 ], [ 141.9153493, 39.3060842 ], [ 141.9168129, 39.3037017 ], [ 141.9201127, 39.3079739 ], [ 141.9222308, 39.3100218 ], [ 141.9290025, 39.3094864 ], [ 141.9312698, 39.3101574 ], [ 141.933974299999988, 39.3098669 ], [ 141.936153, 39.3081237 ], [ 141.9406462, 39.3095566 ], [ 141.9409085, 39.3121831 ], [ 141.9416855, 39.3130468 ], [ 141.9452838, 39.3139482 ], [ 141.9453791, 39.3159261 ], [ 141.9499668, 39.3147001 ], [ 141.952850899999987, 39.3134229 ], [ 141.9561352, 39.3140818 ], [ 141.9562253, 39.3161435 ], [ 141.958881, 39.3166493 ], [ 141.964047, 39.314939 ], [ 141.964429599999988, 39.3143182 ], [ 141.9702428, 39.3129884 ], [ 141.971504399999986, 39.3156315 ], [ 141.9713676, 39.3174768 ], [ 141.9744634, 39.3190165 ], [ 141.976544599999983, 39.3189121 ], [ 141.977091299999984, 39.3207632 ], [ 141.976591700000029, 39.3223267 ], [ 141.973846899999984, 39.3245463 ], [ 141.9750228, 39.3257597 ], [ 141.9749516, 39.3272673 ], [ 141.978078, 39.3294401 ], [ 141.980057099999982, 39.3319881 ], [ 141.978996199999983, 39.3333472 ], [ 141.9806126, 39.3343379 ], [ 141.98255, 39.3390041 ], [ 141.985665600000033, 39.3398566 ], [ 141.9896518, 39.3432208 ], [ 141.989951499999989, 39.3446071 ], [ 141.9921915, 39.3466791 ], [ 141.993313799999981, 39.3465054 ], [ 141.9963357, 39.3492585 ], [ 141.9948569, 39.35079 ], [ 141.9904343, 39.3488928 ], [ 141.9888774, 39.3492306 ], [ 141.987108, 39.347818 ], [ 141.9842573, 39.3477447 ], [ 141.9819722, 39.3461649 ], [ 141.979509, 39.3437765 ], [ 141.979676399999988, 39.3430491 ], [ 141.9779254, 39.3402558 ], [ 141.978012799999988, 39.3394481 ], [ 141.9758961, 39.3374335 ], [ 141.9718493, 39.3375686 ], [ 141.969709199999983, 39.3357541 ], [ 141.968199699999985, 39.3372143 ], [ 141.9660613, 39.3368438 ], [ 141.962486899999988, 39.3371297 ], [ 141.959487599999989, 39.3363655 ], [ 141.9580111, 39.3374294 ], [ 141.9597837, 39.3397724 ], [ 141.955784599999987, 39.3403607 ], [ 141.9520823, 39.3375881 ], [ 141.951839399999983, 39.3356053 ], [ 141.9503881, 39.3351265 ], [ 141.9484593, 39.3363557 ], [ 141.947080699999987, 39.3344046 ], [ 141.9448683, 39.3328931 ], [ 141.945453500000013, 39.3303307 ], [ 141.9444746, 39.3296126 ], [ 141.9394078, 39.3288728 ], [ 141.936622400000033, 39.3301279 ], [ 141.934723099999985, 39.3301156 ], [ 141.933368799999982, 39.3322081 ], [ 141.9305521, 39.3316579 ], [ 141.925142199999982, 39.3329955 ], [ 141.9233128, 39.33277 ], [ 141.9210496, 39.3309114 ], [ 141.9189998, 39.3299236 ], [ 141.919054099999983, 39.328437 ], [ 141.9164753, 39.3266508 ], [ 141.9163618, 39.3242811 ], [ 141.9122719, 39.3243468 ], [ 141.9124531, 39.3255894 ], [ 141.910998799999987, 39.3286575 ], [ 141.9084762, 39.3270592 ], [ 141.906408, 39.3272895 ], [ 141.9050373, 39.325934 ], [ 141.9025824, 39.327086 ], [ 141.8998676, 39.3311167 ], [ 141.8961067, 39.332133 ], [ 141.8970974, 39.3332402 ], [ 141.896862299999981, 39.3355389 ], [ 141.8977361, 39.3383227 ], [ 141.8996588, 39.3384807 ], [ 141.900098899999989, 39.3395052 ], [ 141.902389699999986, 39.3403459 ], [ 141.9064319, 39.3407241 ], [ 141.9089783, 39.3438195 ], [ 141.9125468, 39.344568 ], [ 141.9153168, 39.3456217 ] ] ], [ [ [ 141.9837952, 39.3074765 ], [ 141.981614399999984, 39.3089338 ], [ 141.9790812, 39.3071559 ], [ 141.9776128, 39.3077949 ], [ 141.976375, 39.3064189 ], [ 141.9787498, 39.3046684 ], [ 141.981376399999988, 39.305461799999989 ], [ 141.9841403, 39.3029447 ], [ 141.984536, 39.3046703 ], [ 141.9874653, 39.3051591 ], [ 141.986222199999986, 39.3072043 ], [ 141.9837952, 39.3074765 ] ] ] ] } },
{ "type": "Feature", "properties": { "hokenjo": "久慈" }, "geometry": { "type": "MultiPolygon", "coordinates": [ [ [ [ 141.856424299999986, 40.054005 ], [ 141.85492739999998, 40.0555937 ], [ 141.851525899999984, 40.0553604 ], [ 141.8500455, 40.0567922 ], [ 141.8485277, 40.0606709 ], [ 141.845634499999989, 40.0620527 ], [ 141.8452653, 40.0637311 ], [ 141.843273, 40.0653391 ], [ 141.8425198, 40.0672096 ], [ 141.8389253, 40.0697924 ], [ 141.8331557, 40.0747876 ], [ 141.8326266, 40.0770778 ], [ 141.8328866, 40.0794127 ], [ 141.8294148, 40.0833473 ], [ 141.828727499999985, 40.0864269 ], [ 141.829231099999987, 40.089278 ], [ 141.8310994, 40.0915491 ], [ 141.8304296, 40.0932473 ], [ 141.827041799999989, 40.0964303 ], [ 141.8256546, 40.1013352 ], [ 141.8266233, 40.1068216 ], [ 141.8289002, 40.1133309 ], [ 141.8338609, 40.1161747 ], [ 141.835787899999985, 40.1185885 ], [ 141.835053599999981, 40.1196586 ], [ 141.8350738, 40.1217491 ], [ 141.8368729, 40.1246333 ], [ 141.840784, 40.129287 ], [ 141.842672, 40.130661 ], [ 141.8453485, 40.1330952 ], [ 141.8487015, 40.1347767 ], [ 141.8493557, 40.1339825 ], [ 141.8517276, 40.1343269 ], [ 141.8564341, 40.1328885 ], [ 141.857136200000014, 40.1320223 ], [ 141.8627879, 40.132022 ], [ 141.8672105, 40.1343976 ], [ 141.8704688, 40.1346185 ], [ 141.871866399999988, 40.1356447 ], [ 141.8739315, 40.1402604 ], [ 141.8758463, 40.1434634 ], [ 141.873278, 40.1445837 ], [ 141.8705894, 40.1484629 ], [ 141.869411, 40.1521348 ], [ 141.868041299999987, 40.1523343 ], [ 141.86456579999998, 40.1550698 ], [ 141.8646425, 40.1566945 ], [ 141.8622648, 40.1581641 ], [ 141.8623356, 40.1607534 ], [ 141.860090099999979, 40.1615469 ], [ 141.860126799999989, 40.1639972 ], [ 141.8550789, 40.1665807 ], [ 141.8525615, 40.168638 ], [ 141.846633199999985, 40.1685046 ], [ 141.846252199999981, 40.170327 ], [ 141.840844799999985, 40.1724967 ], [ 141.8360462, 40.1756875 ], [ 141.8346515, 40.1775624 ], [ 141.83262209999998, 40.1778847 ], [ 141.831287300000014, 40.1790203 ], [ 141.8286637, 40.17869 ], [ 141.8233482, 40.1803454 ], [ 141.8186255, 40.1792863 ], [ 141.814850299999989, 40.1815354 ], [ 141.815341099999983, 40.1825581 ], [ 141.8103832, 40.1831286 ], [ 141.8073082, 40.1828124 ], [ 141.806685099999982, 40.183496 ], [ 141.8036846, 40.1829914 ], [ 141.8016466, 40.1842187 ], [ 141.798512, 40.1897798 ], [ 141.794397, 40.1902562 ], [ 141.793603499999989, 40.1950298 ], [ 141.795711, 40.1951548 ], [ 141.7958846, 40.1934008 ], [ 141.7971938, 40.1915445 ], [ 141.8004641, 40.1905438 ], [ 141.8032293, 40.1938219 ], [ 141.801587399999988, 40.1945174 ], [ 141.801641499999988, 40.1972202 ], [ 141.805689, 40.1971731 ], [ 141.8057168, 40.1989777 ], [ 141.800844, 40.1990315 ], [ 141.799722, 40.1987122 ], [ 141.798659499999985, 40.2017001 ], [ 141.799273699999986, 40.2046764 ], [ 141.8011425, 40.208980499999988 ], [ 141.8045181, 40.211221 ], [ 141.807454299999989, 40.2153706 ], [ 141.812574399999988, 40.212239 ], [ 141.814407099999983, 40.2140001 ], [ 141.8112004, 40.2159677 ], [ 141.8141335, 40.2187807 ], [ 141.8155065, 40.217935 ], [ 141.819572599999987, 40.2214155 ], [ 141.8272226, 40.2202501 ], [ 141.8308088, 40.220875 ], [ 141.8329732, 40.2196972 ], [ 141.8336151, 40.221085 ], [ 141.831527, 40.2217426 ], [ 141.8313909, 40.2246287 ], [ 141.8301859, 40.2279581 ], [ 141.8313435, 40.2291532 ], [ 141.830648199999985, 40.2307764 ], [ 141.8321072, 40.2337907 ], [ 141.8297105, 40.2380858 ], [ 141.829489699999982, 40.2394278 ], [ 141.827278, 40.2407204 ], [ 141.82649619999998, 40.243405 ], [ 141.8246981, 40.2452029 ], [ 141.8226995, 40.2460893 ], [ 141.824210099999988, 40.2504059 ], [ 141.821111699999989, 40.2535327 ], [ 141.818714299999982, 40.2595687 ], [ 141.820298200000025, 40.2626852 ], [ 141.8172783, 40.2651848 ], [ 141.815934299999981, 40.2693702 ], [ 141.816129499999988, 40.2717967 ], [ 141.8119844, 40.2749538 ], [ 141.81064, 40.2777473 ], [ 141.8091125, 40.2784033 ], [ 141.8080788, 40.2812899 ], [ 141.805464, 40.2836283 ], [ 141.8061439, 40.2842072 ], [ 141.804496799999981, 40.2860705 ], [ 141.80263069999998, 40.2866838 ], [ 141.8015402, 40.2882335 ], [ 141.798878799999983, 40.290216 ], [ 141.799213899999984, 40.291406 ], [ 141.7977874, 40.2936585 ], [ 141.794334099999986, 40.2958289 ], [ 141.7954186, 40.2967488 ], [ 141.7931475, 40.2998573 ], [ 141.7912373, 40.3011472 ], [ 141.790697599999987, 40.3033625 ], [ 141.7895796, 40.3042449 ], [ 141.7892333, 40.3062331 ], [ 141.788163, 40.3072985 ], [ 141.7883773, 40.3090662 ], [ 141.7849746, 40.3117117 ], [ 141.7857722, 40.3142754 ], [ 141.7832549, 40.3157664 ], [ 141.780132, 40.3165137 ], [ 141.7798388, 40.3186973 ], [ 141.7771477, 40.3189725 ], [ 141.77511149999998, 40.3203806 ], [ 141.773659, 40.3236195 ], [ 141.773935699999981, 40.3263617 ], [ 141.771551099999982, 40.3308519 ], [ 141.7706852, 40.3335558 ], [ 141.7710529, 40.3352616 ], [ 141.770339299999989, 40.3366149 ], [ 141.7705913, 40.3397025 ], [ 141.7719439, 40.342841 ], [ 141.7714128, 40.3453436 ], [ 141.7695273, 40.3456227 ], [ 141.768542, 40.3466431 ], [ 141.7668808, 40.3457618 ], [ 141.7641754, 40.3471369 ], [ 141.763954, 40.3488992 ], [ 141.7655739, 40.3492629 ], [ 141.7643516, 40.3509343 ], [ 141.759144099999986, 40.3531725 ], [ 141.757462, 40.353218 ], [ 141.7544389, 40.3555298 ], [ 141.753391099999988, 40.357285 ], [ 141.7530984, 40.3597923 ], [ 141.7551284, 40.3640818 ], [ 141.7551024, 40.367893 ], [ 141.7514152, 40.3711225 ], [ 141.7508895, 40.3726618 ], [ 141.746764, 40.3765588 ], [ 141.7412124, 40.3791278 ], [ 141.7401371, 40.380480899999988 ], [ 141.7401854, 40.3819455 ], [ 141.7386105, 40.3838209 ], [ 141.7369479, 40.3845898 ], [ 141.733359, 40.3851181 ], [ 141.7302589, 40.3875691 ], [ 141.72780880000002, 40.391263 ], [ 141.7280654, 40.3927639 ], [ 141.7240246, 40.3964494 ], [ 141.723221099999989, 40.3980101 ], [ 141.7212824, 40.3983127 ], [ 141.720568499999985, 40.4000933 ], [ 141.721184199999982, 40.4038086 ], [ 141.7203045, 40.4044737 ], [ 141.7206031, 40.4084614 ], [ 141.718216399999989, 40.412922 ], [ 141.7149613, 40.4180645 ], [ 141.713335, 40.419949 ], [ 141.7095321, 40.4214886 ], [ 141.7062877, 40.4217158 ], [ 141.704613099999989, 40.4228612 ], [ 141.7024227, 40.4264042 ], [ 141.701463099999984, 40.429832 ], [ 141.7014773, 40.431643199999989 ], [ 141.699429, 40.4329499 ], [ 141.696572299999985, 40.4334569 ], [ 141.6939908, 40.4350009 ], [ 141.692488199999985, 40.43742 ], [ 141.6908932, 40.4388033 ], [ 141.6885754, 40.4417723 ], [ 141.688767399999989, 40.4440754 ], [ 141.6853937, 40.446742 ], [ 141.682590799999986, 40.4502556 ], [ 141.68010959999998, 40.4493344 ], [ 141.6778104, 40.449418 ], [ 141.6760318, 40.4485352 ], [ 141.675762099999986, 40.4470438 ], [ 141.674209, 40.4464155 ], [ 141.6745171, 40.4432652 ], [ 141.6725993, 40.4421988 ], [ 141.670934599999981, 40.4397185 ], [ 141.6699466, 40.4372443 ], [ 141.6675694, 40.435814 ], [ 141.663713, 40.4348218 ], [ 141.661023799999981, 40.433652099999989 ], [ 141.659970499999986, 40.4311751 ], [ 141.6557516, 40.4297093 ], [ 141.654955299999983, 40.4285881 ], [ 141.652356699999984, 40.427653899999989 ], [ 141.6470967, 40.4282851 ], [ 141.63935010000003, 40.4228728 ], [ 141.637535899999989, 40.4226794 ], [ 141.631335899999982, 40.4202539 ], [ 141.6273909, 40.4206272 ], [ 141.6193518, 40.420795 ], [ 141.615989899999988, 40.4201447 ], [ 141.614559, 40.4192831 ], [ 141.6125513, 40.4154408 ], [ 141.609453799999983, 40.4151883 ], [ 141.605784700000015, 40.4138603 ], [ 141.604314099999982, 40.4143719 ], [ 141.601360799999981, 40.4140672 ], [ 141.5951244, 40.4121333 ], [ 141.5936328, 40.4104247 ], [ 141.5897042, 40.4069149 ], [ 141.5869218, 40.4069608 ], [ 141.585692, 40.404778 ], [ 141.5858404, 40.4028044 ], [ 141.5850585, 40.4011357 ], [ 141.581239899999986, 40.3984263 ], [ 141.5815019, 40.3939129 ], [ 141.5810908, 40.3920023 ], [ 141.5830394, 40.3912617 ], [ 141.584569099999982, 40.389547 ], [ 141.5827358, 40.3851411 ], [ 141.583806399999986, 40.3826658 ], [ 141.5867594, 40.3807081 ], [ 141.5856095, 40.37834 ], [ 141.5811267, 40.3763697 ], [ 141.58135009999998, 40.3738374 ], [ 141.5818784, 40.3717377 ], [ 141.5831067, 40.3707616 ], [ 141.583854799999983, 40.3683346 ], [ 141.5850318, 40.3676118 ], [ 141.5870282, 40.3679821 ], [ 141.588469600000025, 40.3653279 ], [ 141.589823199999984, 40.3645907 ], [ 141.5895971, 40.3611431 ], [ 141.5934696, 40.3613081 ], [ 141.5986618, 40.3610942 ], [ 141.599464899999987, 40.35914 ], [ 141.6020662, 40.3585544 ], [ 141.605306499999983, 40.3565436 ], [ 141.609404, 40.3559949 ], [ 141.607792599999982, 40.3545716 ], [ 141.60755039999998, 40.3532735 ], [ 141.604019599999987, 40.3521491 ], [ 141.6013188, 40.3523008 ], [ 141.600071, 40.3503169 ], [ 141.6019791, 40.3497044 ], [ 141.6023036, 40.3478752 ], [ 141.599646899999982, 40.344364 ], [ 141.5963997, 40.3431699 ], [ 141.5959781, 40.3444443 ], [ 141.5937175, 40.3441629 ], [ 141.5926111, 40.3424949 ], [ 141.590464699999984, 40.3424235 ], [ 141.590755, 40.3444274 ], [ 141.588756099999983, 40.3438774 ], [ 141.585169, 40.3410743 ], [ 141.586515599999984, 40.3399904 ], [ 141.5835462, 40.3386149 ], [ 141.5816771, 40.3360757 ], [ 141.584353199999981, 40.335089 ], [ 141.5875676, 40.3349854 ], [ 141.581353299999989, 40.3299706 ], [ 141.583470799999986, 40.3253395 ], [ 141.5824639, 40.3244347 ], [ 141.5750703, 40.3241353 ], [ 141.5735756, 40.3235592 ], [ 141.5726573, 40.32187 ], [ 141.5706648, 40.3207945 ], [ 141.5706432, 40.318782 ], [ 141.5716712, 40.3162008 ], [ 141.5731701, 40.3157333 ], [ 141.574999599999984, 40.3137502 ], [ 141.5772146, 40.3125249 ], [ 141.581226, 40.3120363 ], [ 141.583731, 40.3113249 ], [ 141.5782763, 40.3067813 ], [ 141.5768364, 40.303354 ], [ 141.577617299999986, 40.300027299999989 ], [ 141.5791276, 40.2981706 ], [ 141.5812712, 40.2967264 ], [ 141.5841067, 40.2967181 ], [ 141.588260599999984, 40.2955017 ], [ 141.589892, 40.2935772 ], [ 141.588552599999986, 40.2915606 ], [ 141.5866015, 40.2905372 ], [ 141.587228499999981, 40.2876444 ], [ 141.586371, 40.2868403 ], [ 141.583888, 40.2864822 ], [ 141.5818227, 40.2841411 ], [ 141.581904399999985, 40.2827177 ], [ 141.5836519, 40.2813874 ], [ 141.5854922, 40.2777955 ], [ 141.5868939, 40.2765029 ], [ 141.590322499999985, 40.2763641 ], [ 141.5943336, 40.2748229 ], [ 141.5961026, 40.2734293 ], [ 141.599279199999984, 40.2726084 ], [ 141.5998059, 40.270738699999988 ], [ 141.6029718, 40.2700484 ], [ 141.6042512, 40.2707979 ], [ 141.608179799999988, 40.2694551 ], [ 141.610477299999985, 40.2702551 ], [ 141.611460099999988, 40.2694298 ], [ 141.611125099999981, 40.2646547 ], [ 141.6095599, 40.2632903 ], [ 141.6112355, 40.2609367 ], [ 141.6119941, 40.2589533 ], [ 141.6116697, 40.2575975 ], [ 141.6125878, 40.2557322 ], [ 141.611422799999986, 40.2543511 ], [ 141.6122201, 40.2527522 ], [ 141.610755399999988, 40.2503363 ], [ 141.6116437, 40.2471213 ], [ 141.610961, 40.2445933 ], [ 141.6059641, 40.2420355 ], [ 141.6003719, 40.2424727 ], [ 141.5968178, 40.2438044 ], [ 141.5924578, 40.2436633 ], [ 141.591085599999985, 40.2425822 ], [ 141.588450599999987, 40.2422499 ], [ 141.5833087, 40.2403536 ], [ 141.581683699999985, 40.2377621 ], [ 141.5834232, 40.2369852 ], [ 141.5853835, 40.2350124 ], [ 141.584260199999989, 40.2329479 ], [ 141.581449099999986, 40.2322157 ], [ 141.5784619, 40.2328407 ], [ 141.575374399999987, 40.2285365 ], [ 141.572942499999982, 40.2284765 ], [ 141.5699991, 40.2309935 ], [ 141.5663367, 40.2316074 ], [ 141.5646342, 40.2300643 ], [ 141.562455, 40.2302143 ], [ 141.558608099999987, 40.2312807 ], [ 141.5566883, 40.2334019 ], [ 141.5527203, 40.2326571 ], [ 141.55110670000002, 40.2336427 ], [ 141.5471875, 40.2328458 ], [ 141.5465045, 40.2310883 ], [ 141.5445023, 40.2306157 ], [ 141.5430115, 40.2294671 ], [ 141.539126499999981, 40.2298383 ], [ 141.5367143, 40.2279974 ], [ 141.5335507, 40.2274794 ], [ 141.5323323, 40.2286841 ], [ 141.5279329, 40.2312738 ], [ 141.5263453, 40.2333153 ], [ 141.5239281, 40.2336336 ], [ 141.5227314, 40.2347033 ], [ 141.5210143, 40.2335942 ], [ 141.520772, 40.2318766 ], [ 141.5191868, 40.2303677 ], [ 141.5181227, 40.2279972 ], [ 141.5186219, 40.2256771 ], [ 141.51719079999998, 40.2234533 ], [ 141.5163983, 40.2208349 ], [ 141.51242019999998, 40.2221071 ], [ 141.50708419999998, 40.2212344 ], [ 141.50693, 40.2194435 ], [ 141.5024823, 40.2163521 ], [ 141.5045279, 40.2150396 ], [ 141.502211, 40.211054 ], [ 141.5023285, 40.2096798 ], [ 141.499503, 40.2092237 ], [ 141.4946277, 40.2075845 ], [ 141.4916886, 40.2061981 ], [ 141.492662199999984, 40.2038026 ], [ 141.4918422, 40.201948099999989 ], [ 141.493108899999982, 40.2014837 ], [ 141.4943307, 40.1977167 ], [ 141.4951604, 40.1966925 ], [ 141.492920199999986, 40.1947467 ], [ 141.493136599999985, 40.1930569 ], [ 141.490422699999982, 40.1930497 ], [ 141.488353599999982, 40.1913011 ], [ 141.4856352, 40.191323 ], [ 141.482340199999982, 40.1891944 ], [ 141.4851036, 40.1861549 ], [ 141.484990899999985, 40.184681 ], [ 141.486312, 40.1835877 ], [ 141.4861723, 40.1820369 ], [ 141.4875743, 40.1790304 ], [ 141.484266, 40.174839 ], [ 141.4825305, 40.1740382 ], [ 141.481507199999982, 40.1713682 ], [ 141.4797131, 40.1704976 ], [ 141.4790339, 40.1681301 ], [ 141.480118899999979, 40.1663059 ], [ 141.4808993, 40.1632234 ], [ 141.4783976, 40.161436699999989 ], [ 141.477341, 40.1600728 ], [ 141.4783894, 40.158287799999989 ], [ 141.478023, 40.1570884 ], [ 141.475765199999984, 40.1549431 ], [ 141.4751272, 40.1533608 ], [ 141.4758386, 40.1504328 ], [ 141.4735662, 40.1468236 ], [ 141.471784, 40.1450316 ], [ 141.4704141, 40.1425666 ], [ 141.4690726, 40.1432255 ], [ 141.465919, 40.1430286 ], [ 141.464072900000019, 40.1413783 ], [ 141.4634352, 40.1380113 ], [ 141.460935299999989, 40.1346496 ], [ 141.457255299999986, 40.1360796 ], [ 141.4564342, 40.1342777 ], [ 141.456999199999984, 40.1320652 ], [ 141.4586926, 40.1292046 ], [ 141.460635699999983, 40.123084 ], [ 141.4606502, 40.1218509 ], [ 141.462234699999982, 40.1190709 ], [ 141.4621386, 40.116879 ], [ 141.4644557, 40.1117889 ], [ 141.4653721, 40.1087034 ], [ 141.4671241, 40.1062539 ], [ 141.4693163, 40.1057025 ], [ 141.473590799999982, 40.1063808 ], [ 141.4760533, 40.1062261 ], [ 141.4802905, 40.1038272 ], [ 141.483743299999986, 40.1025719 ], [ 141.4836412, 40.0989852 ], [ 141.4830756, 40.0968647 ], [ 141.485965199999981, 40.0930446 ], [ 141.4864344, 40.0912541 ], [ 141.4856355, 40.0893002 ], [ 141.4864747, 40.0872496 ], [ 141.490266099999985, 40.0869296 ], [ 141.4934098, 40.0839454 ], [ 141.4964487, 40.0828112 ], [ 141.4965909, 40.0794837 ], [ 141.4980243, 40.077917 ], [ 141.5022152, 40.0776104 ], [ 141.504455399999983, 40.0793923 ], [ 141.5063523, 40.0799062 ], [ 141.5083904, 40.0788945 ], [ 141.5129887, 40.0797276 ], [ 141.5155215, 40.0813095 ], [ 141.517711, 40.0793956 ], [ 141.5198638, 40.0761634 ], [ 141.5215408, 40.0752511 ], [ 141.5231585, 40.0754653 ], [ 141.525172199999986, 40.0742547 ], [ 141.5254286, 40.0708253 ], [ 141.5262195, 40.0687814 ], [ 141.524652799999984, 40.0678577 ], [ 141.5259557, 40.0648008 ], [ 141.5255832, 40.0617594 ], [ 141.5262055, 40.0602785 ], [ 141.5250049, 40.0589099 ], [ 141.5251442, 40.0562749 ], [ 141.527794699999987, 40.0545743 ], [ 141.52890069999998, 40.0505874 ], [ 141.530636, 40.0480646 ], [ 141.5325546, 40.0465582 ], [ 141.5357688, 40.0465501 ], [ 141.5400577, 40.0481079 ], [ 141.5446863, 40.0482734 ], [ 141.5496652, 40.0473217 ], [ 141.553226099999989, 40.0454065 ], [ 141.5573377, 40.0454831 ], [ 141.5613975, 40.0440264 ], [ 141.56340910000003, 40.0449706 ], [ 141.564168599999988, 40.0460965 ], [ 141.567625199999981, 40.0468551 ], [ 141.568905799999982, 40.0466381 ], [ 141.570034099999987, 40.0447884 ], [ 141.5757317, 40.0426809 ], [ 141.578893699999981, 40.0410609 ], [ 141.580833899999988, 40.0412187 ], [ 141.5831623, 40.039445 ], [ 141.5874385, 40.0345458 ], [ 141.589261599999986, 40.0319497 ], [ 141.5895553, 40.0303558 ], [ 141.592132, 40.0292749 ], [ 141.5936112, 40.0275744 ], [ 141.5972868, 40.0258457 ], [ 141.5981296, 40.0246363 ], [ 141.6027484, 40.0258177 ], [ 141.60526729999998, 40.025941599999989 ], [ 141.608972, 40.028318 ], [ 141.6121422, 40.0288419 ], [ 141.6165134, 40.0262627 ], [ 141.618842, 40.0262572 ], [ 141.622898100000015, 40.0275169 ], [ 141.6229643, 40.0251916 ], [ 141.6252268, 40.0231757 ], [ 141.626956799999988, 40.0227755 ], [ 141.629554399999989, 40.0209743 ], [ 141.6322563, 40.0203268 ], [ 141.63461940000002, 40.0187765 ], [ 141.637272199999984, 40.0183393 ], [ 141.6408088, 40.019646 ], [ 141.644121899999988, 40.0198829 ], [ 141.6461689, 40.0169149 ], [ 141.64942, 40.0143359 ], [ 141.6490029, 40.0110981 ], [ 141.6545237, 40.0089137 ], [ 141.6585143, 40.0081526 ], [ 141.6608354, 40.0085648 ], [ 141.6634932, 40.0105526 ], [ 141.6705979, 40.0102387 ], [ 141.6716868, 40.0107104 ], [ 141.6761798, 40.0148782 ], [ 141.6809198, 40.0149112 ], [ 141.6839802, 40.0172876 ], [ 141.688073299999985, 40.0175579 ], [ 141.691448899999983, 40.0181548 ], [ 141.6947219, 40.0167756 ], [ 141.697109, 40.0121239 ], [ 141.703314799999987, 40.0114058 ], [ 141.705265199999985, 40.008843899999988 ], [ 141.7099379, 40.0122992 ], [ 141.7119414, 40.014612 ], [ 141.71459729999998, 40.0138 ], [ 141.7160801, 40.0143911 ], [ 141.717135399999989, 40.0122558 ], [ 141.719525399999981, 40.01215 ], [ 141.720752899999979, 40.010695 ], [ 141.7229424, 40.0099519 ], [ 141.726625399999989, 40.0117086 ], [ 141.7283093, 40.0116691 ], [ 141.7285139, 40.0159036 ], [ 141.7305414, 40.0158689 ], [ 141.733771099999984, 40.0171575 ], [ 141.7375131, 40.0162189 ], [ 141.7391223, 40.0164339 ], [ 141.7386991, 40.0216583 ], [ 141.7394172, 40.0229692 ], [ 141.7427846, 40.0242147 ], [ 141.743678, 40.026405 ], [ 141.74619850000002, 40.0276731 ], [ 141.746734299999986, 40.0287992 ], [ 141.749609, 40.0288336 ], [ 141.752002899999979, 40.030437 ], [ 141.7537279, 40.0306506 ], [ 141.7556051, 40.0318448 ], [ 141.7570998, 40.0317709 ], [ 141.7584192, 40.0316492 ], [ 141.7587096, 40.0266081 ], [ 141.7604082, 40.0250091 ], [ 141.7638058, 40.0243616 ], [ 141.8105482, 40.0142721 ], [ 141.8124221, 40.0127359 ], [ 141.8098602, 40.0101617 ], [ 141.8019294, 40.0075856 ], [ 141.800970899999982, 40.0062906 ], [ 141.7971526, 40.0045378 ], [ 141.7957437, 40.0027847 ], [ 141.7943727, 39.9989331 ], [ 141.7949705, 39.9970586 ], [ 141.793706899999989, 39.9962177 ], [ 141.793984199999983, 39.9937047 ], [ 141.7985678, 39.991041 ], [ 141.7994746, 39.9887816 ], [ 141.801314, 39.9876293 ], [ 141.7999838, 39.9849276 ], [ 141.7998078, 39.9822126 ], [ 141.8011139, 39.9794565 ], [ 141.799151800000033, 39.9770387 ], [ 141.800620900000013, 39.977597 ], [ 141.8029812, 39.9772498 ], [ 141.807004800000016, 39.9755303 ], [ 141.8128601, 39.9756739 ], [ 141.814164, 39.9751133 ], [ 141.818979899999988, 39.9753722 ], [ 141.8212849, 39.9749058 ], [ 141.8228488, 39.9734414 ], [ 141.828753, 39.9720464 ], [ 141.8307394, 39.9728836 ], [ 141.8352741, 39.9721749 ], [ 141.835950199999985, 39.9710888 ], [ 141.8377602, 39.9712697 ], [ 141.8382255, 39.9724061 ], [ 141.841080799999986, 39.9736458 ], [ 141.8418443, 39.9755086 ], [ 141.8464754, 39.97578 ], [ 141.84572129999998, 39.9744302 ], [ 141.8488558, 39.9721902 ], [ 141.8502249, 39.9740227 ], [ 141.8523308, 39.9745508 ], [ 141.856188, 39.9764516 ], [ 141.8607088, 39.9770574 ], [ 141.867636299999987, 39.9789861 ], [ 141.8712485, 39.9796572 ], [ 141.8720955, 39.9788291 ], [ 141.8708411, 39.9773763 ], [ 141.87184, 39.9761602 ], [ 141.8717747, 39.9740313 ], [ 141.873536699999988, 39.9700851 ], [ 141.874962899999986, 39.9686604 ], [ 141.8741585, 39.9668759 ], [ 141.8749263, 39.9638804 ], [ 141.876528899999983, 39.9615956 ], [ 141.8808936, 39.9620731 ], [ 141.8808578, 39.9632351 ], [ 141.883025299999986, 39.9640245 ], [ 141.8827508, 39.9652712 ], [ 141.8848424, 39.9659076 ], [ 141.88664129999998, 39.9683848 ], [ 141.888189899999986, 39.9683882 ], [ 141.8906019, 39.966487 ], [ 141.8929302, 39.9670226 ], [ 141.8953507, 39.9710879 ], [ 141.8977514, 39.9722112 ], [ 141.9001552, 39.9739489 ], [ 141.9045735, 39.976140699999988 ], [ 141.90812440000002, 39.9755694 ], [ 141.9163485, 39.976594 ], [ 141.919497399999983, 39.9755756 ], [ 141.9219325, 39.9736895 ], [ 141.9254791, 39.9752887 ], [ 141.9273369, 39.9752267 ], [ 141.9279583, 39.9770754 ], [ 141.9294722, 39.9784251 ], [ 141.9315652, 39.9792837 ], [ 141.9313074, 39.9824621 ], [ 141.9335304, 39.9851029 ], [ 141.937025899999981, 39.9868765 ], [ 141.9427221, 39.9877551 ], [ 141.945676599999985, 39.9876987 ], [ 141.9484798, 39.9893583 ], [ 141.9468994, 39.9923127 ], [ 141.9470136, 39.9933488 ], [ 141.944967, 39.9943177 ], [ 141.9451838, 39.9973407 ], [ 141.9428983, 39.9986111 ], [ 141.9395044, 39.9994059 ], [ 141.9407611, 40.0012633 ], [ 141.9389147, 40.0021594 ], [ 141.9377041, 40.0057254 ], [ 141.9365161, 40.0069973 ], [ 141.935315299999985, 40.009689 ], [ 141.9330237, 40.010418 ], [ 141.9310963, 40.0101328 ], [ 141.929199, 40.0080713 ], [ 141.9269272, 40.0093983 ], [ 141.923514399999988, 40.0076124 ], [ 141.915904399999988, 40.007982299999988 ], [ 141.912808399999989, 40.0089529 ], [ 141.9109908, 40.0107686 ], [ 141.909611499999983, 40.0108286 ], [ 141.9077945, 40.0089009 ], [ 141.9051035, 40.010571 ], [ 141.904718799999984, 40.0135406 ], [ 141.902267599999988, 40.0146989 ], [ 141.8995107, 40.0151687 ], [ 141.899184599999984, 40.0168757 ], [ 141.9011159, 40.0190309 ], [ 141.8989743, 40.019558 ], [ 141.8974397, 40.0216842 ], [ 141.8971903, 40.0240542 ], [ 141.8963724, 40.0254069 ], [ 141.8921843, 40.0286394 ], [ 141.8870083, 40.0313723 ], [ 141.886976799999985, 40.0327231 ], [ 141.884696099999985, 40.0341406 ], [ 141.8853215, 40.035794 ], [ 141.8827104, 40.0385908 ], [ 141.8827929, 40.0391493 ], [ 141.8791755, 40.045509 ], [ 141.8785067, 40.047098 ], [ 141.8748029, 40.0488879 ], [ 141.8729823, 40.0481991 ], [ 141.870908899999989, 40.0483852 ], [ 141.8701503, 40.0501164 ], [ 141.868132799999984, 40.0510154 ], [ 141.869005099999981, 40.0532338 ], [ 141.8660013, 40.0517857 ], [ 141.8637046, 40.0513032 ], [ 141.8596564, 40.0533523 ], [ 141.856424299999986, 40.054005 ] ] ] ] } },
{ "type": "Feature", "properties": { "hokenjo": "宮古" }, "geometry": { "type": "MultiPolygon", "coordinates": [ [ [ [ 142.0006468, 39.4062211 ], [ 141.9997591, 39.4068979 ], [ 141.998286399999984, 39.4061953 ], [ 141.998640699999982, 39.404997 ], [ 141.99391559999998, 39.4008093 ], [ 141.9947995, 39.3999729 ], [ 141.9978601, 39.3992682 ], [ 141.999581899999981, 39.4015906 ], [ 141.999709699999983, 39.4037903 ], [ 142.0006468, 39.4062211 ] ] ], [ [ [ 142.009833, 39.4963631 ], [ 142.012618799999984, 39.4978387 ], [ 142.0105546, 39.4998804 ], [ 142.0115832, 39.5017304 ], [ 142.0129282, 39.5019619 ], [ 142.014777600000031, 39.5010296 ], [ 142.0182892, 39.500847 ], [ 142.0222546, 39.5028924 ], [ 142.023378, 39.5027593 ], [ 142.02624, 39.5057954 ], [ 142.025389499999989, 39.5075116 ], [ 142.0287946, 39.5087735 ], [ 142.0275694, 39.5099249 ], [ 142.029307099999983, 39.5120235 ], [ 142.029941, 39.5145376 ], [ 142.0296784, 39.5167776 ], [ 142.0311343, 39.5191647 ], [ 142.0291335, 39.5220936 ], [ 142.029977799999983, 39.5245885 ], [ 142.031935399999981, 39.5253847 ], [ 142.033440500000012, 39.5293618 ], [ 142.037664399999983, 39.5315883 ], [ 142.040965, 39.5305656 ], [ 142.04478, 39.5313771 ], [ 142.047903, 39.5292202 ], [ 142.050628700000033, 39.5260866 ], [ 142.0518683, 39.525908 ], [ 142.0545464, 39.5241106 ], [ 142.054929499999986, 39.522402 ], [ 142.056246499999986, 39.5219483 ], [ 142.058161399999989, 39.5225713 ], [ 142.0603511, 39.5245121 ], [ 142.0580798, 39.5277777 ], [ 142.0558236, 39.5290004 ], [ 142.053490399999987, 39.5287843 ], [ 142.0524886, 39.5321656 ], [ 142.055942800000025, 39.5328496 ], [ 142.057827299999985, 39.5327022 ], [ 142.059621199999981, 39.5341526 ], [ 142.061061099999989, 39.533632 ], [ 142.06586249999998, 39.5343602 ], [ 142.0648589, 39.5363605 ], [ 142.06650639999998, 39.5387628 ], [ 142.0696231, 39.5418661 ], [ 142.0698817, 39.5435072 ], [ 142.0718756, 39.5452129 ], [ 142.0723911, 39.5480918 ], [ 142.069532399999986, 39.5496722 ], [ 142.068712, 39.5528712 ], [ 142.0689274, 39.5547012 ], [ 142.06813219999998, 39.5563108 ], [ 142.069905, 39.5589642 ], [ 142.068161299999986, 39.5606532 ], [ 142.0674546, 39.5627234 ], [ 142.064710599999984, 39.5621516 ], [ 142.0628283, 39.5625354 ], [ 142.0606314, 39.562094 ], [ 142.059339099999988, 39.5608061 ], [ 142.0577274, 39.5605989 ], [ 142.056929, 39.5621677 ], [ 142.058725399999986, 39.5640556 ], [ 142.058106899999984, 39.5656742 ], [ 142.0563066, 39.5658833 ], [ 142.055687799999987, 39.5681219 ], [ 142.057484599999981, 39.5692222 ], [ 142.0558035, 39.5707292 ], [ 142.058092499999987, 39.5718777 ], [ 142.05756169999998, 39.5743193 ], [ 142.0538052, 39.5746952 ], [ 142.050147899999985, 39.5730268 ], [ 142.048640299999988, 39.5744212 ], [ 142.0438002, 39.5729354 ], [ 142.0397171, 39.5737764 ], [ 142.0387048, 39.5728189 ], [ 142.0363696, 39.5724906 ], [ 142.0378227, 39.5759732 ], [ 142.035447399999981, 39.575368 ], [ 142.033675499999987, 39.5738964 ], [ 142.0312558, 39.5750829 ], [ 142.0288885, 39.5756034 ], [ 142.026555699999989, 39.5794976 ], [ 142.02960539999998, 39.5830626 ], [ 142.0288856, 39.5845461 ], [ 142.0296, 39.5866566 ], [ 142.0320841, 39.5887339 ], [ 142.0298058, 39.5897604 ], [ 142.0296275, 39.5921256 ], [ 142.0308753, 39.5929541 ], [ 142.0297201, 39.5943862 ], [ 142.031348, 39.5978552 ], [ 142.0275402, 39.5998064 ], [ 142.025294699999989, 39.6039828 ], [ 142.0260567, 39.6056792 ], [ 142.0257527, 39.6071469 ], [ 142.028168099999988, 39.6089104 ], [ 142.031815199999983, 39.6099777 ], [ 142.030587199999985, 39.6125984 ], [ 142.026329299999986, 39.6127016 ], [ 142.0234461, 39.613557 ], [ 142.0225524, 39.6162108 ], [ 142.0233309, 39.6166824 ], [ 142.024346399999985, 39.6193321 ], [ 142.0236514, 39.621158 ], [ 142.0241169, 39.6222811 ], [ 142.0230277, 39.6251504 ], [ 142.0247776, 39.626886399999989 ], [ 142.023223, 39.628134 ], [ 142.0227792, 39.6297816 ], [ 142.0264147, 39.6301694 ], [ 142.02823650000002, 39.631152 ], [ 142.0255712, 39.6329165 ], [ 142.0232682, 39.635284 ], [ 142.02478, 39.6368769 ], [ 142.027287, 39.6367501 ], [ 142.026297699999986, 39.63933 ], [ 142.026150199999989, 39.6416707 ], [ 142.027144300000032, 39.6428059 ], [ 142.0263553, 39.6439443 ], [ 142.0279641, 39.6456872 ], [ 142.027808100000016, 39.647068399999988 ], [ 142.0239896, 39.6486673 ], [ 142.024792099999985, 39.6498514 ], [ 142.0232397, 39.6527332 ], [ 142.0262009, 39.653981099999989 ], [ 142.024791, 39.655078 ], [ 142.0211789, 39.6558892 ], [ 142.016333799999984, 39.6540923 ], [ 142.0155116, 39.652399 ], [ 142.0126349, 39.6507856 ], [ 142.013177399999989, 39.649743699999988 ], [ 142.0122322, 39.6480047 ], [ 142.0097946, 39.647612699999989 ], [ 142.008911499999982, 39.6452918 ], [ 142.007139100000018, 39.6449564 ], [ 142.0062716, 39.6430814 ], [ 142.007101799999987, 39.6416967 ], [ 142.0045863, 39.6409574 ], [ 142.0047917, 39.6383397 ], [ 142.0028656, 39.6378688 ], [ 142.0020059, 39.6358328 ], [ 141.9995534, 39.6340993 ], [ 141.9980535, 39.631962 ], [ 141.994162, 39.6274909 ], [ 141.993340099999983, 39.627108 ], [ 141.9882773, 39.6197807 ], [ 141.9874345, 39.6179195 ], [ 141.9849499, 39.6161893 ], [ 141.983233600000034, 39.614353199999989 ], [ 141.9806319, 39.6141866 ], [ 141.9800464, 39.6133372 ], [ 141.976551199999989, 39.6117413 ], [ 141.9782812, 39.6111144 ], [ 141.973898199999979, 39.6066857 ], [ 141.9718703, 39.6058347 ], [ 141.9708372, 39.6026785 ], [ 141.968456, 39.6016285 ], [ 141.9675239, 39.5994644 ], [ 141.9678099, 39.5981108 ], [ 141.965091199999989, 39.5959706 ], [ 141.964458799999989, 39.593806 ], [ 141.9626404, 39.5930078 ], [ 141.9630799, 39.5918664 ], [ 141.961060299999986, 39.5908688 ], [ 141.961182, 39.5894878 ], [ 141.959406299999984, 39.5880116 ], [ 141.959143499999982, 39.5865893 ], [ 141.9578292, 39.5857486 ], [ 141.9543722, 39.5858617 ], [ 141.9516061, 39.5869403 ], [ 141.9480728, 39.5876639 ], [ 141.948308299999979, 39.5919811 ], [ 141.9464331, 39.5936966 ], [ 141.9451951, 39.5959505 ], [ 141.945285600000034, 39.5986264 ], [ 141.9473046, 39.599981 ], [ 141.9504378, 39.5978458 ], [ 141.9511525, 39.5985562 ], [ 141.948158899999981, 39.6006003 ], [ 141.9499705, 39.6023193 ], [ 141.954221099999984, 39.6039098 ], [ 141.955887599999983, 39.6027768 ], [ 141.957490799999988, 39.6040913 ], [ 141.956105399999984, 39.6057026 ], [ 141.958242899999988, 39.6081996 ], [ 141.9636159, 39.6111412 ], [ 141.9620481, 39.6140906 ], [ 141.963468399999982, 39.617629 ], [ 141.9655239, 39.6181313 ], [ 141.965012699999988, 39.6208792 ], [ 141.9639473, 39.620667 ], [ 141.963419700000031, 39.6233103 ], [ 141.9648981, 39.6235628 ], [ 141.969662199999988, 39.6233208 ], [ 141.9695889, 39.6255697 ], [ 141.9715368, 39.6259149 ], [ 141.9686926, 39.6306959 ], [ 141.9686343, 39.6326358 ], [ 141.9658452, 39.6335573 ], [ 141.966082199999988, 39.6354441 ], [ 141.9715737, 39.6336289 ], [ 141.9711882, 39.6352307 ], [ 141.9658322, 39.6369894 ], [ 141.963755099999986, 39.637259 ], [ 141.964004099999983, 39.6389704 ], [ 141.967314099999982, 39.6394466 ], [ 141.970924700000012, 39.6383305 ], [ 141.972635699999984, 39.6399573 ], [ 141.9683823, 39.6412729 ], [ 141.9681961, 39.6424575 ], [ 141.96951, 39.6464308 ], [ 141.971423099999981, 39.6466651 ], [ 141.972200599999979, 39.6449545 ], [ 141.9742531, 39.6434861 ], [ 141.9758584, 39.6431667 ], [ 141.9808543, 39.6449333 ], [ 141.9824202, 39.6470879 ], [ 141.9800319, 39.6468036 ], [ 141.98004229999998, 39.6505662 ], [ 141.9777733, 39.6532291 ], [ 141.9760827, 39.6528853 ], [ 141.9732942, 39.6512829 ], [ 141.9713188, 39.651043 ], [ 141.9698099, 39.652599 ], [ 141.970092199999982, 39.6541881 ], [ 141.9724856, 39.6549887 ], [ 141.9743861, 39.6569957 ], [ 141.97305860000003, 39.6582194 ], [ 141.9714509, 39.6616672 ], [ 141.9744939, 39.6632308 ], [ 141.9748172, 39.6681069 ], [ 141.9765064, 39.6706168 ], [ 141.979674599999981, 39.6718549 ], [ 141.9808146, 39.6760866 ], [ 141.9825995, 39.6771752 ], [ 141.982259699999986, 39.6785487 ], [ 141.9838991, 39.6791047 ], [ 141.9831584, 39.6803793 ], [ 141.9863761, 39.6829334 ], [ 141.9852558, 39.6868825 ], [ 141.983395100000024, 39.6872499 ], [ 141.975234, 39.6865937 ], [ 141.9735804, 39.687912 ], [ 141.97156, 39.6886056 ], [ 141.969574099999988, 39.6871259 ], [ 141.967944099999983, 39.688105 ], [ 141.967308299999985, 39.6910323 ], [ 141.969613100000032, 39.6918337 ], [ 141.972350799999987, 39.6938949 ], [ 141.9721724, 39.6949871 ], [ 141.973067400000019, 39.6979599 ], [ 141.971924799999982, 39.699226 ], [ 141.971948, 39.7007515 ], [ 141.974824499999983, 39.7032368 ], [ 141.9755036, 39.7060902 ], [ 141.976889199999988, 39.7068624 ], [ 141.9791788, 39.7056115 ], [ 141.9801381, 39.7068051 ], [ 141.9844004, 39.7099754 ], [ 141.9862277, 39.713422199999989 ], [ 141.9826129, 39.7162408 ], [ 141.9825481, 39.7185645 ], [ 141.9843744, 39.7225923 ], [ 141.9845454, 39.7243586 ], [ 141.983258, 39.7262061 ], [ 141.9813221, 39.7269859 ], [ 141.977244, 39.7261506 ], [ 141.9741821, 39.7279175 ], [ 141.9717904, 39.7288168 ], [ 141.970939499999986, 39.7309939 ], [ 141.9731697, 39.7335199 ], [ 141.975061899999986, 39.7333261 ], [ 141.9747902, 39.735343 ], [ 141.9773793, 39.7353575 ], [ 141.9778992, 39.7327921 ], [ 141.979511, 39.7325295 ], [ 141.9809908, 39.7341956 ], [ 141.984776499999981, 39.7344751 ], [ 141.9834933, 39.7356203 ], [ 141.983426500000036, 39.7371773 ], [ 141.986057, 39.7378355 ], [ 141.986489799999987, 39.7419981 ], [ 141.9891289, 39.7460763 ], [ 141.9916936, 39.7476709 ], [ 141.994672799999989, 39.7475151 ], [ 141.9959422, 39.7487724 ], [ 141.9995487, 39.7493597 ], [ 142.001592, 39.7514413 ], [ 141.9975772, 39.7529436 ], [ 141.9954467, 39.7509511 ], [ 141.9921798, 39.7526521 ], [ 141.9889387, 39.7566321 ], [ 141.9881608, 39.7622347 ], [ 141.989067, 39.7637393 ], [ 141.98973669999998, 39.7670865 ], [ 141.9917216, 39.7692796 ], [ 141.996042099999983, 39.7717335 ], [ 141.997389199999986, 39.772991 ], [ 142.003046499999982, 39.7743496 ], [ 142.0041851, 39.7750033 ], [ 142.0031754, 39.7769923 ], [ 142.0003348, 39.7784183 ], [ 141.99652279999998, 39.7778715 ], [ 141.9950682, 39.779011 ], [ 141.9944827, 39.7806206 ], [ 141.9927765, 39.7813366 ], [ 141.991376, 39.78379 ], [ 141.988759099999982, 39.7870011 ], [ 141.987009199999989, 39.787978 ], [ 141.984101399999986, 39.7883465 ], [ 141.9849274, 39.7905282 ], [ 141.98431, 39.7913483 ], [ 141.9868416, 39.7925867 ], [ 141.985980399999988, 39.7954086 ], [ 141.988644599999986, 39.7977082 ], [ 141.9872737, 39.7995657 ], [ 141.9832151, 39.8033452 ], [ 141.984276199999982, 39.8048605 ], [ 141.9832595, 39.8067605 ], [ 141.9839658, 39.8094838 ], [ 141.985579699999988, 39.8109808 ], [ 141.983803099999989, 39.8118605 ], [ 141.983689699999985, 39.8140795 ], [ 141.987831799999981, 39.8144355 ], [ 141.9876591, 39.8162909 ], [ 141.9891179, 39.8170011 ], [ 141.990562, 39.8200301 ], [ 141.989372, 39.8226474 ], [ 141.987092499999989, 39.8250451 ], [ 141.988392399999981, 39.8269123 ], [ 141.98667709999998, 39.8280106 ], [ 141.9858581, 39.8302936 ], [ 141.9802056, 39.8281796 ], [ 141.9788135, 39.8289085 ], [ 141.9785104, 39.8306877 ], [ 141.9794411, 39.8308837 ], [ 141.9798505, 39.8309718 ], [ 141.9790715, 39.8329289 ], [ 141.980044599999985, 39.8368971 ], [ 141.9792296, 39.8379046 ], [ 141.981229399999989, 39.8400394 ], [ 141.9793496, 39.8403411 ], [ 141.9763949, 39.8421479 ], [ 141.9772755, 39.8439817 ], [ 141.9766141, 39.8455684 ], [ 141.974488799999989, 39.8463214 ], [ 141.9748449, 39.8484712 ], [ 141.9736905, 39.8497114 ], [ 141.9729252, 39.8519272 ], [ 141.9756372, 39.8511939 ], [ 141.975646, 39.8529579 ], [ 141.9780077, 39.8530189 ], [ 141.977664299999986, 39.854385799999989 ], [ 141.976074899999986, 39.8544352 ], [ 141.974792799999989, 39.8588023 ], [ 141.975833699999981, 39.8619284 ], [ 141.9775406, 39.8622025 ], [ 141.978812399999981, 39.8641482 ], [ 141.978234, 39.8666788 ], [ 141.9772835, 39.8667047 ], [ 141.9763361, 39.8693264 ], [ 141.9771481, 39.8709038 ], [ 141.9766718, 39.8723514 ], [ 141.9746666, 39.873809 ], [ 141.9734201, 39.8764541 ], [ 141.973182399999985, 39.8791242 ], [ 141.9710634, 39.8809904 ], [ 141.9708626, 39.8848996 ], [ 141.9677159, 39.8845632 ], [ 141.9637617, 39.8849764 ], [ 141.959660099999979, 39.8874707 ], [ 141.957613399999985, 39.8899497 ], [ 141.9551927, 39.8911326 ], [ 141.9548093, 39.8940521 ], [ 141.9534764, 39.8950711 ], [ 141.9534136, 39.8972077 ], [ 141.951470199999989, 39.9011635 ], [ 141.9516, 39.902179 ], [ 141.949687, 39.9053675 ], [ 141.949228, 39.9070487 ], [ 141.949869799999988, 39.9083972 ], [ 141.94534059999998, 39.91468 ], [ 141.9419187, 39.9161299 ], [ 141.9397325, 39.9196042 ], [ 141.9410618, 39.9235253 ], [ 141.9426733, 39.9248651 ], [ 141.9401863, 39.926665199999988 ], [ 141.9407017, 39.9281898 ], [ 141.942614099999986, 39.9283143 ], [ 141.9423301, 39.931014399999988 ], [ 141.938847399999986, 39.9313807 ], [ 141.938254700000016, 39.9323782 ], [ 141.939246699999984, 39.9337438 ], [ 141.941000799999983, 39.9339763 ], [ 141.942170799999985, 39.9352657 ], [ 141.9423356, 39.937369 ], [ 141.939829799999984, 39.9392554 ], [ 141.9433506, 39.9404399 ], [ 141.943074699999983, 39.9436918 ], [ 141.945253799999989, 39.9459738 ], [ 141.948500599999988, 39.9461411 ], [ 141.955147, 39.9456528 ], [ 141.9561592, 39.9443788 ], [ 141.9576543, 39.9460996 ], [ 141.960289, 39.9451551 ], [ 141.9600843, 39.9472046 ], [ 141.9580221, 39.9488652 ], [ 141.957867, 39.9505023 ], [ 141.9594572, 39.9514985 ], [ 141.962448199999983, 39.9520958 ], [ 141.957113, 39.9539692 ], [ 141.9571786, 39.9555216 ], [ 141.959065, 39.9567733 ], [ 141.958309899999989, 39.9578703 ], [ 141.9557801, 39.958326 ], [ 141.9558073, 39.9619126 ], [ 141.955178499999988, 39.9639583 ], [ 141.955417499999982, 39.9666633 ], [ 141.9563852, 39.9678975 ], [ 141.9547148, 39.9695883 ], [ 141.9541056, 39.9713987 ], [ 141.954993799999983, 39.9735882 ], [ 141.954505399999988, 39.9743838 ], [ 141.9547996, 39.9777609 ], [ 141.95673, 39.9796061 ], [ 141.9552024, 39.9815138 ], [ 141.955888099999981, 39.9835672 ], [ 141.952833, 39.9866732 ], [ 141.950646399999982, 39.9874573 ], [ 141.9512272, 39.9884571 ], [ 141.9502474, 39.9903975 ], [ 141.9484798, 39.9893583 ], [ 141.945676599999985, 39.9876987 ], [ 141.9427221, 39.9877551 ], [ 141.937025899999981, 39.9868765 ], [ 141.9335304, 39.9851029 ], [ 141.9313074, 39.9824621 ], [ 141.9315652, 39.9792837 ], [ 141.9294722, 39.9784251 ], [ 141.9279583, 39.9770754 ], [ 141.9273369, 39.9752267 ], [ 141.9254791, 39.9752887 ], [ 141.9219325, 39.9736895 ], [ 141.919497399999983, 39.9755756 ], [ 141.9163485, 39.976594 ], [ 141.90812440000002, 39.9755694 ], [ 141.9045735, 39.976140699999988 ], [ 141.9001552, 39.9739489 ], [ 141.8977514, 39.9722112 ], [ 141.8953507, 39.9710879 ], [ 141.8929302, 39.9670226 ], [ 141.8906019, 39.966487 ], [ 141.888189899999986, 39.9683882 ], [ 141.88664129999998, 39.9683848 ], [ 141.8848424, 39.9659076 ], [ 141.8827508, 39.9652712 ], [ 141.883025299999986, 39.9640245 ], [ 141.8808578, 39.9632351 ], [ 141.8808936, 39.9620731 ], [ 141.876528899999983, 39.9615956 ], [ 141.8749263, 39.9638804 ], [ 141.8741585, 39.9668759 ], [ 141.874962899999986, 39.9686604 ], [ 141.873536699999988, 39.9700851 ], [ 141.8717747, 39.9740313 ], [ 141.87184, 39.9761602 ], [ 141.8708411, 39.9773763 ], [ 141.8720955, 39.9788291 ], [ 141.8712485, 39.9796572 ], [ 141.867636299999987, 39.9789861 ], [ 141.8607088, 39.9770574 ], [ 141.856188, 39.9764516 ], [ 141.8523308, 39.9745508 ], [ 141.8502249, 39.9740227 ], [ 141.8488558, 39.9721902 ], [ 141.84572129999998, 39.9744302 ], [ 141.8464754, 39.97578 ], [ 141.8418443, 39.9755086 ], [ 141.841080799999986, 39.9736458 ], [ 141.8382255, 39.9724061 ], [ 141.8377602, 39.9712697 ], [ 141.835950199999985, 39.9710888 ], [ 141.8352741, 39.9721749 ], [ 141.8307394, 39.9728836 ], [ 141.828753, 39.9720464 ], [ 141.8228488, 39.9734414 ], [ 141.8212849, 39.9749058 ], [ 141.818979899999988, 39.9753722 ], [ 141.814164, 39.9751133 ], [ 141.8128601, 39.9756739 ], [ 141.807004800000016, 39.9755303 ], [ 141.8029812, 39.9772498 ], [ 141.800620900000013, 39.977597 ], [ 141.799151800000033, 39.9770387 ], [ 141.8011139, 39.9794565 ], [ 141.7998078, 39.9822126 ], [ 141.7999838, 39.9849276 ], [ 141.801314, 39.9876293 ], [ 141.7994746, 39.9887816 ], [ 141.7985678, 39.991041 ], [ 141.793984199999983, 39.9937047 ], [ 141.793706899999989, 39.9962177 ], [ 141.7949705, 39.9970586 ], [ 141.7943727, 39.9989331 ], [ 141.7957437, 40.0027847 ], [ 141.7971526, 40.0045378 ], [ 141.800970899999982, 40.0062906 ], [ 141.8019294, 40.0075856 ], [ 141.8098602, 40.0101617 ], [ 141.8124221, 40.0127359 ], [ 141.8105482, 40.0142721 ], [ 141.7638058, 40.0243616 ], [ 141.7604082, 40.0250091 ], [ 141.7587096, 40.0266081 ], [ 141.7584192, 40.0316492 ], [ 141.7570998, 40.0317709 ], [ 141.7556051, 40.0318448 ], [ 141.7537279, 40.0306506 ], [ 141.752002899999979, 40.030437 ], [ 141.749609, 40.0288336 ], [ 141.746734299999986, 40.0287992 ], [ 141.74619850000002, 40.0276731 ], [ 141.743678, 40.026405 ], [ 141.7427846, 40.0242147 ], [ 141.7394172, 40.0229692 ], [ 141.7386991, 40.0216583 ], [ 141.7391223, 40.0164339 ], [ 141.7375131, 40.0162189 ], [ 141.733771099999984, 40.0171575 ], [ 141.7305414, 40.0158689 ], [ 141.7285139, 40.0159036 ], [ 141.7283093, 40.0116691 ], [ 141.726625399999989, 40.0117086 ], [ 141.7229424, 40.0099519 ], [ 141.720752899999979, 40.010695 ], [ 141.719525399999981, 40.01215 ], [ 141.717135399999989, 40.0122558 ], [ 141.7160801, 40.0143911 ], [ 141.71459729999998, 40.0138 ], [ 141.7119414, 40.014612 ], [ 141.7099379, 40.0122992 ], [ 141.705265199999985, 40.008843899999988 ], [ 141.703314799999987, 40.0114058 ], [ 141.697109, 40.0121239 ], [ 141.6947219, 40.0167756 ], [ 141.691448899999983, 40.0181548 ], [ 141.688073299999985, 40.0175579 ], [ 141.6839802, 40.0172876 ], [ 141.6809198, 40.0149112 ], [ 141.6761798, 40.0148782 ], [ 141.6716868, 40.0107104 ], [ 141.6705979, 40.0102387 ], [ 141.6634932, 40.0105526 ], [ 141.6608354, 40.0085648 ], [ 141.6585143, 40.0081526 ], [ 141.6545237, 40.0089137 ], [ 141.6490029, 40.0110981 ], [ 141.64942, 40.0143359 ], [ 141.6461689, 40.0169149 ], [ 141.644121899999988, 40.0198829 ], [ 141.6408088, 40.019646 ], [ 141.637272199999984, 40.0183393 ], [ 141.63461940000002, 40.0187765 ], [ 141.6322563, 40.0203268 ], [ 141.629554399999989, 40.0209743 ], [ 141.626956799999988, 40.0227755 ], [ 141.6252268, 40.0231757 ], [ 141.6229643, 40.0251916 ], [ 141.622898100000015, 40.0275169 ], [ 141.618842, 40.0262572 ], [ 141.6165134, 40.0262627 ], [ 141.6121422, 40.0288419 ], [ 141.608972, 40.028318 ], [ 141.60526729999998, 40.025941599999989 ], [ 141.6027484, 40.0258177 ], [ 141.5981296, 40.0246363 ], [ 141.5972868, 40.0258457 ], [ 141.5936112, 40.0275744 ], [ 141.592132, 40.0292749 ], [ 141.5895553, 40.0303558 ], [ 141.589261599999986, 40.0319497 ], [ 141.5874385, 40.0345458 ], [ 141.5831623, 40.039445 ], [ 141.580833899999988, 40.0412187 ], [ 141.578893699999981, 40.0410609 ], [ 141.5757317, 40.0426809 ], [ 141.570034099999987, 40.0447884 ], [ 141.568905799999982, 40.0466381 ], [ 141.567625199999981, 40.0468551 ], [ 141.564168599999988, 40.0460965 ], [ 141.56340910000003, 40.0449706 ], [ 141.5613975, 40.0440264 ], [ 141.5573377, 40.0454831 ], [ 141.553226099999989, 40.0454065 ], [ 141.5496652, 40.0473217 ], [ 141.5446863, 40.0482734 ], [ 141.5400577, 40.0481079 ], [ 141.5357688, 40.0465501 ], [ 141.5325546, 40.0465582 ], [ 141.5317789, 40.0432276 ], [ 141.52792, 40.0404401 ], [ 141.529077, 40.038294799999989 ], [ 141.53037329999998, 40.0341106 ], [ 141.532548, 40.0315428 ], [ 141.538046899999983, 40.0306083 ], [ 141.539254699999987, 40.0289808 ], [ 141.5428795, 40.0267849 ], [ 141.5457423, 40.025562699999988 ], [ 141.548261, 40.0228544 ], [ 141.549367499999988, 40.0193674 ], [ 141.5483859, 40.0172118 ], [ 141.548986499999984, 40.0144357 ], [ 141.551973799999985, 40.0111751 ], [ 141.5522152, 40.0094576 ], [ 141.5542069, 40.0082412 ], [ 141.5572823, 40.0045812 ], [ 141.5619434, 40.0027792 ], [ 141.567540799999989, 39.9968497 ], [ 141.5681989, 39.9946366 ], [ 141.5697567, 39.9919619 ], [ 141.5714384, 39.9900135 ], [ 141.571066, 39.9886563 ], [ 141.57179739999998, 39.9868035 ], [ 141.5753972, 39.984936 ], [ 141.5754608, 39.9828787 ], [ 141.5770728, 39.9809304 ], [ 141.5787378, 39.9808862 ], [ 141.579973099999989, 39.9784812 ], [ 141.5788909, 39.9772253 ], [ 141.580975199999983, 39.9731823 ], [ 141.583526899999981, 39.9715122 ], [ 141.5839225, 39.9691897 ], [ 141.5850706, 39.9679003 ], [ 141.5837909, 39.9663347 ], [ 141.5845368, 39.964606 ], [ 141.5850638, 39.960546 ], [ 141.5886688, 39.9590932 ], [ 141.5895467, 39.9561257 ], [ 141.58829609999998, 39.9552134 ], [ 141.584573899999981, 39.9539465 ], [ 141.5832943, 39.9520601 ], [ 141.5831191, 39.9500103 ], [ 141.5813274, 39.9481014 ], [ 141.5822564, 39.946153099999989 ], [ 141.581123099999985, 39.9405108 ], [ 141.5776937, 39.9387594 ], [ 141.5769113, 39.9365688 ], [ 141.5742569, 39.9364166 ], [ 141.5700961, 39.9337927 ], [ 141.565191700000014, 39.9314568 ], [ 141.5639659, 39.9298996 ], [ 141.5593835, 39.9285721 ], [ 141.5600418, 39.9255484 ], [ 141.5589544, 39.9236204 ], [ 141.5614314, 39.9215729 ], [ 141.5614545, 39.9187281 ], [ 141.5640512, 39.9157825 ], [ 141.5625882, 39.9126591 ], [ 141.5583719, 39.9086288 ], [ 141.555025600000022, 39.9071766 ], [ 141.5548144, 39.906253 ], [ 141.552135599999986, 39.9035099 ], [ 141.5499587, 39.9029163 ], [ 141.548685299999988, 39.9040224 ], [ 141.5462651, 39.9041083 ], [ 141.54395359999998, 39.9055256 ], [ 141.542422, 39.9051856 ], [ 141.5378819, 39.9064697 ], [ 141.536551299999985, 39.9084134 ], [ 141.533746899999983, 39.9077362 ], [ 141.5292747, 39.9082326 ], [ 141.526522699999987, 39.9105124 ], [ 141.5202271, 39.9098346 ], [ 141.5163404, 39.9107491 ], [ 141.5138835, 39.9100035 ], [ 141.5104158, 39.9065374 ], [ 141.507798799999989, 39.9060421 ], [ 141.503113899999988, 39.9032127 ], [ 141.499147099999988, 39.9053271 ], [ 141.49645959999998, 39.9046491 ], [ 141.4931316, 39.904778 ], [ 141.49003159999998, 39.9040474 ], [ 141.4872633, 39.9014007 ], [ 141.4854296, 39.9003083 ], [ 141.484193299999987, 39.8974185 ], [ 141.4822433, 39.8960304 ], [ 141.4829681, 39.8948118 ], [ 141.4819631, 39.8920957 ], [ 141.4866276, 39.8916734 ], [ 141.485576200000025, 39.8892204 ], [ 141.4875341, 39.8859203 ], [ 141.4874974, 39.8843831 ], [ 141.4841797, 39.8827797 ], [ 141.491826399999979, 39.8816711 ], [ 141.4928003, 39.8808244 ], [ 141.498604300000011, 39.8779336 ], [ 141.500181199999986, 39.8777527 ], [ 141.5061063, 39.8791835 ], [ 141.507111, 39.8769049 ], [ 141.5063538, 39.8754524 ], [ 141.50740829999998, 39.8711009 ], [ 141.5067421, 39.8640689 ], [ 141.5044196, 39.8611184 ], [ 141.503869400000013, 39.8556675 ], [ 141.5052925, 39.8550403 ], [ 141.507169299999987, 39.8499705 ], [ 141.5091974, 39.8489971 ], [ 141.5116505, 39.8463952 ], [ 141.5126467, 39.843144 ], [ 141.5143337, 39.8396779 ], [ 141.5138351, 39.8385926 ], [ 141.516578, 39.8356542 ], [ 141.5177209, 39.8306683 ], [ 141.518939499999988, 39.8284383 ], [ 141.518363199999982, 39.826535 ], [ 141.521111099999985, 39.8219505 ], [ 141.5203014, 39.8191641 ], [ 141.523361199999982, 39.8173901 ], [ 141.5257029, 39.8155318 ], [ 141.5273924, 39.8127137 ], [ 141.5252624, 39.8110967 ], [ 141.5236392, 39.8077779 ], [ 141.52218, 39.8066629 ], [ 141.516489399999983, 39.8090171 ], [ 141.5120249, 39.8076762 ], [ 141.5072463, 39.8080479 ], [ 141.504503699999987, 39.8101854 ], [ 141.5029151, 39.8101718 ], [ 141.4983096, 39.8078054 ], [ 141.500265, 39.8047479 ], [ 141.5000461, 39.8030751 ], [ 141.5014981, 39.8010987 ], [ 141.5001268, 39.797709 ], [ 141.4991861, 39.7941059 ], [ 141.495478599999984, 39.7934623 ], [ 141.489800799999983, 39.7910737 ], [ 141.4891476, 39.7881353 ], [ 141.487610099999984, 39.7843306 ], [ 141.4879585, 39.7820597 ], [ 141.486718599999989, 39.7802855 ], [ 141.4858542, 39.7778472 ], [ 141.4849314, 39.7769866 ], [ 141.4784089, 39.7757747 ], [ 141.4777637, 39.7751175 ], [ 141.4781176, 39.7719738 ], [ 141.4776874, 39.7692052 ], [ 141.475856100000016, 39.7672944 ], [ 141.474348599999985, 39.7649032 ], [ 141.4705392, 39.7645541 ], [ 141.4683384, 39.763508 ], [ 141.4595966, 39.76695 ], [ 141.4561869, 39.7663425 ], [ 141.4519991, 39.76653 ], [ 141.450423299999983, 39.7656777 ], [ 141.4458708, 39.7647655 ], [ 141.4413189, 39.7611558 ], [ 141.438853099999989, 39.7596919 ], [ 141.4345576, 39.7580966 ], [ 141.430056700000023, 39.7572727 ], [ 141.425371499999983, 39.7575372 ], [ 141.4221918, 39.7561633 ], [ 141.4207329, 39.7571825 ], [ 141.4182887, 39.757233299999989 ], [ 141.416209499999979, 39.7587311 ], [ 141.410487200000034, 39.7597961 ], [ 141.408928299999985, 39.7589786 ], [ 141.407665899999984, 39.7566811 ], [ 141.4043759, 39.7546989 ], [ 141.4018429, 39.7508808 ], [ 141.3974149, 39.7474108 ], [ 141.398948300000029, 39.7453427 ], [ 141.4015537, 39.7429452 ], [ 141.4017729, 39.7418804 ], [ 141.401029099999988, 39.7365229 ], [ 141.398966299999984, 39.7366229 ], [ 141.396589399999982, 39.7349132 ], [ 141.394847, 39.7293331 ], [ 141.397725399999985, 39.7258414 ], [ 141.3974335, 39.7231323 ], [ 141.3996353, 39.7197536 ], [ 141.3962253, 39.7168183 ], [ 141.3957279, 39.7135389 ], [ 141.395119599999987, 39.7129477 ], [ 141.3951827, 39.7093594 ], [ 141.396372499999984, 39.7073758 ], [ 141.3997722, 39.7058921 ], [ 141.40526509999998, 39.7029307 ], [ 141.4091824, 39.7029327 ], [ 141.4087338, 39.7011746 ], [ 141.4087653, 39.6956834 ], [ 141.408306499999981, 39.6930546 ], [ 141.4086599, 39.6917098 ], [ 141.405604399999987, 39.6882487 ], [ 141.4018605, 39.6855231 ], [ 141.3977516, 39.6846684 ], [ 141.3962594, 39.6827895 ], [ 141.396186700000015, 39.6814992 ], [ 141.3928922, 39.6798331 ], [ 141.3897623, 39.6763725 ], [ 141.3868918, 39.6747092 ], [ 141.3867354, 39.6731531 ], [ 141.384295899999984, 39.6719111 ], [ 141.378389799999979, 39.6716531 ], [ 141.3752098, 39.6701047 ], [ 141.372778399999987, 39.6702659 ], [ 141.3672359, 39.6682617 ], [ 141.3652303, 39.6681103 ], [ 141.3613964, 39.6658206 ], [ 141.357194, 39.6611644 ], [ 141.352354800000029, 39.6594092 ], [ 141.351052899999985, 39.6580544 ], [ 141.3487524, 39.6544036 ], [ 141.3500655, 39.6536322 ], [ 141.34521380000001, 39.6514944 ], [ 141.344925, 39.6502672 ], [ 141.345777, 39.6479644 ], [ 141.34477339999998, 39.6465563 ], [ 141.341807, 39.6449538 ], [ 141.339337799999981, 39.6448153 ], [ 141.336906199999987, 39.642172699999989 ], [ 141.340494299999989, 39.6396602 ], [ 141.3387032, 39.6372988 ], [ 141.3390063, 39.6363685 ], [ 141.3412386, 39.6346782 ], [ 141.3422564, 39.6330243 ], [ 141.341427, 39.6304168 ], [ 141.343396399999989, 39.6300568 ], [ 141.3466976, 39.6271768 ], [ 141.351132399999983, 39.6247642 ], [ 141.3535741, 39.6246992 ], [ 141.355955, 39.6240145 ], [ 141.3572423, 39.6218039 ], [ 141.361920699999985, 39.620005 ], [ 141.3688263, 39.6185611 ], [ 141.3705, 39.6174294 ], [ 141.3754548, 39.6155563 ], [ 141.3790904, 39.6148021 ], [ 141.3811451, 39.6131699 ], [ 141.3853949, 39.6115774 ], [ 141.390434199999987, 39.6101712 ], [ 141.393439199999989, 39.6097579 ], [ 141.3979593, 39.6060292 ], [ 141.400085500000017, 39.60476 ], [ 141.406057299999986, 39.602602499999989 ], [ 141.407610299999988, 39.6015225 ], [ 141.4088418, 39.5993289 ], [ 141.412668, 39.596591599999989 ], [ 141.4163873, 39.5911135 ], [ 141.416529, 39.5897743 ], [ 141.418991, 39.5896385 ], [ 141.4239478, 39.5872015 ], [ 141.427479200000022, 39.5851665 ], [ 141.4303654, 39.5843731 ], [ 141.43157069999998, 39.5830523 ], [ 141.4325469, 39.5795373 ], [ 141.4330703, 39.5761044 ], [ 141.433990599999987, 39.5747683 ], [ 141.4355755, 39.5698486 ], [ 141.4320285, 39.566781 ], [ 141.429910799999988, 39.5659074 ], [ 141.427607099999989, 39.5660377 ], [ 141.4247437, 39.5652541 ], [ 141.4226612, 39.5652419 ], [ 141.419877099999979, 39.563732699999989 ], [ 141.4215452, 39.5631966 ], [ 141.424316399999981, 39.5608799 ], [ 141.426652599999983, 39.5573218 ], [ 141.4283359, 39.5561821 ], [ 141.4288268, 39.5546274 ], [ 141.4321205, 39.5540948 ], [ 141.43731, 39.5550015 ], [ 141.439927499999982, 39.5564795 ], [ 141.4449837, 39.5564626 ], [ 141.448632, 39.5572476 ], [ 141.450571199999985, 39.558371699999988 ], [ 141.452635099999981, 39.5587959 ], [ 141.4551193, 39.5580767 ], [ 141.458694399999985, 39.557685899999989 ], [ 141.4621852, 39.5583247 ], [ 141.4708637, 39.5585305 ], [ 141.4732334, 39.5592855 ], [ 141.476674799999984, 39.5589386 ], [ 141.4831352, 39.5576835 ], [ 141.4889533, 39.5583493 ], [ 141.491229799999985, 39.5581437 ], [ 141.4930406, 39.5573104 ], [ 141.492657, 39.5557593 ], [ 141.492989600000016, 39.5526793 ], [ 141.4942719, 39.5505131 ], [ 141.4941733, 39.5483714 ], [ 141.4958823, 39.5471247 ], [ 141.4971807, 39.5444944 ], [ 141.496178499999985, 39.5424 ], [ 141.4964794, 39.5413747 ], [ 141.4991389, 39.539123 ], [ 141.500538399999982, 39.5362021 ], [ 141.5039524, 39.5351968 ], [ 141.5111894, 39.5321018 ], [ 141.5172049, 39.5288773 ], [ 141.5187147, 39.5261631 ], [ 141.521514699999983, 39.5266128 ], [ 141.5231303, 39.5254903 ], [ 141.5258617, 39.5248602 ], [ 141.528583699999984, 39.5235283 ], [ 141.5322884, 39.5251824 ], [ 141.5348632, 39.5248805 ], [ 141.538081299999988, 39.5239191 ], [ 141.5408744, 39.5247282 ], [ 141.5436441, 39.5249868 ], [ 141.5487331, 39.5246854 ], [ 141.551812499999983, 39.5255796 ], [ 141.552297899999985, 39.5225073 ], [ 141.5594391, 39.5207742 ], [ 141.564837899999986, 39.516700799999988 ], [ 141.565596299999982, 39.5147785 ], [ 141.5671939, 39.5138835 ], [ 141.570130299999988, 39.513391 ], [ 141.572157299999986, 39.5143041 ], [ 141.5753948, 39.5125618 ], [ 141.5769814, 39.5090931 ], [ 141.580000399999989, 39.5060789 ], [ 141.5825815, 39.5054347 ], [ 141.5837966, 39.5039433 ], [ 141.5897334, 39.5009216 ], [ 141.5899071, 39.4984994 ], [ 141.593338599999981, 39.4981766 ], [ 141.5953993, 39.4940296 ], [ 141.596785399999987, 39.4932051 ], [ 141.598493, 39.4903392 ], [ 141.5976667, 39.4884839 ], [ 141.6013912, 39.4877759 ], [ 141.6067496, 39.4888061 ], [ 141.610537699999981, 39.4886125 ], [ 141.6104339, 39.4837477 ], [ 141.609137299999986, 39.482138 ], [ 141.6091524, 39.4807721 ], [ 141.6112458, 39.4781346 ], [ 141.61364949999998, 39.4765307 ], [ 141.615312599999982, 39.4745598 ], [ 141.6173444, 39.4731948 ], [ 141.621569699999981, 39.4724803 ], [ 141.6232364, 39.4713108 ], [ 141.624597599999987, 39.4686202 ], [ 141.626398199999983, 39.4674311 ], [ 141.628840800000035, 39.4669527 ], [ 141.6288954, 39.4637963 ], [ 141.629918799999984, 39.4623301 ], [ 141.6301746, 39.4603357 ], [ 141.632083099999988, 39.4585917 ], [ 141.6324411, 39.4574695 ], [ 141.6365707, 39.4550589 ], [ 141.6405727, 39.4553194 ], [ 141.642948599999983, 39.4550361 ], [ 141.6468965, 39.4527519 ], [ 141.651181, 39.4515021 ], [ 141.6524092, 39.4544449 ], [ 141.6552098, 39.4564261 ], [ 141.659368699999987, 39.456143 ], [ 141.6611694, 39.4516435 ], [ 141.663095299999981, 39.4501982 ], [ 141.6686388, 39.4482212 ], [ 141.668963599999984, 39.4461836 ], [ 141.674761500000017, 39.4437816 ], [ 141.677101599999986, 39.4417944 ], [ 141.6781205, 39.441658 ], [ 141.679280299999988, 39.4395785 ], [ 141.6814331, 39.4389049 ], [ 141.6854137, 39.4389901 ], [ 141.688231799999983, 39.4399576 ], [ 141.69122059999998, 39.4433157 ], [ 141.6947634, 39.443684 ], [ 141.6979934, 39.4434726 ], [ 141.701827899999984, 39.4444457 ], [ 141.7043587, 39.4442809 ], [ 141.708722099999989, 39.4448193 ], [ 141.7142977, 39.4451389 ], [ 141.717476300000015, 39.4462306 ], [ 141.720839100000035, 39.4462725 ], [ 141.721783499999987, 39.4473289 ], [ 141.719511499999982, 39.4490987 ], [ 141.7163783, 39.4529637 ], [ 141.716327399999983, 39.4543657 ], [ 141.7147934, 39.4579804 ], [ 141.7148569, 39.462518599999989 ], [ 141.7115935, 39.4642753 ], [ 141.7085253, 39.4692023 ], [ 141.7082326, 39.4722089 ], [ 141.7050706, 39.4762771 ], [ 141.702181599999989, 39.4786357 ], [ 141.704262299999982, 39.4824413 ], [ 141.7052448, 39.483113 ], [ 141.704368099999982, 39.4852566 ], [ 141.70494, 39.4865944 ], [ 141.703293799999983, 39.4884208 ], [ 141.7038023, 39.4915306 ], [ 141.7049175, 39.4947622 ], [ 141.7058264, 39.4960192 ], [ 141.7065963, 39.498777 ], [ 141.708713499999988, 39.5007406 ], [ 141.710318199999989, 39.5037184 ], [ 141.7120684, 39.5051767 ], [ 141.715139, 39.5067923 ], [ 141.7197904, 39.5079236 ], [ 141.721680099999986, 39.5072677 ], [ 141.7246466, 39.5071119 ], [ 141.728253300000034, 39.5074377 ], [ 141.7295666, 39.5085433 ], [ 141.7328549, 39.5093027 ], [ 141.736498, 39.5108743 ], [ 141.7377837, 39.5143841 ], [ 141.7373839, 39.5169638 ], [ 141.738842299999988, 39.517678 ], [ 141.739818099999979, 39.5196238 ], [ 141.738645, 39.521149699999988 ], [ 141.7385138, 39.5227458 ], [ 141.7400288, 39.5247422 ], [ 141.7402032, 39.5260366 ], [ 141.741945099999981, 39.5278819 ], [ 141.743824, 39.5288047 ], [ 141.745605399999988, 39.5286369 ], [ 141.748317899999989, 39.5293407 ], [ 141.7501897, 39.5272366 ], [ 141.7533027, 39.5273143 ], [ 141.7558358, 39.526014599999989 ], [ 141.7586211, 39.5257859 ], [ 141.7611934, 39.5231365 ], [ 141.763257399999986, 39.5192836 ], [ 141.7653999, 39.5177761 ], [ 141.770015799999982, 39.5183867 ], [ 141.7746242, 39.5158502 ], [ 141.776740599999982, 39.5151447 ], [ 141.782006699999982, 39.5142916 ], [ 141.7819436, 39.510314 ], [ 141.785538699999989, 39.5065306 ], [ 141.7861859, 39.5045367 ], [ 141.7881657, 39.5042126 ], [ 141.793180200000023, 39.502085 ], [ 141.7982906, 39.4989741 ], [ 141.798898, 39.4954396 ], [ 141.805852, 39.4898329 ], [ 141.8068326, 39.4883512 ], [ 141.807308, 39.4851728 ], [ 141.809207800000024, 39.4833086 ], [ 141.809836499999989, 39.4817747 ], [ 141.81241319999998, 39.4795239 ], [ 141.814380199999988, 39.4784086 ], [ 141.8136935, 39.4725824 ], [ 141.8154874, 39.4705076 ], [ 141.8152708, 39.4687262 ], [ 141.817065, 39.4672932 ], [ 141.817225899999983, 39.4659687 ], [ 141.8202124, 39.4636456 ], [ 141.8228763, 39.4628642 ], [ 141.8278628, 39.4626005 ], [ 141.830728, 39.4638833 ], [ 141.834407299999981, 39.4617188 ], [ 141.8366409, 39.4616835 ], [ 141.8403396, 39.459536299999989 ], [ 141.840475, 39.4558487 ], [ 141.843001499999986, 39.4531453 ], [ 141.8432038, 39.4510523 ], [ 141.8465372, 39.449768899999988 ], [ 141.8497451, 39.4475816 ], [ 141.8528081, 39.4424601 ], [ 141.8586166, 39.4387709 ], [ 141.859285, 39.437127 ], [ 141.8611812, 39.4352747 ], [ 141.8598696, 39.4320516 ], [ 141.860960299999988, 39.4293702 ], [ 141.861750199999989, 39.4249563 ], [ 141.8631749, 39.4241035 ], [ 141.8657732, 39.420204 ], [ 141.8693121, 39.4188445 ], [ 141.8730942, 39.4179422 ], [ 141.8737873, 39.416770299999989 ], [ 141.876452, 39.4156197 ], [ 141.8787437, 39.4160991 ], [ 141.8802364, 39.4133079 ], [ 141.8818819, 39.4126899 ], [ 141.881641799999983, 39.4103901 ], [ 141.8827149, 39.4077301 ], [ 141.8839956, 39.4063445 ], [ 141.886799, 39.4047361 ], [ 141.8910005, 39.4028672 ], [ 141.8910292, 39.4012533 ], [ 141.892722599999985, 39.3997666 ], [ 141.897190099999989, 39.3993729 ], [ 141.9011501, 39.4005151 ], [ 141.9025859, 39.4013235 ], [ 141.9056512, 39.4020204 ], [ 141.906791, 39.4013535 ], [ 141.9089865, 39.4015209 ], [ 141.913543900000036, 39.4002045 ], [ 141.91627, 39.4003267 ], [ 141.9226209, 39.4011861 ], [ 141.9254402, 39.4037109 ], [ 141.9295888, 39.4056423 ], [ 141.931481599999984, 39.4059203 ], [ 141.9315575, 39.4042944 ], [ 141.9339904, 39.4019655 ], [ 141.938229, 39.4030799 ], [ 141.943628499999988, 39.4027693 ], [ 141.9469608, 39.4017273 ], [ 141.9497519, 39.4002584 ], [ 141.952938099999983, 39.3993545 ], [ 141.9559083, 39.4014234 ], [ 141.957453, 39.403646 ], [ 141.9577242, 39.405954699999988 ], [ 141.958983599999982, 39.4056434 ], [ 141.961654899999985, 39.4079001 ], [ 141.9632933, 39.4109084 ], [ 141.963296899999989, 39.4121451 ], [ 141.96653, 39.4137827 ], [ 141.9704826, 39.4187593 ], [ 141.972830099999982, 39.4197843 ], [ 141.972796099999982, 39.4222218 ], [ 141.9743796, 39.42234 ], [ 141.973935400000016, 39.4258344 ], [ 141.9762964, 39.4271493 ], [ 141.9811226, 39.4269683 ], [ 141.982470899999981, 39.4259756 ], [ 141.981937200000033, 39.4249113 ], [ 141.985219, 39.417711499999989 ], [ 141.9851332, 39.4165381 ], [ 141.981930899999981, 39.4150152 ], [ 141.981234299999983, 39.4104668 ], [ 141.9824453, 39.4085739 ], [ 141.99376479999998, 39.4091675 ], [ 141.9967987, 39.4098476 ], [ 141.996855, 39.4116031 ], [ 141.9981381, 39.4121915 ], [ 142.0012489, 39.4107229 ], [ 142.005116, 39.4109176 ], [ 142.005820299999982, 39.4144136 ], [ 142.0075213, 39.4154753 ], [ 142.010454, 39.4152199 ], [ 142.0110556, 39.4162933 ], [ 142.0090022, 39.417706 ], [ 142.007277599999981, 39.4197473 ], [ 142.0069345, 39.4220179 ], [ 142.007813, 39.4227228 ], [ 142.00797, 39.4248096 ], [ 142.010980499999988, 39.4264734 ], [ 142.0133064, 39.4264968 ], [ 142.015741099999985, 39.4249236 ], [ 142.01813439999998, 39.4244306 ], [ 142.019664399999982, 39.4214134 ], [ 142.0217509, 39.4210034 ], [ 142.0228416, 39.4185781 ], [ 142.0247732, 39.4177313 ], [ 142.025602, 39.4160281 ], [ 142.029069, 39.4157019 ], [ 142.031200399999989, 39.4161182 ], [ 142.0341065, 39.4182866 ], [ 142.0358775, 39.4183355 ], [ 142.0357907, 39.4205752 ], [ 142.0383741, 39.4244593 ], [ 142.0415112, 39.4262216 ], [ 142.044323099999986, 39.4257721 ], [ 142.0440404, 39.4273598 ], [ 142.041142, 39.4305971 ], [ 142.0425846, 39.4315178 ], [ 142.0418836, 39.4337166 ], [ 142.040057099999984, 39.4335148 ], [ 142.0405163, 39.435436 ], [ 142.038022899999987, 39.4367376 ], [ 142.0428684, 39.4398311 ], [ 142.042495299999985, 39.441538799999989 ], [ 142.0386976, 39.4426611 ], [ 142.03895, 39.4471827 ], [ 142.042302299999989, 39.4475203 ], [ 142.0443158, 39.4494321 ], [ 142.0477477, 39.45 ], [ 142.0475371, 39.4526577 ], [ 142.0480856, 39.4563686 ], [ 142.0515782, 39.4598892 ], [ 142.0540775, 39.4613107 ], [ 142.0543141, 39.4629577 ], [ 142.0599731, 39.4693763 ], [ 142.0588357, 39.4700077 ], [ 142.056631600000031, 39.4740871 ], [ 142.0523857, 39.4755673 ], [ 142.0520857, 39.4770633 ], [ 142.050757899999979, 39.4774183 ], [ 142.0492768, 39.4806978 ], [ 142.051039, 39.4816086 ], [ 142.051668, 39.4840605 ], [ 142.049933899999985, 39.4844356 ], [ 142.048516399999983, 39.4821805 ], [ 142.042623099999986, 39.483065599999989 ], [ 142.0398467, 39.481416 ], [ 142.035998899999981, 39.4823658 ], [ 142.032616099999984, 39.480115 ], [ 142.0320959, 39.4785591 ], [ 142.028647, 39.4758833 ], [ 142.026099499999987, 39.4754653 ], [ 142.026322199999981, 39.4732544 ], [ 142.022265399999981, 39.4720886 ], [ 142.021141799999981, 39.4711073 ], [ 142.017447, 39.469867699999988 ], [ 142.015502199999986, 39.4680033 ], [ 142.0122251, 39.4671001 ], [ 142.0112005, 39.4656237 ], [ 142.008895599999988, 39.4648596 ], [ 142.008944899999989, 39.4633784 ], [ 142.00421129999998, 39.4584819 ], [ 142.0037845, 39.4567808 ], [ 142.002325, 39.4550154 ], [ 142.003325599999982, 39.4488151 ], [ 142.0047452, 39.4460077 ], [ 142.002654399999983, 39.4454361 ], [ 141.9983935, 39.4495534 ], [ 141.996364, 39.4506207 ], [ 141.9958206, 39.451778 ], [ 141.9905638, 39.450033 ], [ 141.9881331, 39.4482143 ], [ 141.9841425, 39.4446065 ], [ 141.982261099999988, 39.4417256 ], [ 141.980590299999989, 39.441122299999989 ], [ 141.97959849999998, 39.4389672 ], [ 141.9743259, 39.4394637 ], [ 141.972530299999988, 39.4411023 ], [ 141.97264, 39.4430695 ], [ 141.97173490000003, 39.4445916 ], [ 141.9716751, 39.4479198 ], [ 141.9701024, 39.4495324 ], [ 141.9671955, 39.4476019 ], [ 141.964731300000011, 39.4480939 ], [ 141.9630115, 39.4476076 ], [ 141.9618758, 39.449452699999988 ], [ 141.9631272, 39.4500238 ], [ 141.9615356, 39.4542077 ], [ 141.9573643, 39.4569641 ], [ 141.961548, 39.4586813 ], [ 141.961905699999988, 39.4595313 ], [ 141.9573197, 39.4602296 ], [ 141.9544856, 39.4659987 ], [ 141.9537571, 39.4666215 ], [ 141.954458099999982, 39.4722392 ], [ 141.955961699999989, 39.4752302 ], [ 141.9582471, 39.4761907 ], [ 141.9605714, 39.4758235 ], [ 141.964661299999989, 39.4772842 ], [ 141.965384, 39.4762064 ], [ 141.969133299999982, 39.4803834 ], [ 141.971566699999983, 39.4814415 ], [ 141.9775928, 39.4817829 ], [ 141.9777588, 39.4828384 ], [ 141.980232199999989, 39.4825353 ], [ 141.97981249999998, 39.4814664 ], [ 141.9813438, 39.4805066 ], [ 141.983188, 39.4804838 ], [ 141.98825979999998, 39.4831088 ], [ 141.9912625, 39.4838183 ], [ 141.992975300000012, 39.4833829 ], [ 141.9964061, 39.4814088 ], [ 141.997596700000031, 39.4811885 ], [ 142.0007144, 39.4793411 ], [ 142.0025446, 39.4789437 ], [ 142.0052035, 39.4796021 ], [ 142.0067048, 39.4789587 ], [ 142.008905199999987, 39.4760382 ], [ 142.0124156, 39.4798327 ], [ 142.0114637, 39.4809049 ], [ 142.010445399999981, 39.4846093 ], [ 142.0107275, 39.4861032 ], [ 142.0092146, 39.4890026 ], [ 142.0100109, 39.4904315 ], [ 142.009076, 39.4916407 ], [ 142.009056, 39.4944812 ], [ 142.009833, 39.4963631 ] ] ], [ [ [ 141.9884414, 39.6714359 ], [ 141.9875123, 39.6720688 ], [ 141.9857544, 39.6694072 ], [ 141.987809299999981, 39.6681673 ], [ 141.9885562, 39.6694343 ], [ 141.9884414, 39.6714359 ] ] ] ] } },
{ "type": "Feature", "properties": { "hokenjo": "県央" }, "geometry": { "type": "MultiPolygon", "coordinates": [ [ [ [ 141.199072199999989, 39.5990413 ], [ 141.19717, 39.5972121 ], [ 141.1968761, 39.5992574 ], [ 141.194437099999988, 39.6040474 ], [ 141.194333699999987, 39.6059377 ], [ 141.193297, 39.607201 ], [ 141.1926186, 39.6096474 ], [ 141.1934378, 39.6113447 ], [ 141.1880038, 39.6129461 ], [ 141.185788, 39.6139883 ], [ 141.1838871, 39.6169886 ], [ 141.180855899999983, 39.6199286 ], [ 141.1812974, 39.6260276 ], [ 141.180104, 39.6293012 ], [ 141.1784695, 39.6311501 ], [ 141.177005300000019, 39.6316943 ], [ 141.1730744, 39.6317654 ], [ 141.1563509, 39.632706 ], [ 141.15147589999998, 39.6340694 ], [ 141.1533747, 39.6356897 ], [ 141.1496775, 39.6358427 ], [ 141.147757399999989, 39.6379433 ], [ 141.146323699999982, 39.6409645 ], [ 141.143479, 39.6413659 ], [ 141.1396186, 39.6437739 ], [ 141.13612329999998, 39.6434373 ], [ 141.1325788, 39.6506026 ], [ 141.127965599999982, 39.6506685 ], [ 141.1238854, 39.6494116 ], [ 141.1178559, 39.6453016 ], [ 141.115426499999984, 39.6433977 ], [ 141.115672099999983, 39.641611 ], [ 141.108287599999983, 39.640893 ], [ 141.1073888, 39.6370455 ], [ 141.1011963, 39.6341316 ], [ 141.0982965, 39.6341097 ], [ 141.094667, 39.6349261 ], [ 141.089773399999984, 39.6347642 ], [ 141.0855661, 39.6350667 ], [ 141.0799227, 39.6360054 ], [ 141.078019399999988, 39.6366495 ], [ 141.0744947, 39.6344612 ], [ 141.071468, 39.6349721 ], [ 141.0679221, 39.6343204 ], [ 141.0644404, 39.6356554 ], [ 141.0624531, 39.6401474 ], [ 141.058415, 39.6420296 ], [ 141.054960199999982, 39.642096599999988 ], [ 141.048984, 39.6450666 ], [ 141.046949, 39.6465644 ], [ 141.0468037, 39.6482772 ], [ 141.048837, 39.6495169 ], [ 141.0490556, 39.6513897 ], [ 141.050160799999986, 39.6523958 ], [ 141.0499941, 39.6541111 ], [ 141.0462402, 39.655998 ], [ 141.0442143, 39.6581167 ], [ 141.04355959999998, 39.6598192 ], [ 141.040481500000027, 39.6615142 ], [ 141.037641399999984, 39.661982 ], [ 141.0384287, 39.6589806 ], [ 141.0405616, 39.6563092 ], [ 141.039580199999989, 39.6552517 ], [ 141.037813699999987, 39.6555289 ], [ 141.0357924, 39.6531192 ], [ 141.0333724, 39.6536061 ], [ 141.0312918, 39.6532067 ], [ 141.0313382, 39.6508514 ], [ 141.022895399999982, 39.6486903 ], [ 141.018804, 39.6487151 ], [ 141.0162334, 39.6511042 ], [ 141.0137042, 39.6514801 ], [ 141.013277, 39.6537481 ], [ 141.0116103, 39.6549134 ], [ 141.012047199999984, 39.6585087 ], [ 141.010083, 39.659709 ], [ 141.0086265, 39.6621551 ], [ 141.0054084, 39.6625173 ], [ 141.0041909, 39.6633573 ], [ 141.001263099999989, 39.6628823 ], [ 140.9957511, 39.6662712 ], [ 141.000285599999984, 39.6685157 ], [ 141.003775, 39.6699198 ], [ 141.0051072, 39.6710143 ], [ 141.0072624, 39.6757921 ], [ 141.0092138, 39.6773882 ], [ 141.0127446, 39.6788176 ], [ 141.015099099999986, 39.6793559 ], [ 141.018430199999983, 39.6818829 ], [ 141.0148551, 39.6833184 ], [ 141.012499599999984, 39.6836259 ], [ 141.0125467, 39.6854218 ], [ 141.01143860000002, 39.6879851 ], [ 141.0139389, 39.687296 ], [ 141.0155229, 39.685141 ], [ 141.016017, 39.6880076 ], [ 141.0127178, 39.6885024 ], [ 141.0136589, 39.6922554 ], [ 141.015209699999986, 39.6929796 ], [ 141.020266599999985, 39.6966174 ], [ 141.0237008, 39.6987657 ], [ 141.027126, 39.7001296 ], [ 141.029851799999989, 39.7018107 ], [ 141.0314085, 39.700204899999989 ], [ 141.0334374, 39.7005824 ], [ 141.0356488, 39.7000176 ], [ 141.037563899999981, 39.6964751 ], [ 141.038860299999982, 39.6949648 ], [ 141.0447249, 39.6921137 ], [ 141.0458904, 39.6905681 ], [ 141.04810329999998, 39.6899651 ], [ 141.051326599999982, 39.6909764 ], [ 141.053217099999983, 39.6928273 ], [ 141.0581866, 39.6951562 ], [ 141.0642449, 39.6973001 ], [ 141.069968499999987, 39.697572 ], [ 141.073514099999983, 39.6986517 ], [ 141.0757074, 39.7000934 ], [ 141.0768588, 39.7020811 ], [ 141.078491, 39.7035961 ], [ 141.083570399999985, 39.7040917 ], [ 141.0835918, 39.7057981 ], [ 141.080536699999982, 39.7065314 ], [ 141.0789656, 39.7077323 ], [ 141.0783839, 39.7101048 ], [ 141.080758600000024, 39.7104551 ], [ 141.08046779999998, 39.7117703 ], [ 141.0786144, 39.7117387 ], [ 141.078711, 39.716012899999988 ], [ 141.080764499999987, 39.7217232 ], [ 141.077404199999989, 39.7229282 ], [ 141.077658899999989, 39.7239587 ], [ 141.076210799999984, 39.7250607 ], [ 141.07317, 39.7251804 ], [ 141.068119599999989, 39.726808 ], [ 141.0701674, 39.7295785 ], [ 141.071416299999981, 39.7300519 ], [ 141.0733521, 39.7293702 ], [ 141.074481600000013, 39.7276357 ], [ 141.0784825, 39.7268701 ], [ 141.0782169, 39.7258135 ], [ 141.0814628, 39.7252596 ], [ 141.080898099999985, 39.7232109 ], [ 141.0884615, 39.7218643 ], [ 141.0893101, 39.724902 ], [ 141.09879429999998, 39.7231639 ], [ 141.098651, 39.7255848 ], [ 141.09928069999998, 39.7269776 ], [ 141.09829449999998, 39.7281895 ], [ 141.099712499999981, 39.7309784 ], [ 141.1015684, 39.7311884 ], [ 141.1047747, 39.7336167 ], [ 141.106086399999981, 39.735587 ], [ 141.105328499999985, 39.738364 ], [ 141.105282599999981, 39.7424926 ], [ 141.10677819999998, 39.740779599999989 ], [ 141.110552899999988, 39.7427226 ], [ 141.11105569999998, 39.7452904 ], [ 141.117096799999985, 39.7471317 ], [ 141.119250699999981, 39.7485587 ], [ 141.121873699999981, 39.7476834 ], [ 141.1231296, 39.749519 ], [ 141.1180731, 39.7502571 ], [ 141.1163459, 39.7519635 ], [ 141.117828299999985, 39.7543887 ], [ 141.1216689, 39.7560149 ], [ 141.1220596, 39.7602077 ], [ 141.1255229, 39.763486 ], [ 141.1262179, 39.7654841 ], [ 141.128800399999989, 39.7679279 ], [ 141.1312881, 39.7679393 ], [ 141.1406557, 39.7699835 ], [ 141.1412929, 39.7711463 ], [ 141.146776499999987, 39.7716507 ], [ 141.147940399999982, 39.770719 ], [ 141.148104599999982, 39.7689084 ], [ 141.150534099999987, 39.7659126 ], [ 141.1552916, 39.7669331 ], [ 141.1597825, 39.7665509 ], [ 141.1636106, 39.7671689 ], [ 141.165845599999983, 39.7688169 ], [ 141.1663802, 39.7717361 ], [ 141.1641957, 39.774761399999988 ], [ 141.1648635, 39.7767048 ], [ 141.1674107, 39.7783554 ], [ 141.168102, 39.7795648 ], [ 141.16582409999998, 39.7873637 ], [ 141.1647907, 39.7889988 ], [ 141.1623194, 39.796478 ], [ 141.1625206, 39.7976752 ], [ 141.1660038, 39.8007052 ], [ 141.1650157, 39.801735 ], [ 141.1618116, 39.802225 ], [ 141.1605066, 39.8033444 ], [ 141.1619665, 39.8055403 ], [ 141.162211499999984, 39.8081023 ], [ 141.1579262, 39.8078231 ], [ 141.155671399999989, 39.8082862 ], [ 141.1516039, 39.8070392 ], [ 141.1481825, 39.8077598 ], [ 141.1479339, 39.8096651 ], [ 141.1491019, 39.8104667 ], [ 141.1542111, 39.811627 ], [ 141.1544113, 39.814264799999989 ], [ 141.1517668, 39.8167859 ], [ 141.1530962, 39.8197743 ], [ 141.15564759999998, 39.8211396 ], [ 141.1546343, 39.8223018 ], [ 141.150495299999989, 39.8233138 ], [ 141.1503142, 39.825301 ], [ 141.1489589, 39.826393 ], [ 141.1470036, 39.8266888 ], [ 141.142418599999985, 39.8241107 ], [ 141.1372747, 39.8253672 ], [ 141.135684699999985, 39.823953 ], [ 141.1340794, 39.8247355 ], [ 141.1345813, 39.8266639 ], [ 141.1324237, 39.8277194 ], [ 141.133646199999987, 39.8300503 ], [ 141.130083900000017, 39.8374787 ], [ 141.127244599999983, 39.8427421 ], [ 141.1236404, 39.8424946 ], [ 141.121494, 39.8429857 ], [ 141.115699, 39.8426002 ], [ 141.1115873, 39.8426399 ], [ 141.11113, 39.8448583 ], [ 141.1106354, 39.8524622 ], [ 141.11092069999998, 39.8538786 ], [ 141.1095578, 39.8603742 ], [ 141.1074611, 39.8642709 ], [ 141.1043746, 39.8682346 ], [ 141.1001344, 39.8774388 ], [ 141.098631, 39.8792369 ], [ 141.1000919, 39.878706 ], [ 141.1030997, 39.8797505 ], [ 141.1056461, 39.8788952 ], [ 141.1078841, 39.8790974 ], [ 141.1105474, 39.881271 ], [ 141.112458, 39.8816343 ], [ 141.116050799999982, 39.8833957 ], [ 141.1180764, 39.8829046 ], [ 141.120972200000011, 39.8839326 ], [ 141.129864699999985, 39.8832381 ], [ 141.133456199999983, 39.8824653 ], [ 141.1346831, 39.8848754 ], [ 141.13732, 39.8873251 ], [ 141.1407597, 39.8899604 ], [ 141.1429291, 39.8900843 ], [ 141.1461866, 39.8935081 ], [ 141.1486174, 39.897627899999989 ], [ 141.150115699999986, 39.8990312 ], [ 141.151391, 39.8979006 ], [ 141.153673199999986, 39.9001503 ], [ 141.1560618, 39.8991284 ], [ 141.1577857, 39.9011217 ], [ 141.1606926, 39.902524 ], [ 141.163044499999984, 39.9046473 ], [ 141.164958399999989, 39.9049456 ], [ 141.167867299999983, 39.9028623 ], [ 141.168647099999987, 39.9031495 ], [ 141.169020599999982, 39.9082784 ], [ 141.1668716, 39.9104701 ], [ 141.1621302, 39.9137874 ], [ 141.160933199999988, 39.9160896 ], [ 141.1589682, 39.9178691 ], [ 141.157685, 39.9218333 ], [ 141.1576192, 39.9239221 ], [ 141.1558511, 39.9268133 ], [ 141.1577361, 39.9269347 ], [ 141.160903, 39.9285452 ], [ 141.1631774, 39.9287085 ], [ 141.164724899999982, 39.9301763 ], [ 141.168662399999988, 39.9296827 ], [ 141.17057269999998, 39.9298299 ], [ 141.1730872, 39.9285904 ], [ 141.176605, 39.9278532 ], [ 141.180867299999989, 39.9273768 ], [ 141.1836142, 39.928321 ], [ 141.1854028, 39.9262993 ], [ 141.188306399999988, 39.9255954 ], [ 141.191719299999988, 39.9189793 ], [ 141.1911938, 39.9172281 ], [ 141.1921941, 39.9160851 ], [ 141.191778, 39.9140803 ], [ 141.1938355, 39.9143514 ], [ 141.195993099999981, 39.9130478 ], [ 141.1968498, 39.9100431 ], [ 141.194763099999989, 39.9083439 ], [ 141.1953082, 39.9064722 ], [ 141.1988926, 39.907785 ], [ 141.2059629, 39.9081964 ], [ 141.2106082, 39.9074025 ], [ 141.211667399999982, 39.9064394 ], [ 141.215925699999985, 39.9055839 ], [ 141.2172768, 39.9043169 ], [ 141.218314099999986, 39.9013997 ], [ 141.221217699999983, 39.9027683 ], [ 141.2248807, 39.9063611 ], [ 141.2284012, 39.906423 ], [ 141.2297163, 39.9050886 ], [ 141.2309505, 39.9026052 ], [ 141.23331, 39.9012933 ], [ 141.2368233, 39.903191 ], [ 141.240767399999982, 39.9032307 ], [ 141.2424255, 39.9020874 ], [ 141.2426231, 39.9003024 ], [ 141.245427799999987, 39.899908499999988 ], [ 141.2444855, 39.9022454 ], [ 141.2457344, 39.9036699 ], [ 141.2490238, 39.9027879 ], [ 141.251135299999987, 39.9014946 ], [ 141.254053299999981, 39.9035315 ], [ 141.2566094, 39.9039671 ], [ 141.2584305, 39.9035476 ], [ 141.26182129999998, 39.9045582 ], [ 141.26341, 39.9032201 ], [ 141.2677431, 39.9033012 ], [ 141.2692269, 39.9023315 ], [ 141.2697723, 39.8984231 ], [ 141.2684707, 39.8957073 ], [ 141.2703085, 39.893212 ], [ 141.272544899999986, 39.8934925 ], [ 141.2753957, 39.893052 ], [ 141.2754047, 39.8899719 ], [ 141.27467249999998, 39.8887839 ], [ 141.274620299999981, 39.8857689 ], [ 141.2761073, 39.8850258 ], [ 141.2766387, 39.8831863 ], [ 141.2756373, 39.8815658 ], [ 141.276679900000033, 39.8807977 ], [ 141.2761893, 39.8789319 ], [ 141.277357199999983, 39.8769419 ], [ 141.2766442, 39.8732963 ], [ 141.2776059, 39.8715057 ], [ 141.277899, 39.8677396 ], [ 141.279571799999985, 39.8674012 ], [ 141.283971899999983, 39.8639248 ], [ 141.2859488, 39.8637023 ], [ 141.2892253, 39.8617889 ], [ 141.2925764, 39.8622547 ], [ 141.2942387, 39.8608947 ], [ 141.2952551, 39.8589608 ], [ 141.2934998, 39.8567686 ], [ 141.2888882, 39.8551291 ], [ 141.286974099999981, 39.8529344 ], [ 141.2872427, 39.8489816 ], [ 141.286323, 39.8482599 ], [ 141.2870045, 39.8441757 ], [ 141.2881071, 39.8412698 ], [ 141.292153499999984, 39.8414357 ], [ 141.292972099999986, 39.8418493 ], [ 141.2954126, 39.8454729 ], [ 141.2999343, 39.8455521 ], [ 141.3034562, 39.8462745 ], [ 141.304693499999985, 39.8443473 ], [ 141.309778599999987, 39.8428547 ], [ 141.3092072, 39.8405264 ], [ 141.309269799999981, 39.8370053 ], [ 141.3108235, 39.8357997 ], [ 141.3149893, 39.8351466 ], [ 141.316485200000017, 39.8341046 ], [ 141.3202274, 39.8349721 ], [ 141.3247505, 39.8350904 ], [ 141.3278207, 39.837598 ], [ 141.3284368, 39.838598499999989 ], [ 141.3315174, 39.8408363 ], [ 141.3323234, 39.8441416 ], [ 141.3345517, 39.8471119 ], [ 141.3354555, 39.8490275 ], [ 141.3379047, 39.8487992 ], [ 141.340328299999982, 39.8498542 ], [ 141.340551399999981, 39.8477969 ], [ 141.3423503, 39.8461324 ], [ 141.344735899999989, 39.8474922 ], [ 141.349833099999984, 39.8476163 ], [ 141.3519053, 39.8486886 ], [ 141.3555498, 39.8489519 ], [ 141.358099, 39.8481352 ], [ 141.358996700000034, 39.8497186 ], [ 141.361767, 39.8523372 ], [ 141.364758099999989, 39.8531105 ], [ 141.3674603, 39.8521794 ], [ 141.3686395, 39.8511522 ], [ 141.3717031, 39.8520308 ], [ 141.374592899999982, 39.8508877 ], [ 141.375352099999986, 39.8494333 ], [ 141.3775118, 39.8496877 ], [ 141.38289709999998, 39.8484274 ], [ 141.3856227, 39.848653 ], [ 141.388987499999985, 39.8472666 ], [ 141.3905728, 39.8481619 ], [ 141.392177800000013, 39.8479252 ], [ 141.3946264, 39.8490235 ], [ 141.397241399999984, 39.8489113 ], [ 141.4001414, 39.8496941 ], [ 141.403443, 39.8496096 ], [ 141.404794399999986, 39.8506796 ], [ 141.407125, 39.8513569 ], [ 141.4078649, 39.8528466 ], [ 141.412529899999981, 39.8535855 ], [ 141.4146558, 39.8523521 ], [ 141.420175299999983, 39.8507468 ], [ 141.421076699999986, 39.849041 ], [ 141.423165899999987, 39.8480385 ], [ 141.4255106, 39.8498179 ], [ 141.4275489, 39.8501727 ], [ 141.4319969, 39.8552071 ], [ 141.4325519, 39.8565811 ], [ 141.430973699999981, 39.8637381 ], [ 141.4324417, 39.8666214 ], [ 141.4322077, 39.8690259 ], [ 141.434215900000027, 39.8775457 ], [ 141.434247200000016, 39.8814354 ], [ 141.4380361, 39.8819437 ], [ 141.440840799999989, 39.882766 ], [ 141.44247, 39.8840557 ], [ 141.4465022, 39.882704 ], [ 141.450045099999983, 39.8828223 ], [ 141.453938699999981, 39.8808515 ], [ 141.4559104, 39.8810967 ], [ 141.4587746, 39.8803843 ], [ 141.461901300000022, 39.8781545 ], [ 141.4638883, 39.8760259 ], [ 141.467767499999979, 39.875322 ], [ 141.4698128, 39.8743139 ], [ 141.4725742, 39.8744769 ], [ 141.47394, 39.8751586 ], [ 141.479156200000034, 39.8752861 ], [ 141.480046700000031, 39.8765667 ], [ 141.481193599999983, 39.8799734 ], [ 141.4841797, 39.8827797 ], [ 141.4874974, 39.8843831 ], [ 141.4875341, 39.8859203 ], [ 141.485576200000025, 39.8892204 ], [ 141.4866276, 39.8916734 ], [ 141.4819631, 39.8920957 ], [ 141.4829681, 39.8948118 ], [ 141.4822433, 39.8960304 ], [ 141.484193299999987, 39.8974185 ], [ 141.4854296, 39.9003083 ], [ 141.4872633, 39.9014007 ], [ 141.49003159999998, 39.9040474 ], [ 141.4931316, 39.904778 ], [ 141.49645959999998, 39.9046491 ], [ 141.499147099999988, 39.9053271 ], [ 141.503113899999988, 39.9032127 ], [ 141.507798799999989, 39.9060421 ], [ 141.5104158, 39.9065374 ], [ 141.5138835, 39.9100035 ], [ 141.5163404, 39.9107491 ], [ 141.5202271, 39.9098346 ], [ 141.526522699999987, 39.9105124 ], [ 141.5292747, 39.9082326 ], [ 141.533746899999983, 39.9077362 ], [ 141.536551299999985, 39.9084134 ], [ 141.5378819, 39.9064697 ], [ 141.542422, 39.9051856 ], [ 141.54395359999998, 39.9055256 ], [ 141.5462651, 39.9041083 ], [ 141.548685299999988, 39.9040224 ], [ 141.5499587, 39.9029163 ], [ 141.552135599999986, 39.9035099 ], [ 141.5548144, 39.906253 ], [ 141.555025600000022, 39.9071766 ], [ 141.5583719, 39.9086288 ], [ 141.5625882, 39.9126591 ], [ 141.5640512, 39.9157825 ], [ 141.5614545, 39.9187281 ], [ 141.5614314, 39.9215729 ], [ 141.5589544, 39.9236204 ], [ 141.5600418, 39.9255484 ], [ 141.5593835, 39.9285721 ], [ 141.5639659, 39.9298996 ], [ 141.565191700000014, 39.9314568 ], [ 141.5700961, 39.9337927 ], [ 141.5742569, 39.9364166 ], [ 141.5769113, 39.9365688 ], [ 141.5776937, 39.9387594 ], [ 141.581123099999985, 39.9405108 ], [ 141.5822564, 39.946153099999989 ], [ 141.5813274, 39.9481014 ], [ 141.5831191, 39.9500103 ], [ 141.5832943, 39.9520601 ], [ 141.584573899999981, 39.9539465 ], [ 141.58829609999998, 39.9552134 ], [ 141.5895467, 39.9561257 ], [ 141.5886688, 39.9590932 ], [ 141.5850638, 39.960546 ], [ 141.5845368, 39.964606 ], [ 141.5837909, 39.9663347 ], [ 141.5850706, 39.9679003 ], [ 141.5839225, 39.9691897 ], [ 141.583526899999981, 39.9715122 ], [ 141.580975199999983, 39.9731823 ], [ 141.5788909, 39.9772253 ], [ 141.579973099999989, 39.9784812 ], [ 141.5787378, 39.9808862 ], [ 141.5770728, 39.9809304 ], [ 141.5754608, 39.9828787 ], [ 141.5753972, 39.984936 ], [ 141.57179739999998, 39.9868035 ], [ 141.571066, 39.9886563 ], [ 141.5714384, 39.9900135 ], [ 141.5697567, 39.9919619 ], [ 141.5681989, 39.9946366 ], [ 141.567540799999989, 39.9968497 ], [ 141.5619434, 40.0027792 ], [ 141.5572823, 40.0045812 ], [ 141.5542069, 40.0082412 ], [ 141.5522152, 40.0094576 ], [ 141.551973799999985, 40.0111751 ], [ 141.548986499999984, 40.0144357 ], [ 141.5483859, 40.0172118 ], [ 141.549367499999988, 40.0193674 ], [ 141.548261, 40.0228544 ], [ 141.5457423, 40.025562699999988 ], [ 141.5428795, 40.0267849 ], [ 141.539254699999987, 40.0289808 ], [ 141.538046899999983, 40.0306083 ], [ 141.532548, 40.0315428 ], [ 141.53037329999998, 40.0341106 ], [ 141.529077, 40.038294799999989 ], [ 141.52792, 40.0404401 ], [ 141.5317789, 40.0432276 ], [ 141.5325546, 40.0465582 ], [ 141.530636, 40.0480646 ], [ 141.52890069999998, 40.0505874 ], [ 141.527794699999987, 40.0545743 ], [ 141.5251442, 40.0562749 ], [ 141.5250049, 40.0589099 ], [ 141.5262055, 40.0602785 ], [ 141.5255832, 40.0617594 ], [ 141.5259557, 40.0648008 ], [ 141.524652799999984, 40.0678577 ], [ 141.5262195, 40.0687814 ], [ 141.5254286, 40.0708253 ], [ 141.525172199999986, 40.0742547 ], [ 141.5231585, 40.0754653 ], [ 141.5215408, 40.0752511 ], [ 141.5198638, 40.0761634 ], [ 141.517711, 40.0793956 ], [ 141.5155215, 40.0813095 ], [ 141.5129887, 40.0797276 ], [ 141.5083904, 40.0788945 ], [ 141.5063523, 40.0799062 ], [ 141.504455399999983, 40.0793923 ], [ 141.5022152, 40.0776104 ], [ 141.4980243, 40.077917 ], [ 141.4965909, 40.0794837 ], [ 141.4964487, 40.0828112 ], [ 141.4934098, 40.0839454 ], [ 141.490266099999985, 40.0869296 ], [ 141.4864747, 40.0872496 ], [ 141.4856355, 40.0893002 ], [ 141.4864344, 40.0912541 ], [ 141.485965199999981, 40.0930446 ], [ 141.4830756, 40.0968647 ], [ 141.4836412, 40.0989852 ], [ 141.483743299999986, 40.1025719 ], [ 141.4802905, 40.1038272 ], [ 141.4760533, 40.1062261 ], [ 141.473590799999982, 40.1063808 ], [ 141.4693163, 40.1057025 ], [ 141.4671241, 40.1062539 ], [ 141.4653721, 40.1087034 ], [ 141.4644557, 40.1117889 ], [ 141.4621386, 40.116879 ], [ 141.4589561, 40.1159001 ], [ 141.4568534, 40.1133484 ], [ 141.4533198, 40.1124248 ], [ 141.451042, 40.1109231 ], [ 141.4508051, 40.108382 ], [ 141.449573499999985, 40.1072895 ], [ 141.445571, 40.1060506 ], [ 141.4403661, 40.1031 ], [ 141.4386327, 40.1030917 ], [ 141.4371094, 40.1046951 ], [ 141.4284094, 40.1043156 ], [ 141.427366, 40.1059481 ], [ 141.426921, 40.1087754 ], [ 141.425660099999988, 40.1085726 ], [ 141.4235268, 40.1068565 ], [ 141.4212837, 40.1080601 ], [ 141.417266499999982, 40.1076545 ], [ 141.4150454, 40.1065845 ], [ 141.4126774, 40.1078006 ], [ 141.412405899999982, 40.1095573 ], [ 141.4110206, 40.1101543 ], [ 141.410626399999984, 40.1122615 ], [ 141.410903099999985, 40.1147774 ], [ 141.4117975, 40.1162804 ], [ 141.408693, 40.1171213 ], [ 141.4088724, 40.1191013 ], [ 141.4077194, 40.1205077 ], [ 141.4073913, 40.1226543 ], [ 141.406084599999986, 40.1239724 ], [ 141.404601, 40.1238452 ], [ 141.403594, 40.1258807 ], [ 141.4005665, 40.1287636 ], [ 141.3976309, 40.1295191 ], [ 141.3955595, 40.1306099 ], [ 141.3947531, 40.1319616 ], [ 141.392832199999987, 40.1331608 ], [ 141.390676899999988, 40.1325808 ], [ 141.388045299999987, 40.134225 ], [ 141.386125, 40.134495 ], [ 141.38486469999998, 40.1358311 ], [ 141.385641, 40.1382453 ], [ 141.3878474, 40.1405086 ], [ 141.3886168, 40.1434814 ], [ 141.3908309, 40.1449231 ], [ 141.3921214, 40.146768699999988 ], [ 141.393549, 40.146567 ], [ 141.3953831, 40.1476314 ], [ 141.397301699999986, 40.1511517 ], [ 141.39651, 40.1518379 ], [ 141.3926339, 40.1530481 ], [ 141.3876855, 40.1522148 ], [ 141.385259099999985, 40.1536054 ], [ 141.3836905, 40.1523331 ], [ 141.381410500000015, 40.1524287 ], [ 141.380265799999989, 40.151282 ], [ 141.3782583, 40.1517304 ], [ 141.376561399999986, 40.1509706 ], [ 141.374192199999982, 40.151402 ], [ 141.3734495, 40.1503226 ], [ 141.3698947, 40.1508148 ], [ 141.3658503, 40.1518801 ], [ 141.3631158, 40.1508262 ], [ 141.36101979999998, 40.1487009 ], [ 141.3598792, 40.146404 ], [ 141.3574529, 40.1452851 ], [ 141.355610899999988, 40.1434084 ], [ 141.3538537, 40.1440417 ], [ 141.349061799999987, 40.1441779 ], [ 141.345486699999981, 40.1459301 ], [ 141.342020599999984, 40.1447993 ], [ 141.3381454, 40.1429106 ], [ 141.3376371, 40.1416556 ], [ 141.3354712, 40.1404539 ], [ 141.335425099999981, 40.1392581 ], [ 141.331697099999985, 40.1389106 ], [ 141.331203499999987, 40.1374581 ], [ 141.328876, 40.1349423 ], [ 141.3289469, 40.1339061 ], [ 141.331072399999982, 40.13242 ], [ 141.3309955, 40.131644699999988 ], [ 141.33293, 40.1297089 ], [ 141.3317356, 40.1283411 ], [ 141.3352945, 40.1275597 ], [ 141.337729699999983, 40.1296139 ], [ 141.3414119, 40.1309756 ], [ 141.343739199999987, 40.1306442 ], [ 141.3458209, 40.1291891 ], [ 141.344000099999988, 40.1277197 ], [ 141.3437998, 40.1260561 ], [ 141.3409576, 40.1245169 ], [ 141.3417437, 40.1223086 ], [ 141.338531599999982, 40.117441899999989 ], [ 141.338223299999981, 40.1149199 ], [ 141.3361347, 40.1115749 ], [ 141.337028900000035, 40.1105154 ], [ 141.3374297, 40.1077921 ], [ 141.3390867, 40.1051279 ], [ 141.340233399999988, 40.104441 ], [ 141.340642, 40.0994623 ], [ 141.3399718, 40.0982782 ], [ 141.3408966, 40.0968693 ], [ 141.3401335, 40.0946962 ], [ 141.3410508, 40.0919256 ], [ 141.344534399999986, 40.0902384 ], [ 141.3456194, 40.0905045 ], [ 141.3483631, 40.0867395 ], [ 141.3476887, 40.0851497 ], [ 141.352046799999982, 40.0813911 ], [ 141.3531371, 40.0787936 ], [ 141.352381300000019, 40.077113 ], [ 141.3556063, 40.0759111 ], [ 141.3572311, 40.0740877 ], [ 141.3594364, 40.0739777 ], [ 141.36511059999998, 40.0708577 ], [ 141.3644334, 40.0679457 ], [ 141.3607093, 40.065653499999989 ], [ 141.358022, 40.0653235 ], [ 141.3536657, 40.0633841 ], [ 141.3521901, 40.0621449 ], [ 141.348947899999985, 40.0607554 ], [ 141.347472399999987, 40.0607554 ], [ 141.34485429999998, 40.0620291 ], [ 141.3423779, 40.0607088 ], [ 141.343130699999989, 40.0599043 ], [ 141.3426341, 40.0576932 ], [ 141.3403927, 40.055609 ], [ 141.337511299999989, 40.0558871 ], [ 141.333522099999982, 40.0555965 ], [ 141.3328593, 40.0577046 ], [ 141.329609, 40.0588452 ], [ 141.3264643, 40.0564485 ], [ 141.3233932, 40.0560779 ], [ 141.3218665, 40.0571257 ], [ 141.3190965, 40.055111 ], [ 141.316539, 40.0549835 ], [ 141.3126115, 40.0521354 ], [ 141.309269500000028, 40.054318 ], [ 141.3072312, 40.0545207 ], [ 141.3053931, 40.056116599999989 ], [ 141.3031378, 40.0553599 ], [ 141.2988322, 40.0568708 ], [ 141.2986741, 40.0585094 ], [ 141.2968238, 40.0598525 ], [ 141.293106900000026, 40.0603616 ], [ 141.2897499, 40.05969 ], [ 141.2900378, 40.0549613 ], [ 141.2894039, 40.0535597 ], [ 141.2891859, 40.0496407 ], [ 141.2900668, 40.0479969 ], [ 141.2927149, 40.0466482 ], [ 141.293942099999981, 40.0443846 ], [ 141.297493799999984, 40.0427987 ], [ 141.2987583, 40.0408654 ], [ 141.2959076, 40.0352446 ], [ 141.29228150000003, 40.0332648 ], [ 141.287269899999984, 40.031169 ], [ 141.2818667, 40.037259299999988 ], [ 141.2800153, 40.0384726 ], [ 141.2772138, 40.0417552 ], [ 141.273778199999981, 40.0424346 ], [ 141.2689174, 40.0422841 ], [ 141.2619484, 40.0439338 ], [ 141.253890399999989, 40.0418496 ], [ 141.2519632, 40.0418844 ], [ 141.2503073, 40.0435863 ], [ 141.246628099999981, 40.045763 ], [ 141.2473503, 40.0494677 ], [ 141.244970599999988, 40.0502169 ], [ 141.244860200000034, 40.0518725 ], [ 141.2435577, 40.054005 ], [ 141.240635199999986, 40.0545086 ], [ 141.2384611, 40.0539275 ], [ 141.2362497, 40.0541414 ], [ 141.2338824, 40.0553403 ], [ 141.2301282, 40.058392499999989 ], [ 141.227917100000013, 40.0596031 ], [ 141.225003499999985, 40.0592914 ], [ 141.223546, 40.0579473 ], [ 141.2222404, 40.0582664 ], [ 141.2192332, 40.0576939 ], [ 141.2172491, 40.0586964 ], [ 141.2121018, 40.0586961 ], [ 141.209982699999983, 40.0591987 ], [ 141.206134099999986, 40.0592923 ], [ 141.2016385, 40.0584197 ], [ 141.1892421, 40.0605481 ], [ 141.18708239999998, 40.0614545 ], [ 141.183611499999984, 40.065446699999988 ], [ 141.180909499999984, 40.0660434 ], [ 141.1793131, 40.0671187 ], [ 141.177525799999984, 40.0698185 ], [ 141.17114909999998, 40.0754296 ], [ 141.1659282, 40.0785094 ], [ 141.162450399999983, 40.0793205 ], [ 141.1588759, 40.0806874 ], [ 141.1618206, 40.0837911 ], [ 141.1614639, 40.08529 ], [ 141.1591736, 40.0864497 ], [ 141.1578575, 40.0888022 ], [ 141.1555486, 40.0893519 ], [ 141.1534499, 40.091122299999988 ], [ 141.152420799999987, 40.0930742 ], [ 141.1482677, 40.093065 ], [ 141.146818199999984, 40.095342599999988 ], [ 141.1430293, 40.0960276 ], [ 141.139597899999984, 40.0953054 ], [ 141.137827099999981, 40.0956917 ], [ 141.1324988, 40.0946204 ], [ 141.128224599999982, 40.0958832 ], [ 141.128285399999982, 40.0973084 ], [ 141.1295518, 40.0994374 ], [ 141.1274828, 40.1021551 ], [ 141.125285, 40.1037377 ], [ 141.124575199999981, 40.1104135 ], [ 141.1238416, 40.1111077 ], [ 141.1226041, 40.1146527 ], [ 141.1187257, 40.117754399999988 ], [ 141.1153754, 40.1183008 ], [ 141.1142462, 40.1196858 ], [ 141.109818099999984, 40.1219889 ], [ 141.1087995, 40.122957299999989 ], [ 141.10907, 40.1310993 ], [ 141.1070905, 40.1342976 ], [ 141.1062196, 40.1366423 ], [ 141.103718, 40.1369271 ], [ 141.0987988, 40.136409 ], [ 141.0969366, 40.1371068 ], [ 141.094708, 40.1369774 ], [ 141.0931391, 40.1379063 ], [ 141.089338, 40.1378174 ], [ 141.087648, 40.138306 ], [ 141.0855732, 40.1378666 ], [ 141.082846, 40.1384407 ], [ 141.080294899999984, 40.1409411 ], [ 141.078476599999988, 40.1397752 ], [ 141.0769738, 40.1375961 ], [ 141.069472099999984, 40.1383511 ], [ 141.0678891, 40.1396736 ], [ 141.0620549, 40.1403717 ], [ 141.0610874, 40.1411714 ], [ 141.061834799999986, 40.1429956 ], [ 141.061387599999989, 40.1443525 ], [ 141.058184, 40.1447636 ], [ 141.0562926, 40.1460586 ], [ 141.055471499999982, 40.1475111 ], [ 141.053059499999989, 40.1499831 ], [ 141.04781, 40.1520153 ], [ 141.0441078, 40.1523534 ], [ 141.0421944, 40.1537045 ], [ 141.037759199999982, 40.154724 ], [ 141.0351566, 40.1573423 ], [ 141.0349216, 40.1588287 ], [ 141.033382099999983, 40.1612948 ], [ 141.0321577, 40.1643468 ], [ 141.0287851, 40.1674268 ], [ 141.026065099999983, 40.1677646 ], [ 141.0276637, 40.1708879 ], [ 141.0257915, 40.1729052 ], [ 141.025889799999987, 40.1750654 ], [ 141.0293553, 40.1800027 ], [ 141.031495799999988, 40.1816704 ], [ 141.029820799999982, 40.1835427 ], [ 141.0290599, 40.1874707 ], [ 141.0306238, 40.1886774 ], [ 141.0296324, 40.1900227 ], [ 141.0277223, 40.1956433 ], [ 141.0290637, 40.1985172 ], [ 141.02845259999998, 40.2002511 ], [ 141.0286534, 40.2030108 ], [ 141.026781699999987, 40.205105 ], [ 141.0316914, 40.2073414 ], [ 141.0297639, 40.2102539 ], [ 141.0307894, 40.211460599999988 ], [ 141.0301955, 40.2129617 ], [ 141.0279008, 40.2147576 ], [ 141.030019899999985, 40.2171087 ], [ 141.0284902, 40.2196434 ], [ 141.025978, 40.2216809 ], [ 141.0238147, 40.2212632 ], [ 141.0223705, 40.2202673 ], [ 141.0161783, 40.2196737 ], [ 141.015843599999982, 40.2180443 ], [ 141.0129306, 40.2177523 ], [ 141.0104575, 40.218914 ], [ 141.0060317, 40.2179182 ], [ 141.001767299999983, 40.2205985 ], [ 140.996489199999985, 40.2191524 ], [ 140.9929951, 40.2210552 ], [ 140.9914039, 40.2227482 ], [ 140.9883476, 40.2221613 ], [ 140.986189599999989, 40.2209963 ], [ 140.9839743, 40.2209438 ], [ 140.980057599999981, 40.2196335 ], [ 140.979144, 40.2199194 ], [ 140.9781807, 40.2222749 ], [ 140.9759196, 40.2235649 ], [ 140.9759612, 40.225763 ], [ 140.972128199999986, 40.2268111 ], [ 140.968527599999987, 40.2265366 ], [ 140.969425699999988, 40.228246899999988 ], [ 140.968607, 40.23083 ], [ 140.9686451, 40.23292 ], [ 140.9662817, 40.23482 ], [ 140.967172, 40.2357831 ], [ 140.967206399999981, 40.2376836 ], [ 140.9653681, 40.2397178 ], [ 140.9631106, 40.2407831 ], [ 140.959194200000013, 40.2414864 ], [ 140.954931099999982, 40.2451115 ], [ 140.9550739, 40.2476281 ], [ 140.9517253, 40.2469537 ], [ 140.9467711, 40.2469462 ], [ 140.9444945, 40.2461643 ], [ 140.9434439, 40.2435162 ], [ 140.940092, 40.240240899999989 ], [ 140.9412932, 40.2370881 ], [ 140.9408463, 40.232342 ], [ 140.9421241, 40.2304178 ], [ 140.9422066, 40.2286864 ], [ 140.9409599, 40.2268984 ], [ 140.93796660000001, 40.2273284 ], [ 140.93410609999998, 40.2260734 ], [ 140.930953599999981, 40.2264942 ], [ 140.9242255, 40.2258737 ], [ 140.9177608, 40.2234301 ], [ 140.9155855, 40.2238059 ], [ 140.910723300000029, 40.2230846 ], [ 140.9096294, 40.2235143 ], [ 140.9054808, 40.2221377 ], [ 140.9042556, 40.2181482 ], [ 140.9018781, 40.2163063 ], [ 140.8985418, 40.2156174 ], [ 140.8957873, 40.2136463 ], [ 140.8991087, 40.2123871 ], [ 140.898299899999984, 40.2089943 ], [ 140.8920527, 40.2022109 ], [ 140.88952519999998, 40.2005356 ], [ 140.8901808, 40.1978901 ], [ 140.891247199999981, 40.1969456 ], [ 140.892362500000019, 40.1922795 ], [ 140.8799335, 40.1831514 ], [ 140.878701799999988, 40.1827003 ], [ 140.87735379999998, 40.1808628 ], [ 140.8725071, 40.1782781 ], [ 140.8684977, 40.1778264 ], [ 140.8639808, 40.1751312 ], [ 140.860308799999984, 40.1732717 ], [ 140.85926, 40.1715845 ], [ 140.8599853, 40.1687917 ], [ 140.861495, 40.1673336 ], [ 140.861495, 40.1659108 ], [ 140.8637823, 40.16375 ], [ 140.8669387, 40.1622394 ], [ 140.869111799999985, 40.159481 ], [ 140.8754784, 40.1607768 ], [ 140.8824032, 40.1590034 ], [ 140.8836068, 40.1573171 ], [ 140.882273199999986, 40.1559179 ], [ 140.88315129999998, 40.153582 ], [ 140.882371, 40.1508462 ], [ 140.8794924, 40.149022 ], [ 140.877186599999987, 40.146224 ], [ 140.876861599999984, 40.1449873 ], [ 140.8745444, 40.1431001 ], [ 140.8746339, 40.1395067 ], [ 140.870800799999984, 40.1370159 ], [ 140.868935, 40.1342312 ], [ 140.8669889, 40.1323678 ], [ 140.867202599999985, 40.1306273 ], [ 140.8728132, 40.1242133 ], [ 140.8740368, 40.1223858 ], [ 140.8708232, 40.1175905 ], [ 140.87150459999998, 40.1158147 ], [ 140.878670699999986, 40.1150324 ], [ 140.880962399999987, 40.1139346 ], [ 140.8804988, 40.1122227 ], [ 140.8792244, 40.1111052 ], [ 140.8796486, 40.1070982 ], [ 140.8793799, 40.105721 ], [ 140.8774919, 40.1053282 ], [ 140.8769311, 40.1024879 ], [ 140.8773311, 40.0980863 ], [ 140.8756578, 40.0964151 ], [ 140.875335899999982, 40.0945657 ], [ 140.8737523, 40.0939226 ], [ 140.8720923, 40.0911735 ], [ 140.8694156, 40.0903407 ], [ 140.8674935, 40.0890204 ], [ 140.866544, 40.0873529 ], [ 140.863313799999986, 40.0849451 ], [ 140.8614829, 40.084719 ], [ 140.8589704, 40.0860863 ], [ 140.8575266, 40.0861996 ], [ 140.8540969, 40.0843815 ], [ 140.853575799999987, 40.0816276 ], [ 140.8516438, 40.081279 ], [ 140.8513247, 40.0778548 ], [ 140.8493086, 40.0770987 ], [ 140.8468556, 40.0753796 ], [ 140.8444778, 40.0745909 ], [ 140.844410899999986, 40.0731054 ], [ 140.8472348, 40.0651964 ], [ 140.8487721, 40.0629667 ], [ 140.8509651, 40.0614997 ], [ 140.850176299999987, 40.0583597 ], [ 140.8513271, 40.056525 ], [ 140.851141899999988, 40.0534239 ], [ 140.8523344, 40.0521578 ], [ 140.855365799999987, 40.0466989 ], [ 140.8556184, 40.0439338 ], [ 140.8544167, 40.0422799 ], [ 140.8553234, 40.0385586 ], [ 140.854617599999983, 40.0362194 ], [ 140.852290899999986, 40.0344619 ], [ 140.850409, 40.0317099 ], [ 140.851778199999984, 40.0294866 ], [ 140.850761799999987, 40.0286661 ], [ 140.8523327, 40.0267083 ], [ 140.851686299999983, 40.0257324 ], [ 140.854618, 40.0242013 ], [ 140.855601, 40.0221924 ], [ 140.8530977, 40.0201502 ], [ 140.8531647, 40.0184055 ], [ 140.8557947, 40.015841 ], [ 140.8554672, 40.0139219 ], [ 140.8537786, 40.0125585 ], [ 140.851687199999986, 40.0118607 ], [ 140.848998599999987, 40.0080683 ], [ 140.8491745, 40.0055033 ], [ 140.8484856, 40.0038752 ], [ 140.8509187, 39.999558 ], [ 140.8505548, 39.9958444 ], [ 140.850807299999985, 39.9937535 ], [ 140.8494815, 39.9892738 ], [ 140.848149299999989, 39.9878124 ], [ 140.84836020000003, 39.986483799999988 ], [ 140.8478341, 39.9809224 ], [ 140.846883, 39.9761727 ], [ 140.8453322, 39.9750994 ], [ 140.8462619, 39.9737488 ], [ 140.846146899999979, 39.9721324 ], [ 140.8477102, 39.9694749 ], [ 140.84715, 39.965603 ], [ 140.848790899999983, 39.9619449 ], [ 140.848064199999982, 39.9583588 ], [ 140.852481399999988, 39.9575379 ], [ 140.854525099999989, 39.9564135 ], [ 140.8548534, 39.9549065 ], [ 140.857209, 39.9530321 ], [ 140.85578289999998, 39.9510107 ], [ 140.856551, 39.9497482 ], [ 140.856034599999987, 39.947824 ], [ 140.856918, 39.9442012 ], [ 140.855448, 39.942719 ], [ 140.8531639, 39.9416409 ], [ 140.8530853, 39.9382659 ], [ 140.852267, 39.9364026 ], [ 140.8533498, 39.93414 ], [ 140.8570712, 39.9310683 ], [ 140.857458799999989, 39.9281969 ], [ 140.8558344, 39.9256869 ], [ 140.8560827, 39.9244358 ], [ 140.8546949, 39.9232891 ], [ 140.858609699999988, 39.9202405 ], [ 140.8626167, 39.9176568 ], [ 140.86469839999998, 39.9168046 ], [ 140.868054299999983, 39.9116609 ], [ 140.868340400000022, 39.9077803 ], [ 140.8680166, 39.9021223 ], [ 140.8670146, 39.9008311 ], [ 140.867652199999981, 39.8996375 ], [ 140.8728261, 39.8961961 ], [ 140.8748325, 39.8941127 ], [ 140.874506599999989, 39.8934994 ], [ 140.876165, 39.8912757 ], [ 140.878700899999984, 39.8862201 ], [ 140.879632, 39.8833237 ], [ 140.8793521, 39.8782261 ], [ 140.877884099999989, 39.8742911 ], [ 140.873773, 39.8731184 ], [ 140.870149699999985, 39.8710081 ], [ 140.8662673, 39.8715857 ], [ 140.8633451, 39.8713868 ], [ 140.857337600000022, 39.8696052 ], [ 140.8562838, 39.8672883 ], [ 140.8529244, 39.8657874 ], [ 140.8479902, 39.8677306 ], [ 140.8452519, 39.8694617 ], [ 140.843089099999986, 39.8714759 ], [ 140.844524899999982, 39.8724928 ], [ 140.844241, 39.8735742 ], [ 140.8420702, 39.8745076 ], [ 140.8375541, 39.875711 ], [ 140.835651399999989, 39.8748099 ], [ 140.832486900000021, 39.8751446 ], [ 140.832846099999983, 39.8767663 ], [ 140.8350504, 39.8793277 ], [ 140.8340318, 39.8812135 ], [ 140.832486, 39.8824171 ], [ 140.830258499999985, 39.882018 ], [ 140.8287224, 39.8831177 ], [ 140.8285137, 39.8848039 ], [ 140.826242899999983, 39.8861414 ], [ 140.823855399999985, 39.8857231 ], [ 140.8233716, 39.8835028 ], [ 140.8221527, 39.8827106 ], [ 140.818037799999985, 39.8820609 ], [ 140.816818899999987, 39.8824987 ], [ 140.816167799999988, 39.879757 ], [ 140.813977599999987, 39.8790962 ], [ 140.8065924, 39.8794521 ], [ 140.799514, 39.8816788 ], [ 140.797331, 39.8804635 ], [ 140.796526299999982, 39.8777863 ], [ 140.791324799999984, 39.8742752 ], [ 140.788094299999983, 39.8741986 ], [ 140.7845888, 39.8714019 ], [ 140.7840611, 39.8691661 ], [ 140.782236399999988, 39.8678486 ], [ 140.782790399999982, 39.8629447 ], [ 140.783393499999988, 39.8604116 ], [ 140.787417299999987, 39.8592924 ], [ 140.7874421, 39.8585999 ], [ 140.7839352, 39.8564661 ], [ 140.7869666, 39.8534563 ], [ 140.7885911, 39.8523371 ], [ 140.7891942, 39.8491494 ], [ 140.787594, 39.8465211 ], [ 140.786917099999982, 39.8441494 ], [ 140.785010199999988, 39.8422705 ], [ 140.7862164, 39.8403733 ], [ 140.7858598, 39.8369674 ], [ 140.7861737, 39.8351588 ], [ 140.7830185, 39.8312394 ], [ 140.78320549999998, 39.8288605 ], [ 140.7839391, 39.8278908 ], [ 140.7882641, 39.8264127 ], [ 140.7867664, 39.8233522 ], [ 140.788955099999981, 39.8231094 ], [ 140.791899199999989, 39.8216707 ], [ 140.7943742, 39.8212563 ], [ 140.7977759, 39.8194552 ], [ 140.7996918, 39.816679099999988 ], [ 140.8011612, 39.8166396 ], [ 140.803394299999979, 39.8152701 ], [ 140.8087348, 39.8167545 ], [ 140.8105564, 39.8182006 ], [ 140.813087, 39.8178456 ], [ 140.816094199999981, 39.8159556 ], [ 140.81803309999998, 39.81659 ], [ 140.8225195, 39.8147758 ], [ 140.8246068, 39.81007 ], [ 140.8266768, 39.809513 ], [ 140.828615899999988, 39.8100077 ], [ 140.8319026, 39.8071791 ], [ 140.834876799999989, 39.8066085 ], [ 140.8382126, 39.8050098 ], [ 140.8397079, 39.8055679 ], [ 140.8416473, 39.8049209 ], [ 140.8440632, 39.8006081 ], [ 140.845755699999984, 39.7999864 ], [ 140.8472018, 39.7982614 ], [ 140.8482706, 39.7932514 ], [ 140.8458712, 39.7917797 ], [ 140.8439651, 39.7913995 ], [ 140.840038, 39.7885073 ], [ 140.834631799999983, 39.7808846 ], [ 140.830391600000013, 39.7787538 ], [ 140.828025599999989, 39.7762422 ], [ 140.825576499999983, 39.7743273 ], [ 140.822207599999984, 39.7745428 ], [ 140.8195285, 39.7718537 ], [ 140.817951099999988, 39.7676298 ], [ 140.816126699999984, 39.765486 ], [ 140.8167348, 39.7641796 ], [ 140.8157654, 39.7625307 ], [ 140.8112136, 39.7596769 ], [ 140.80846889999998, 39.7593725 ], [ 140.8053304, 39.7566453 ], [ 140.8068423, 39.7537669 ], [ 140.8060673, 39.7476066 ], [ 140.8037273, 39.7447521 ], [ 140.801860399999981, 39.7439496 ], [ 140.7975226, 39.7411766 ], [ 140.788281399999988, 39.7382402 ], [ 140.785692, 39.7378947 ], [ 140.780816099999981, 39.7379861 ], [ 140.7792914, 39.7363811 ], [ 140.7748225, 39.7345527 ], [ 140.7750197, 39.7330088 ], [ 140.778502799999984, 39.7328157 ], [ 140.781947, 39.7313024 ], [ 140.7839975, 39.7290779 ], [ 140.7833009, 39.7271279 ], [ 140.783472, 39.7254521 ], [ 140.785496099999989, 39.7251268 ], [ 140.788729499999988, 39.7226792 ], [ 140.787822799999987, 39.7214192 ], [ 140.7892814, 39.7192461 ], [ 140.790109799999982, 39.7160364 ], [ 140.7919239, 39.7155283 ], [ 140.79333029999998, 39.7132327 ], [ 140.794460599999979, 39.709596 ], [ 140.7991261, 39.7108154 ], [ 140.8007686, 39.7104599 ], [ 140.8053031, 39.7107951 ], [ 140.809903599999984, 39.7080225 ], [ 140.810350799999981, 39.7053811 ], [ 140.809154399999983, 39.7034714 ], [ 140.8099167, 39.7013994 ], [ 140.809891400000026, 39.6984438 ], [ 140.8112581, 39.697011599999989 ], [ 140.811350299999987, 39.695538 ], [ 140.8128753, 39.6938218 ], [ 140.8156094, 39.6923793 ], [ 140.8157147, 39.6909693 ], [ 140.822589099999988, 39.6878803 ], [ 140.821261099999987, 39.6856253 ], [ 140.8192108, 39.6840406 ], [ 140.8192108, 39.6820597 ], [ 140.8184092, 39.6800994 ], [ 140.819657799999987, 39.679165 ], [ 140.820341899999988, 39.6772352 ], [ 140.81948749999998, 39.6753563 ], [ 140.821906399999989, 39.673101 ], [ 140.8216828, 39.6702266 ], [ 140.822980600000022, 39.6654518 ], [ 140.821925599999986, 39.6639521 ], [ 140.8214568, 39.6591581 ], [ 140.8207821, 39.6580715 ], [ 140.820814399999989, 39.6543443 ], [ 140.8202152, 39.6527631 ], [ 140.8222614, 39.6503037 ], [ 140.8183961, 39.6469481 ], [ 140.815347, 39.646117 ], [ 140.8156842, 39.6441934 ], [ 140.8138659, 39.6419801 ], [ 140.811720399999984, 39.6366995 ], [ 140.809413299999989, 39.6338901 ], [ 140.8075194, 39.632659499999988 ], [ 140.8070075, 39.6313381 ], [ 140.808596099999988, 39.6274423 ], [ 140.8083881, 39.6242631 ], [ 140.8059379, 39.6231487 ], [ 140.802571799999981, 39.6188484 ], [ 140.8037491, 39.6169512 ], [ 140.8050136, 39.6128134 ], [ 140.8037286, 39.6104395 ], [ 140.7999276, 39.6062901 ], [ 140.797978699999987, 39.6053751 ], [ 140.797627799999987, 39.6042303 ], [ 140.7953134, 39.6029926 ], [ 140.7963837, 39.6025998 ], [ 140.7998507, 39.5999423 ], [ 140.8005724, 39.5972528 ], [ 140.80556, 39.5924116 ], [ 140.8067078, 39.5906999 ], [ 140.8136054, 39.5896141 ], [ 140.8177006, 39.5895996 ], [ 140.8195859, 39.5907734 ], [ 140.8236698, 39.5917162 ], [ 140.828044799999986, 39.5932931 ], [ 140.8341182, 39.5934542 ], [ 140.83732089999998, 39.5941767 ], [ 140.8397535, 39.5936094 ], [ 140.8400571, 39.5922277 ], [ 140.8424335, 39.5904705 ], [ 140.8432908, 39.5881999 ], [ 140.844800599999985, 39.5872507 ], [ 140.8476369, 39.5867538 ], [ 140.848235599999981, 39.5853427 ], [ 140.850087, 39.5835929 ], [ 140.8517692, 39.5834271 ], [ 140.8548135, 39.5816482 ], [ 140.8565001, 39.5813809 ], [ 140.8565538, 39.579971799999988 ], [ 140.859616599999981, 39.5763629 ], [ 140.8581006, 39.5735576 ], [ 140.8556544, 39.5725121 ], [ 140.8547361, 39.5712443 ], [ 140.857373699999982, 39.5689098 ], [ 140.860033499999986, 39.5621928 ], [ 140.8626643, 39.562510599999989 ], [ 140.862881099999981, 39.5596734 ], [ 140.8658728, 39.5581039 ], [ 140.8663489, 39.5566242 ], [ 140.8682714, 39.5547395 ], [ 140.86901229999998, 39.5525725 ], [ 140.867620599999981, 39.5512589 ], [ 140.8702337, 39.5502769 ], [ 140.8721104, 39.5504497 ], [ 140.871138799999983, 39.5472692 ], [ 140.8739444, 39.5422933 ], [ 140.875773, 39.5418019 ], [ 140.876738099999983, 39.5391925 ], [ 140.8761381, 39.5378972 ], [ 140.8768842, 39.5361094 ], [ 140.876057, 39.5344258 ], [ 140.871141199999983, 39.5326053 ], [ 140.869364499999989, 39.5296375 ], [ 140.869717, 39.5287447 ], [ 140.873894, 39.527255 ], [ 140.874707699999988, 39.5250025 ], [ 140.874456899999984, 39.5226083 ], [ 140.876894099999987, 39.523392199999989 ], [ 140.8789597, 39.5223086 ], [ 140.8799578, 39.5182696 ], [ 140.8830681, 39.5177174 ], [ 140.88312, 39.5199163 ], [ 140.8861669, 39.5229346 ], [ 140.8886724, 39.5273124 ], [ 140.8896086, 39.5271941 ], [ 140.892221299999989, 39.5293607 ], [ 140.8925027, 39.5333227 ], [ 140.8947904, 39.5343407 ], [ 140.8956052, 39.5336346 ], [ 140.900480499999986, 39.5327557 ], [ 140.902221600000018, 39.5341676 ], [ 140.903841299999982, 39.5366021 ], [ 140.9079663, 39.5383087 ], [ 140.9104841, 39.5401515 ], [ 140.9138949, 39.5391543 ], [ 140.915055199999983, 39.5406651 ], [ 140.9180963, 39.5425732 ], [ 140.9202019, 39.5433365 ], [ 140.9231622, 39.5435298 ], [ 140.9261716, 39.5420576 ], [ 140.9261784, 39.5395526 ], [ 140.9272676, 39.5386034 ], [ 140.93462839999998, 39.538337 ], [ 140.93545229999998, 39.536997 ], [ 140.9382076, 39.5364092 ], [ 140.9411974, 39.5352347 ], [ 140.9432861, 39.5351483 ], [ 140.946447799999987, 39.5323577 ], [ 140.951020299999982, 39.5320213 ], [ 140.952254499999981, 39.532448599999988 ], [ 140.9556934, 39.5317927 ], [ 140.958817899999985, 39.532556 ], [ 140.958901699999984, 39.5348605 ], [ 140.96098139999998, 39.5366263 ], [ 140.962627199999986, 39.5398141 ], [ 140.964382799999981, 39.5413044 ], [ 140.967978099999982, 39.5418938 ], [ 140.9686525, 39.5449394 ], [ 140.9723228, 39.5463496 ], [ 140.9748981, 39.5452318 ], [ 140.975726399999985, 39.5441165 ], [ 140.9787346, 39.5422276 ], [ 140.981974899999983, 39.5423309 ], [ 140.985857899999985, 39.5435223 ], [ 140.987878199999983, 39.5434617 ], [ 140.989389099999983, 39.5410883 ], [ 140.989772200000033, 39.5393006 ], [ 140.9912086, 39.5390322 ], [ 140.994330599999984, 39.5399741 ], [ 140.9988117, 39.5391091 ], [ 140.9995001, 39.5381304 ], [ 141.0061213, 39.5371987 ], [ 141.0080571, 39.5358979 ], [ 141.009669699999989, 39.5338498 ], [ 141.0099822, 39.5318539 ], [ 141.0112914, 39.5293992 ], [ 141.014982299999986, 39.5289222 ], [ 141.0168938, 39.5261174 ], [ 141.019272400000034, 39.5265824 ], [ 141.0205561, 39.5254966 ], [ 141.023418, 39.5264557 ], [ 141.0264689, 39.5245265 ], [ 141.0307881, 39.5261554 ], [ 141.0325761, 39.527709 ], [ 141.0371015, 39.5259242 ], [ 141.0401679, 39.5255286 ], [ 141.0421101, 39.5267019 ], [ 141.045760199999989, 39.5272855 ], [ 141.0519502, 39.5271119 ], [ 141.0552116, 39.5278957 ], [ 141.0600198, 39.5249048 ], [ 141.063642099999981, 39.5244787 ], [ 141.0662163, 39.5229631 ], [ 141.068313599999982, 39.5224584 ], [ 141.071089699999987, 39.52374 ], [ 141.070905499999981, 39.5250428 ], [ 141.073782099999988, 39.5273539 ], [ 141.077451, 39.5292286 ], [ 141.081722499999984, 39.5279544 ], [ 141.07832639999998, 39.5252061 ], [ 141.081841199999985, 39.5236344 ], [ 141.0815412, 39.5206988 ], [ 141.083792099999982, 39.5177885 ], [ 141.0832489, 39.5139732 ], [ 141.086065599999984, 39.5149051 ], [ 141.088258599999989, 39.5144495 ], [ 141.0905311, 39.5156048 ], [ 141.09224949999998, 39.5145173 ], [ 141.094601499999982, 39.5148275 ], [ 141.0950771, 39.5139436 ], [ 141.0981841, 39.5114272 ], [ 141.0979611, 39.5099905 ], [ 141.100717799999984, 39.5097683 ], [ 141.1028345, 39.5082724 ], [ 141.106544, 39.5070076 ], [ 141.110181499999982, 39.5062893 ], [ 141.1120871, 39.5070415 ], [ 141.1155924, 39.5076037 ], [ 141.1179807, 39.508714 ], [ 141.136018899999982, 39.5110908 ], [ 141.1428067, 39.5112263 ], [ 141.146630099999982, 39.5107249 ], [ 141.149070199999983, 39.509946 ], [ 141.1507991, 39.5087843 ], [ 141.156491400000021, 39.5083654 ], [ 141.163869799999986, 39.5091482 ], [ 141.1694215, 39.5094773 ], [ 141.170045099999982, 39.5081798 ], [ 141.167700199999985, 39.5058629 ], [ 141.1687532, 39.505157 ], [ 141.1708591, 39.505372 ], [ 141.174128, 39.5046067 ], [ 141.179912799999983, 39.5047373 ], [ 141.1833948, 39.5025806 ], [ 141.18591619999998, 39.502557 ], [ 141.191808, 39.5000894 ], [ 141.196394699999985, 39.4989336 ], [ 141.202291799999983, 39.4954363 ], [ 141.2052894, 39.4932838 ], [ 141.2089444, 39.4923463 ], [ 141.211730400000022, 39.4895646 ], [ 141.212397, 39.490176 ], [ 141.215680099999986, 39.4897873 ], [ 141.218096799999984, 39.4907082 ], [ 141.2203255, 39.4881487 ], [ 141.2246056, 39.4865992 ], [ 141.2296792, 39.4862595 ], [ 141.2313182, 39.4856533 ], [ 141.233630399999981, 39.487375799999988 ], [ 141.237322899999981, 39.4869431 ], [ 141.241253299999983, 39.4871211 ], [ 141.2434777, 39.4877269 ], [ 141.246502199999981, 39.4874922 ], [ 141.248557799999986, 39.4866866 ], [ 141.2519111, 39.4881463 ], [ 141.253988699999979, 39.4879346 ], [ 141.256725, 39.4901438 ], [ 141.259867, 39.4904199 ], [ 141.2607452, 39.4871437 ], [ 141.2631591, 39.4857304 ], [ 141.264697499999983, 39.4834048 ], [ 141.2676792, 39.4841196 ], [ 141.2703387, 39.483680899999989 ], [ 141.271682299999981, 39.4845143 ], [ 141.2741307, 39.4834701 ], [ 141.2777471, 39.4833645 ], [ 141.282391499999989, 39.4855284 ], [ 141.28268, 39.4901953 ], [ 141.283201099999985, 39.4912837 ], [ 141.2872016, 39.4935795 ], [ 141.2877182, 39.4945545 ], [ 141.287863499999986, 39.498577 ], [ 141.2865084, 39.4993601 ], [ 141.2876034, 39.5006823 ], [ 141.2875214, 39.503579 ], [ 141.289570199999986, 39.5058573 ], [ 141.2919138, 39.5070459 ], [ 141.2947021, 39.5075592 ], [ 141.2956996, 39.5092417 ], [ 141.291503899999981, 39.5155807 ], [ 141.286828, 39.516574899999988 ], [ 141.2849326, 39.5189452 ], [ 141.2854356, 39.5214104 ], [ 141.284453899999988, 39.524593 ], [ 141.288668, 39.5289074 ], [ 141.288660099999987, 39.5301419 ], [ 141.290182, 39.532678499999989 ], [ 141.288376699999986, 39.5341455 ], [ 141.2877192, 39.5356827 ], [ 141.288977400000022, 39.5395155 ], [ 141.2868996, 39.5412294 ], [ 141.2860981, 39.5443261 ], [ 141.285616399999981, 39.5480747 ], [ 141.2872308, 39.5506656 ], [ 141.287519299999985, 39.553837 ], [ 141.2910262, 39.5584064 ], [ 141.29349449999998, 39.559765 ], [ 141.2954043, 39.5595184 ], [ 141.2981173, 39.5601386 ], [ 141.297629799999982, 39.5626156 ], [ 141.2947283, 39.5636087 ], [ 141.293565199999989, 39.5656551 ], [ 141.294864099999984, 39.5672451 ], [ 141.2997332, 39.5689973 ], [ 141.301750699999985, 39.5712973 ], [ 141.3050524, 39.5721864 ], [ 141.305918099999985, 39.5751128 ], [ 141.3083834, 39.5770411 ], [ 141.3092914, 39.5795459 ], [ 141.308542499999987, 39.5807267 ], [ 141.3066589, 39.5809026 ], [ 141.3062741, 39.5826426 ], [ 141.3049002, 39.5842454 ], [ 141.3052882, 39.5862684 ], [ 141.3034179, 39.5873073 ], [ 141.299900399999984, 39.5879265 ], [ 141.298172599999987, 39.5886674 ], [ 141.2977536, 39.5908382 ], [ 141.2984286, 39.5917068 ], [ 141.2970886, 39.593341 ], [ 141.2935029, 39.5956316 ], [ 141.2932401, 39.5976789 ], [ 141.291394199999985, 39.6001325 ], [ 141.289175199999988, 39.6047145 ], [ 141.2865966, 39.606790599999989 ], [ 141.28398679999998, 39.6076523 ], [ 141.2828051, 39.6067962 ], [ 141.282398199999989, 39.6047856 ], [ 141.2807833, 39.6034212 ], [ 141.2781446, 39.6036084 ], [ 141.2777831, 39.5988706 ], [ 141.2779337, 39.5958256 ], [ 141.2798421, 39.5932147 ], [ 141.2799329, 39.5917661 ], [ 141.2769174, 39.5900075 ], [ 141.27439769999998, 39.5869659 ], [ 141.273073, 39.5863739 ], [ 141.272325, 39.5837364 ], [ 141.272881399999989, 39.5818897 ], [ 141.2700284, 39.5814397 ], [ 141.2679622, 39.5831453 ], [ 141.263572399999987, 39.5859237 ], [ 141.2616266, 39.5852676 ], [ 141.2552248, 39.5887246 ], [ 141.2548061, 39.5897265 ], [ 141.2516703, 39.5911891 ], [ 141.250982199999982, 39.5934996 ], [ 141.2490335, 39.595123 ], [ 141.249260199999981, 39.5959049 ], [ 141.246495399999986, 39.5974955 ], [ 141.243300299999987, 39.5986863 ], [ 141.2398374, 39.6029527 ], [ 141.231499, 39.6057492 ], [ 141.2294968, 39.6055681 ], [ 141.224950299999989, 39.6061501 ], [ 141.2205856, 39.6056406 ], [ 141.213, 39.6038651 ], [ 141.2109609, 39.6028601 ], [ 141.2036014, 39.6012274 ], [ 141.2009658, 39.6019554 ], [ 141.198706099999981, 39.6009374 ], [ 141.199072199999989, 39.5990413 ] ] ] ] } },
{ "type": "Feature", "properties": { "hokenjo": "盛岡市" }, "geometry": { "type": "MultiPolygon", "coordinates": [ [ [ [ 141.434247200000016, 39.8814354 ], [ 141.434215900000027, 39.8775457 ], [ 141.4322077, 39.8690259 ], [ 141.4324417, 39.8666214 ], [ 141.430973699999981, 39.8637381 ], [ 141.4325519, 39.8565811 ], [ 141.4319969, 39.8552071 ], [ 141.4275489, 39.8501727 ], [ 141.4255106, 39.8498179 ], [ 141.423165899999987, 39.8480385 ], [ 141.421076699999986, 39.849041 ], [ 141.420175299999983, 39.8507468 ], [ 141.4146558, 39.8523521 ], [ 141.412529899999981, 39.8535855 ], [ 141.4078649, 39.8528466 ], [ 141.407125, 39.8513569 ], [ 141.404794399999986, 39.8506796 ], [ 141.403443, 39.8496096 ], [ 141.4001414, 39.8496941 ], [ 141.397241399999984, 39.8489113 ], [ 141.3946264, 39.8490235 ], [ 141.392177800000013, 39.8479252 ], [ 141.3905728, 39.8481619 ], [ 141.388987499999985, 39.8472666 ], [ 141.3856227, 39.848653 ], [ 141.38289709999998, 39.8484274 ], [ 141.3775118, 39.8496877 ], [ 141.375352099999986, 39.8494333 ], [ 141.374592899999982, 39.8508877 ], [ 141.3717031, 39.8520308 ], [ 141.3686395, 39.8511522 ], [ 141.3674603, 39.8521794 ], [ 141.364758099999989, 39.8531105 ], [ 141.361767, 39.8523372 ], [ 141.358996700000034, 39.8497186 ], [ 141.358099, 39.8481352 ], [ 141.3555498, 39.8489519 ], [ 141.3519053, 39.8486886 ], [ 141.349833099999984, 39.8476163 ], [ 141.344735899999989, 39.8474922 ], [ 141.3423503, 39.8461324 ], [ 141.340551399999981, 39.8477969 ], [ 141.340328299999982, 39.8498542 ], [ 141.3379047, 39.8487992 ], [ 141.3354555, 39.8490275 ], [ 141.3345517, 39.8471119 ], [ 141.3323234, 39.8441416 ], [ 141.3315174, 39.8408363 ], [ 141.3284368, 39.838598499999989 ], [ 141.3278207, 39.837598 ], [ 141.3247505, 39.8350904 ], [ 141.3202274, 39.8349721 ], [ 141.316485200000017, 39.8341046 ], [ 141.3149893, 39.8351466 ], [ 141.3108235, 39.8357997 ], [ 141.309269799999981, 39.8370053 ], [ 141.3092072, 39.8405264 ], [ 141.309778599999987, 39.8428547 ], [ 141.304693499999985, 39.8443473 ], [ 141.3034562, 39.8462745 ], [ 141.2999343, 39.8455521 ], [ 141.2954126, 39.8454729 ], [ 141.292972099999986, 39.8418493 ], [ 141.292153499999984, 39.8414357 ], [ 141.2881071, 39.8412698 ], [ 141.2870045, 39.8441757 ], [ 141.286323, 39.8482599 ], [ 141.2872427, 39.8489816 ], [ 141.286974099999981, 39.8529344 ], [ 141.2888882, 39.8551291 ], [ 141.2934998, 39.8567686 ], [ 141.2952551, 39.8589608 ], [ 141.2942387, 39.8608947 ], [ 141.2925764, 39.8622547 ], [ 141.2892253, 39.8617889 ], [ 141.2859488, 39.8637023 ], [ 141.283971899999983, 39.8639248 ], [ 141.279571799999985, 39.8674012 ], [ 141.277899, 39.8677396 ], [ 141.2776059, 39.8715057 ], [ 141.2766442, 39.8732963 ], [ 141.277357199999983, 39.8769419 ], [ 141.2761893, 39.8789319 ], [ 141.276679900000033, 39.8807977 ], [ 141.2756373, 39.8815658 ], [ 141.2766387, 39.8831863 ], [ 141.2761073, 39.8850258 ], [ 141.274620299999981, 39.8857689 ], [ 141.27467249999998, 39.8887839 ], [ 141.2754047, 39.8899719 ], [ 141.2753957, 39.893052 ], [ 141.272544899999986, 39.8934925 ], [ 141.2703085, 39.893212 ], [ 141.2684707, 39.8957073 ], [ 141.2697723, 39.8984231 ], [ 141.2692269, 39.9023315 ], [ 141.2677431, 39.9033012 ], [ 141.26341, 39.9032201 ], [ 141.26182129999998, 39.9045582 ], [ 141.2584305, 39.9035476 ], [ 141.2566094, 39.9039671 ], [ 141.254053299999981, 39.9035315 ], [ 141.251135299999987, 39.9014946 ], [ 141.2490238, 39.9027879 ], [ 141.2457344, 39.9036699 ], [ 141.2444855, 39.9022454 ], [ 141.245427799999987, 39.899908499999988 ], [ 141.2426231, 39.9003024 ], [ 141.2424255, 39.9020874 ], [ 141.240767399999982, 39.9032307 ], [ 141.2368233, 39.903191 ], [ 141.23331, 39.9012933 ], [ 141.2309505, 39.9026052 ], [ 141.2297163, 39.9050886 ], [ 141.2284012, 39.906423 ], [ 141.2248807, 39.9063611 ], [ 141.221217699999983, 39.9027683 ], [ 141.218314099999986, 39.9013997 ], [ 141.2172768, 39.9043169 ], [ 141.215925699999985, 39.9055839 ], [ 141.211667399999982, 39.9064394 ], [ 141.2106082, 39.9074025 ], [ 141.2059629, 39.9081964 ], [ 141.1988926, 39.907785 ], [ 141.1953082, 39.9064722 ], [ 141.194763099999989, 39.9083439 ], [ 141.1968498, 39.9100431 ], [ 141.195993099999981, 39.9130478 ], [ 141.1938355, 39.9143514 ], [ 141.191778, 39.9140803 ], [ 141.1921941, 39.9160851 ], [ 141.1911938, 39.9172281 ], [ 141.191719299999988, 39.9189793 ], [ 141.188306399999988, 39.9255954 ], [ 141.1854028, 39.9262993 ], [ 141.1836142, 39.928321 ], [ 141.180867299999989, 39.9273768 ], [ 141.176605, 39.9278532 ], [ 141.1730872, 39.9285904 ], [ 141.17057269999998, 39.9298299 ], [ 141.168662399999988, 39.9296827 ], [ 141.164724899999982, 39.9301763 ], [ 141.1631774, 39.9287085 ], [ 141.160903, 39.9285452 ], [ 141.1577361, 39.9269347 ], [ 141.1558511, 39.9268133 ], [ 141.1576192, 39.9239221 ], [ 141.157685, 39.9218333 ], [ 141.1589682, 39.9178691 ], [ 141.160933199999988, 39.9160896 ], [ 141.1621302, 39.9137874 ], [ 141.1668716, 39.9104701 ], [ 141.169020599999982, 39.9082784 ], [ 141.168647099999987, 39.9031495 ], [ 141.167867299999983, 39.9028623 ], [ 141.164958399999989, 39.9049456 ], [ 141.163044499999984, 39.9046473 ], [ 141.1606926, 39.902524 ], [ 141.1577857, 39.9011217 ], [ 141.1560618, 39.8991284 ], [ 141.153673199999986, 39.9001503 ], [ 141.151391, 39.8979006 ], [ 141.150115699999986, 39.8990312 ], [ 141.1486174, 39.897627899999989 ], [ 141.1461866, 39.8935081 ], [ 141.1429291, 39.8900843 ], [ 141.1407597, 39.8899604 ], [ 141.13732, 39.8873251 ], [ 141.1346831, 39.8848754 ], [ 141.133456199999983, 39.8824653 ], [ 141.129864699999985, 39.8832381 ], [ 141.120972200000011, 39.8839326 ], [ 141.1180764, 39.8829046 ], [ 141.116050799999982, 39.8833957 ], [ 141.112458, 39.8816343 ], [ 141.1105474, 39.881271 ], [ 141.1078841, 39.8790974 ], [ 141.1056461, 39.8788952 ], [ 141.1030997, 39.8797505 ], [ 141.1000919, 39.878706 ], [ 141.098631, 39.8792369 ], [ 141.1001344, 39.8774388 ], [ 141.1043746, 39.8682346 ], [ 141.1074611, 39.8642709 ], [ 141.1095578, 39.8603742 ], [ 141.11092069999998, 39.8538786 ], [ 141.1106354, 39.8524622 ], [ 141.11113, 39.8448583 ], [ 141.1115873, 39.8426399 ], [ 141.115699, 39.8426002 ], [ 141.121494, 39.8429857 ], [ 141.1236404, 39.8424946 ], [ 141.127244599999983, 39.8427421 ], [ 141.130083900000017, 39.8374787 ], [ 141.133646199999987, 39.8300503 ], [ 141.1324237, 39.8277194 ], [ 141.1345813, 39.8266639 ], [ 141.1340794, 39.8247355 ], [ 141.135684699999985, 39.823953 ], [ 141.1372747, 39.8253672 ], [ 141.142418599999985, 39.8241107 ], [ 141.1470036, 39.8266888 ], [ 141.1489589, 39.826393 ], [ 141.1503142, 39.825301 ], [ 141.150495299999989, 39.8233138 ], [ 141.1546343, 39.8223018 ], [ 141.15564759999998, 39.8211396 ], [ 141.1530962, 39.8197743 ], [ 141.1517668, 39.8167859 ], [ 141.1544113, 39.814264799999989 ], [ 141.1542111, 39.811627 ], [ 141.1491019, 39.8104667 ], [ 141.1479339, 39.8096651 ], [ 141.1481825, 39.8077598 ], [ 141.1516039, 39.8070392 ], [ 141.155671399999989, 39.8082862 ], [ 141.1579262, 39.8078231 ], [ 141.162211499999984, 39.8081023 ], [ 141.1619665, 39.8055403 ], [ 141.1605066, 39.8033444 ], [ 141.1618116, 39.802225 ], [ 141.1650157, 39.801735 ], [ 141.1660038, 39.8007052 ], [ 141.1625206, 39.7976752 ], [ 141.1623194, 39.796478 ], [ 141.1647907, 39.7889988 ], [ 141.16582409999998, 39.7873637 ], [ 141.168102, 39.7795648 ], [ 141.1674107, 39.7783554 ], [ 141.1648635, 39.7767048 ], [ 141.1641957, 39.774761399999988 ], [ 141.1663802, 39.7717361 ], [ 141.165845599999983, 39.7688169 ], [ 141.1636106, 39.7671689 ], [ 141.1597825, 39.7665509 ], [ 141.1552916, 39.7669331 ], [ 141.150534099999987, 39.7659126 ], [ 141.148104599999982, 39.7689084 ], [ 141.147940399999982, 39.770719 ], [ 141.146776499999987, 39.7716507 ], [ 141.1412929, 39.7711463 ], [ 141.1406557, 39.7699835 ], [ 141.1312881, 39.7679393 ], [ 141.128800399999989, 39.7679279 ], [ 141.1262179, 39.7654841 ], [ 141.1255229, 39.763486 ], [ 141.1220596, 39.7602077 ], [ 141.1216689, 39.7560149 ], [ 141.117828299999985, 39.7543887 ], [ 141.1163459, 39.7519635 ], [ 141.1180731, 39.7502571 ], [ 141.1231296, 39.749519 ], [ 141.121873699999981, 39.7476834 ], [ 141.119250699999981, 39.7485587 ], [ 141.117096799999985, 39.7471317 ], [ 141.11105569999998, 39.7452904 ], [ 141.110552899999988, 39.7427226 ], [ 141.10677819999998, 39.740779599999989 ], [ 141.105282599999981, 39.7424926 ], [ 141.105328499999985, 39.738364 ], [ 141.106086399999981, 39.735587 ], [ 141.1047747, 39.7336167 ], [ 141.1015684, 39.7311884 ], [ 141.099712499999981, 39.7309784 ], [ 141.09829449999998, 39.7281895 ], [ 141.09928069999998, 39.7269776 ], [ 141.098651, 39.7255848 ], [ 141.09879429999998, 39.7231639 ], [ 141.0893101, 39.724902 ], [ 141.0884615, 39.7218643 ], [ 141.080898099999985, 39.7232109 ], [ 141.0814628, 39.7252596 ], [ 141.0782169, 39.7258135 ], [ 141.0784825, 39.7268701 ], [ 141.074481600000013, 39.7276357 ], [ 141.0733521, 39.7293702 ], [ 141.071416299999981, 39.7300519 ], [ 141.0701674, 39.7295785 ], [ 141.068119599999989, 39.726808 ], [ 141.07317, 39.7251804 ], [ 141.076210799999984, 39.7250607 ], [ 141.077658899999989, 39.7239587 ], [ 141.077404199999989, 39.7229282 ], [ 141.080764499999987, 39.7217232 ], [ 141.078711, 39.716012899999988 ], [ 141.0786144, 39.7117387 ], [ 141.08046779999998, 39.7117703 ], [ 141.080758600000024, 39.7104551 ], [ 141.0783839, 39.7101048 ], [ 141.0789656, 39.7077323 ], [ 141.080536699999982, 39.7065314 ], [ 141.0835918, 39.7057981 ], [ 141.083570399999985, 39.7040917 ], [ 141.078491, 39.7035961 ], [ 141.0768588, 39.7020811 ], [ 141.0757074, 39.7000934 ], [ 141.073514099999983, 39.6986517 ], [ 141.069968499999987, 39.697572 ], [ 141.0642449, 39.6973001 ], [ 141.0581866, 39.6951562 ], [ 141.053217099999983, 39.6928273 ], [ 141.051326599999982, 39.6909764 ], [ 141.04810329999998, 39.6899651 ], [ 141.0458904, 39.6905681 ], [ 141.0447249, 39.6921137 ], [ 141.038860299999982, 39.6949648 ], [ 141.037563899999981, 39.6964751 ], [ 141.0356488, 39.7000176 ], [ 141.0334374, 39.7005824 ], [ 141.0314085, 39.700204899999989 ], [ 141.029851799999989, 39.7018107 ], [ 141.027126, 39.7001296 ], [ 141.0237008, 39.6987657 ], [ 141.020266599999985, 39.6966174 ], [ 141.015209699999986, 39.6929796 ], [ 141.0136589, 39.6922554 ], [ 141.0127178, 39.6885024 ], [ 141.016017, 39.6880076 ], [ 141.0155229, 39.685141 ], [ 141.0139389, 39.687296 ], [ 141.01143860000002, 39.6879851 ], [ 141.0125467, 39.6854218 ], [ 141.012499599999984, 39.6836259 ], [ 141.0148551, 39.6833184 ], [ 141.018430199999983, 39.6818829 ], [ 141.015099099999986, 39.6793559 ], [ 141.0127446, 39.6788176 ], [ 141.0092138, 39.6773882 ], [ 141.0072624, 39.6757921 ], [ 141.0051072, 39.6710143 ], [ 141.003775, 39.6699198 ], [ 141.000285599999984, 39.6685157 ], [ 140.9957511, 39.6662712 ], [ 141.001263099999989, 39.6628823 ], [ 141.0041909, 39.6633573 ], [ 141.0054084, 39.6625173 ], [ 141.0086265, 39.6621551 ], [ 141.010083, 39.659709 ], [ 141.012047199999984, 39.6585087 ], [ 141.0116103, 39.6549134 ], [ 141.013277, 39.6537481 ], [ 141.0137042, 39.6514801 ], [ 141.0162334, 39.6511042 ], [ 141.018804, 39.6487151 ], [ 141.022895399999982, 39.6486903 ], [ 141.0313382, 39.6508514 ], [ 141.0312918, 39.6532067 ], [ 141.0333724, 39.6536061 ], [ 141.0357924, 39.6531192 ], [ 141.037813699999987, 39.6555289 ], [ 141.039580199999989, 39.6552517 ], [ 141.0405616, 39.6563092 ], [ 141.0384287, 39.6589806 ], [ 141.037641399999984, 39.661982 ], [ 141.040481500000027, 39.6615142 ], [ 141.04355959999998, 39.6598192 ], [ 141.0442143, 39.6581167 ], [ 141.0462402, 39.655998 ], [ 141.0499941, 39.6541111 ], [ 141.050160799999986, 39.6523958 ], [ 141.0490556, 39.6513897 ], [ 141.048837, 39.6495169 ], [ 141.0468037, 39.6482772 ], [ 141.046949, 39.6465644 ], [ 141.048984, 39.6450666 ], [ 141.054960199999982, 39.642096599999988 ], [ 141.058415, 39.6420296 ], [ 141.0624531, 39.6401474 ], [ 141.0644404, 39.6356554 ], [ 141.0679221, 39.6343204 ], [ 141.071468, 39.6349721 ], [ 141.0744947, 39.6344612 ], [ 141.078019399999988, 39.6366495 ], [ 141.0799227, 39.6360054 ], [ 141.0855661, 39.6350667 ], [ 141.089773399999984, 39.6347642 ], [ 141.094667, 39.6349261 ], [ 141.0982965, 39.6341097 ], [ 141.1011963, 39.6341316 ], [ 141.1073888, 39.6370455 ], [ 141.108287599999983, 39.640893 ], [ 141.115672099999983, 39.641611 ], [ 141.115426499999984, 39.6433977 ], [ 141.1178559, 39.6453016 ], [ 141.1238854, 39.6494116 ], [ 141.127965599999982, 39.6506685 ], [ 141.1325788, 39.6506026 ], [ 141.13612329999998, 39.6434373 ], [ 141.1396186, 39.6437739 ], [ 141.143479, 39.6413659 ], [ 141.146323699999982, 39.6409645 ], [ 141.147757399999989, 39.6379433 ], [ 141.1496775, 39.6358427 ], [ 141.1533747, 39.6356897 ], [ 141.15147589999998, 39.6340694 ], [ 141.1563509, 39.632706 ], [ 141.1730744, 39.6317654 ], [ 141.177005300000019, 39.6316943 ], [ 141.1784695, 39.6311501 ], [ 141.180104, 39.6293012 ], [ 141.1812974, 39.6260276 ], [ 141.180855899999983, 39.6199286 ], [ 141.1838871, 39.6169886 ], [ 141.185788, 39.6139883 ], [ 141.1880038, 39.6129461 ], [ 141.1934378, 39.6113447 ], [ 141.1926186, 39.6096474 ], [ 141.193297, 39.607201 ], [ 141.194333699999987, 39.6059377 ], [ 141.194437099999988, 39.6040474 ], [ 141.1968761, 39.5992574 ], [ 141.19717, 39.5972121 ], [ 141.199072199999989, 39.5990413 ], [ 141.198706099999981, 39.6009374 ], [ 141.2009658, 39.6019554 ], [ 141.2036014, 39.6012274 ], [ 141.2109609, 39.6028601 ], [ 141.213, 39.6038651 ], [ 141.2205856, 39.6056406 ], [ 141.224950299999989, 39.6061501 ], [ 141.2294968, 39.6055681 ], [ 141.231499, 39.6057492 ], [ 141.2398374, 39.6029527 ], [ 141.243300299999987, 39.5986863 ], [ 141.246495399999986, 39.5974955 ], [ 141.249260199999981, 39.5959049 ], [ 141.2490335, 39.595123 ], [ 141.250982199999982, 39.5934996 ], [ 141.2516703, 39.5911891 ], [ 141.2548061, 39.5897265 ], [ 141.2552248, 39.5887246 ], [ 141.2616266, 39.5852676 ], [ 141.263572399999987, 39.5859237 ], [ 141.2679622, 39.5831453 ], [ 141.2700284, 39.5814397 ], [ 141.272881399999989, 39.5818897 ], [ 141.272325, 39.5837364 ], [ 141.273073, 39.5863739 ], [ 141.27439769999998, 39.5869659 ], [ 141.2769174, 39.5900075 ], [ 141.2799329, 39.5917661 ], [ 141.2798421, 39.5932147 ], [ 141.2779337, 39.5958256 ], [ 141.2777831, 39.5988706 ], [ 141.2781446, 39.6036084 ], [ 141.2807833, 39.6034212 ], [ 141.282398199999989, 39.6047856 ], [ 141.2828051, 39.6067962 ], [ 141.28398679999998, 39.6076523 ], [ 141.2865966, 39.606790599999989 ], [ 141.289175199999988, 39.6047145 ], [ 141.291394199999985, 39.6001325 ], [ 141.2932401, 39.5976789 ], [ 141.2935029, 39.5956316 ], [ 141.2970886, 39.593341 ], [ 141.2984286, 39.5917068 ], [ 141.2977536, 39.5908382 ], [ 141.298172599999987, 39.5886674 ], [ 141.299900399999984, 39.5879265 ], [ 141.3034179, 39.5873073 ], [ 141.3052882, 39.5862684 ], [ 141.3049002, 39.5842454 ], [ 141.3062741, 39.5826426 ], [ 141.3066589, 39.5809026 ], [ 141.308542499999987, 39.5807267 ], [ 141.3092914, 39.5795459 ], [ 141.3083834, 39.5770411 ], [ 141.305918099999985, 39.5751128 ], [ 141.3050524, 39.5721864 ], [ 141.3092699, 39.571543299999988 ], [ 141.3136705, 39.571693 ], [ 141.314558799999986, 39.5728391 ], [ 141.3163524, 39.5733672 ], [ 141.318619899999987, 39.5749866 ], [ 141.3216132, 39.574808 ], [ 141.3218269, 39.5731288 ], [ 141.3248558, 39.5710829 ], [ 141.331669799999986, 39.5689548 ], [ 141.3329301, 39.5670493 ], [ 141.336916799999983, 39.5667247 ], [ 141.3426743, 39.5683094 ], [ 141.344119299999988, 39.5692433 ], [ 141.3467935, 39.567956599999988 ], [ 141.349704299999985, 39.5682477 ], [ 141.3524208, 39.5674672 ], [ 141.3548146, 39.5695805 ], [ 141.3584318, 39.5707427 ], [ 141.361882, 39.5736179 ], [ 141.363970099999989, 39.5727113 ], [ 141.36873319999998, 39.5741079 ], [ 141.3710932, 39.5758004 ], [ 141.3754616, 39.5742943 ], [ 141.3797506, 39.5744729 ], [ 141.382739499999985, 39.5738404 ], [ 141.3857003, 39.574419 ], [ 141.389152, 39.5758923 ], [ 141.390393099999983, 39.5756087 ], [ 141.3949188, 39.5762159 ], [ 141.3967093, 39.576084 ], [ 141.4002399, 39.5770237 ], [ 141.4034208, 39.5769693 ], [ 141.4072453, 39.5761059 ], [ 141.4096942, 39.5750928 ], [ 141.413687399999986, 39.5725 ], [ 141.4142355, 39.5705792 ], [ 141.4171675, 39.5664225 ], [ 141.419594599999982, 39.5646022 ], [ 141.419877099999979, 39.563732699999989 ], [ 141.4226612, 39.5652419 ], [ 141.4247437, 39.5652541 ], [ 141.427607099999989, 39.5660377 ], [ 141.429910799999988, 39.5659074 ], [ 141.4320285, 39.566781 ], [ 141.4355755, 39.5698486 ], [ 141.433990599999987, 39.5747683 ], [ 141.4330703, 39.5761044 ], [ 141.4325469, 39.5795373 ], [ 141.43157069999998, 39.5830523 ], [ 141.4303654, 39.5843731 ], [ 141.427479200000022, 39.5851665 ], [ 141.4239478, 39.5872015 ], [ 141.418991, 39.5896385 ], [ 141.416529, 39.5897743 ], [ 141.4163873, 39.5911135 ], [ 141.412668, 39.596591599999989 ], [ 141.4088418, 39.5993289 ], [ 141.407610299999988, 39.6015225 ], [ 141.406057299999986, 39.602602499999989 ], [ 141.400085500000017, 39.60476 ], [ 141.3979593, 39.6060292 ], [ 141.393439199999989, 39.6097579 ], [ 141.390434199999987, 39.6101712 ], [ 141.3853949, 39.6115774 ], [ 141.3811451, 39.6131699 ], [ 141.3790904, 39.6148021 ], [ 141.3754548, 39.6155563 ], [ 141.3705, 39.6174294 ], [ 141.3688263, 39.6185611 ], [ 141.361920699999985, 39.620005 ], [ 141.3572423, 39.6218039 ], [ 141.355955, 39.6240145 ], [ 141.3535741, 39.6246992 ], [ 141.351132399999983, 39.6247642 ], [ 141.3466976, 39.6271768 ], [ 141.343396399999989, 39.6300568 ], [ 141.341427, 39.6304168 ], [ 141.3422564, 39.6330243 ], [ 141.3412386, 39.6346782 ], [ 141.3390063, 39.6363685 ], [ 141.3387032, 39.6372988 ], [ 141.340494299999989, 39.6396602 ], [ 141.336906199999987, 39.642172699999989 ], [ 141.339337799999981, 39.6448153 ], [ 141.341807, 39.6449538 ], [ 141.34477339999998, 39.6465563 ], [ 141.345777, 39.6479644 ], [ 141.344925, 39.6502672 ], [ 141.34521380000001, 39.6514944 ], [ 141.3500655, 39.6536322 ], [ 141.3487524, 39.6544036 ], [ 141.351052899999985, 39.6580544 ], [ 141.352354800000029, 39.6594092 ], [ 141.357194, 39.6611644 ], [ 141.3613964, 39.6658206 ], [ 141.3652303, 39.6681103 ], [ 141.3672359, 39.6682617 ], [ 141.372778399999987, 39.6702659 ], [ 141.3752098, 39.6701047 ], [ 141.378389799999979, 39.6716531 ], [ 141.384295899999984, 39.6719111 ], [ 141.3867354, 39.6731531 ], [ 141.3868918, 39.6747092 ], [ 141.3897623, 39.6763725 ], [ 141.3928922, 39.6798331 ], [ 141.396186700000015, 39.6814992 ], [ 141.3962594, 39.6827895 ], [ 141.3977516, 39.6846684 ], [ 141.4018605, 39.6855231 ], [ 141.405604399999987, 39.6882487 ], [ 141.4086599, 39.6917098 ], [ 141.408306499999981, 39.6930546 ], [ 141.4087653, 39.6956834 ], [ 141.4087338, 39.7011746 ], [ 141.4091824, 39.7029327 ], [ 141.40526509999998, 39.7029307 ], [ 141.3997722, 39.7058921 ], [ 141.396372499999984, 39.7073758 ], [ 141.3951827, 39.7093594 ], [ 141.395119599999987, 39.7129477 ], [ 141.3957279, 39.7135389 ], [ 141.3962253, 39.7168183 ], [ 141.3996353, 39.7197536 ], [ 141.3974335, 39.7231323 ], [ 141.397725399999985, 39.7258414 ], [ 141.394847, 39.7293331 ], [ 141.396589399999982, 39.7349132 ], [ 141.398966299999984, 39.7366229 ], [ 141.401029099999988, 39.7365229 ], [ 141.4017729, 39.7418804 ], [ 141.4015537, 39.7429452 ], [ 141.398948300000029, 39.7453427 ], [ 141.3974149, 39.7474108 ], [ 141.4018429, 39.7508808 ], [ 141.4043759, 39.7546989 ], [ 141.407665899999984, 39.7566811 ], [ 141.408928299999985, 39.7589786 ], [ 141.410487200000034, 39.7597961 ], [ 141.416209499999979, 39.7587311 ], [ 141.4182887, 39.757233299999989 ], [ 141.4207329, 39.7571825 ], [ 141.4221918, 39.7561633 ], [ 141.425371499999983, 39.7575372 ], [ 141.430056700000023, 39.7572727 ], [ 141.4345576, 39.7580966 ], [ 141.438853099999989, 39.7596919 ], [ 141.4413189, 39.7611558 ], [ 141.4458708, 39.7647655 ], [ 141.450423299999983, 39.7656777 ], [ 141.4519991, 39.76653 ], [ 141.4561869, 39.7663425 ], [ 141.4595966, 39.76695 ], [ 141.4683384, 39.763508 ], [ 141.4705392, 39.7645541 ], [ 141.474348599999985, 39.7649032 ], [ 141.475856100000016, 39.7672944 ], [ 141.4776874, 39.7692052 ], [ 141.4781176, 39.7719738 ], [ 141.4777637, 39.7751175 ], [ 141.4784089, 39.7757747 ], [ 141.4849314, 39.7769866 ], [ 141.4858542, 39.7778472 ], [ 141.486718599999989, 39.7802855 ], [ 141.4879585, 39.7820597 ], [ 141.487610099999984, 39.7843306 ], [ 141.4891476, 39.7881353 ], [ 141.489800799999983, 39.7910737 ], [ 141.495478599999984, 39.7934623 ], [ 141.4991861, 39.7941059 ], [ 141.5001268, 39.797709 ], [ 141.5014981, 39.8010987 ], [ 141.5000461, 39.8030751 ], [ 141.500265, 39.8047479 ], [ 141.4983096, 39.8078054 ], [ 141.5029151, 39.8101718 ], [ 141.504503699999987, 39.8101854 ], [ 141.5072463, 39.8080479 ], [ 141.5120249, 39.8076762 ], [ 141.516489399999983, 39.8090171 ], [ 141.52218, 39.8066629 ], [ 141.5236392, 39.8077779 ], [ 141.5252624, 39.8110967 ], [ 141.5273924, 39.8127137 ], [ 141.5257029, 39.8155318 ], [ 141.523361199999982, 39.8173901 ], [ 141.5203014, 39.8191641 ], [ 141.521111099999985, 39.8219505 ], [ 141.518363199999982, 39.826535 ], [ 141.518939499999988, 39.8284383 ], [ 141.5177209, 39.8306683 ], [ 141.516578, 39.8356542 ], [ 141.5138351, 39.8385926 ], [ 141.5143337, 39.8396779 ], [ 141.5126467, 39.843144 ], [ 141.5116505, 39.8463952 ], [ 141.5091974, 39.8489971 ], [ 141.507169299999987, 39.8499705 ], [ 141.5052925, 39.8550403 ], [ 141.503869400000013, 39.8556675 ], [ 141.5044196, 39.8611184 ], [ 141.5067421, 39.8640689 ], [ 141.50740829999998, 39.8711009 ], [ 141.5063538, 39.8754524 ], [ 141.507111, 39.8769049 ], [ 141.5061063, 39.8791835 ], [ 141.500181199999986, 39.8777527 ], [ 141.498604300000011, 39.8779336 ], [ 141.4928003, 39.8808244 ], [ 141.491826399999979, 39.8816711 ], [ 141.4841797, 39.8827797 ], [ 141.481193599999983, 39.8799734 ], [ 141.480046700000031, 39.8765667 ], [ 141.479156200000034, 39.8752861 ], [ 141.47394, 39.8751586 ], [ 141.4725742, 39.8744769 ], [ 141.4698128, 39.8743139 ], [ 141.467767499999979, 39.875322 ], [ 141.4638883, 39.8760259 ], [ 141.461901300000022, 39.8781545 ], [ 141.4587746, 39.8803843 ], [ 141.4559104, 39.8810967 ], [ 141.453938699999981, 39.8808515 ], [ 141.450045099999983, 39.8828223 ], [ 141.4465022, 39.882704 ], [ 141.44247, 39.8840557 ], [ 141.440840799999989, 39.882766 ], [ 141.4380361, 39.8819437 ], [ 141.434247200000016, 39.8814354 ] ] ] ] } },
{ "type": "Feature", "properties": { "hokenjo": "大船渡" }, "geometry": { "type": "MultiPolygon", "coordinates": [ [ [ [ 141.71377769999998, 38.9866046 ], [ 141.7139937, 38.9893895 ], [ 141.7124949, 38.9908519 ], [ 141.7123944, 38.9927555 ], [ 141.7108364, 38.993665 ], [ 141.7112694, 38.9964441 ], [ 141.712375, 38.9974733 ], [ 141.7166657, 38.9980523 ], [ 141.7166652, 38.99644 ], [ 141.7200844, 38.9968571 ], [ 141.7213734, 38.9960026 ], [ 141.7239195, 38.991326699999988 ], [ 141.725290199999989, 38.9897272 ], [ 141.7266816, 38.9893856 ], [ 141.72741259999998, 38.9910913 ], [ 141.7291363, 38.9901804 ], [ 141.7312877, 38.9903002 ], [ 141.7330734, 38.9885319 ], [ 141.7352899, 38.9878742 ], [ 141.7370982, 38.9890298 ], [ 141.739144399999986, 38.9885424 ], [ 141.7419185, 38.9857602 ], [ 141.7432306, 38.9893501 ], [ 141.744144399999982, 38.9899409 ], [ 141.743859, 38.9919086 ], [ 141.741739, 38.9940211 ], [ 141.741949399999982, 38.995195 ], [ 141.744134799999983, 38.9962789 ], [ 141.741432799999984, 38.9993462 ], [ 141.739231, 38.9996998 ], [ 141.737794399999984, 39.000774 ], [ 141.7383549, 39.0038974 ], [ 141.7364782, 39.0047467 ], [ 141.733184, 39.0096286 ], [ 141.73140669999998, 39.0117084 ], [ 141.7319109, 39.0134886 ], [ 141.730989, 39.0143803 ], [ 141.728380499999986, 39.0139026 ], [ 141.7225209, 39.0191736 ], [ 141.7206928, 39.0185799 ], [ 141.7218527, 39.0165454 ], [ 141.721387599999986, 39.0155788 ], [ 141.7182324, 39.0172545 ], [ 141.7181865, 39.0196163 ], [ 141.7147848, 39.0169691 ], [ 141.7165444, 39.0204823 ], [ 141.7144983, 39.0215831 ], [ 141.7119382, 39.0222135 ], [ 141.7100407, 39.023424 ], [ 141.709883499999989, 39.0254174 ], [ 141.7128595, 39.0282844 ], [ 141.714112, 39.0283419 ], [ 141.714589, 39.0306507 ], [ 141.7164558, 39.0316918 ], [ 141.7171932, 39.0339242 ], [ 141.72225659999998, 39.0368578 ], [ 141.7249014, 39.0407316 ], [ 141.724302099999989, 39.0449732 ], [ 141.722716500000018, 39.0491432 ], [ 141.722155, 39.0517131 ], [ 141.722728099999983, 39.0556852 ], [ 141.724676599999981, 39.0561591 ], [ 141.7262658, 39.0610731 ], [ 141.722481599999981, 39.0648284 ], [ 141.7251191, 39.0642479 ], [ 141.728420799999981, 39.066692 ], [ 141.7269215, 39.0680813 ], [ 141.7296869, 39.0709233 ], [ 141.7340369, 39.068012 ], [ 141.73427049999998, 39.0665008 ], [ 141.7357787, 39.0651676 ], [ 141.7378268, 39.064638 ], [ 141.7384573, 39.0628472 ], [ 141.7360793, 39.0622221 ], [ 141.737023599999986, 39.0605138 ], [ 141.7359794, 39.0575749 ], [ 141.734528899999987, 39.0578811 ], [ 141.733302899999984, 39.053217 ], [ 141.7342605, 39.0509072 ], [ 141.735499, 39.0510408 ], [ 141.7386172, 39.0546406 ], [ 141.7409801, 39.0523762 ], [ 141.7407768, 39.0509387 ], [ 141.737992600000013, 39.0492773 ], [ 141.7359385, 39.0490561 ], [ 141.7368736, 39.0474536 ], [ 141.733569099999983, 39.0454291 ], [ 141.7340782, 39.0427501 ], [ 141.735618599999981, 39.0433504 ], [ 141.7362363, 39.0407864 ], [ 141.7384839, 39.0385835 ], [ 141.7372023, 39.035426799999989 ], [ 141.7315307, 39.0343352 ], [ 141.7313193, 39.0323432 ], [ 141.737479399999984, 39.0320034 ], [ 141.737764799999979, 39.0299658 ], [ 141.7356385, 39.0306176 ], [ 141.7318161, 39.028233 ], [ 141.7278866, 39.0284166 ], [ 141.729124499999983, 39.0249366 ], [ 141.7326324, 39.0229752 ], [ 141.7385275, 39.0226496 ], [ 141.741338399999989, 39.0230687 ], [ 141.7425395, 39.0245126 ], [ 141.7450998, 39.0248961 ], [ 141.74649119999998, 39.0239709 ], [ 141.7474983, 39.0221203 ], [ 141.748816299999987, 39.0214657 ], [ 141.7495159, 39.0197882 ], [ 141.753331299999985, 39.020543 ], [ 141.754233, 39.0186785 ], [ 141.755851799999988, 39.0197613 ], [ 141.76054019999998, 39.0187899 ], [ 141.7600219, 39.0200449 ], [ 141.7638374, 39.0219543 ], [ 141.7619747, 39.0244248 ], [ 141.764055499999984, 39.0251568 ], [ 141.764467699999983, 39.0281242 ], [ 141.766060399999986, 39.0289049 ], [ 141.765445199999988, 39.0301615 ], [ 141.767138, 39.0315366 ], [ 141.7681725, 39.0341689 ], [ 141.7698249, 39.0349182 ], [ 141.774401499999982, 39.0314669 ], [ 141.7747742, 39.0302597 ], [ 141.7797122, 39.0280902 ], [ 141.782903, 39.0287793 ], [ 141.784111599999989, 39.032405499999989 ], [ 141.786898399999984, 39.0330413 ], [ 141.787443199999984, 39.0342151 ], [ 141.790061800000018, 39.0337412 ], [ 141.7911216, 39.0359543 ], [ 141.791547, 39.0382834 ], [ 141.7934615, 39.038602499999989 ], [ 141.794333699999981, 39.0408506 ], [ 141.7962245, 39.0432499 ], [ 141.798239199999983, 39.041054 ], [ 141.79783759999998, 39.0384347 ], [ 141.7950209, 39.0347393 ], [ 141.7957266, 39.0340032 ], [ 141.7941932, 39.0316172 ], [ 141.7955101, 39.029571 ], [ 141.7956419, 39.0276847 ], [ 141.796907299999987, 39.0254885 ], [ 141.7983868, 39.0259828 ], [ 141.8003899, 39.02437 ], [ 141.8018553, 39.0244275 ], [ 141.802884399999982, 39.0263834 ], [ 141.8051685, 39.027046 ], [ 141.8077313, 39.026111799999988 ], [ 141.8099743, 39.0264249 ], [ 141.812736900000033, 39.0246865 ], [ 141.8156732, 39.0239053 ], [ 141.8175018, 39.0227861 ], [ 141.82526, 39.027224 ], [ 141.8285079, 39.0253771 ], [ 141.831544399999984, 39.0249181 ], [ 141.8351768, 39.0251222 ], [ 141.83675, 39.0247492 ], [ 141.8388416, 39.026297 ], [ 141.8418048, 39.0255898 ], [ 141.843734499999982, 39.0261111 ], [ 141.8473248, 39.0261935 ], [ 141.8497774, 39.0280096 ], [ 141.853009, 39.0290919 ], [ 141.8499128, 39.0313915 ], [ 141.8503777, 39.032463 ], [ 141.848948, 39.0358707 ], [ 141.849107299999986, 39.0373418 ], [ 141.845775799999984, 39.0381189 ], [ 141.8447119, 39.0397874 ], [ 141.841839099999987, 39.0399761 ], [ 141.836875599999985, 39.0417146 ], [ 141.835111, 39.0429153 ], [ 141.8289393, 39.0448904 ], [ 141.8276893, 39.0444853 ], [ 141.8230341, 39.0465623 ], [ 141.8193906, 39.0489429 ], [ 141.817830499999985, 39.0492845 ], [ 141.8163308, 39.0519996 ], [ 141.817618899999985, 39.053702 ], [ 141.8143183, 39.0549426 ], [ 141.813806799999981, 39.0574307 ], [ 141.8154275, 39.0592054 ], [ 141.8188984, 39.0596016 ], [ 141.8223596, 39.0591761 ], [ 141.823611199999988, 39.0579152 ], [ 141.8262691, 39.0596014 ], [ 141.82879029999998, 39.0584264 ], [ 141.8334865, 39.0593452 ], [ 141.8387773, 39.0608559 ], [ 141.842117, 39.0595916 ], [ 141.846073, 39.0598828 ], [ 141.848958399999987, 39.0583167 ], [ 141.850935, 39.0585351 ], [ 141.855870399999986, 39.0611701 ], [ 141.8594664, 39.0617387 ], [ 141.860998199999983, 39.0602007 ], [ 141.8640244, 39.0606966 ], [ 141.8638192, 39.0592073 ], [ 141.86631060000002, 39.0598107 ], [ 141.8671459, 39.0618213 ], [ 141.8693719, 39.0632564 ], [ 141.871192300000018, 39.0625608 ], [ 141.874624399999988, 39.0634921 ], [ 141.8757195, 39.0645382 ], [ 141.871260299999989, 39.0661349 ], [ 141.87249079999998, 39.0689743 ], [ 141.8714613, 39.0691924 ], [ 141.8703614, 39.0719151 ], [ 141.8681906, 39.072225 ], [ 141.8660219, 39.0705168 ], [ 141.8629594, 39.0714945 ], [ 141.8622216, 39.0708392 ], [ 141.859878899999984, 39.0718095 ], [ 141.858297199999981, 39.0707953 ], [ 141.8558735, 39.0717694 ], [ 141.856344, 39.0730126 ], [ 141.8534687, 39.0736215 ], [ 141.8504931, 39.0729836 ], [ 141.8482256, 39.073435 ], [ 141.8442575, 39.0764077 ], [ 141.8412089, 39.0760161 ], [ 141.841233499999987, 39.0747422 ], [ 141.8384887, 39.0737298 ], [ 141.8372484, 39.0742027 ], [ 141.8350522, 39.073231 ], [ 141.8345378, 39.0747421 ], [ 141.831741199999982, 39.0747616 ], [ 141.829377, 39.0753517 ], [ 141.825252399999982, 39.0745821 ], [ 141.8234697, 39.0751409 ], [ 141.821314699999988, 39.0774256 ], [ 141.8228279, 39.078609299999989 ], [ 141.8209118, 39.0807579 ], [ 141.820395499999989, 39.0829634 ], [ 141.822989299999989, 39.0840581 ], [ 141.8242545, 39.0854041 ], [ 141.8230054, 39.0864246 ], [ 141.8204858, 39.0853915 ], [ 141.8183961, 39.0867693 ], [ 141.8166106, 39.0856768 ], [ 141.812689899999981, 39.086436 ], [ 141.808877, 39.0900227 ], [ 141.808858099999981, 39.0920692 ], [ 141.8098708, 39.093366 ], [ 141.812686899999989, 39.0934906 ], [ 141.814904, 39.0954914 ], [ 141.8143235, 39.0969972 ], [ 141.8122964, 39.0992431 ], [ 141.812677, 39.1007247 ], [ 141.8095272, 39.1021661 ], [ 141.810793500000017, 39.1038722 ], [ 141.812761, 39.104115899999989 ], [ 141.8139084, 39.1052043 ], [ 141.8143995, 39.1075107 ], [ 141.8115583, 39.1074711 ], [ 141.811308, 39.1119008 ], [ 141.8133523, 39.1144076 ], [ 141.815798, 39.1146108 ], [ 141.820766099999986, 39.1137625 ], [ 141.820863, 39.1126895 ], [ 141.8238984, 39.1120824 ], [ 141.8253866, 39.1106097 ], [ 141.8297619, 39.1091011 ], [ 141.8303714, 39.1065967 ], [ 141.833408599999984, 39.1055002 ], [ 141.833937599999985, 39.1042379 ], [ 141.83625379999998, 39.104578 ], [ 141.8387468, 39.103694 ], [ 141.841834299999988, 39.1035755 ], [ 141.8477724, 39.1043052 ], [ 141.8493236, 39.1036369 ], [ 141.852216299999981, 39.104950699999989 ], [ 141.854641, 39.1043664 ], [ 141.857616, 39.1047617 ], [ 141.860010499999987, 39.1039994 ], [ 141.8610004, 39.1020834 ], [ 141.862627, 39.0965746 ], [ 141.8672789, 39.097193 ], [ 141.8703845, 39.0966075 ], [ 141.8738756, 39.0943907 ], [ 141.875749899999988, 39.092357 ], [ 141.878048299999989, 39.0928599 ], [ 141.8789347, 39.090292 ], [ 141.8783766, 39.0882826 ], [ 141.8785025, 39.0859827 ], [ 141.879979, 39.0843906 ], [ 141.8824693, 39.0850073 ], [ 141.882812299999983, 39.0876325 ], [ 141.881935299999981, 39.0885529 ], [ 141.883114399999982, 39.0900099 ], [ 141.8868201, 39.0904917 ], [ 141.889538, 39.0892591 ], [ 141.891658800000016, 39.0934041 ], [ 141.891780399999988, 39.0958004 ], [ 141.8936875, 39.0966967 ], [ 141.896287400000034, 39.0965111 ], [ 141.899072499999988, 39.0981644 ], [ 141.9011706, 39.0984106 ], [ 141.901731899999987, 39.100813 ], [ 141.904472699999985, 39.1017309 ], [ 141.910084899999987, 39.102869 ], [ 141.9129721, 39.104358 ], [ 141.9152034, 39.1044737 ], [ 141.9182652, 39.1054466 ], [ 141.919366, 39.1074459 ], [ 141.9164046, 39.1066548 ], [ 141.9127172, 39.1075514 ], [ 141.9109494, 39.1094051 ], [ 141.908486899999986, 39.1094523 ], [ 141.90887, 39.1109006 ], [ 141.9057583, 39.1130855 ], [ 141.904997899999984, 39.1149686 ], [ 141.9053471, 39.1169759 ], [ 141.9034761, 39.118028 ], [ 141.901577399999979, 39.1173509 ], [ 141.9003605, 39.1200765 ], [ 141.897822599999984, 39.119535 ], [ 141.8970637, 39.1183456 ], [ 141.8929392, 39.117967299999989 ], [ 141.891473200000036, 39.116423 ], [ 141.8899377, 39.1169357 ], [ 141.8855456, 39.1154284 ], [ 141.8834649, 39.1160763 ], [ 141.875706899999983, 39.1165549 ], [ 141.8744874, 39.1152771 ], [ 141.8721037, 39.1184087 ], [ 141.873085, 39.1209581 ], [ 141.869954399999983, 39.1216833 ], [ 141.8701456, 39.124535099999989 ], [ 141.8714723, 39.124857 ], [ 141.872060399999981, 39.127106 ], [ 141.8733522, 39.1278274 ], [ 141.871699399999983, 39.1304744 ], [ 141.869949599999984, 39.1316585 ], [ 141.86446909999998, 39.133462699999988 ], [ 141.8573106, 39.1352013 ], [ 141.8523912, 39.1358855 ], [ 141.850394, 39.1375215 ], [ 141.848426599999982, 39.1406089 ], [ 141.8458072, 39.1423412 ], [ 141.840687799999984, 39.1436797 ], [ 141.8399738, 39.1449113 ], [ 141.836995, 39.1445382 ], [ 141.8359563, 39.1454061 ], [ 141.8361107, 39.1471137 ], [ 141.839662299999986, 39.1489255 ], [ 141.841540499999979, 39.1525564 ], [ 141.845527799999985, 39.1553167 ], [ 141.8504006, 39.1570187 ], [ 141.8516208, 39.1565233 ], [ 141.8553407, 39.157528 ], [ 141.8580819, 39.1560148 ], [ 141.860570199999984, 39.1565955 ], [ 141.863385599999987, 39.1538753 ], [ 141.8655961, 39.1534895 ], [ 141.8687127, 39.1538183 ], [ 141.8732206, 39.1535017 ], [ 141.878453, 39.1556844 ], [ 141.8828959, 39.1550036 ], [ 141.8873549, 39.1557556 ], [ 141.8922282, 39.1590498 ], [ 141.89309129999998, 39.160509 ], [ 141.8965493, 39.1610566 ], [ 141.89553189999998, 39.1621638 ], [ 141.897945, 39.1643188 ], [ 141.900819399999989, 39.1647486 ], [ 141.9077433, 39.1697104 ], [ 141.9150301, 39.1722166 ], [ 141.915958499999988, 39.1741027 ], [ 141.921521899999988, 39.1774271 ], [ 141.9206958, 39.1786038 ], [ 141.9213906, 39.1814287 ], [ 141.9208822, 39.1822134 ], [ 141.916415299999983, 39.1785079 ], [ 141.910323799999986, 39.1785426 ], [ 141.905604399999987, 39.1766662 ], [ 141.9052714, 39.1755951 ], [ 141.902786, 39.1737253 ], [ 141.899510099999986, 39.1731212 ], [ 141.8978199, 39.1715351 ], [ 141.895469099999985, 39.1706492 ], [ 141.8938278, 39.1694053 ], [ 141.8843828, 39.1676781 ], [ 141.882034399999981, 39.1686354 ], [ 141.8803955, 39.1682837 ], [ 141.875774799999988, 39.1699474 ], [ 141.8732077, 39.1683471 ], [ 141.8709673, 39.1695418 ], [ 141.8658347, 39.1701949 ], [ 141.865134899999987, 39.1716199 ], [ 141.8599994, 39.1747064 ], [ 141.857372699999985, 39.1758517 ], [ 141.8555321, 39.1757584 ], [ 141.8536608, 39.1745365 ], [ 141.847719, 39.175094 ], [ 141.845548399999984, 39.1758991 ], [ 141.8431467, 39.1759699 ], [ 141.8382977, 39.1770844 ], [ 141.8341757, 39.1773911 ], [ 141.8295599, 39.1800267 ], [ 141.8275055, 39.1785404 ], [ 141.8249519, 39.1782304 ], [ 141.823838099999989, 39.1763717 ], [ 141.819815799999986, 39.1757693 ], [ 141.815603, 39.1762604 ], [ 141.811442100000022, 39.1763152 ], [ 141.808220800000015, 39.178743 ], [ 141.804746400000028, 39.1772894 ], [ 141.8032844, 39.1772883 ], [ 141.7993449, 39.178365 ], [ 141.794632899999982, 39.1770192 ], [ 141.7929054, 39.1774509 ], [ 141.7907433, 39.1796521 ], [ 141.7850464, 39.1814283 ], [ 141.781791199999986, 39.1801408 ], [ 141.777927799999986, 39.1792505 ], [ 141.7735161, 39.1794964 ], [ 141.7699558, 39.1788825 ], [ 141.7635893, 39.1787454 ], [ 141.7606896, 39.1776865 ], [ 141.7592621, 39.1780084 ], [ 141.754123199999981, 39.1761654 ], [ 141.7512743, 39.1743243 ], [ 141.7464876, 39.1744105 ], [ 141.744566099999986, 39.1748899 ], [ 141.742406599999981, 39.1777083 ], [ 141.7392432, 39.1826004 ], [ 141.73560759999998, 39.1835971 ], [ 141.7343091, 39.1860427 ], [ 141.7306604, 39.1880594 ], [ 141.730517, 39.1896483 ], [ 141.7290635, 39.1923225 ], [ 141.729792799999984, 39.1957217 ], [ 141.7274918, 39.1992765 ], [ 141.7282625, 39.2032457 ], [ 141.7276841, 39.2042324 ], [ 141.7252656, 39.2057596 ], [ 141.7213681, 39.2104 ], [ 141.7185127, 39.2133712 ], [ 141.7170784, 39.2140909 ], [ 141.7162597, 39.2162174 ], [ 141.7145702, 39.2182994 ], [ 141.7119535, 39.2173205 ], [ 141.7063389, 39.217048 ], [ 141.7043914, 39.2182436 ], [ 141.701818, 39.2183334 ], [ 141.7011296, 39.2196548 ], [ 141.7023331, 39.2214531 ], [ 141.7038182, 39.2255982 ], [ 141.705759199999989, 39.2286904 ], [ 141.70919139999998, 39.2306779 ], [ 141.711374399999983, 39.2333923 ], [ 141.7104867, 39.2370229 ], [ 141.708784399999985, 39.2388027 ], [ 141.708034, 39.2407044 ], [ 141.7056661, 39.2438092 ], [ 141.705484499999983, 39.248202899999988 ], [ 141.7046144, 39.2509498 ], [ 141.705199599999986, 39.2522546 ], [ 141.70529639999998, 39.2550938 ], [ 141.7063776, 39.2609977 ], [ 141.7064605, 39.2644553 ], [ 141.7018329, 39.2652925 ], [ 141.7002756, 39.2651406 ], [ 141.6974528, 39.2667112 ], [ 141.6948416, 39.2662496 ], [ 141.6935446, 39.266754 ], [ 141.6911049, 39.2662576 ], [ 141.6875102, 39.2634268 ], [ 141.6859598, 39.2606954 ], [ 141.6837467, 39.2594582 ], [ 141.6794511, 39.2599585 ], [ 141.6783709, 39.2573026 ], [ 141.6724854, 39.2527165 ], [ 141.668963099999985, 39.2534488 ], [ 141.6662725, 39.2531271 ], [ 141.662168399999985, 39.2512555 ], [ 141.662546, 39.2483852 ], [ 141.6618028, 39.2457227 ], [ 141.658565, 39.2431185 ], [ 141.6546065, 39.2448316 ], [ 141.652716199999986, 39.2450622 ], [ 141.644583499999982, 39.2475506 ], [ 141.643022799999983, 39.2495315 ], [ 141.6403666, 39.2501399 ], [ 141.639009099999981, 39.2511624 ], [ 141.6373891, 39.2506935 ], [ 141.635207, 39.2521557 ], [ 141.6321767, 39.2507652 ], [ 141.6296773, 39.2488841 ], [ 141.6293507, 39.2474894 ], [ 141.6277815, 39.2470841 ], [ 141.6226067, 39.2487761 ], [ 141.6209738, 39.2508973 ], [ 141.6186904, 39.2497309 ], [ 141.61536959999998, 39.2491395 ], [ 141.6125176, 39.2494509 ], [ 141.610956099999981, 39.2517882 ], [ 141.6060723, 39.2521352 ], [ 141.6033912, 39.2517961 ], [ 141.6035837, 39.2505413 ], [ 141.60093569999998, 39.2484577 ], [ 141.5991899, 39.2462144 ], [ 141.597181299999988, 39.2459291 ], [ 141.5965272, 39.2446169 ], [ 141.594265799999988, 39.2434511 ], [ 141.5916393, 39.2451067 ], [ 141.5899153, 39.2468486 ], [ 141.5881158, 39.2466048 ], [ 141.585786, 39.2489193 ], [ 141.5858187, 39.2504565 ], [ 141.5828051, 39.2500904 ], [ 141.5810325, 39.2504341 ], [ 141.5791874, 39.252208 ], [ 141.5799237, 39.2540935 ], [ 141.577235300000012, 39.2560214 ], [ 141.5772983, 39.2580706 ], [ 141.5744952, 39.2586053 ], [ 141.5719798, 39.2604531 ], [ 141.5704442, 39.2603956 ], [ 141.566991200000018, 39.2591557 ], [ 141.5657161, 39.2599287 ], [ 141.5621597, 39.2598271 ], [ 141.559773299999989, 39.2577977 ], [ 141.5594281, 39.2566918 ], [ 141.557072299999987, 39.2541166 ], [ 141.5567048, 39.2527421 ], [ 141.5523676, 39.2504785 ], [ 141.550525600000014, 39.2510605 ], [ 141.546963399999981, 39.2502083 ], [ 141.5455164, 39.2489919 ], [ 141.544308699999988, 39.24658 ], [ 141.541931799999986, 39.2456519 ], [ 141.5410038, 39.2432931 ], [ 141.536494799999986, 39.2445709 ], [ 141.5330581, 39.2446104 ], [ 141.531694099999982, 39.2459462 ], [ 141.529064399999982, 39.2451949 ], [ 141.523894499999983, 39.2452791 ], [ 141.5221836, 39.248248 ], [ 141.5195066, 39.2477469 ], [ 141.5193936, 39.2465314 ], [ 141.5163886, 39.2455167 ], [ 141.513952, 39.240840299999988 ], [ 141.5120009, 39.2392889 ], [ 141.510384, 39.2370861 ], [ 141.506375599999984, 39.2368495 ], [ 141.502606499999985, 39.2340001 ], [ 141.499401399999982, 39.2366693 ], [ 141.496499799999981, 39.2397371 ], [ 141.492573099999987, 39.2395622 ], [ 141.4874997, 39.2376931 ], [ 141.4863006, 39.2361339 ], [ 141.483033299999988, 39.2352548 ], [ 141.47779989999998, 39.2342918 ], [ 141.4796404, 39.2308098 ], [ 141.48203239999998, 39.2277959 ], [ 141.4800194, 39.2266492 ], [ 141.48059809999998, 39.2242945 ], [ 141.4800826, 39.2232134 ], [ 141.4806638, 39.2206903 ], [ 141.4776071, 39.2181567 ], [ 141.4769741, 39.2161114 ], [ 141.475789099999986, 39.2149984 ], [ 141.478971199999989, 39.2120508 ], [ 141.4791741, 39.2096797 ], [ 141.472967899999986, 39.2105059 ], [ 141.4721707, 39.2090376 ], [ 141.467765899999989, 39.208421799999989 ], [ 141.4615206, 39.2052135 ], [ 141.4564023, 39.2000321 ], [ 141.4523759, 39.1991755 ], [ 141.4469818, 39.2011126 ], [ 141.4440884, 39.2010415 ], [ 141.4409578, 39.1921879 ], [ 141.4388831, 39.1923043 ], [ 141.4368935, 39.1938304 ], [ 141.433702899999986, 39.194833 ], [ 141.426629099999985, 39.195458599999988 ], [ 141.4247588, 39.1950006 ], [ 141.4196972, 39.1967995 ], [ 141.4174525, 39.1972451 ], [ 141.4139829, 39.1986904 ], [ 141.4119034, 39.2004307 ], [ 141.4069907, 39.2016416 ], [ 141.4017015, 39.2011575 ], [ 141.399857299999979, 39.2000759 ], [ 141.3974987, 39.2000306 ], [ 141.3925209, 39.1971987 ], [ 141.3918301, 39.194362 ], [ 141.388904, 39.1940437 ], [ 141.3873173, 39.1928268 ], [ 141.3836489, 39.193251499999988 ], [ 141.3769936, 39.1916213 ], [ 141.373355799999985, 39.1891163 ], [ 141.373356199999989, 39.1876004 ], [ 141.3760724, 39.1864218 ], [ 141.3794844, 39.1858548 ], [ 141.381978, 39.1864007 ], [ 141.3860104, 39.1849031 ], [ 141.389309699999984, 39.1818786 ], [ 141.388998599999979, 39.1811186 ], [ 141.3844575, 39.1768414 ], [ 141.3875535, 39.17389 ], [ 141.388449400000013, 39.1723383 ], [ 141.3879026, 39.1689761 ], [ 141.3868546, 39.1659855 ], [ 141.3848535, 39.1658566 ], [ 141.3839682, 39.1636038 ], [ 141.384853, 39.1621219 ], [ 141.389312, 39.1604438 ], [ 141.3921297, 39.1584243 ], [ 141.3942193, 39.1553354 ], [ 141.393843, 39.1518615 ], [ 141.39022749999998, 39.1480956 ], [ 141.3903901, 39.1450009 ], [ 141.393187300000022, 39.1407206 ], [ 141.3972705, 39.1380736 ], [ 141.4024736, 39.1386596 ], [ 141.406737699999979, 39.1357535 ], [ 141.4067083, 39.1339365 ], [ 141.408530399999989, 39.1298123 ], [ 141.409975799999984, 39.1288148 ], [ 141.4099617, 39.1254642 ], [ 141.409261, 39.1217637 ], [ 141.405721799999981, 39.1194109 ], [ 141.40599469999998, 39.1169259 ], [ 141.408044499999988, 39.116025 ], [ 141.4099205, 39.1131892 ], [ 141.410244400000011, 39.1116714 ], [ 141.411856199999988, 39.1093961 ], [ 141.4141296, 39.1072961 ], [ 141.4180206, 39.1080954 ], [ 141.418823299999985, 39.1092449 ], [ 141.4208894, 39.1094807 ], [ 141.4254746, 39.1085765 ], [ 141.4320185, 39.1107314 ], [ 141.434063, 39.1109739 ], [ 141.4393331, 39.1104466 ], [ 141.443023, 39.1077374 ], [ 141.4448458, 39.1074821 ], [ 141.446725099999981, 39.1062432 ], [ 141.449550700000032, 39.1062037 ], [ 141.4512488, 39.1069415 ], [ 141.45466, 39.1037145 ], [ 141.458439299999981, 39.1029767 ], [ 141.4603836, 39.101935 ], [ 141.4627322, 39.1015689 ], [ 141.4643715, 39.0994413 ], [ 141.4630693, 39.0976983 ], [ 141.462804899999981, 39.0951936 ], [ 141.4642456, 39.0942513 ], [ 141.4663598, 39.0917041 ], [ 141.4704294, 39.0895563 ], [ 141.471022, 39.088661 ], [ 141.4746471, 39.0868006 ], [ 141.479178499999989, 39.0831197 ], [ 141.4806958, 39.0812597 ], [ 141.4827507, 39.0760786 ], [ 141.4804565, 39.0747255 ], [ 141.4786359, 39.0697397 ], [ 141.479749, 39.0669533 ], [ 141.47805409999998, 39.0642724 ], [ 141.4782625, 39.0620999 ], [ 141.480108699999988, 39.0594969 ], [ 141.4797308, 39.0561655 ], [ 141.4780419, 39.0543885 ], [ 141.475526600000023, 39.0530413 ], [ 141.4718557, 39.0530419 ], [ 141.4713304, 39.0520811 ], [ 141.4692696, 39.0522194 ], [ 141.4667485, 39.0500109 ], [ 141.466823799999986, 39.0479419 ], [ 141.465375, 39.0448692 ], [ 141.4605805, 39.0431884 ], [ 141.4600615, 39.0382781 ], [ 141.4616608, 39.0347019 ], [ 141.4615471, 39.0307189 ], [ 141.462848799999989, 39.0288539 ], [ 141.466180399999985, 39.0259355 ], [ 141.4661994, 39.023598199999988 ], [ 141.469512, 39.0204757 ], [ 141.4710105, 39.0185087 ], [ 141.47141449999998, 39.0157795 ], [ 141.473393499999986, 39.0132581 ], [ 141.473805, 39.011677 ], [ 141.472667799999982, 39.01004 ], [ 141.472370400000017, 39.0077014 ], [ 141.4715296, 39.0066323 ], [ 141.4679773, 39.0045906 ], [ 141.468233, 39.0026573 ], [ 141.467620499999981, 39.0008734 ], [ 141.471078799999987, 38.9972097 ], [ 141.468902499999984, 38.9933861 ], [ 141.4659891, 38.9931423 ], [ 141.46426409999998, 38.9921856 ], [ 141.464607299999983, 38.9907312 ], [ 141.4665187, 38.9874173 ], [ 141.470072499999986, 38.9877689 ], [ 141.4703551, 38.9856339 ], [ 141.4740372, 38.9837341 ], [ 141.4760844, 38.9844654 ], [ 141.4792889, 38.9834484 ], [ 141.479409, 38.9818337 ], [ 141.480951, 38.9806906 ], [ 141.4816736, 38.9790589 ], [ 141.483534, 38.9781667 ], [ 141.4853886, 38.9826981 ], [ 141.4841604, 38.9847681 ], [ 141.4843362, 38.9857847 ], [ 141.486332799999985, 38.9882973 ], [ 141.4858841, 38.9899284 ], [ 141.4869469, 38.9910381 ], [ 141.4872829, 38.9935323 ], [ 141.4888923, 38.9947747 ], [ 141.489775, 38.9973495 ], [ 141.492382, 38.9989597 ], [ 141.4965159, 38.998570799999989 ], [ 141.500346799999988, 38.999196 ], [ 141.502597399999985, 39.0001932 ], [ 141.5068389, 38.999822 ], [ 141.508553, 39.0027187 ], [ 141.5122556, 39.0021436 ], [ 141.5178785, 39.001658 ], [ 141.5184382, 39.0007416 ], [ 141.516624399999984, 38.9982263 ], [ 141.5193854, 38.9949971 ], [ 141.5210769, 38.9937623 ], [ 141.523134199999987, 38.9913459 ], [ 141.53247589999998, 38.9945407 ], [ 141.5369063, 38.9953857 ], [ 141.540701100000035, 38.994754799999988 ], [ 141.5429361, 38.9956856 ], [ 141.5438484, 38.9952289 ], [ 141.548165900000015, 38.9963061 ], [ 141.5498409, 38.9954544 ], [ 141.552903499999985, 38.9948354 ], [ 141.5553519, 38.9950346 ], [ 141.557130199999989, 38.9957943 ], [ 141.5602754, 38.9938228 ], [ 141.5633115, 38.9944055 ], [ 141.5669943, 38.9959833 ], [ 141.568841099999986, 38.9948729 ], [ 141.5711351, 38.9910507 ], [ 141.5745384, 38.9872925 ], [ 141.5761856, 38.9867922 ], [ 141.5802233, 38.9867761 ], [ 141.584041899999988, 38.9887038 ], [ 141.5869387, 38.9886932 ], [ 141.5922692, 38.9868562 ], [ 141.5951604, 38.986927 ], [ 141.5974655, 38.9863237 ], [ 141.6013854, 38.9862753 ], [ 141.6050453, 38.9851358 ], [ 141.6059773, 38.9838691 ], [ 141.6141628, 38.9780259 ], [ 141.6169035, 38.9768581 ], [ 141.619234799999987, 38.9741092 ], [ 141.624489499999981, 38.9714505 ], [ 141.6292091, 38.9702476 ], [ 141.6313725, 38.9707221 ], [ 141.6333707, 38.9722583 ], [ 141.6333866, 38.9738954 ], [ 141.630734599999982, 38.9751312 ], [ 141.6305065, 38.976224099999989 ], [ 141.6276905, 38.978122 ], [ 141.627006, 38.9817116 ], [ 141.625429199999985, 38.9816152 ], [ 141.6248119, 38.9856431 ], [ 141.6268081, 38.9879695 ], [ 141.6291144, 38.989618 ], [ 141.6280657, 38.9918346 ], [ 141.624694, 38.9914014 ], [ 141.623911599999985, 38.9930193 ], [ 141.6220966, 38.9939141 ], [ 141.628217799999987, 38.9951014 ], [ 141.624483699999985, 38.9988021 ], [ 141.626708399999984, 39.0002007 ], [ 141.62722, 39.0023193 ], [ 141.631044299999985, 39.0042669 ], [ 141.6402587, 39.0069832 ], [ 141.645157499999982, 39.0071108 ], [ 141.6457039, 39.0057149 ], [ 141.648072499999984, 39.0053281 ], [ 141.6481393, 39.0065959 ], [ 141.651551499999982, 39.0057706 ], [ 141.6560907, 39.0057578 ], [ 141.6586256, 39.0048535 ], [ 141.6581272, 39.0034284 ], [ 141.6589918, 39.0024691 ], [ 141.662164599999983, 39.0023795 ], [ 141.663353199999989, 39.0041425 ], [ 141.667284199999983, 39.0054479 ], [ 141.6700572, 39.0051304 ], [ 141.673337799999985, 39.0035935 ], [ 141.677899599999989, 39.0005242 ], [ 141.6827083, 38.996577 ], [ 141.6818149, 38.9949662 ], [ 141.679246299999988, 38.994529 ], [ 141.6764915, 38.9931371 ], [ 141.6738028, 38.9933997 ], [ 141.671639299999981, 38.9895222 ], [ 141.6677769, 38.9890131 ], [ 141.6671072, 38.9866917 ], [ 141.6686748, 38.984986 ], [ 141.668102799999986, 38.9830529 ], [ 141.6661176, 38.9817467 ], [ 141.6682911, 38.9803655 ], [ 141.6687253, 38.9784956 ], [ 141.6680275, 38.9768958 ], [ 141.668962800000031, 38.9756995 ], [ 141.670759799999985, 38.9757123 ], [ 141.672418099999987, 38.9743303 ], [ 141.6722122, 38.973123 ], [ 141.676197299999984, 38.9725619 ], [ 141.677587599999981, 38.9717581 ], [ 141.6763484, 38.969009 ], [ 141.682786, 38.9693479 ], [ 141.6853496, 38.9680872 ], [ 141.684964899999983, 38.9659107 ], [ 141.6885082, 38.9649554 ], [ 141.689227500000015, 38.9639255 ], [ 141.687887499999988, 38.9626079 ], [ 141.688192599999979, 38.9599977 ], [ 141.688924899999989, 38.9586386 ], [ 141.688492599999989, 38.9564942 ], [ 141.6911529, 38.9568385 ], [ 141.691945799999985, 38.955604 ], [ 141.691334499999982, 38.9531377 ], [ 141.6924181, 38.9517113 ], [ 141.689211199999988, 38.9499312 ], [ 141.689049899999986, 38.9474484 ], [ 141.6917929, 38.9463308 ], [ 141.695836400000019, 38.9474901 ], [ 141.698519200000021, 38.9454345 ], [ 141.6984994, 38.9439268 ], [ 141.696204599999987, 38.9431392 ], [ 141.6970756, 38.941533 ], [ 141.7005192, 38.9419482 ], [ 141.701508, 38.9413627 ], [ 141.700047, 38.9389169 ], [ 141.702087799999987, 38.9381891 ], [ 141.7052797, 38.9389062 ], [ 141.705978, 38.9422707 ], [ 141.703703599999983, 38.9436152 ], [ 141.704343, 38.9450401 ], [ 141.7063919, 38.9445577 ], [ 141.7145449, 38.9465675 ], [ 141.7144423, 38.9490821 ], [ 141.712198400000034, 38.9499883 ], [ 141.7123014, 38.9508587 ], [ 141.715402, 38.9518233 ], [ 141.7172613, 38.951335 ], [ 141.718383599999981, 38.952519 ], [ 141.720812199999983, 38.9525433 ], [ 141.7227508, 38.9502307 ], [ 141.723612299999985, 38.9518638 ], [ 141.7255227, 38.9524283 ], [ 141.7275855, 38.9515209 ], [ 141.7282351, 38.9527897 ], [ 141.7258588, 38.9531106 ], [ 141.726367899999985, 38.9553322 ], [ 141.7234978, 38.9571284 ], [ 141.7244126, 38.9581604 ], [ 141.723008300000032, 38.9634099 ], [ 141.7208004, 38.9643687 ], [ 141.717761599999989, 38.9644957 ], [ 141.717620200000027, 38.9656374 ], [ 141.7159738, 38.9667342 ], [ 141.712095500000032, 38.967904 ], [ 141.710458499999987, 38.9671553 ], [ 141.707953799999984, 38.9675268 ], [ 141.706968, 38.9655723 ], [ 141.7020542, 38.964525 ], [ 141.699062699999985, 38.9671574 ], [ 141.6977354, 38.9675458 ], [ 141.696167, 38.9706627 ], [ 141.6973815, 38.972058 ], [ 141.6982619, 38.9759888 ], [ 141.700711899999988, 38.9765761 ], [ 141.70162209999998, 38.9775205 ], [ 141.7081167, 38.9794316 ], [ 141.7087478, 38.9816425 ], [ 141.7083726, 38.9831069 ], [ 141.7099394, 38.9846929 ], [ 141.7122563, 38.9833357 ], [ 141.7135611, 38.9834595 ], [ 141.7154458, 38.9811485 ], [ 141.7170983, 38.9818412 ], [ 141.716230599999989, 38.9844758 ], [ 141.713982, 38.9853585 ], [ 141.71377769999998, 38.9866046 ] ] ], [ [ [ 141.726814099999984, 39.037748 ], [ 141.7270706, 39.0353446 ], [ 141.7282605, 39.0377595 ], [ 141.726814099999984, 39.037748 ] ] ] ] } },
{ "type": "Feature", "properties": { "hokenjo": "中部" }, "geometry": { "type": "MultiPolygon", "coordinates": [ [ [ [ 141.237383, 39.3064777 ], [ 141.2393783, 39.3086019 ], [ 141.239038, 39.3094688 ], [ 141.240884599999987, 39.3110741 ], [ 141.2444122, 39.3115696 ], [ 141.2474722, 39.3125405 ], [ 141.249148, 39.3147569 ], [ 141.2524761, 39.3144877 ], [ 141.2572688, 39.3136257 ], [ 141.25832459999998, 39.314669 ], [ 141.262376599999982, 39.3130793 ], [ 141.2648589, 39.3143981 ], [ 141.267806399999984, 39.3150626 ], [ 141.270458099999985, 39.3141798 ], [ 141.277416499999987, 39.3162256 ], [ 141.2785654, 39.3170369 ], [ 141.2828208, 39.3173681 ], [ 141.2835977, 39.3168153 ], [ 141.286348, 39.3171041 ], [ 141.288383, 39.318619399999989 ], [ 141.2934956, 39.318238 ], [ 141.2948362, 39.3170952 ], [ 141.297205, 39.3134907 ], [ 141.2988114, 39.3119018 ], [ 141.2978354, 39.3091151 ], [ 141.297799, 39.3071554 ], [ 141.3006872, 39.3058632 ], [ 141.3012219, 39.3038854 ], [ 141.3032954, 39.3013887 ], [ 141.301245099999988, 39.2994503 ], [ 141.3015991, 39.2963492 ], [ 141.304607799999985, 39.2954509 ], [ 141.306340899999981, 39.2941192 ], [ 141.306360899999987, 39.2931178 ], [ 141.3082863, 39.2915027 ], [ 141.309091599999988, 39.2891527 ], [ 141.304189399999984, 39.2857669 ], [ 141.303221399999984, 39.284368 ], [ 141.30310369999998, 39.2803802 ], [ 141.302431500000012, 39.2786302 ], [ 141.3030163, 39.276788 ], [ 141.3041499, 39.276576 ], [ 141.3083005, 39.2779732 ], [ 141.3101589, 39.279026 ], [ 141.3197784, 39.2825268 ], [ 141.325916299999989, 39.2825001 ], [ 141.3289278, 39.2791287 ], [ 141.3309437, 39.2776192 ], [ 141.3339521, 39.2768264 ], [ 141.3341202, 39.2750294 ], [ 141.333492, 39.2719581 ], [ 141.334906499999988, 39.2691836 ], [ 141.3369386, 39.2668172 ], [ 141.339051399999988, 39.2664624 ], [ 141.3409931, 39.2642793 ], [ 141.3459527, 39.2632026 ], [ 141.3516114, 39.2623679 ], [ 141.353000899999984, 39.2629254 ], [ 141.356239599999981, 39.2613114 ], [ 141.35722819999998, 39.2603642 ], [ 141.358468, 39.258760599999988 ], [ 141.3632643, 39.2571811 ], [ 141.3664613, 39.2553077 ], [ 141.370260299999984, 39.2542974 ], [ 141.3709117, 39.2531257 ], [ 141.3735337, 39.2525696 ], [ 141.377551399999987, 39.2497215 ], [ 141.379138899999987, 39.2496529 ], [ 141.382588800000036, 39.2466473 ], [ 141.3823027, 39.2449723 ], [ 141.3803638, 39.2433053 ], [ 141.3803002, 39.2418081 ], [ 141.382004199999983, 39.2393034 ], [ 141.381351199999983, 39.2363595 ], [ 141.383058799999986, 39.2349953 ], [ 141.385579399999983, 39.2341408 ], [ 141.3859937, 39.2313683 ], [ 141.3881352, 39.228831899999989 ], [ 141.387882099999985, 39.2277247 ], [ 141.389902799999987, 39.227153 ], [ 141.397829299999984, 39.2158457 ], [ 141.4029854, 39.209662 ], [ 141.405370299999987, 39.2043958 ], [ 141.406623699999983, 39.2035892 ], [ 141.4017015, 39.2011575 ], [ 141.4069907, 39.2016416 ], [ 141.4119034, 39.2004307 ], [ 141.4139829, 39.1986904 ], [ 141.4174525, 39.1972451 ], [ 141.4196972, 39.1967995 ], [ 141.4247588, 39.1950006 ], [ 141.426629099999985, 39.195458599999988 ], [ 141.433702899999986, 39.194833 ], [ 141.4368935, 39.1938304 ], [ 141.4388831, 39.1923043 ], [ 141.4409578, 39.1921879 ], [ 141.4440884, 39.2010415 ], [ 141.4469818, 39.2011126 ], [ 141.4523759, 39.1991755 ], [ 141.4564023, 39.2000321 ], [ 141.4615206, 39.2052135 ], [ 141.467765899999989, 39.208421799999989 ], [ 141.4721707, 39.2090376 ], [ 141.472967899999986, 39.2105059 ], [ 141.4791741, 39.2096797 ], [ 141.478971199999989, 39.2120508 ], [ 141.475789099999986, 39.2149984 ], [ 141.4769741, 39.2161114 ], [ 141.4776071, 39.2181567 ], [ 141.4806638, 39.2206903 ], [ 141.4800826, 39.2232134 ], [ 141.48059809999998, 39.2242945 ], [ 141.4800194, 39.2266492 ], [ 141.48203239999998, 39.2277959 ], [ 141.4796404, 39.2308098 ], [ 141.47779989999998, 39.2342918 ], [ 141.483033299999988, 39.2352548 ], [ 141.4863006, 39.2361339 ], [ 141.4874997, 39.2376931 ], [ 141.492573099999987, 39.2395622 ], [ 141.496499799999981, 39.2397371 ], [ 141.499401399999982, 39.2366693 ], [ 141.502606499999985, 39.2340001 ], [ 141.506375599999984, 39.2368495 ], [ 141.510384, 39.2370861 ], [ 141.5120009, 39.2392889 ], [ 141.513952, 39.240840299999988 ], [ 141.5163886, 39.2455167 ], [ 141.5193936, 39.2465314 ], [ 141.5195066, 39.2477469 ], [ 141.5221836, 39.248248 ], [ 141.523894499999983, 39.2452791 ], [ 141.529064399999982, 39.2451949 ], [ 141.531694099999982, 39.2459462 ], [ 141.5330581, 39.2446104 ], [ 141.536494799999986, 39.2445709 ], [ 141.5410038, 39.2432931 ], [ 141.541931799999986, 39.2456519 ], [ 141.544308699999988, 39.24658 ], [ 141.5455164, 39.2489919 ], [ 141.546963399999981, 39.2502083 ], [ 141.550525600000014, 39.2510605 ], [ 141.5523676, 39.2504785 ], [ 141.5567048, 39.2527421 ], [ 141.557072299999987, 39.2541166 ], [ 141.5594281, 39.2566918 ], [ 141.559773299999989, 39.2577977 ], [ 141.5621597, 39.2598271 ], [ 141.5657161, 39.2599287 ], [ 141.566991200000018, 39.2591557 ], [ 141.5704442, 39.2603956 ], [ 141.5719798, 39.2604531 ], [ 141.5744952, 39.2586053 ], [ 141.5772983, 39.2580706 ], [ 141.577235300000012, 39.2560214 ], [ 141.5799237, 39.2540935 ], [ 141.5791874, 39.252208 ], [ 141.5810325, 39.2504341 ], [ 141.5828051, 39.2500904 ], [ 141.5858187, 39.2504565 ], [ 141.585786, 39.2489193 ], [ 141.5881158, 39.2466048 ], [ 141.5899153, 39.2468486 ], [ 141.5916393, 39.2451067 ], [ 141.594265799999988, 39.2434511 ], [ 141.5965272, 39.2446169 ], [ 141.597181299999988, 39.2459291 ], [ 141.5991899, 39.2462144 ], [ 141.60093569999998, 39.2484577 ], [ 141.6035837, 39.2505413 ], [ 141.6033912, 39.2517961 ], [ 141.6060723, 39.2521352 ], [ 141.610956099999981, 39.2517882 ], [ 141.6125176, 39.2494509 ], [ 141.61536959999998, 39.2491395 ], [ 141.6186904, 39.2497309 ], [ 141.6209738, 39.2508973 ], [ 141.6226067, 39.2487761 ], [ 141.6277815, 39.2470841 ], [ 141.6293507, 39.2474894 ], [ 141.6296773, 39.2488841 ], [ 141.6321767, 39.2507652 ], [ 141.635207, 39.2521557 ], [ 141.6373891, 39.2506935 ], [ 141.639009099999981, 39.2511624 ], [ 141.6403666, 39.2501399 ], [ 141.643022799999983, 39.2495315 ], [ 141.644583499999982, 39.2475506 ], [ 141.652716199999986, 39.2450622 ], [ 141.6546065, 39.2448316 ], [ 141.658565, 39.2431185 ], [ 141.6618028, 39.2457227 ], [ 141.662546, 39.2483852 ], [ 141.662168399999985, 39.2512555 ], [ 141.6662725, 39.2531271 ], [ 141.668963099999985, 39.2534488 ], [ 141.6724854, 39.2527165 ], [ 141.6783709, 39.2573026 ], [ 141.6794511, 39.2599585 ], [ 141.6837467, 39.2594582 ], [ 141.6859598, 39.2606954 ], [ 141.6875102, 39.2634268 ], [ 141.6911049, 39.2662576 ], [ 141.6935446, 39.266754 ], [ 141.6948416, 39.2662496 ], [ 141.6974528, 39.2667112 ], [ 141.699268099999983, 39.2712901 ], [ 141.6993042, 39.2730471 ], [ 141.6981141, 39.2743388 ], [ 141.6969976, 39.2773983 ], [ 141.694094399999983, 39.2788197 ], [ 141.6933201, 39.2808314 ], [ 141.691438399999981, 39.2830423 ], [ 141.692428799999988, 39.2862054 ], [ 141.690120899999982, 39.2883487 ], [ 141.6890955, 39.2915638 ], [ 141.683807, 39.2934966 ], [ 141.6826447, 39.2952483 ], [ 141.683522, 39.2985164 ], [ 141.685285599999986, 39.3016439 ], [ 141.6873994, 39.3044536 ], [ 141.6899616, 39.3058925 ], [ 141.6914635, 39.3075623 ], [ 141.6912745, 39.3090903 ], [ 141.693410299999982, 39.3116576 ], [ 141.6952077, 39.3145851 ], [ 141.6927556, 39.3162201 ], [ 141.689142, 39.3160674 ], [ 141.6839491, 39.3168213 ], [ 141.6810736, 39.3155052 ], [ 141.6758826, 39.31646 ], [ 141.673423499999984, 39.3165631 ], [ 141.670625299999983, 39.3176217 ], [ 141.6664228, 39.3177323 ], [ 141.663880399999982, 39.3201201 ], [ 141.660938099999981, 39.321486 ], [ 141.663583, 39.3241015 ], [ 141.666475, 39.3250287 ], [ 141.6664437, 39.3290233 ], [ 141.6653714, 39.3323802 ], [ 141.662614599999984, 39.3350206 ], [ 141.660043799999983, 39.3396314 ], [ 141.660923199999985, 39.3420593 ], [ 141.6601474, 39.3463051 ], [ 141.6607635, 39.3480835 ], [ 141.660244, 39.3502493 ], [ 141.6607989, 39.3515057 ], [ 141.6582106, 39.3520296 ], [ 141.6577491, 39.3529805 ], [ 141.6544999, 39.354714099999988 ], [ 141.654385499999989, 39.3587931 ], [ 141.656184599999989, 39.3622339 ], [ 141.6568684, 39.3650337 ], [ 141.6557609, 39.3659898 ], [ 141.65536849999998, 39.3692129 ], [ 141.656564, 39.3705287 ], [ 141.6558164, 39.3737207 ], [ 141.6582616, 39.3758996 ], [ 141.6610111, 39.3764316 ], [ 141.6625402, 39.377451 ], [ 141.6620332, 39.3805671 ], [ 141.6635559, 39.3828691 ], [ 141.6634775, 39.3841899 ], [ 141.661978, 39.3867394 ], [ 141.663952599999988, 39.3888261 ], [ 141.6614581, 39.3910206 ], [ 141.663447, 39.3920597 ], [ 141.6656686, 39.3943881 ], [ 141.6689653, 39.3956959 ], [ 141.671401799999984, 39.3983326 ], [ 141.6705954, 39.3999267 ], [ 141.6669042, 39.4011626 ], [ 141.67009360000003, 39.4049954 ], [ 141.6725614, 39.4041559 ], [ 141.6782231, 39.4058757 ], [ 141.681493599999982, 39.4060465 ], [ 141.6854411, 39.406932 ], [ 141.687962199999987, 39.4082751 ], [ 141.6875302, 39.4097087 ], [ 141.689430499999986, 39.4114798 ], [ 141.692089399999986, 39.4124826 ], [ 141.6990456, 39.410987 ], [ 141.7007629, 39.40976 ], [ 141.7043567, 39.4101447 ], [ 141.7059485, 39.407424399999989 ], [ 141.70816050000002, 39.4070089 ], [ 141.7109538, 39.4090986 ], [ 141.715367, 39.4072227 ], [ 141.7198479, 39.4062843 ], [ 141.7230576, 39.4077377 ], [ 141.7242075, 39.4090166 ], [ 141.728247, 39.4090716 ], [ 141.732440699999984, 39.4079679 ], [ 141.7337009, 39.4088048 ], [ 141.7382651, 39.4095409 ], [ 141.741573499999987, 39.4111762 ], [ 141.7423459, 39.4132954 ], [ 141.7444619, 39.4148315 ], [ 141.7464158, 39.4171546 ], [ 141.7425576, 39.4197507 ], [ 141.7418997, 39.4228508 ], [ 141.736353, 39.4241744 ], [ 141.7328954, 39.4264778 ], [ 141.7292453, 39.4270948 ], [ 141.72357359999998, 39.4263617 ], [ 141.720538, 39.4275807 ], [ 141.7199652, 39.4291615 ], [ 141.723436, 39.4314954 ], [ 141.7238173, 39.4339613 ], [ 141.722278599999981, 39.4370333 ], [ 141.720547899999985, 39.4394791 ], [ 141.720425, 39.4440523 ], [ 141.720839100000035, 39.4462725 ], [ 141.717476300000015, 39.4462306 ], [ 141.7142977, 39.4451389 ], [ 141.708722099999989, 39.4448193 ], [ 141.7043587, 39.4442809 ], [ 141.701827899999984, 39.4444457 ], [ 141.6979934, 39.4434726 ], [ 141.6947634, 39.443684 ], [ 141.69122059999998, 39.4433157 ], [ 141.688231799999983, 39.4399576 ], [ 141.6854137, 39.4389901 ], [ 141.6814331, 39.4389049 ], [ 141.679280299999988, 39.4395785 ], [ 141.6781205, 39.441658 ], [ 141.677101599999986, 39.4417944 ], [ 141.674761500000017, 39.4437816 ], [ 141.668963599999984, 39.4461836 ], [ 141.6686388, 39.4482212 ], [ 141.663095299999981, 39.4501982 ], [ 141.6611694, 39.4516435 ], [ 141.659368699999987, 39.456143 ], [ 141.6552098, 39.4564261 ], [ 141.6524092, 39.4544449 ], [ 141.651181, 39.4515021 ], [ 141.6468965, 39.4527519 ], [ 141.642948599999983, 39.4550361 ], [ 141.6405727, 39.4553194 ], [ 141.6365707, 39.4550589 ], [ 141.6324411, 39.4574695 ], [ 141.632083099999988, 39.4585917 ], [ 141.6301746, 39.4603357 ], [ 141.629918799999984, 39.4623301 ], [ 141.6288954, 39.4637963 ], [ 141.628840800000035, 39.4669527 ], [ 141.626398199999983, 39.4674311 ], [ 141.624597599999987, 39.4686202 ], [ 141.6232364, 39.4713108 ], [ 141.621569699999981, 39.4724803 ], [ 141.6173444, 39.4731948 ], [ 141.615312599999982, 39.4745598 ], [ 141.61364949999998, 39.4765307 ], [ 141.6112458, 39.4781346 ], [ 141.6091524, 39.4807721 ], [ 141.609137299999986, 39.482138 ], [ 141.6104339, 39.4837477 ], [ 141.610537699999981, 39.4886125 ], [ 141.6067496, 39.4888061 ], [ 141.6013912, 39.4877759 ], [ 141.5976667, 39.4884839 ], [ 141.598493, 39.4903392 ], [ 141.596785399999987, 39.4932051 ], [ 141.5953993, 39.4940296 ], [ 141.593338599999981, 39.4981766 ], [ 141.5899071, 39.4984994 ], [ 141.5897334, 39.5009216 ], [ 141.5837966, 39.5039433 ], [ 141.5825815, 39.5054347 ], [ 141.580000399999989, 39.5060789 ], [ 141.5769814, 39.5090931 ], [ 141.5753948, 39.5125618 ], [ 141.572157299999986, 39.5143041 ], [ 141.570130299999988, 39.513391 ], [ 141.5671939, 39.5138835 ], [ 141.565596299999982, 39.5147785 ], [ 141.564837899999986, 39.516700799999988 ], [ 141.5594391, 39.5207742 ], [ 141.552297899999985, 39.5225073 ], [ 141.551812499999983, 39.5255796 ], [ 141.5487331, 39.5246854 ], [ 141.5436441, 39.5249868 ], [ 141.5408744, 39.5247282 ], [ 141.538081299999988, 39.5239191 ], [ 141.5348632, 39.5248805 ], [ 141.5322884, 39.5251824 ], [ 141.528583699999984, 39.5235283 ], [ 141.5258617, 39.5248602 ], [ 141.5231303, 39.5254903 ], [ 141.521514699999983, 39.5266128 ], [ 141.5187147, 39.5261631 ], [ 141.5172049, 39.5288773 ], [ 141.5111894, 39.5321018 ], [ 141.5039524, 39.5351968 ], [ 141.500538399999982, 39.5362021 ], [ 141.4991389, 39.539123 ], [ 141.4964794, 39.5413747 ], [ 141.496178499999985, 39.5424 ], [ 141.4971807, 39.5444944 ], [ 141.4958823, 39.5471247 ], [ 141.4941733, 39.5483714 ], [ 141.4942719, 39.5505131 ], [ 141.492989600000016, 39.5526793 ], [ 141.492657, 39.5557593 ], [ 141.4930406, 39.5573104 ], [ 141.491229799999985, 39.5581437 ], [ 141.4889533, 39.5583493 ], [ 141.4831352, 39.5576835 ], [ 141.476674799999984, 39.5589386 ], [ 141.4732334, 39.5592855 ], [ 141.4708637, 39.5585305 ], [ 141.4621852, 39.5583247 ], [ 141.458694399999985, 39.557685899999989 ], [ 141.4551193, 39.5580767 ], [ 141.452635099999981, 39.5587959 ], [ 141.450571199999985, 39.558371699999988 ], [ 141.448632, 39.5572476 ], [ 141.4449837, 39.5564626 ], [ 141.439927499999982, 39.5564795 ], [ 141.43731, 39.5550015 ], [ 141.4321205, 39.5540948 ], [ 141.4288268, 39.5546274 ], [ 141.4283359, 39.5561821 ], [ 141.426652599999983, 39.5573218 ], [ 141.424316399999981, 39.5608799 ], [ 141.4215452, 39.5631966 ], [ 141.419877099999979, 39.563732699999989 ], [ 141.419594599999982, 39.5646022 ], [ 141.4171675, 39.5664225 ], [ 141.4142355, 39.5705792 ], [ 141.413687399999986, 39.5725 ], [ 141.4096942, 39.5750928 ], [ 141.4072453, 39.5761059 ], [ 141.4034208, 39.5769693 ], [ 141.4002399, 39.5770237 ], [ 141.3967093, 39.576084 ], [ 141.3949188, 39.5762159 ], [ 141.390393099999983, 39.5756087 ], [ 141.389152, 39.5758923 ], [ 141.3857003, 39.574419 ], [ 141.382739499999985, 39.5738404 ], [ 141.3797506, 39.5744729 ], [ 141.3754616, 39.5742943 ], [ 141.3710932, 39.5758004 ], [ 141.36873319999998, 39.5741079 ], [ 141.363970099999989, 39.5727113 ], [ 141.361882, 39.5736179 ], [ 141.3584318, 39.5707427 ], [ 141.3548146, 39.5695805 ], [ 141.3524208, 39.5674672 ], [ 141.349704299999985, 39.5682477 ], [ 141.3467935, 39.567956599999988 ], [ 141.344119299999988, 39.5692433 ], [ 141.3426743, 39.5683094 ], [ 141.336916799999983, 39.5667247 ], [ 141.3329301, 39.5670493 ], [ 141.331669799999986, 39.5689548 ], [ 141.3248558, 39.5710829 ], [ 141.3218269, 39.5731288 ], [ 141.3216132, 39.574808 ], [ 141.318619899999987, 39.5749866 ], [ 141.3163524, 39.5733672 ], [ 141.314558799999986, 39.5728391 ], [ 141.3136705, 39.571693 ], [ 141.3092699, 39.571543299999988 ], [ 141.3050524, 39.5721864 ], [ 141.301750699999985, 39.5712973 ], [ 141.2997332, 39.5689973 ], [ 141.294864099999984, 39.5672451 ], [ 141.293565199999989, 39.5656551 ], [ 141.2947283, 39.5636087 ], [ 141.297629799999982, 39.5626156 ], [ 141.2981173, 39.5601386 ], [ 141.2954043, 39.5595184 ], [ 141.29349449999998, 39.559765 ], [ 141.2910262, 39.5584064 ], [ 141.287519299999985, 39.553837 ], [ 141.2872308, 39.5506656 ], [ 141.285616399999981, 39.5480747 ], [ 141.2860981, 39.5443261 ], [ 141.2868996, 39.5412294 ], [ 141.288977400000022, 39.5395155 ], [ 141.2877192, 39.5356827 ], [ 141.288376699999986, 39.5341455 ], [ 141.290182, 39.532678499999989 ], [ 141.288660099999987, 39.5301419 ], [ 141.288668, 39.5289074 ], [ 141.284453899999988, 39.524593 ], [ 141.2854356, 39.5214104 ], [ 141.2849326, 39.5189452 ], [ 141.286828, 39.516574899999988 ], [ 141.291503899999981, 39.5155807 ], [ 141.2956996, 39.5092417 ], [ 141.2947021, 39.5075592 ], [ 141.2919138, 39.5070459 ], [ 141.289570199999986, 39.5058573 ], [ 141.2875214, 39.503579 ], [ 141.2876034, 39.5006823 ], [ 141.2865084, 39.4993601 ], [ 141.287863499999986, 39.498577 ], [ 141.2877182, 39.4945545 ], [ 141.2872016, 39.4935795 ], [ 141.283201099999985, 39.4912837 ], [ 141.28268, 39.4901953 ], [ 141.282391499999989, 39.4855284 ], [ 141.2777471, 39.4833645 ], [ 141.2741307, 39.4834701 ], [ 141.271682299999981, 39.4845143 ], [ 141.2703387, 39.483680899999989 ], [ 141.2676792, 39.4841196 ], [ 141.264697499999983, 39.4834048 ], [ 141.2631591, 39.4857304 ], [ 141.2607452, 39.4871437 ], [ 141.259867, 39.4904199 ], [ 141.256725, 39.4901438 ], [ 141.253988699999979, 39.4879346 ], [ 141.2519111, 39.4881463 ], [ 141.248557799999986, 39.4866866 ], [ 141.246502199999981, 39.4874922 ], [ 141.2434777, 39.4877269 ], [ 141.241253299999983, 39.4871211 ], [ 141.237322899999981, 39.4869431 ], [ 141.233630399999981, 39.487375799999988 ], [ 141.2313182, 39.4856533 ], [ 141.2296792, 39.4862595 ], [ 141.2246056, 39.4865992 ], [ 141.2203255, 39.4881487 ], [ 141.218096799999984, 39.4907082 ], [ 141.215680099999986, 39.4897873 ], [ 141.212397, 39.490176 ], [ 141.211730400000022, 39.4895646 ], [ 141.2089444, 39.4923463 ], [ 141.2052894, 39.4932838 ], [ 141.202291799999983, 39.4954363 ], [ 141.196394699999985, 39.4989336 ], [ 141.191808, 39.5000894 ], [ 141.18591619999998, 39.502557 ], [ 141.1833948, 39.5025806 ], [ 141.179912799999983, 39.5047373 ], [ 141.174128, 39.5046067 ], [ 141.1708591, 39.505372 ], [ 141.1687532, 39.505157 ], [ 141.167700199999985, 39.5058629 ], [ 141.170045099999982, 39.5081798 ], [ 141.1694215, 39.5094773 ], [ 141.163869799999986, 39.5091482 ], [ 141.156491400000021, 39.5083654 ], [ 141.1507991, 39.5087843 ], [ 141.149070199999983, 39.509946 ], [ 141.146630099999982, 39.5107249 ], [ 141.1428067, 39.5112263 ], [ 141.136018899999982, 39.5110908 ], [ 141.1179807, 39.508714 ], [ 141.1155924, 39.5076037 ], [ 141.1120871, 39.5070415 ], [ 141.110181499999982, 39.5062893 ], [ 141.106544, 39.5070076 ], [ 141.1028345, 39.5082724 ], [ 141.100717799999984, 39.5097683 ], [ 141.0979611, 39.5099905 ], [ 141.0981841, 39.5114272 ], [ 141.0950771, 39.5139436 ], [ 141.094601499999982, 39.5148275 ], [ 141.09224949999998, 39.5145173 ], [ 141.0905311, 39.5156048 ], [ 141.088258599999989, 39.5144495 ], [ 141.086065599999984, 39.5149051 ], [ 141.0832489, 39.5139732 ], [ 141.083792099999982, 39.5177885 ], [ 141.0815412, 39.5206988 ], [ 141.081841199999985, 39.5236344 ], [ 141.07832639999998, 39.5252061 ], [ 141.081722499999984, 39.5279544 ], [ 141.077451, 39.5292286 ], [ 141.073782099999988, 39.5273539 ], [ 141.070905499999981, 39.5250428 ], [ 141.071089699999987, 39.52374 ], [ 141.068313599999982, 39.5224584 ], [ 141.0662163, 39.5229631 ], [ 141.063642099999981, 39.5244787 ], [ 141.0600198, 39.5249048 ], [ 141.0552116, 39.5278957 ], [ 141.0519502, 39.5271119 ], [ 141.045760199999989, 39.5272855 ], [ 141.0421101, 39.5267019 ], [ 141.0401679, 39.5255286 ], [ 141.0371015, 39.5259242 ], [ 141.0325761, 39.527709 ], [ 141.0307881, 39.5261554 ], [ 141.0264689, 39.5245265 ], [ 141.023418, 39.5264557 ], [ 141.0205561, 39.5254966 ], [ 141.019272400000034, 39.5265824 ], [ 141.0168938, 39.5261174 ], [ 141.014982299999986, 39.5289222 ], [ 141.0112914, 39.5293992 ], [ 141.0099822, 39.5318539 ], [ 141.009669699999989, 39.5338498 ], [ 141.0080571, 39.5358979 ], [ 141.0061213, 39.5371987 ], [ 140.9995001, 39.5381304 ], [ 140.9988117, 39.5391091 ], [ 140.994330599999984, 39.5399741 ], [ 140.9912086, 39.5390322 ], [ 140.989772200000033, 39.5393006 ], [ 140.989389099999983, 39.5410883 ], [ 140.987878199999983, 39.5434617 ], [ 140.985857899999985, 39.5435223 ], [ 140.981974899999983, 39.5423309 ], [ 140.9787346, 39.5422276 ], [ 140.975726399999985, 39.5441165 ], [ 140.9748981, 39.5452318 ], [ 140.9723228, 39.5463496 ], [ 140.9686525, 39.5449394 ], [ 140.967978099999982, 39.5418938 ], [ 140.964382799999981, 39.5413044 ], [ 140.962627199999986, 39.5398141 ], [ 140.96098139999998, 39.5366263 ], [ 140.958901699999984, 39.5348605 ], [ 140.958817899999985, 39.532556 ], [ 140.9556934, 39.5317927 ], [ 140.952254499999981, 39.532448599999988 ], [ 140.951020299999982, 39.5320213 ], [ 140.946447799999987, 39.5323577 ], [ 140.9432861, 39.5351483 ], [ 140.9411974, 39.5352347 ], [ 140.9382076, 39.5364092 ], [ 140.93545229999998, 39.536997 ], [ 140.93462839999998, 39.538337 ], [ 140.9272676, 39.5386034 ], [ 140.9261784, 39.5395526 ], [ 140.9261716, 39.5420576 ], [ 140.9231622, 39.5435298 ], [ 140.9202019, 39.5433365 ], [ 140.9180963, 39.5425732 ], [ 140.915055199999983, 39.5406651 ], [ 140.9138949, 39.5391543 ], [ 140.9104841, 39.5401515 ], [ 140.9079663, 39.5383087 ], [ 140.903841299999982, 39.5366021 ], [ 140.902221600000018, 39.5341676 ], [ 140.900480499999986, 39.5327557 ], [ 140.8956052, 39.5336346 ], [ 140.8947904, 39.5343407 ], [ 140.8925027, 39.5333227 ], [ 140.892221299999989, 39.5293607 ], [ 140.8896086, 39.5271941 ], [ 140.8886724, 39.5273124 ], [ 140.8861669, 39.5229346 ], [ 140.88312, 39.5199163 ], [ 140.8830681, 39.5177174 ], [ 140.8799578, 39.5182696 ], [ 140.8789597, 39.5223086 ], [ 140.876894099999987, 39.523392199999989 ], [ 140.874456899999984, 39.5226083 ], [ 140.874707699999988, 39.5250025 ], [ 140.873894, 39.527255 ], [ 140.869717, 39.5287447 ], [ 140.869364499999989, 39.5296375 ], [ 140.871141199999983, 39.5326053 ], [ 140.876057, 39.5344258 ], [ 140.8768842, 39.5361094 ], [ 140.8761381, 39.5378972 ], [ 140.876738099999983, 39.5391925 ], [ 140.875773, 39.5418019 ], [ 140.8739444, 39.5422933 ], [ 140.871138799999983, 39.5472692 ], [ 140.8721104, 39.5504497 ], [ 140.8702337, 39.5502769 ], [ 140.867620599999981, 39.5512589 ], [ 140.86901229999998, 39.5525725 ], [ 140.8682714, 39.5547395 ], [ 140.8663489, 39.5566242 ], [ 140.8658728, 39.5581039 ], [ 140.862881099999981, 39.5596734 ], [ 140.8626643, 39.562510599999989 ], [ 140.860033499999986, 39.5621928 ], [ 140.857373699999982, 39.5689098 ], [ 140.8547361, 39.5712443 ], [ 140.8556544, 39.5725121 ], [ 140.8581006, 39.5735576 ], [ 140.859616599999981, 39.5763629 ], [ 140.8565538, 39.579971799999988 ], [ 140.8565001, 39.5813809 ], [ 140.8548135, 39.5816482 ], [ 140.8517692, 39.5834271 ], [ 140.850087, 39.5835929 ], [ 140.848235599999981, 39.5853427 ], [ 140.8476369, 39.5867538 ], [ 140.844800599999985, 39.5872507 ], [ 140.8432908, 39.5881999 ], [ 140.8424335, 39.5904705 ], [ 140.8400571, 39.5922277 ], [ 140.8397535, 39.5936094 ], [ 140.83732089999998, 39.5941767 ], [ 140.8341182, 39.5934542 ], [ 140.828044799999986, 39.5932931 ], [ 140.8236698, 39.5917162 ], [ 140.8195859, 39.5907734 ], [ 140.8177006, 39.5895996 ], [ 140.8136054, 39.5896141 ], [ 140.8067078, 39.5906999 ], [ 140.80556, 39.5924116 ], [ 140.8005724, 39.5972528 ], [ 140.7998507, 39.5999423 ], [ 140.7963837, 39.6025998 ], [ 140.7953134, 39.6029926 ], [ 140.792519199999987, 39.6032948 ], [ 140.7874859, 39.6031763 ], [ 140.782479200000012, 39.6040871 ], [ 140.781563399999982, 39.6017244 ], [ 140.7793634, 39.6000127 ], [ 140.7787859, 39.5985519 ], [ 140.7786701, 39.5955685 ], [ 140.7792957, 39.5934405 ], [ 140.7805602, 39.5917446 ], [ 140.780256, 39.5901571 ], [ 140.778141, 39.5902074 ], [ 140.7753332, 39.5910008 ], [ 140.7718985, 39.5901877 ], [ 140.77006990000001, 39.5884977 ], [ 140.766503199999988, 39.5884975 ], [ 140.764268800000025, 39.5878542 ], [ 140.762158200000016, 39.5847173 ], [ 140.762178300000016, 39.5826236 ], [ 140.7608402, 39.5814053 ], [ 140.7601094, 39.5795903 ], [ 140.7580692, 39.5767806 ], [ 140.75670359999998, 39.5761184 ], [ 140.7542967, 39.5707195 ], [ 140.7511462, 39.5704056 ], [ 140.7468786, 39.5688526 ], [ 140.7441528, 39.5669004 ], [ 140.7402564, 39.5653374 ], [ 140.7366672, 39.5649779 ], [ 140.7303594, 39.5658427 ], [ 140.727270799999985, 39.5589749 ], [ 140.7274792, 39.5559541 ], [ 140.729476399999982, 39.5540819 ], [ 140.729151699999989, 39.5529813 ], [ 140.733204299999983, 39.5504771 ], [ 140.7363532, 39.5491027 ], [ 140.7395171, 39.5468468 ], [ 140.740291499999984, 39.5452399 ], [ 140.7393343, 39.544016 ], [ 140.7395477, 39.5405326 ], [ 140.7406921, 39.538724 ], [ 140.7413594, 39.5361857 ], [ 140.7407685, 39.5346112 ], [ 140.7391916, 39.5334904 ], [ 140.73801720000003, 39.5263793 ], [ 140.7382236, 39.523054 ], [ 140.736563, 39.5214418 ], [ 140.7333099, 39.5216371 ], [ 140.7321749, 39.5223871 ], [ 140.7274516, 39.5200694 ], [ 140.7262196, 39.5199813 ], [ 140.724653, 39.5184627 ], [ 140.7246333, 39.5168719 ], [ 140.7226397, 39.514113 ], [ 140.7211294, 39.5140569 ], [ 140.7243402, 39.5111836 ], [ 140.7228, 39.5040708 ], [ 140.719779099999982, 39.5048019 ], [ 140.7171644, 39.5014327 ], [ 140.7136839, 39.4992014 ], [ 140.7138761, 39.4962775 ], [ 140.7132714, 39.4940566 ], [ 140.7153089, 39.4925103 ], [ 140.7169259, 39.4888574 ], [ 140.7188212, 39.4867999 ], [ 140.718899, 39.4849916 ], [ 140.722704, 39.4830355 ], [ 140.724404599999986, 39.480534399999989 ], [ 140.72162179999998, 39.4786949 ], [ 140.7164646, 39.4785444 ], [ 140.7150863, 39.4775038 ], [ 140.7127346, 39.4768686 ], [ 140.7117896, 39.4756647 ], [ 140.7089966, 39.4752469 ], [ 140.706536, 39.4740066 ], [ 140.7058171, 39.47231 ], [ 140.703582399999988, 39.4705589 ], [ 140.702123299999982, 39.4704083 ], [ 140.696055, 39.4662183 ], [ 140.6932128, 39.4658603 ], [ 140.6895269, 39.4648094 ], [ 140.687331200000017, 39.4601447 ], [ 140.685597, 39.4595272 ], [ 140.6834504, 39.4571353 ], [ 140.681984, 39.4573114 ], [ 140.680803199999986, 39.4529633 ], [ 140.678968, 39.4518389 ], [ 140.6780182, 39.4489617 ], [ 140.6769874, 39.4484039 ], [ 140.6777533, 39.445213 ], [ 140.6790253, 39.4449483 ], [ 140.68029439999998, 39.4430311 ], [ 140.682358099999988, 39.4419002 ], [ 140.6855951, 39.437263 ], [ 140.6862882, 39.4344818 ], [ 140.685818399999988, 39.4299998 ], [ 140.6840172, 39.4271063 ], [ 140.685125, 39.4246654 ], [ 140.6833092, 39.4216604 ], [ 140.6820631, 39.4209034 ], [ 140.6810964, 39.4183859 ], [ 140.6788895, 39.4180054 ], [ 140.6770464, 39.4189165 ], [ 140.67513169999998, 39.416909 ], [ 140.6708864, 39.4176557 ], [ 140.6663303, 39.4165216 ], [ 140.662424, 39.4147646 ], [ 140.6582395, 39.4141488 ], [ 140.6574762, 39.411683 ], [ 140.658822099999981, 39.4092538 ], [ 140.6626885, 39.4082301 ], [ 140.661791599999987, 39.4055868 ], [ 140.6636897, 39.4037501 ], [ 140.661751399999986, 39.4019165 ], [ 140.658899099999985, 39.4005846 ], [ 140.65828, 39.3985034 ], [ 140.657141699999983, 39.3973893 ], [ 140.655756199999985, 39.3940368 ], [ 140.6546545, 39.3940568 ], [ 140.6532254, 39.3907979 ], [ 140.6577596, 39.3885898 ], [ 140.661006, 39.3859581 ], [ 140.6649605, 39.3853819 ], [ 140.665497499999987, 39.3842978 ], [ 140.669592500000022, 39.384188 ], [ 140.6707011, 39.3853272 ], [ 140.672422499999982, 39.3851477 ], [ 140.6754319, 39.3857955 ], [ 140.6777861, 39.383611 ], [ 140.6789728, 39.3831819 ], [ 140.679640399999982, 39.3811688 ], [ 140.678719299999983, 39.3786799 ], [ 140.6780952, 39.373077599999988 ], [ 140.6760458, 39.3711035 ], [ 140.6756397, 39.3683415 ], [ 140.6775217, 39.3663676 ], [ 140.681874, 39.3641126 ], [ 140.682580699999988, 39.3620448 ], [ 140.685387599999984, 39.3615536 ], [ 140.6884091, 39.3593297 ], [ 140.6929494, 39.3581205 ], [ 140.6905094, 39.3549061 ], [ 140.6894284, 39.3520191 ], [ 140.687984199999988, 39.3511841 ], [ 140.688452899999987, 39.3475247 ], [ 140.6921343, 39.3447324 ], [ 140.6940157, 39.3446232 ], [ 140.6957138, 39.3453876 ], [ 140.7001797, 39.3434765 ], [ 140.7032361, 39.3435856 ], [ 140.703915599999988, 39.3425715 ], [ 140.7036267, 39.3403243 ], [ 140.7059573, 39.3388576 ], [ 140.7056843, 39.337037 ], [ 140.7067501, 39.3347678 ], [ 140.708297099999982, 39.3341997 ], [ 140.709175499999986, 39.329885 ], [ 140.7055897, 39.3294689 ], [ 140.703485199999989, 39.3286028 ], [ 140.7003374, 39.328818399999989 ], [ 140.6985866, 39.3284297 ], [ 140.6988069, 39.3263197 ], [ 140.6977522, 39.3250609 ], [ 140.698192799999987, 39.3235783 ], [ 140.6975239, 39.3217622 ], [ 140.6940442, 39.3197642 ], [ 140.694375899999983, 39.318315299999988 ], [ 140.6927095, 39.3157197 ], [ 140.692867299999989, 39.3134431 ], [ 140.695189299999981, 39.3127886 ], [ 140.6972254, 39.3102858 ], [ 140.6962116, 39.3076733 ], [ 140.6939224, 39.3054177 ], [ 140.6928869, 39.3030461 ], [ 140.693585899999988, 39.299593 ], [ 140.695986399999981, 39.300161 ], [ 140.6984548, 39.2996882 ], [ 140.702350599999988, 39.3001296 ], [ 140.703780599999988, 39.3018276 ], [ 140.7054307, 39.2999626 ], [ 140.707981, 39.2983704 ], [ 140.7084863, 39.2969387 ], [ 140.7107972, 39.2958026 ], [ 140.7120152, 39.2966559 ], [ 140.717327499999982, 39.2965081 ], [ 140.7185561, 39.2952408 ], [ 140.7185565, 39.291355 ], [ 140.7164306, 39.289475 ], [ 140.717539599999981, 39.2868819 ], [ 140.7176705, 39.2830547 ], [ 140.7169744, 39.2818297 ], [ 140.7176542, 39.2800769 ], [ 140.716816699999981, 39.2775255 ], [ 140.718143699999985, 39.2767655 ], [ 140.718388399999981, 39.2742183 ], [ 140.717828699999984, 39.2726088 ], [ 140.7197315, 39.2719499 ], [ 140.723032099999983, 39.2721741 ], [ 140.7242555, 39.2705138 ], [ 140.72776829999998, 39.270286 ], [ 140.727920499999982, 39.2693399 ], [ 140.7330565, 39.2664104 ], [ 140.7362723, 39.2667676 ], [ 140.7383007, 39.2645162 ], [ 140.7403133, 39.2631545 ], [ 140.745888899999983, 39.2614984 ], [ 140.7474455, 39.2628036 ], [ 140.751349399999981, 39.2628072 ], [ 140.7513639, 39.2607892 ], [ 140.7532343, 39.2580827 ], [ 140.755750399999982, 39.2569064 ], [ 140.756921299999988, 39.2550449 ], [ 140.7590849, 39.2543122 ], [ 140.7614544, 39.2547507 ], [ 140.762644699999981, 39.2536327 ], [ 140.764847799999984, 39.2531221 ], [ 140.7659789, 39.2512463 ], [ 140.7689203, 39.2524627 ], [ 140.770418799999987, 39.2489837 ], [ 140.772525699999989, 39.2465568 ], [ 140.7761122, 39.2440676 ], [ 140.777169499999985, 39.2415729 ], [ 140.7790431, 39.2412046 ], [ 140.7812448, 39.2399795 ], [ 140.7886624, 39.2384287 ], [ 140.786457399999989, 39.2345589 ], [ 140.786176899999987, 39.2306323 ], [ 140.7870992, 39.2294328 ], [ 140.7876243, 39.2267851 ], [ 140.7848359, 39.225342 ], [ 140.7832395, 39.2252567 ], [ 140.7802906, 39.2241084 ], [ 140.7744587, 39.2231499 ], [ 140.7704675, 39.2234587 ], [ 140.76948729999998, 39.2220724 ], [ 140.7693487, 39.2194582 ], [ 140.7665456, 39.2187866 ], [ 140.7658279, 39.2158749 ], [ 140.7630504, 39.2132269 ], [ 140.7637249, 39.2114777 ], [ 140.7665316, 39.2086707 ], [ 140.76755510000001, 39.2045018 ], [ 140.7664687, 39.2030357 ], [ 140.7667004, 39.2007741 ], [ 140.7648491, 39.1977605 ], [ 140.7693128, 39.1952416 ], [ 140.7708575, 39.1935291 ], [ 140.7787217, 39.1947632 ], [ 140.7808009, 39.1919774 ], [ 140.784789599999982, 39.1909268 ], [ 140.7885188, 39.1886015 ], [ 140.7952688, 39.189948099999988 ], [ 140.797392699999989, 39.1899562 ], [ 140.8004489, 39.1878134 ], [ 140.8018703, 39.1859478 ], [ 140.8059551, 39.1833198 ], [ 140.8081957, 39.1804173 ], [ 140.8078577, 39.1783831 ], [ 140.808875500000028, 39.1784442 ], [ 140.8162317, 39.1762278 ], [ 140.81954589999998, 39.1760025 ], [ 140.822107800000026, 39.1767417 ], [ 140.823727, 39.1763706 ], [ 140.8271174, 39.1745777 ], [ 140.8274226, 39.1736219 ], [ 140.8247207, 39.1719881 ], [ 140.8264491, 39.1694442 ], [ 140.831971399999986, 39.1654344 ], [ 140.83322339999998, 39.1650241 ], [ 140.8378957, 39.1665041 ], [ 140.8392068, 39.1665268 ], [ 140.842296799999986, 39.1685201 ], [ 140.844362099999984, 39.1690134 ], [ 140.8458963, 39.1712567 ], [ 140.8490985, 39.1725959 ], [ 140.850563199999982, 39.1746164 ], [ 140.8529246, 39.1764728 ], [ 140.857551299999983, 39.1773263 ], [ 140.8582638, 39.1763533 ], [ 140.8631828, 39.1763024 ], [ 140.865546699999982, 39.1753568 ], [ 140.871755399999984, 39.1752759 ], [ 140.873534399999983, 39.1744114 ], [ 140.878659699999986, 39.1756159 ], [ 140.880435299999988, 39.1755956 ], [ 140.8813089, 39.1783661 ], [ 140.8830841, 39.17944 ], [ 140.886352499999987, 39.1800124 ], [ 140.8868594, 39.1807558 ], [ 140.890689200000025, 39.1816904 ], [ 140.8925256, 39.1833221 ], [ 140.892926599999981, 39.1861368 ], [ 140.896640599999984, 39.1873026 ], [ 140.897725, 39.1897298 ], [ 140.9017417, 39.1917798 ], [ 140.902068, 39.1930917 ], [ 140.9072989, 39.1925209 ], [ 140.9082714, 39.1948628 ], [ 140.9111829, 39.1945978 ], [ 140.9189246, 39.1951202 ], [ 140.9198946, 39.1958258 ], [ 140.9194909, 39.2006183 ], [ 140.921806799999985, 39.2011086 ], [ 140.923626499999983, 39.2030444 ], [ 140.9239481, 39.2048307 ], [ 140.925555299999985, 39.2061216 ], [ 140.925773599999985, 39.2076071 ], [ 140.9271, 39.209106 ], [ 140.9268983, 39.2109085 ], [ 140.9278952, 39.2140185 ], [ 140.9300801, 39.2173244 ], [ 140.9336923, 39.2194999 ], [ 140.9345207, 39.2204477 ], [ 140.9332728, 39.2234921 ], [ 140.9335017, 39.2242627 ], [ 140.936275, 39.2248779 ], [ 140.940463099999988, 39.2251887 ], [ 140.941634800000031, 39.2263326 ], [ 140.9427814, 39.2302537 ], [ 140.9444842, 39.2319557 ], [ 140.9459444, 39.2320515 ], [ 140.9509496, 39.2311934 ], [ 140.9517937, 39.2333473 ], [ 140.95385349999998, 39.2342623 ], [ 140.957103800000027, 39.233434599999988 ], [ 140.9603492, 39.2306926 ], [ 140.9611253, 39.2327757 ], [ 140.9634084, 39.232802899999989 ], [ 140.96609490000003, 39.2345107 ], [ 140.9719931, 39.2353007 ], [ 140.975270699999982, 39.2354424 ], [ 140.9764807, 39.236006 ], [ 140.9797174, 39.2361313 ], [ 140.9847495, 39.2357827 ], [ 140.9884046, 39.2373268 ], [ 140.99417219999998, 39.2374357 ], [ 140.9976158, 39.2379196 ], [ 141.0054503, 39.2416171 ], [ 141.0111229, 39.2428015 ], [ 141.0140246, 39.2451487 ], [ 141.0319031, 39.2549475 ], [ 141.032245499999988, 39.2524301 ], [ 141.0362055, 39.2520092 ], [ 141.036235799999986, 39.249790399999988 ], [ 141.040141399999982, 39.2497978 ], [ 141.040005799999989, 39.2553578 ], [ 141.0433143, 39.2563543 ], [ 141.046572, 39.2563581 ], [ 141.046542599999981, 39.2572262 ], [ 141.0503369, 39.2581079 ], [ 141.0518941, 39.2591481 ], [ 141.0568553, 39.2569023 ], [ 141.0548484, 39.2553928 ], [ 141.051995799999986, 39.2553287 ], [ 141.0524356, 39.2522806 ], [ 141.0519515, 39.2505492 ], [ 141.0552237, 39.250157 ], [ 141.0602768, 39.2508447 ], [ 141.060759099999984, 39.2495166 ], [ 141.0708989, 39.249511 ], [ 141.0744767, 39.2489407 ], [ 141.0769584, 39.2473043 ], [ 141.0754296, 39.2457118 ], [ 141.0740274, 39.2420918 ], [ 141.0772524, 39.2423154 ], [ 141.0776233, 39.2397973 ], [ 141.0802251, 39.2389803 ], [ 141.0828209, 39.2375434 ], [ 141.0850672, 39.2335475 ], [ 141.085422199999982, 39.2315442 ], [ 141.0894853, 39.2305741 ], [ 141.0915254, 39.2305152 ], [ 141.0928132, 39.2286607 ], [ 141.096495399999981, 39.2293535 ], [ 141.0995929, 39.2305851 ], [ 141.1006399, 39.2299887 ], [ 141.1036533, 39.2298637 ], [ 141.103821899999986, 39.2311932 ], [ 141.1114902, 39.2356545 ], [ 141.1155771, 39.2361313 ], [ 141.119331599999981, 39.2370678 ], [ 141.119631199999986, 39.2363291 ], [ 141.127545, 39.2386667 ], [ 141.1281779, 39.237477 ], [ 141.133492, 39.2389597 ], [ 141.134300599999989, 39.2401714 ], [ 141.143463199999985, 39.241851 ], [ 141.144974, 39.2437213 ], [ 141.1424989, 39.2480611 ], [ 141.1417908, 39.2503045 ], [ 141.1449969, 39.25185 ], [ 141.1480264, 39.2518849 ], [ 141.14987, 39.2534838 ], [ 141.149418800000035, 39.2548911 ], [ 141.150819899999988, 39.2557836 ], [ 141.154002, 39.2548312 ], [ 141.156227299999983, 39.2548871 ], [ 141.1600063, 39.2534656 ], [ 141.1615266, 39.2516825 ], [ 141.1661679, 39.2548815 ], [ 141.166599599999984, 39.2582775 ], [ 141.166157699999985, 39.2589417 ], [ 141.167868, 39.2606611 ], [ 141.16752649999998, 39.2618928 ], [ 141.1694492, 39.2669992 ], [ 141.171662, 39.2689886 ], [ 141.172777599999989, 39.2686225 ], [ 141.1748523, 39.2702052 ], [ 141.1776682, 39.2698107 ], [ 141.1800735, 39.2715035 ], [ 141.1819113, 39.271416 ], [ 141.184875299999987, 39.2721559 ], [ 141.187836399999981, 39.2718553 ], [ 141.1875128, 39.2733403 ], [ 141.1892053, 39.2756926 ], [ 141.191305799999981, 39.2760678 ], [ 141.1935803, 39.2756003 ], [ 141.195521499999984, 39.274125 ], [ 141.1969712, 39.2744147 ], [ 141.2003877, 39.2730538 ], [ 141.20167859999998, 39.2709713 ], [ 141.2068104, 39.2685595 ], [ 141.207828299999989, 39.267001199999989 ], [ 141.2113047, 39.265348599999989 ], [ 141.2121817, 39.2643431 ], [ 141.216568199999983, 39.2630305 ], [ 141.223618900000019, 39.2617018 ], [ 141.225784799999985, 39.2625749 ], [ 141.2264581, 39.264726 ], [ 141.2297931, 39.2665418 ], [ 141.2328977, 39.2661395 ], [ 141.2372564, 39.2666839 ], [ 141.2442259, 39.2691697 ], [ 141.248398399999985, 39.2699019 ], [ 141.253985699999987, 39.2718516 ], [ 141.2541204, 39.2733094 ], [ 141.250469399999986, 39.27724 ], [ 141.2491149, 39.2792956 ], [ 141.250208499999985, 39.2814411 ], [ 141.247574499999985, 39.2839778 ], [ 141.2466734, 39.285704 ], [ 141.244898899999981, 39.2857887 ], [ 141.244196, 39.2892859 ], [ 141.242609, 39.2912713 ], [ 141.2408351, 39.2914032 ], [ 141.2375644, 39.2935402 ], [ 141.23869209999998, 39.2960594 ], [ 141.240530799999988, 39.2975924 ], [ 141.240523199999984, 39.2987296 ], [ 141.238256, 39.299366 ], [ 141.2367567, 39.3007963 ], [ 141.2357161, 39.3029908 ], [ 141.237383, 39.3064777 ] ] ] ] } },
{ "type": "Feature", "properties": { "hokenjo": "二戸" }, "geometry": { "type": "MultiPolygon", "coordinates": [ [ [ [ 141.39651, 40.1518379 ], [ 141.397301699999986, 40.1511517 ], [ 141.3953831, 40.1476314 ], [ 141.393549, 40.146567 ], [ 141.3921214, 40.146768699999988 ], [ 141.3908309, 40.1449231 ], [ 141.3886168, 40.1434814 ], [ 141.3878474, 40.1405086 ], [ 141.385641, 40.1382453 ], [ 141.38486469999998, 40.1358311 ], [ 141.386125, 40.134495 ], [ 141.388045299999987, 40.134225 ], [ 141.390676899999988, 40.1325808 ], [ 141.392832199999987, 40.1331608 ], [ 141.3947531, 40.1319616 ], [ 141.3955595, 40.1306099 ], [ 141.3976309, 40.1295191 ], [ 141.4005665, 40.1287636 ], [ 141.403594, 40.1258807 ], [ 141.404601, 40.1238452 ], [ 141.406084599999986, 40.1239724 ], [ 141.4073913, 40.1226543 ], [ 141.4077194, 40.1205077 ], [ 141.4088724, 40.1191013 ], [ 141.408693, 40.1171213 ], [ 141.4117975, 40.1162804 ], [ 141.410903099999985, 40.1147774 ], [ 141.410626399999984, 40.1122615 ], [ 141.4110206, 40.1101543 ], [ 141.412405899999982, 40.1095573 ], [ 141.4126774, 40.1078006 ], [ 141.4150454, 40.1065845 ], [ 141.417266499999982, 40.1076545 ], [ 141.4212837, 40.1080601 ], [ 141.4235268, 40.1068565 ], [ 141.425660099999988, 40.1085726 ], [ 141.426921, 40.1087754 ], [ 141.427366, 40.1059481 ], [ 141.4284094, 40.1043156 ], [ 141.4371094, 40.1046951 ], [ 141.4386327, 40.1030917 ], [ 141.4403661, 40.1031 ], [ 141.445571, 40.1060506 ], [ 141.449573499999985, 40.1072895 ], [ 141.4508051, 40.108382 ], [ 141.451042, 40.1109231 ], [ 141.4533198, 40.1124248 ], [ 141.4568534, 40.1133484 ], [ 141.4589561, 40.1159001 ], [ 141.4621386, 40.116879 ], [ 141.462234699999982, 40.1190709 ], [ 141.4606502, 40.1218509 ], [ 141.460635699999983, 40.123084 ], [ 141.4586926, 40.1292046 ], [ 141.456999199999984, 40.1320652 ], [ 141.4564342, 40.1342777 ], [ 141.457255299999986, 40.1360796 ], [ 141.460935299999989, 40.1346496 ], [ 141.4634352, 40.1380113 ], [ 141.464072900000019, 40.1413783 ], [ 141.465919, 40.1430286 ], [ 141.4690726, 40.1432255 ], [ 141.4704141, 40.1425666 ], [ 141.471784, 40.1450316 ], [ 141.4735662, 40.1468236 ], [ 141.4758386, 40.1504328 ], [ 141.4751272, 40.1533608 ], [ 141.475765199999984, 40.1549431 ], [ 141.478023, 40.1570884 ], [ 141.4783894, 40.158287799999989 ], [ 141.477341, 40.1600728 ], [ 141.4783976, 40.161436699999989 ], [ 141.4808993, 40.1632234 ], [ 141.480118899999979, 40.1663059 ], [ 141.4790339, 40.1681301 ], [ 141.4797131, 40.1704976 ], [ 141.481507199999982, 40.1713682 ], [ 141.4825305, 40.1740382 ], [ 141.484266, 40.174839 ], [ 141.4875743, 40.1790304 ], [ 141.4861723, 40.1820369 ], [ 141.486312, 40.1835877 ], [ 141.484990899999985, 40.184681 ], [ 141.4851036, 40.1861549 ], [ 141.482340199999982, 40.1891944 ], [ 141.4856352, 40.191323 ], [ 141.488353599999982, 40.1913011 ], [ 141.490422699999982, 40.1930497 ], [ 141.493136599999985, 40.1930569 ], [ 141.492920199999986, 40.1947467 ], [ 141.4951604, 40.1966925 ], [ 141.4943307, 40.1977167 ], [ 141.493108899999982, 40.2014837 ], [ 141.4918422, 40.201948099999989 ], [ 141.492662199999984, 40.2038026 ], [ 141.4916886, 40.2061981 ], [ 141.4946277, 40.2075845 ], [ 141.499503, 40.2092237 ], [ 141.5023285, 40.2096798 ], [ 141.502211, 40.211054 ], [ 141.5045279, 40.2150396 ], [ 141.5024823, 40.2163521 ], [ 141.50693, 40.2194435 ], [ 141.50708419999998, 40.2212344 ], [ 141.51242019999998, 40.2221071 ], [ 141.5163983, 40.2208349 ], [ 141.51719079999998, 40.2234533 ], [ 141.5186219, 40.2256771 ], [ 141.5181227, 40.2279972 ], [ 141.5191868, 40.2303677 ], [ 141.520772, 40.2318766 ], [ 141.5210143, 40.2335942 ], [ 141.5227314, 40.2347033 ], [ 141.5239281, 40.2336336 ], [ 141.5263453, 40.2333153 ], [ 141.5279329, 40.2312738 ], [ 141.5323323, 40.2286841 ], [ 141.5335507, 40.2274794 ], [ 141.5367143, 40.2279974 ], [ 141.539126499999981, 40.2298383 ], [ 141.5430115, 40.2294671 ], [ 141.5445023, 40.2306157 ], [ 141.5465045, 40.2310883 ], [ 141.5471875, 40.2328458 ], [ 141.55110670000002, 40.2336427 ], [ 141.5527203, 40.2326571 ], [ 141.5566883, 40.2334019 ], [ 141.558608099999987, 40.2312807 ], [ 141.562455, 40.2302143 ], [ 141.5646342, 40.2300643 ], [ 141.5663367, 40.2316074 ], [ 141.5699991, 40.2309935 ], [ 141.572942499999982, 40.2284765 ], [ 141.575374399999987, 40.2285365 ], [ 141.5784619, 40.2328407 ], [ 141.581449099999986, 40.2322157 ], [ 141.584260199999989, 40.2329479 ], [ 141.5853835, 40.2350124 ], [ 141.5834232, 40.2369852 ], [ 141.581683699999985, 40.2377621 ], [ 141.5833087, 40.2403536 ], [ 141.588450599999987, 40.2422499 ], [ 141.591085599999985, 40.2425822 ], [ 141.5924578, 40.2436633 ], [ 141.5968178, 40.2438044 ], [ 141.6003719, 40.2424727 ], [ 141.6059641, 40.2420355 ], [ 141.610961, 40.2445933 ], [ 141.6116437, 40.2471213 ], [ 141.610755399999988, 40.2503363 ], [ 141.6122201, 40.2527522 ], [ 141.611422799999986, 40.2543511 ], [ 141.6125878, 40.2557322 ], [ 141.6116697, 40.2575975 ], [ 141.6119941, 40.2589533 ], [ 141.6112355, 40.2609367 ], [ 141.6095599, 40.2632903 ], [ 141.611125099999981, 40.2646547 ], [ 141.611460099999988, 40.2694298 ], [ 141.610477299999985, 40.2702551 ], [ 141.608179799999988, 40.2694551 ], [ 141.6042512, 40.2707979 ], [ 141.6029718, 40.2700484 ], [ 141.5998059, 40.270738699999988 ], [ 141.599279199999984, 40.2726084 ], [ 141.5961026, 40.2734293 ], [ 141.5943336, 40.2748229 ], [ 141.590322499999985, 40.2763641 ], [ 141.5868939, 40.2765029 ], [ 141.5854922, 40.2777955 ], [ 141.5836519, 40.2813874 ], [ 141.581904399999985, 40.2827177 ], [ 141.5818227, 40.2841411 ], [ 141.583888, 40.2864822 ], [ 141.586371, 40.2868403 ], [ 141.587228499999981, 40.2876444 ], [ 141.5866015, 40.2905372 ], [ 141.588552599999986, 40.2915606 ], [ 141.589892, 40.2935772 ], [ 141.588260599999984, 40.2955017 ], [ 141.5841067, 40.2967181 ], [ 141.5812712, 40.2967264 ], [ 141.5791276, 40.2981706 ], [ 141.577617299999986, 40.300027299999989 ], [ 141.5768364, 40.303354 ], [ 141.5782763, 40.3067813 ], [ 141.583731, 40.3113249 ], [ 141.581226, 40.3120363 ], [ 141.5772146, 40.3125249 ], [ 141.574999599999984, 40.3137502 ], [ 141.5731701, 40.3157333 ], [ 141.5716712, 40.3162008 ], [ 141.5706432, 40.318782 ], [ 141.5706648, 40.3207945 ], [ 141.5726573, 40.32187 ], [ 141.5735756, 40.3235592 ], [ 141.5750703, 40.3241353 ], [ 141.5824639, 40.3244347 ], [ 141.583470799999986, 40.3253395 ], [ 141.581353299999989, 40.3299706 ], [ 141.5875676, 40.3349854 ], [ 141.584353199999981, 40.335089 ], [ 141.5816771, 40.3360757 ], [ 141.5835462, 40.3386149 ], [ 141.586515599999984, 40.3399904 ], [ 141.585169, 40.3410743 ], [ 141.588756099999983, 40.3438774 ], [ 141.590755, 40.3444274 ], [ 141.590464699999984, 40.3424235 ], [ 141.5926111, 40.3424949 ], [ 141.5937175, 40.3441629 ], [ 141.5959781, 40.3444443 ], [ 141.5963997, 40.3431699 ], [ 141.599646899999982, 40.344364 ], [ 141.6023036, 40.3478752 ], [ 141.6019791, 40.3497044 ], [ 141.600071, 40.3503169 ], [ 141.6013188, 40.3523008 ], [ 141.604019599999987, 40.3521491 ], [ 141.60755039999998, 40.3532735 ], [ 141.607792599999982, 40.3545716 ], [ 141.609404, 40.3559949 ], [ 141.605306499999983, 40.3565436 ], [ 141.6020662, 40.3585544 ], [ 141.599464899999987, 40.35914 ], [ 141.5986618, 40.3610942 ], [ 141.5934696, 40.3613081 ], [ 141.5895971, 40.3611431 ], [ 141.589823199999984, 40.3645907 ], [ 141.588469600000025, 40.3653279 ], [ 141.5870282, 40.3679821 ], [ 141.5850318, 40.3676118 ], [ 141.583854799999983, 40.3683346 ], [ 141.5831067, 40.3707616 ], [ 141.5818784, 40.3717377 ], [ 141.58135009999998, 40.3738374 ], [ 141.57677289999998, 40.3707013 ], [ 141.572711200000015, 40.3696052 ], [ 141.5720015, 40.3685057 ], [ 141.5718841, 40.3658552 ], [ 141.5696596, 40.365421 ], [ 141.5679591, 40.3638043 ], [ 141.56394659999998, 40.3615693 ], [ 141.5606405, 40.3606577 ], [ 141.5560208, 40.3612302 ], [ 141.554795, 40.360374299999989 ], [ 141.553325799999982, 40.3580404 ], [ 141.549997, 40.3565318 ], [ 141.547712, 40.3548107 ], [ 141.5451232, 40.3510393 ], [ 141.539031, 40.3479726 ], [ 141.5357857, 40.347369 ], [ 141.5360321, 40.3487329 ], [ 141.5338571, 40.3497087 ], [ 141.5316785, 40.3514482 ], [ 141.530160099999989, 40.3504016 ], [ 141.52634519999998, 40.3499643 ], [ 141.523991599999988, 40.351396 ], [ 141.5181724, 40.3518361 ], [ 141.515154599999988, 40.3535016 ], [ 141.5132721, 40.3553119 ], [ 141.511262, 40.3582147 ], [ 141.508925399999981, 40.3596006 ], [ 141.507209499999988, 40.3629287 ], [ 141.5058845, 40.3626856 ], [ 141.503641200000033, 40.363754 ], [ 141.4993556, 40.3619651 ], [ 141.4969037, 40.3637046 ], [ 141.4970514, 40.3659304 ], [ 141.4964345, 40.3674104 ], [ 141.4920122, 40.3697746 ], [ 141.488027499999987, 40.3722574 ], [ 141.485318899999982, 40.3720327 ], [ 141.483085, 40.3749172 ], [ 141.4810741, 40.374885 ], [ 141.480466899999982, 40.37613 ], [ 141.4758541, 40.3764969 ], [ 141.473003299999988, 40.3770925 ], [ 141.471191399999981, 40.3763642 ], [ 141.466082799999981, 40.3773751 ], [ 141.4630353, 40.3750606 ], [ 141.4599031, 40.3751073 ], [ 141.4564273, 40.3746298 ], [ 141.4543089, 40.3730006 ], [ 141.4507573, 40.3736242 ], [ 141.4482567, 40.3735112 ], [ 141.4461264, 40.3740181 ], [ 141.4433622, 40.375844 ], [ 141.44160309999998, 40.3760398 ], [ 141.439516699999984, 40.3742667 ], [ 141.4377264, 40.3735212 ], [ 141.433953100000025, 40.3737167 ], [ 141.434089799999981, 40.372367 ], [ 141.4317924, 40.3680866 ], [ 141.429343499999987, 40.3675274 ], [ 141.4274163, 40.3650044 ], [ 141.4272891, 40.3618096 ], [ 141.42578, 40.3610538 ], [ 141.4233872, 40.3611732 ], [ 141.4229374, 40.3631277 ], [ 141.4210613, 40.3637702 ], [ 141.4192416, 40.3635246 ], [ 141.406981400000035, 40.3571639 ], [ 141.4041703, 40.3613176 ], [ 141.403075300000012, 40.3646643 ], [ 141.401211599999982, 40.3666671 ], [ 141.3974886, 40.3673198 ], [ 141.393920899999983, 40.363892 ], [ 141.392909799999984, 40.3617503 ], [ 141.3930451, 40.3604611 ], [ 141.390580900000032, 40.3601717 ], [ 141.3891193, 40.3592236 ], [ 141.3886732, 40.3571591 ], [ 141.389402099999984, 40.3564744 ], [ 141.389792699999987, 40.3530405 ], [ 141.3859305, 40.3490763 ], [ 141.3843297, 40.3481329 ], [ 141.3821719, 40.3452026 ], [ 141.381817499999983, 40.342489 ], [ 141.376645599999989, 40.338925599999989 ], [ 141.376243099999982, 40.3415423 ], [ 141.3731095, 40.3430928 ], [ 141.36979119999998, 40.3383884 ], [ 141.358440799999983, 40.3340127 ], [ 141.3571163, 40.333928 ], [ 141.353128, 40.3310102 ], [ 141.3509966, 40.331073 ], [ 141.3508611, 40.334738 ], [ 141.347768799999983, 40.3348122 ], [ 141.3461936, 40.3360699 ], [ 141.3483666, 40.3387122 ], [ 141.3468832, 40.3401489 ], [ 141.343542900000017, 40.3415669 ], [ 141.3382019, 40.3424574 ], [ 141.336827699999986, 40.3444447 ], [ 141.334004599999986, 40.345601099999989 ], [ 141.3344646, 40.3483719 ], [ 141.336499799999984, 40.3503733 ], [ 141.3372698, 40.3549258 ], [ 141.336441399999984, 40.3573142 ], [ 141.3363381, 40.3601967 ], [ 141.332963399999983, 40.3614886 ], [ 141.33044529999998, 40.3616933 ], [ 141.3283178, 40.3630089 ], [ 141.3283353, 40.3642731 ], [ 141.32432780000002, 40.3667681 ], [ 141.3243856, 40.3698561 ], [ 141.321275, 40.3702292 ], [ 141.315853299999986, 40.3725567 ], [ 141.3143359, 40.3708539 ], [ 141.314364499999982, 40.3698372 ], [ 141.3103734, 40.3668333 ], [ 141.3075465, 40.3664503 ], [ 141.3058734, 40.3656061 ], [ 141.3039415, 40.366063 ], [ 141.298934299999985, 40.3658389 ], [ 141.2973418, 40.3653958 ], [ 141.295462, 40.3638005 ], [ 141.293490099999985, 40.3632313 ], [ 141.2958299, 40.3613472 ], [ 141.295146, 40.3594766 ], [ 141.2919499, 40.357881299999988 ], [ 141.2928872, 40.3538046 ], [ 141.2923183, 40.3516683 ], [ 141.288834399999985, 40.3492007 ], [ 141.281125299999985, 40.346346 ], [ 141.279533099999981, 40.3447507 ], [ 141.2771759, 40.3441816 ], [ 141.275088899999986, 40.3446713 ], [ 141.2716164, 40.3464577 ], [ 141.2674486, 40.349093 ], [ 141.2646028, 40.3499746 ], [ 141.2624294, 40.3494755 ], [ 141.260635899999983, 40.3475955 ], [ 141.259808099999987, 40.3456177 ], [ 141.2609431, 40.3435488 ], [ 141.26013039999998, 40.3418724 ], [ 141.25685919999998, 40.3415466 ], [ 141.2541651, 40.3420499 ], [ 141.24837789999998, 40.3410041 ], [ 141.245176499999985, 40.3374902 ], [ 141.2429751, 40.3360671 ], [ 141.2402482, 40.3353341 ], [ 141.237922699999984, 40.3340502 ], [ 141.23564159999998, 40.3310657 ], [ 141.2329891, 40.330119 ], [ 141.2318005, 40.3281174 ], [ 141.2263166, 40.327954299999988 ], [ 141.2239166, 40.3248615 ], [ 141.2233819, 40.3226609 ], [ 141.221531699999986, 40.3204784 ], [ 141.2186045, 40.3180487 ], [ 141.218656399999986, 40.3153237 ], [ 141.2163979, 40.3146845 ], [ 141.209244, 40.3140198 ], [ 141.206865099999987, 40.3124117 ], [ 141.2041457, 40.3121465 ], [ 141.1997026, 40.3087943 ], [ 141.1976718, 40.3076984 ], [ 141.1907713, 40.3076726 ], [ 141.188899099999986, 40.3071781 ], [ 141.1856149, 40.3076604 ], [ 141.182605699999982, 40.3088965 ], [ 141.1805101, 40.3088721 ], [ 141.1789574, 40.3096137 ], [ 141.171950399999986, 40.309764 ], [ 141.168510199999986, 40.3066471 ], [ 141.16180079999998, 40.3060621 ], [ 141.157698, 40.3041721 ], [ 141.154185, 40.3014257 ], [ 141.151005, 40.3007021 ], [ 141.1461306, 40.3003885 ], [ 141.1452095, 40.2996768 ], [ 141.1383734, 40.3004966 ], [ 141.136627299999986, 40.2992363 ], [ 141.1343913, 40.2947449 ], [ 141.13118129999998, 40.2942566 ], [ 141.1274066, 40.2930566 ], [ 141.124397499999986, 40.2914949 ], [ 141.1199392, 40.2899883 ], [ 141.1187142, 40.2883604 ], [ 141.115589199999988, 40.2863568 ], [ 141.1137637, 40.2861338 ], [ 141.111114, 40.283782099999989 ], [ 141.107042, 40.2816868 ], [ 141.1035665, 40.2805302 ], [ 141.0998049, 40.280178 ], [ 141.1100545, 40.2610517 ], [ 141.1080484, 40.2604373 ], [ 141.10406039999998, 40.2557342 ], [ 141.0971984, 40.2547367 ], [ 141.094506699999982, 40.254877 ], [ 141.092891400000013, 40.2542509 ], [ 141.0901912, 40.2521658 ], [ 141.088294499999989, 40.2517483 ], [ 141.0852698, 40.252065 ], [ 141.0831451, 40.253318899999989 ], [ 141.078997, 40.252251099999988 ], [ 141.0764059, 40.2526384 ], [ 141.0720426, 40.2495653 ], [ 141.0691789, 40.2488008 ], [ 141.067902299999986, 40.2470806 ], [ 141.0653609, 40.2450586 ], [ 141.0637495, 40.2418347 ], [ 141.060514, 40.2395361 ], [ 141.0599498, 40.2383088 ], [ 141.055642, 40.236946 ], [ 141.05204089999998, 40.2369657 ], [ 141.0496298, 40.236488 ], [ 141.046549299999981, 40.2371469 ], [ 141.0415779, 40.2364124 ], [ 141.041646499999985, 40.2343152 ], [ 141.0370412, 40.2325246 ], [ 141.0332541, 40.2295068 ], [ 141.031128199999984, 40.2291196 ], [ 141.029975399999984, 40.227656 ], [ 141.026839099999989, 40.2265696 ], [ 141.0257733, 40.223944 ], [ 141.025978, 40.2216809 ], [ 141.0284902, 40.2196434 ], [ 141.030019899999985, 40.2171087 ], [ 141.0279008, 40.2147576 ], [ 141.0301955, 40.2129617 ], [ 141.0307894, 40.211460599999988 ], [ 141.0297639, 40.2102539 ], [ 141.0316914, 40.2073414 ], [ 141.026781699999987, 40.205105 ], [ 141.0286534, 40.2030108 ], [ 141.02845259999998, 40.2002511 ], [ 141.0290637, 40.1985172 ], [ 141.0277223, 40.1956433 ], [ 141.0296324, 40.1900227 ], [ 141.0306238, 40.1886774 ], [ 141.0290599, 40.1874707 ], [ 141.029820799999982, 40.1835427 ], [ 141.031495799999988, 40.1816704 ], [ 141.0293553, 40.1800027 ], [ 141.025889799999987, 40.1750654 ], [ 141.0257915, 40.1729052 ], [ 141.0276637, 40.1708879 ], [ 141.026065099999983, 40.1677646 ], [ 141.0287851, 40.1674268 ], [ 141.0321577, 40.1643468 ], [ 141.033382099999983, 40.1612948 ], [ 141.0349216, 40.1588287 ], [ 141.0351566, 40.1573423 ], [ 141.037759199999982, 40.154724 ], [ 141.0421944, 40.1537045 ], [ 141.0441078, 40.1523534 ], [ 141.04781, 40.1520153 ], [ 141.053059499999989, 40.1499831 ], [ 141.055471499999982, 40.1475111 ], [ 141.0562926, 40.1460586 ], [ 141.058184, 40.1447636 ], [ 141.061387599999989, 40.1443525 ], [ 141.061834799999986, 40.1429956 ], [ 141.0610874, 40.1411714 ], [ 141.0620549, 40.1403717 ], [ 141.0678891, 40.1396736 ], [ 141.069472099999984, 40.1383511 ], [ 141.0769738, 40.1375961 ], [ 141.078476599999988, 40.1397752 ], [ 141.080294899999984, 40.1409411 ], [ 141.082846, 40.1384407 ], [ 141.0855732, 40.1378666 ], [ 141.087648, 40.138306 ], [ 141.089338, 40.1378174 ], [ 141.0931391, 40.1379063 ], [ 141.094708, 40.1369774 ], [ 141.0969366, 40.1371068 ], [ 141.0987988, 40.136409 ], [ 141.103718, 40.1369271 ], [ 141.1062196, 40.1366423 ], [ 141.1070905, 40.1342976 ], [ 141.10907, 40.1310993 ], [ 141.1087995, 40.122957299999989 ], [ 141.109818099999984, 40.1219889 ], [ 141.1142462, 40.1196858 ], [ 141.1153754, 40.1183008 ], [ 141.1187257, 40.117754399999988 ], [ 141.1226041, 40.1146527 ], [ 141.1238416, 40.1111077 ], [ 141.124575199999981, 40.1104135 ], [ 141.125285, 40.1037377 ], [ 141.1274828, 40.1021551 ], [ 141.1295518, 40.0994374 ], [ 141.128285399999982, 40.0973084 ], [ 141.128224599999982, 40.0958832 ], [ 141.1324988, 40.0946204 ], [ 141.137827099999981, 40.0956917 ], [ 141.139597899999984, 40.0953054 ], [ 141.1430293, 40.0960276 ], [ 141.146818199999984, 40.095342599999988 ], [ 141.1482677, 40.093065 ], [ 141.152420799999987, 40.0930742 ], [ 141.1534499, 40.091122299999988 ], [ 141.1555486, 40.0893519 ], [ 141.1578575, 40.0888022 ], [ 141.1591736, 40.0864497 ], [ 141.1614639, 40.08529 ], [ 141.1618206, 40.0837911 ], [ 141.1588759, 40.0806874 ], [ 141.162450399999983, 40.0793205 ], [ 141.1659282, 40.0785094 ], [ 141.17114909999998, 40.0754296 ], [ 141.177525799999984, 40.0698185 ], [ 141.1793131, 40.0671187 ], [ 141.180909499999984, 40.0660434 ], [ 141.183611499999984, 40.065446699999988 ], [ 141.18708239999998, 40.0614545 ], [ 141.1892421, 40.0605481 ], [ 141.2016385, 40.0584197 ], [ 141.206134099999986, 40.0592923 ], [ 141.209982699999983, 40.0591987 ], [ 141.2121018, 40.0586961 ], [ 141.2172491, 40.0586964 ], [ 141.2192332, 40.0576939 ], [ 141.2222404, 40.0582664 ], [ 141.223546, 40.0579473 ], [ 141.225003499999985, 40.0592914 ], [ 141.227917100000013, 40.0596031 ], [ 141.2301282, 40.058392499999989 ], [ 141.2338824, 40.0553403 ], [ 141.2362497, 40.0541414 ], [ 141.2384611, 40.0539275 ], [ 141.240635199999986, 40.0545086 ], [ 141.2435577, 40.054005 ], [ 141.244860200000034, 40.0518725 ], [ 141.244970599999988, 40.0502169 ], [ 141.2473503, 40.0494677 ], [ 141.246628099999981, 40.045763 ], [ 141.2503073, 40.0435863 ], [ 141.2519632, 40.0418844 ], [ 141.253890399999989, 40.0418496 ], [ 141.2619484, 40.0439338 ], [ 141.2689174, 40.0422841 ], [ 141.273778199999981, 40.0424346 ], [ 141.2772138, 40.0417552 ], [ 141.2800153, 40.0384726 ], [ 141.2818667, 40.037259299999988 ], [ 141.287269899999984, 40.031169 ], [ 141.29228150000003, 40.0332648 ], [ 141.2959076, 40.0352446 ], [ 141.2987583, 40.0408654 ], [ 141.297493799999984, 40.0427987 ], [ 141.293942099999981, 40.0443846 ], [ 141.2927149, 40.0466482 ], [ 141.2900668, 40.0479969 ], [ 141.2891859, 40.0496407 ], [ 141.2894039, 40.0535597 ], [ 141.2900378, 40.0549613 ], [ 141.2897499, 40.05969 ], [ 141.293106900000026, 40.0603616 ], [ 141.2968238, 40.0598525 ], [ 141.2986741, 40.0585094 ], [ 141.2988322, 40.0568708 ], [ 141.3031378, 40.0553599 ], [ 141.3053931, 40.056116599999989 ], [ 141.3072312, 40.0545207 ], [ 141.309269500000028, 40.054318 ], [ 141.3126115, 40.0521354 ], [ 141.316539, 40.0549835 ], [ 141.3190965, 40.055111 ], [ 141.3218665, 40.0571257 ], [ 141.3233932, 40.0560779 ], [ 141.3264643, 40.0564485 ], [ 141.329609, 40.0588452 ], [ 141.3328593, 40.0577046 ], [ 141.333522099999982, 40.0555965 ], [ 141.337511299999989, 40.0558871 ], [ 141.3403927, 40.055609 ], [ 141.3426341, 40.0576932 ], [ 141.343130699999989, 40.0599043 ], [ 141.3423779, 40.0607088 ], [ 141.34485429999998, 40.0620291 ], [ 141.347472399999987, 40.0607554 ], [ 141.348947899999985, 40.0607554 ], [ 141.3521901, 40.0621449 ], [ 141.3536657, 40.0633841 ], [ 141.358022, 40.0653235 ], [ 141.3607093, 40.065653499999989 ], [ 141.3644334, 40.0679457 ], [ 141.36511059999998, 40.0708577 ], [ 141.3594364, 40.0739777 ], [ 141.3572311, 40.0740877 ], [ 141.3556063, 40.0759111 ], [ 141.352381300000019, 40.077113 ], [ 141.3531371, 40.0787936 ], [ 141.352046799999982, 40.0813911 ], [ 141.3476887, 40.0851497 ], [ 141.3483631, 40.0867395 ], [ 141.3456194, 40.0905045 ], [ 141.344534399999986, 40.0902384 ], [ 141.3410508, 40.0919256 ], [ 141.3401335, 40.0946962 ], [ 141.3408966, 40.0968693 ], [ 141.3399718, 40.0982782 ], [ 141.340642, 40.0994623 ], [ 141.340233399999988, 40.104441 ], [ 141.3390867, 40.1051279 ], [ 141.3374297, 40.1077921 ], [ 141.337028900000035, 40.1105154 ], [ 141.3361347, 40.1115749 ], [ 141.338223299999981, 40.1149199 ], [ 141.338531599999982, 40.117441899999989 ], [ 141.3417437, 40.1223086 ], [ 141.3409576, 40.1245169 ], [ 141.3437998, 40.1260561 ], [ 141.344000099999988, 40.1277197 ], [ 141.3458209, 40.1291891 ], [ 141.343739199999987, 40.1306442 ], [ 141.3414119, 40.1309756 ], [ 141.337729699999983, 40.1296139 ], [ 141.3352945, 40.1275597 ], [ 141.3317356, 40.1283411 ], [ 141.33293, 40.1297089 ], [ 141.3309955, 40.131644699999988 ], [ 141.331072399999982, 40.13242 ], [ 141.3289469, 40.1339061 ], [ 141.328876, 40.1349423 ], [ 141.331203499999987, 40.1374581 ], [ 141.331697099999985, 40.1389106 ], [ 141.335425099999981, 40.1392581 ], [ 141.3354712, 40.1404539 ], [ 141.3376371, 40.1416556 ], [ 141.3381454, 40.1429106 ], [ 141.342020599999984, 40.1447993 ], [ 141.345486699999981, 40.1459301 ], [ 141.349061799999987, 40.1441779 ], [ 141.3538537, 40.1440417 ], [ 141.355610899999988, 40.1434084 ], [ 141.3574529, 40.1452851 ], [ 141.3598792, 40.146404 ], [ 141.36101979999998, 40.1487009 ], [ 141.3631158, 40.1508262 ], [ 141.3658503, 40.1518801 ], [ 141.3698947, 40.1508148 ], [ 141.3734495, 40.1503226 ], [ 141.374192199999982, 40.151402 ], [ 141.376561399999986, 40.1509706 ], [ 141.3782583, 40.1517304 ], [ 141.380265799999989, 40.151282 ], [ 141.381410500000015, 40.1524287 ], [ 141.3836905, 40.1523331 ], [ 141.385259099999985, 40.1536054 ], [ 141.3876855, 40.1522148 ], [ 141.3926339, 40.1530481 ], [ 141.39651, 40.1518379 ] ] ] ] } }
]
}
