{
"type": "FeatureCollection",
"name": "kagoshima",
"crs": { "type": "name", "properties": { "name": "urn:ogc:def:crs:OGC:1.3:CRS84" } },
"features": [
{ "type": "Feature", "properties": { "hokenjo": "姶良" }, "geometry": { "type": "MultiPolygon", "coordinates": [ [ [ [ 130.723388199999988, 31.7104943 ], [ 130.7213547, 31.7119888 ], [ 130.719506699999982, 31.711467 ], [ 130.7187189, 31.7085342 ], [ 130.723388199999988, 31.7104943 ] ] ], [ [ [ 130.8514856, 31.6156606 ], [ 130.854853099999985, 31.6164447 ], [ 130.8614703, 31.62428 ], [ 130.8637469, 31.6212211 ], [ 130.8671608, 31.62120250000001 ], [ 130.8696803, 31.6241317 ], [ 130.8712425, 31.6232256 ], [ 130.877116699999988, 31.6223139 ], [ 130.8809, 31.62104 ], [ 130.8833186, 31.6221647 ], [ 130.882005, 31.6287353 ], [ 130.8834061, 31.6314458 ], [ 130.882898899999986, 31.6383753 ], [ 130.88078059999998, 31.6405122 ], [ 130.877827199999984, 31.6410503 ], [ 130.877128299999981, 31.6470178 ], [ 130.872940299999982, 31.6460981 ], [ 130.8677114, 31.6490911 ], [ 130.8679797, 31.6513061 ], [ 130.8657483, 31.6531411 ], [ 130.8688417, 31.6655881 ], [ 130.877645799999982, 31.6658678 ], [ 130.8820325, 31.6642092 ], [ 130.8999394, 31.6612772 ], [ 130.902392, 31.6602335 ], [ 130.9070925, 31.6613522 ], [ 130.910547799999989, 31.6632075 ], [ 130.9103178, 31.6678833 ], [ 130.9058578, 31.6713533 ], [ 130.9043814, 31.6741883 ], [ 130.9051986, 31.6768994 ], [ 130.903508599999981, 31.6784022 ], [ 130.90507359999998, 31.6874486 ], [ 130.9040972, 31.6931661 ], [ 130.8985075, 31.6988397 ], [ 130.9000656, 31.7068275 ], [ 130.8986328, 31.7097372 ], [ 130.897694199999989, 31.7143428 ], [ 130.8988469, 31.71814 ], [ 130.8988694, 31.7235522 ], [ 130.9001414, 31.726055 ], [ 130.8987564, 31.7305061 ], [ 130.8947239, 31.7309533 ], [ 130.8873911, 31.7355361 ], [ 130.8901928, 31.7393444 ], [ 130.8900233, 31.7427078 ], [ 130.89257, 31.7469089 ], [ 130.896024399999988, 31.7502369 ], [ 130.898381699999987, 31.7504583 ], [ 130.8996047, 31.752805 ], [ 130.895824399999981, 31.7556689 ], [ 130.889493099999981, 31.7584911 ], [ 130.8876292, 31.7604781 ], [ 130.88753029999998, 31.7649164 ], [ 130.8783981, 31.7670014 ], [ 130.8746836, 31.7689139 ], [ 130.878655, 31.7727825 ], [ 130.879588899999987, 31.7761439 ], [ 130.8788361, 31.7844858 ], [ 130.8752706, 31.786685 ], [ 130.876583899999986, 31.7905456 ], [ 130.8820422, 31.7961394 ], [ 130.8801244, 31.7988297 ], [ 130.881288899999987, 31.8027636 ], [ 130.884541899999988, 31.8054269 ], [ 130.882783099999983, 31.8070489 ], [ 130.880198299999989, 31.8148978 ], [ 130.876902199999989, 31.8157278 ], [ 130.8766397, 31.8213425 ], [ 130.8782589, 31.8288503 ], [ 130.881825, 31.8296889 ], [ 130.8817444, 31.8335136 ], [ 130.8788006, 31.8368019 ], [ 130.879050299999989, 31.8393958 ], [ 130.8750267, 31.8426564 ], [ 130.8762203, 31.8441881 ], [ 130.8844081, 31.8455078 ], [ 130.8881883, 31.8483389 ], [ 130.889219199999985, 31.8517339 ], [ 130.8878236, 31.8531353 ], [ 130.888603099999983, 31.8559856 ], [ 130.8877517, 31.8608622 ], [ 130.8901689, 31.8648842 ], [ 130.89349, 31.8720914 ], [ 130.893211899999983, 31.8740006 ], [ 130.8945703, 31.8779664 ], [ 130.8993906, 31.8810456 ], [ 130.9024478, 31.884445 ], [ 130.9067789, 31.8853258 ], [ 130.9117406, 31.8834283 ], [ 130.9140414, 31.8853981 ], [ 130.911168299999986, 31.8876308 ], [ 130.9045075, 31.88701 ], [ 130.900828599999983, 31.8857547 ], [ 130.8977428, 31.8885311 ], [ 130.8935539, 31.89681 ], [ 130.892877199999987, 31.8999222 ], [ 130.8906431, 31.9035694 ], [ 130.8880014, 31.9057381 ], [ 130.8863261, 31.9095039 ], [ 130.8864125, 31.9131306 ], [ 130.88287889999998, 31.9150372 ], [ 130.882285, 31.9212178 ], [ 130.8782042, 31.9221803 ], [ 130.8726839, 31.9280264 ], [ 130.8696961, 31.9279011 ], [ 130.869515299999989, 31.9298236 ], [ 130.8656258, 31.9339461 ], [ 130.8623489, 31.9337494 ], [ 130.8584828, 31.9353206 ], [ 130.8574869, 31.9380658 ], [ 130.846834199999989, 31.9402369 ], [ 130.8446183, 31.9398881 ], [ 130.8405119, 31.9427256 ], [ 130.837171899999987, 31.9417175 ], [ 130.8334433, 31.9423981 ], [ 130.8319861, 31.941525 ], [ 130.8257803, 31.9416711 ], [ 130.8164481, 31.9412447 ], [ 130.8148061, 31.9434681 ], [ 130.8115369, 31.9447375 ], [ 130.8052908, 31.9498267 ], [ 130.80109, 31.9494408 ], [ 130.799539399999986, 31.9501978 ], [ 130.7996478, 31.9568356 ], [ 130.8010531, 31.9608442 ], [ 130.7977553, 31.9636614 ], [ 130.7958978, 31.9664406 ], [ 130.7945061, 31.9732983 ], [ 130.790619199999981, 31.9748189 ], [ 130.7859767, 31.9785753 ], [ 130.7841947, 31.9790706 ], [ 130.7819608, 31.9830906 ], [ 130.782225, 31.9856556 ], [ 130.78117, 31.9922111 ], [ 130.7786872, 31.9979622 ], [ 130.7782636, 32.0136417 ], [ 130.7768725, 32.0164769 ], [ 130.7687431, 32.0201739 ], [ 130.7653756, 32.0231653 ], [ 130.7614519, 32.0252403 ], [ 130.7620106, 32.0274972 ], [ 130.7588658, 32.0300322 ], [ 130.7584675, 32.0333044 ], [ 130.7525382, 32.033316 ], [ 130.7487068, 32.0347286 ], [ 130.747468199999986, 32.0362679 ], [ 130.7462756, 32.0418619 ], [ 130.743053299999985, 32.0417706 ], [ 130.73788829999998, 32.0472469 ], [ 130.7355547, 32.0482008 ], [ 130.703910600000029, 32.0577111 ], [ 130.7033769, 32.0585453 ], [ 130.7022872, 32.0563131 ], [ 130.7041156, 32.0553036 ], [ 130.703893599999986, 32.052225 ], [ 130.7022378, 32.0499842 ], [ 130.705017199999986, 32.0466989 ], [ 130.7019214, 32.0445603 ], [ 130.7023953, 32.039425 ], [ 130.7038594, 32.0345272 ], [ 130.701778099999984, 32.0295683 ], [ 130.702396400000026, 32.0233103 ], [ 130.7039897, 32.0199919 ], [ 130.702486099999987, 32.0151128 ], [ 130.7048311, 32.009799199999989 ], [ 130.7086803, 32.0065258 ], [ 130.7053019, 32.0020408 ], [ 130.7051864, 31.9988069 ], [ 130.6967, 31.9970892 ], [ 130.6912275, 31.9941711 ], [ 130.6901431, 31.99269 ], [ 130.6912289, 31.9898736 ], [ 130.6852728, 31.9865311 ], [ 130.683602799999989, 31.98169 ], [ 130.681384200000025, 31.9815547 ], [ 130.680814699999985, 31.9786744 ], [ 130.6788794, 31.9769747 ], [ 130.675297199999989, 31.9766119 ], [ 130.6727722, 31.9719942 ], [ 130.6696694, 31.9697761 ], [ 130.668027199999983, 31.9650942 ], [ 130.6649306, 31.96044 ], [ 130.6658203, 31.95758 ], [ 130.6644389, 31.9515872 ], [ 130.660368299999988, 31.9481267 ], [ 130.657209199999983, 31.9477433 ], [ 130.6555572, 31.94495860000001 ], [ 130.64854219999998, 31.9400058 ], [ 130.640891899999986, 31.9379797 ], [ 130.6388236, 31.9387858 ], [ 130.633179399999989, 31.9365875 ], [ 130.6262889, 31.9348689 ], [ 130.6278067, 31.9334589 ], [ 130.623785, 31.9302886 ], [ 130.62185420000003, 31.9298678 ], [ 130.622965, 31.9246428 ], [ 130.6203428, 31.9232542 ], [ 130.622206200000022, 31.9214903 ], [ 130.6200814, 31.9199453 ], [ 130.6185783, 31.9161758 ], [ 130.6191599, 31.9134066 ], [ 130.61705809999998, 31.9106223 ], [ 130.6134921, 31.9034089 ], [ 130.6077942, 31.8999127 ], [ 130.6182203, 31.8913664 ], [ 130.619493299999988, 31.8897483 ], [ 130.6158561, 31.8880244 ], [ 130.6103186, 31.887255 ], [ 130.606920299999985, 31.8882764 ], [ 130.6023778, 31.8877297 ], [ 130.596333099999981, 31.8830725 ], [ 130.5938914, 31.8797978 ], [ 130.5894586, 31.879885 ], [ 130.5900481, 31.8785131 ], [ 130.58832, 31.8752644 ], [ 130.5829181, 31.8724708 ], [ 130.5799869, 31.8643156 ], [ 130.5747242, 31.858365 ], [ 130.5667561, 31.8563789 ], [ 130.562948899999981, 31.8572806 ], [ 130.5614075, 31.8591553 ], [ 130.557282499999985, 31.8560197 ], [ 130.5545122, 31.8563464 ], [ 130.5534508, 31.8545425 ], [ 130.549308900000028, 31.8527319 ], [ 130.543275, 31.847265 ], [ 130.543123899999983, 31.8447272 ], [ 130.5403139, 31.8452769 ], [ 130.5368603, 31.8428994 ], [ 130.5333, 31.8380711 ], [ 130.5351603, 31.8346028 ], [ 130.527323599999988, 31.8297758 ], [ 130.524588099999988, 31.8313381 ], [ 130.522685, 31.8269364 ], [ 130.520364199999989, 31.8244258 ], [ 130.5220353, 31.8189772 ], [ 130.520416399999988, 31.8158481 ], [ 130.5212211, 31.8123592 ], [ 130.5185, 31.8094575 ], [ 130.5149261, 31.8089328 ], [ 130.5185611, 31.8048278 ], [ 130.517629199999988, 31.8020389 ], [ 130.5184022, 31.7999489 ], [ 130.514892799999984, 31.7966294 ], [ 130.512502499999982, 31.7969594 ], [ 130.5072983, 31.7936372 ], [ 130.5014586, 31.7912844 ], [ 130.5012519, 31.7878367 ], [ 130.5034053, 31.7851067 ], [ 130.501904199999984, 31.7830153 ], [ 130.5024569, 31.7798892 ], [ 130.50446, 31.7767697 ], [ 130.5023203, 31.7739519 ], [ 130.506100799999984, 31.7703486 ], [ 130.504375, 31.7685292 ], [ 130.5024439, 31.7631603 ], [ 130.50316140000001, 31.7606825 ], [ 130.50190139999998, 31.7589244 ], [ 130.4968106, 31.7578256 ], [ 130.4899097, 31.7505303 ], [ 130.482351699999981, 31.7470014 ], [ 130.4807294, 31.7424836 ], [ 130.480859399999986, 31.7394422 ], [ 130.4780886, 31.7380603 ], [ 130.4729361, 31.7340997 ], [ 130.4738161, 31.7301419 ], [ 130.476135299999981, 31.72803 ], [ 130.4801544, 31.7279056 ], [ 130.4833731, 31.7287872 ], [ 130.4859064, 31.7273203 ], [ 130.4890069, 31.7235103 ], [ 130.4929072, 31.7253367 ], [ 130.4962611, 31.7246211 ], [ 130.4982608, 31.7230069 ], [ 130.5005897, 31.7262133 ], [ 130.5060911, 31.7294431 ], [ 130.5017331, 31.7347347 ], [ 130.500531099999989, 31.7404403 ], [ 130.501506899999981, 31.7441822 ], [ 130.5081889, 31.7456231 ], [ 130.514840599999985, 31.7456072 ], [ 130.5170092, 31.7466786 ], [ 130.5203114, 31.7459644 ], [ 130.5234936, 31.7490894 ], [ 130.5265489, 31.7495431 ], [ 130.530851700000028, 31.7521392 ], [ 130.5380975, 31.7513658 ], [ 130.5399392, 31.75238640000001 ], [ 130.5468603, 31.7495483 ], [ 130.549872199999982, 31.7512569 ], [ 130.5521642, 31.7494356 ], [ 130.5563606, 31.7498183 ], [ 130.560154399999988, 31.7484031 ], [ 130.563614699999988, 31.7491919 ], [ 130.56642, 31.7469622 ], [ 130.574416899999989, 31.7469894 ], [ 130.5770303, 31.7436703 ], [ 130.582819699999988, 31.7421897 ], [ 130.5849419, 31.7401742 ], [ 130.5834686, 31.7371103 ], [ 130.5851283, 31.7312761 ], [ 130.5868342, 31.7305689 ], [ 130.5860497, 31.7279103 ], [ 130.583718299999987, 31.7276956 ], [ 130.581909199999984, 31.72983 ], [ 130.577947500000022, 31.7292875 ], [ 130.5722553, 31.7268494 ], [ 130.5735019, 31.7249622 ], [ 130.5726211, 31.7212133 ], [ 130.566817499999985, 31.7184408 ], [ 130.5629825, 31.7187722 ], [ 130.56382, 31.7142114 ], [ 130.5650833, 31.7124108 ], [ 130.5652881, 31.7083839 ], [ 130.5682464, 31.7068872 ], [ 130.5701819, 31.7039358 ], [ 130.5761081, 31.7009978 ], [ 130.57775, 31.7009403 ], [ 130.5800386, 31.6971606 ], [ 130.584623599999986, 31.6964697 ], [ 130.5873033, 31.6941156 ], [ 130.5920308, 31.6931217 ], [ 130.593030299999981, 31.6914456 ], [ 130.5989089, 31.68996 ], [ 130.6015406, 31.6853 ], [ 130.5995969, 31.6823961 ], [ 130.598903299999989, 31.6778128 ], [ 130.6024653, 31.6771083 ], [ 130.6049381, 31.6737167 ], [ 130.6112717, 31.6728856 ], [ 130.6112221, 31.675 ], [ 130.6093194, 31.6798889 ], [ 130.6111608, 31.6871603 ], [ 130.6152664, 31.6921214 ], [ 130.614174, 31.6965725 ], [ 130.615679199999988, 31.6998238 ], [ 130.6188957, 31.7027732 ], [ 130.6196711, 31.7055762 ], [ 130.6276336, 31.7136608 ], [ 130.6335396, 31.7111144 ], [ 130.6397547, 31.713821 ], [ 130.6464808, 31.720516699999987 ], [ 130.66026309999998, 31.7285663 ], [ 130.663197, 31.7284624 ], [ 130.665717299999983, 31.7300583 ], [ 130.669471499999986, 31.7298852 ], [ 130.6722149, 31.7280316 ], [ 130.6747326, 31.7284458 ], [ 130.6787516, 31.7315996 ], [ 130.6839033, 31.7334498 ], [ 130.68601289999998, 31.7349769 ], [ 130.6896467, 31.73469 ], [ 130.6937491, 31.7324882 ], [ 130.6944493, 31.7294196 ], [ 130.697075499999983, 31.7290498 ], [ 130.705918199999985, 31.725299 ], [ 130.7079411, 31.7263669 ], [ 130.717246599999982, 31.7278843 ], [ 130.7164851, 31.7252937 ], [ 130.719839799999988, 31.7205142 ], [ 130.724596099999985, 31.7177379 ], [ 130.7281753, 31.7179268 ], [ 130.7285769, 31.7146875 ], [ 130.7304264, 31.709918 ], [ 130.734089499999982, 31.7074496 ], [ 130.737661600000024, 31.7068211 ], [ 130.738927, 31.7102245 ], [ 130.74618049999998, 31.7085447 ], [ 130.749506199999985, 31.7087905 ], [ 130.753655400000014, 31.7064967 ], [ 130.7662425, 31.7071479 ], [ 130.7759906, 31.7037491 ], [ 130.781744299999986, 31.7023799 ], [ 130.784268700000013, 31.704514 ], [ 130.7863194, 31.7031881 ], [ 130.7924363, 31.7030162 ], [ 130.7975478, 31.6996834 ], [ 130.800094799999982, 31.6952554 ], [ 130.796238599999981, 31.6892713 ], [ 130.7976945, 31.6878156 ], [ 130.802843, 31.6886525 ], [ 130.811286699999982, 31.6836088 ], [ 130.8134264, 31.6776676 ], [ 130.817484399999984, 31.6744176 ], [ 130.8199357, 31.6650156 ], [ 130.823159500000031, 31.6597215 ], [ 130.822811500000029, 31.6548326 ], [ 130.8216804, 31.6501832 ], [ 130.819350899999989, 31.6480221 ], [ 130.818413199999981, 31.6450579 ], [ 130.813599, 31.6424171 ], [ 130.8097644, 31.6412958 ], [ 130.806491599999987, 31.6381043 ], [ 130.804491, 31.6346445 ], [ 130.801057, 31.6319341 ], [ 130.8064381, 31.6305925 ], [ 130.8088903, 31.6286947 ], [ 130.8127131, 31.6272981 ], [ 130.8145922, 31.6256533 ], [ 130.814905, 31.6183372 ], [ 130.8090058, 31.6180725 ], [ 130.8093558, 31.6161583 ], [ 130.8122344, 31.6143881 ], [ 130.8139847, 31.6113183 ], [ 130.8134278, 31.6088792 ], [ 130.82159249999998, 31.6079739 ], [ 130.8234406, 31.6047603 ], [ 130.8256906, 31.6063794 ], [ 130.829818599999982, 31.6060542 ], [ 130.8355592, 31.6075664 ], [ 130.847296699999987, 31.6089625 ], [ 130.846889399999981, 31.6126361 ], [ 130.8514856, 31.6156606 ] ] ] ] } },
{ "type": "Feature", "properties": { "hokenjo": "伊集院" }, "geometry": { "type": "MultiPolygon", "coordinates": [ [ [ [ 129.0035417, 28.7993461 ], [ 129.0025942, 28.8023525 ], [ 128.9993356, 28.8057992 ], [ 128.994329199999981, 28.8071756 ], [ 128.986807199999987, 28.8016586 ], [ 128.9846819, 28.7982569 ], [ 128.9810711, 28.7995033 ], [ 128.9808856, 28.8008011 ], [ 128.9742406, 28.8019742 ], [ 128.973702799999984, 28.8003328 ], [ 128.978203300000018, 28.7934786 ], [ 128.9821339, 28.7940992 ], [ 128.9843808, 28.7968803 ], [ 128.9868711, 28.7966606 ], [ 128.9948992, 28.7921986 ], [ 129.0018069, 28.7937331 ], [ 129.0035417, 28.7993461 ] ] ], [ [ [ 128.999501399999986, 28.8285383 ], [ 129.004136099999982, 28.8285892 ], [ 129.003015799999986, 28.8323181 ], [ 129.002715, 28.8365769 ], [ 128.998220799999984, 28.8352342 ], [ 128.997668, 28.8333613 ], [ 128.999501399999986, 28.8285383 ] ] ], [ [ [ 129.2095554, 29.1568107 ], [ 129.2039953, 29.1561117 ], [ 129.203847699999983, 29.1578083 ], [ 129.2012958, 29.1590364 ], [ 129.1952717, 29.1585283 ], [ 129.1892358, 29.1558822 ], [ 129.186698899999982, 29.1534136 ], [ 129.1935853, 29.1455947 ], [ 129.200365, 29.1387233 ], [ 129.2035931, 29.1367744 ], [ 129.211309699999987, 29.1336928 ], [ 129.213040299999989, 29.1313581 ], [ 129.2201211, 29.1267386 ], [ 129.222049199999987, 29.1294594 ], [ 129.2187433, 29.1357031 ], [ 129.219568899999985, 29.1393961 ], [ 129.218585800000028, 29.1453978 ], [ 129.2216814, 29.1487597 ], [ 129.22261, 29.1518117 ], [ 129.2215267, 29.1566231 ], [ 129.2185917, 29.1585744 ], [ 129.2113856, 29.1590764 ], [ 129.2095554, 29.1568107 ] ] ], [ [ [ 129.3315742, 29.2244853 ], [ 129.330755, 29.2279117 ], [ 129.3284376, 29.2270921 ], [ 129.3270283, 29.2288919 ], [ 129.3226881, 29.2275883 ], [ 129.319085, 29.2246878 ], [ 129.3194517, 29.2223717 ], [ 129.322511099999986, 29.2211025 ], [ 129.322871099999986, 29.2195961 ], [ 129.326943299999982, 29.2180328 ], [ 129.3291864, 29.2200125 ], [ 129.3315742, 29.2244853 ] ] ], [ [ [ 129.3437142, 29.2249783 ], [ 129.3486758, 29.2270936 ], [ 129.3485475, 29.2302486 ], [ 129.3450039, 29.2308389 ], [ 129.3431597, 29.2299786 ], [ 129.342827199999988, 29.2259653 ], [ 129.3437142, 29.2249783 ] ] ], [ [ [ 129.611447199999986, 29.464865 ], [ 129.609476699999988, 29.4721692 ], [ 129.6012869, 29.4744972 ], [ 129.5953297, 29.4770761 ], [ 129.593708599999985, 29.4738403 ], [ 129.5889525, 29.4701153 ], [ 129.5866739, 29.4668086 ], [ 129.5856578, 29.4634689 ], [ 129.5867836, 29.4597633 ], [ 129.59041, 29.4576653 ], [ 129.595774899999981, 29.4554996 ], [ 129.5959589, 29.4538228 ], [ 129.5937408, 29.4478086 ], [ 129.5962461, 29.4452883 ], [ 129.6044694, 29.4449856 ], [ 129.608608299999986, 29.4460028 ], [ 129.612776699999984, 29.4452008 ], [ 129.618144199999989, 29.4473056 ], [ 129.6201656, 29.4501503 ], [ 129.6187136, 29.4557097 ], [ 129.6158886, 29.4578108 ], [ 129.6132764, 29.4610542 ], [ 129.611447199999986, 29.464865 ] ] ], [ [ [ 129.538186699999983, 29.6879498 ], [ 129.5381582, 29.6912905 ], [ 129.5391869, 29.6945 ], [ 129.5345245, 29.69691 ], [ 129.5309202, 29.6961037 ], [ 129.5279228, 29.6933725 ], [ 129.525306699999987, 29.6873455 ], [ 129.526289099999985, 29.6834786 ], [ 129.533551599999981, 29.6800269 ], [ 129.5331526, 29.6786867 ], [ 129.536174599999981, 29.6763098 ], [ 129.537400599999984, 29.6781553 ], [ 129.5398798, 29.686424400000011 ], [ 129.538186699999983, 29.6879498 ] ] ], [ [ [ 129.6219482, 29.8768929 ], [ 129.6226614, 29.8801072 ], [ 129.6243126, 29.8823708 ], [ 129.6216928, 29.8842075 ], [ 129.618917100000033, 29.8831494 ], [ 129.6181794, 29.8783717 ], [ 129.620097099999981, 29.8757138 ], [ 129.6219482, 29.8768929 ] ] ], [ [ [ 129.5500553, 29.9075883 ], [ 129.5431528, 29.9125628 ], [ 129.5394, 29.9128736 ], [ 129.5368489, 29.91638 ], [ 129.5348592, 29.9142658 ], [ 129.5325656, 29.9150875 ], [ 129.5301953, 29.91166 ], [ 129.5309053, 29.9047761 ], [ 129.5319217, 29.9023019 ], [ 129.532162199999988, 29.8958344 ], [ 129.540142799999984, 29.8943511 ], [ 129.5430494, 29.8925281 ], [ 129.5441836, 29.8942853 ], [ 129.547843299999982, 29.8929867 ], [ 129.552331899999984, 29.89384 ], [ 129.5544611, 29.8977861 ], [ 129.552617199999986, 29.8993031 ], [ 129.5522033, 29.9038208 ], [ 129.5500553, 29.9075883 ] ] ], [ [ [ 129.7394311, 29.6590147 ], [ 129.7424186, 29.6639378 ], [ 129.7430017, 29.6693506 ], [ 129.7401089, 29.6718233 ], [ 129.7389436, 29.67239 ], [ 129.731254399999983, 29.6704211 ], [ 129.729435300000034, 29.6677386 ], [ 129.7265461, 29.6690736 ], [ 129.7214447, 29.6701772 ], [ 129.7185858, 29.6685611 ], [ 129.713135, 29.6681997 ], [ 129.7064919, 29.6660597 ], [ 129.703857199999987, 29.6642683 ], [ 129.699644399999983, 29.6586458 ], [ 129.6931389, 29.6601294 ], [ 129.693475799999987, 29.6578128 ], [ 129.691922799999986, 29.6564014 ], [ 129.689113100000014, 29.6568964 ], [ 129.6836208, 29.6519514 ], [ 129.6887022, 29.6485489 ], [ 129.684042799999986, 29.6420564 ], [ 129.688586099999981, 29.6381494 ], [ 129.6903206, 29.6331044 ], [ 129.687520799999987, 29.6306656 ], [ 129.6891953, 29.6291122 ], [ 129.6897394, 29.6219031 ], [ 129.692842499999983, 29.6148831 ], [ 129.696974399999988, 29.6111869 ], [ 129.6961411, 29.6083103 ], [ 129.69799, 29.6032542 ], [ 129.706531399999989, 29.6022603 ], [ 129.712542499999984, 29.6061281 ], [ 129.7110652, 29.6100055 ], [ 129.7116661, 29.61264 ], [ 129.7174867, 29.6162867 ], [ 129.7186025, 29.6191986 ], [ 129.7236172, 29.6228911 ], [ 129.7275617, 29.6242361 ], [ 129.733526399999988, 29.6275983 ], [ 129.734134399999988, 29.6320517 ], [ 129.737158599999987, 29.6354456 ], [ 129.739275599999985, 29.6402444 ], [ 129.7393222, 29.6438903 ], [ 129.7402956, 29.6461808 ], [ 129.738112799999982, 29.6494417 ], [ 129.7394311, 29.6590147 ] ] ], [ [ [ 129.863467499999985, 29.8816133 ], [ 129.859122499999984, 29.8829164 ], [ 129.85724, 29.8817753 ], [ 129.851761899999985, 29.8837372 ], [ 129.8500994, 29.8815381 ], [ 129.8457406, 29.8811028 ], [ 129.845626399999986, 29.8788678 ], [ 129.8405761, 29.8763686 ], [ 129.83951829999998, 29.8687178 ], [ 129.8360136, 29.8669642 ], [ 129.8340944, 29.8600339 ], [ 129.83562329999998, 29.8586478 ], [ 129.8357719, 29.8552597 ], [ 129.8384108, 29.8524578 ], [ 129.837760299999985, 29.8489658 ], [ 129.839769400000023, 29.8454944 ], [ 129.8424369, 29.8428372 ], [ 129.845045299999981, 29.8415408 ], [ 129.847545, 29.8421597 ], [ 129.8520901, 29.8386382 ], [ 129.8532875, 29.8363283 ], [ 129.852713599999987, 29.8339661 ], [ 129.8605925, 29.8219622 ], [ 129.86777, 29.8178086 ], [ 129.8732675, 29.8163889 ], [ 129.8790942, 29.8168158 ], [ 129.8829164, 29.819875 ], [ 129.8883189, 29.8223203 ], [ 129.8974503, 29.8221961 ], [ 129.903063299999985, 29.8207922 ], [ 129.9046511, 29.8182108 ], [ 129.9085925, 29.8209333 ], [ 129.915511899999984, 29.8208714 ], [ 129.9183897, 29.8237025 ], [ 129.9144219, 29.8270033 ], [ 129.9129653, 29.8300456 ], [ 129.9052228, 29.8347281 ], [ 129.903211699999986, 29.8370739 ], [ 129.895302499999985, 29.8439711 ], [ 129.8933811, 29.8536375 ], [ 129.89417, 29.8566889 ], [ 129.8961258, 29.8576214 ], [ 129.897087199999987, 29.8603483 ], [ 129.894949700000012, 29.8632958 ], [ 129.8911172, 29.8632136 ], [ 129.8901731, 29.8648153 ], [ 129.8924017, 29.8672514 ], [ 129.8915108, 29.8701517 ], [ 129.8891419, 29.8692486 ], [ 129.8865983, 29.8706031 ], [ 129.886280299999981, 29.8724456 ], [ 129.8800903, 29.8746628 ], [ 129.8752247, 29.8747667 ], [ 129.8719525, 29.8763622 ], [ 129.8680881, 29.8771711 ], [ 129.868089700000013, 29.8814064 ], [ 129.865925, 29.8830408 ], [ 129.863467499999985, 29.8816133 ] ] ], [ [ [ 129.9197336, 29.9966169 ], [ 129.9199444, 29.9985839 ], [ 129.9171394, 30.00416 ], [ 129.9167261, 30.0073928 ], [ 129.9119464, 30.0057392 ], [ 129.90939, 30.0011011 ], [ 129.9124708, 29.9965236 ], [ 129.9138806, 29.9956736 ], [ 129.9146336, 29.9914456 ], [ 129.912153599999982, 29.990235 ], [ 129.9073742, 29.985995 ], [ 129.9040392, 29.9855192 ], [ 129.905166899999983, 29.9813519 ], [ 129.902207799999985, 29.9779058 ], [ 129.899493299999989, 29.9767036 ], [ 129.90081, 29.9740947 ], [ 129.9064469, 29.9726267 ], [ 129.9057814, 29.9688806 ], [ 129.9071658, 29.9672231 ], [ 129.904906399999987, 29.9653261 ], [ 129.913683599999985, 29.9575264 ], [ 129.917752799999988, 29.9554031 ], [ 129.9202942, 29.9560683 ], [ 129.9242183, 29.9543653 ], [ 129.92854939999998, 29.9503083 ], [ 129.9344575, 29.9489558 ], [ 129.941915599999987, 29.9512183 ], [ 129.9442422, 29.9525958 ], [ 129.9471508, 29.9599022 ], [ 129.944630300000028, 29.963105 ], [ 129.945213099999989, 29.9655683 ], [ 129.941723599999989, 29.9697394 ], [ 129.9365922, 29.9710483 ], [ 129.933335, 29.9740714 ], [ 129.9306283, 29.9800719 ], [ 129.927915, 29.9835239 ], [ 129.922591899999986, 29.9890111 ], [ 129.9197336, 29.9966169 ] ] ], [ [ [ 130.3132989, 30.8027936 ], [ 130.3082564, 30.8034817 ], [ 130.3039561, 30.8065667 ], [ 130.3035333, 30.8084222 ], [ 130.2956217, 30.80466 ], [ 130.2923592, 30.8040036 ], [ 130.2911958, 30.8025342 ], [ 130.2843378, 30.7982283 ], [ 130.2820978, 30.797335 ], [ 130.2793428, 30.7938942 ], [ 130.2760972, 30.7917064 ], [ 130.272009699999984, 30.7911775 ], [ 130.2689092, 30.7932844 ], [ 130.2651089, 30.7915961 ], [ 130.265345, 30.7855664 ], [ 130.2616083, 30.7830875 ], [ 130.265377799999982, 30.7790517 ], [ 130.2716675, 30.7788425 ], [ 130.273784399999982, 30.7801872 ], [ 130.2754792, 30.7785261 ], [ 130.276689399999981, 30.7732344 ], [ 130.2793175, 30.7730103 ], [ 130.275966899999986, 30.7804019 ], [ 130.2795611, 30.7810303 ], [ 130.281266099999982, 30.7782642 ], [ 130.28404279999998, 30.779295 ], [ 130.2883061, 30.7788431 ], [ 130.2925347, 30.7803992 ], [ 130.2972489, 30.7812397 ], [ 130.300467199999986, 30.7805258 ], [ 130.30548779999998, 30.7821458 ], [ 130.308975, 30.7807806 ], [ 130.3135786, 30.7809297 ], [ 130.319553100000036, 30.7851278 ], [ 130.321566, 30.7914258 ], [ 130.320627, 30.7952701 ], [ 130.3186426, 30.7983337 ], [ 130.3132989, 30.8027936 ] ] ], [ [ [ 130.4379944, 30.8110289 ], [ 130.4311444, 30.8155156 ], [ 130.4277181, 30.8162206 ], [ 130.4277161, 30.819705 ], [ 130.426004399999982, 30.8195589 ], [ 130.421167199999985, 30.8150231 ], [ 130.415195, 30.8159147 ], [ 130.4148308, 30.8176983 ], [ 130.4099306, 30.8184933 ], [ 130.4076411, 30.8166436 ], [ 130.406693099999984, 30.8137114 ], [ 130.4073406, 30.8111717 ], [ 130.405237199999988, 30.8097447 ], [ 130.399893099999986, 30.8098717 ], [ 130.3975881, 30.8108736 ], [ 130.396814399999982, 30.8074528 ], [ 130.40637719999998, 30.8076897 ], [ 130.4116717, 30.8102558 ], [ 130.41676, 30.8086786 ], [ 130.425645299999985, 30.8049819 ], [ 130.43035279999998, 30.804122499999988 ], [ 130.433738299999987, 30.8043128 ], [ 130.4417847, 30.8002194 ], [ 130.4442058, 30.8031794 ], [ 130.4460072, 30.8098639 ], [ 130.444555799999989, 30.8107889 ], [ 130.4379944, 30.8110289 ] ] ], [ [ [ 129.9460478, 30.8434028 ], [ 129.942601699999983, 30.8448925 ], [ 129.9399731, 30.8476758 ], [ 129.9391947, 30.8514675 ], [ 129.9349267, 30.8494608 ], [ 129.931877499999985, 30.8489161 ], [ 129.9268803, 30.8497842 ], [ 129.9249275, 30.8492378 ], [ 129.92149329999998, 30.8446767 ], [ 129.919025799999986, 30.8430586 ], [ 129.9155408, 30.8392747 ], [ 129.9079128, 30.8386894 ], [ 129.905235799999986, 30.8390583 ], [ 129.9043517, 30.8347083 ], [ 129.9049014, 30.8312719 ], [ 129.908533299999988, 30.8313589 ], [ 129.9119581, 30.8276975 ], [ 129.9111447, 30.823785 ], [ 129.9142869, 30.8217833 ], [ 129.917237199999988, 30.8174283 ], [ 129.923076899999984, 30.8157286 ], [ 129.929626899999988, 30.8120061 ], [ 129.9373467, 30.8121589 ], [ 129.94065, 30.8142194 ], [ 129.947584700000021, 30.8160347 ], [ 129.9530464, 30.8183597 ], [ 129.954143599999981, 30.8204292 ], [ 129.9586447, 30.8236606 ], [ 129.964556700000031, 30.8300661 ], [ 129.964895, 30.8322719 ], [ 129.9637281, 30.8354894 ], [ 129.956094399999984, 30.8364642 ], [ 129.953307199999983, 30.8388581 ], [ 129.9518511, 30.8422106 ], [ 129.9460478, 30.8434028 ] ] ], [ [ [ 130.4023281, 31.7316861 ], [ 130.3960639, 31.7339208 ], [ 130.391775599999988, 31.7339114 ], [ 130.381715, 31.7319058 ], [ 130.378032499999989, 31.7306622 ], [ 130.3794517, 31.7334028 ], [ 130.378325, 31.7345247 ], [ 130.378680299999985, 31.7381028 ], [ 130.377612199999987, 31.7401881 ], [ 130.373782799999987, 31.7420092 ], [ 130.3678942, 31.7430981 ], [ 130.363153899999986, 31.7423825 ], [ 130.3596322, 31.7485167 ], [ 130.358369399999987, 31.7518136 ], [ 130.3589044, 31.7555861 ], [ 130.3557092, 31.7573367 ], [ 130.3509789, 31.7578619 ], [ 130.348264199999988, 31.7551761 ], [ 130.3414611, 31.75245 ], [ 130.339519699999983, 31.7522889 ], [ 130.3344147, 31.7496086 ], [ 130.326085799999987, 31.7494689 ], [ 130.3240381, 31.7486053 ], [ 130.3181094, 31.7514572 ], [ 130.317079399999983, 31.7561106 ], [ 130.31206419999998, 31.7636486 ], [ 130.3036856, 31.7633408 ], [ 130.301571699999982, 31.761575 ], [ 130.29742, 31.7609633 ], [ 130.2945489, 31.7573831 ], [ 130.2913606, 31.7575994 ], [ 130.283884699999987, 31.7553697 ], [ 130.2827269, 31.7584019 ], [ 130.2794017, 31.7595989 ], [ 130.2731375, 31.760765 ], [ 130.268273599999986, 31.7651606 ], [ 130.2648489, 31.7651144 ], [ 130.2599406, 31.7671636 ], [ 130.2550872, 31.7722375 ], [ 130.2511811, 31.7770489 ], [ 130.247216899999984, 31.7774708 ], [ 130.2446531, 31.7761914 ], [ 130.239945, 31.7774 ], [ 130.2383658, 31.7845128 ], [ 130.2345211, 31.7878561 ], [ 130.2319986, 31.7861511 ], [ 130.227580599999982, 31.7853325 ], [ 130.221353599999986, 31.78788 ], [ 130.2192306, 31.7866044 ], [ 130.2145864, 31.7857039 ], [ 130.207659700000022, 31.7889206 ], [ 130.2054019, 31.7906592 ], [ 130.2011814, 31.7907825 ], [ 130.1955211, 31.78973 ], [ 130.1917489, 31.7865083 ], [ 130.1923003, 31.7841592 ], [ 130.1911289, 31.7821619 ], [ 130.188189699999981, 31.7804861 ], [ 130.1843292, 31.7804525 ], [ 130.1802006, 31.7788197 ], [ 130.1805086, 31.7746606 ], [ 130.185456400000021, 31.7704697 ], [ 130.1854308, 31.7662814 ], [ 130.1864161, 31.7645725 ], [ 130.1861783, 31.7612209 ], [ 130.1888864, 31.7570446 ], [ 130.1882967, 31.7542107 ], [ 130.186067, 31.7517196 ], [ 130.186057799999986, 31.7491917 ], [ 130.191697, 31.74652 ], [ 130.1954797, 31.7485017 ], [ 130.198769199999987, 31.7544459 ], [ 130.2024236, 31.7553811 ], [ 130.211133599999982, 31.7561369 ], [ 130.217805199999987, 31.7524356 ], [ 130.2212264, 31.7492981 ], [ 130.226144399999981, 31.7463267 ], [ 130.230438099999986, 31.739985 ], [ 130.2348992, 31.7381181 ], [ 130.234974199999982, 31.7362894 ], [ 130.239474199999989, 31.7334842 ], [ 130.2443922, 31.7334047 ], [ 130.2484393, 31.7312726 ], [ 130.2503573, 31.7279212 ], [ 130.250128099999984, 31.7260209 ], [ 130.2523463, 31.722176 ], [ 130.2551671, 31.7213518 ], [ 130.2601124, 31.721743 ], [ 130.2607199, 31.7183638 ], [ 130.2564352, 31.7179375 ], [ 130.256247699999989, 31.7163093 ], [ 130.263509699999986, 31.7149552 ], [ 130.262384199999985, 31.7099691 ], [ 130.2580648, 31.7079957 ], [ 130.2622055, 31.7068659 ], [ 130.2688995, 31.7076658 ], [ 130.269335, 31.705813 ], [ 130.2730455, 31.7064639 ], [ 130.2755914, 31.7050752 ], [ 130.279637, 31.6993672 ], [ 130.288347400000021, 31.6891575 ], [ 130.2915188, 31.6846181 ], [ 130.2949518, 31.678603 ], [ 130.2991831, 31.6698959 ], [ 130.2995242, 31.6679083 ], [ 130.2976027, 31.6653332 ], [ 130.2976515, 31.6630495 ], [ 130.3004932, 31.6618502 ], [ 130.302944599999989, 31.662795 ], [ 130.3082868, 31.6620767 ], [ 130.3121418, 31.6602941 ], [ 130.3124379, 31.6585846 ], [ 130.3156062, 31.6585945 ], [ 130.317610699999989, 31.6544214 ], [ 130.3203748, 31.6512379 ], [ 130.32159679999998, 31.645577 ], [ 130.3240188, 31.643929 ], [ 130.3275808, 31.6344103 ], [ 130.3291683, 31.6290264 ], [ 130.3321, 31.6152986 ], [ 130.3343203, 31.59947360000001 ], [ 130.334828099999982, 31.5901039 ], [ 130.3348552, 31.5795799 ], [ 130.3336964, 31.5627886 ], [ 130.332315, 31.5529 ], [ 130.3303214, 31.5416583 ], [ 130.3276108, 31.531505 ], [ 130.3264728, 31.5256869 ], [ 130.3222156, 31.5119703 ], [ 130.3196083, 31.5048564 ], [ 130.3129878, 31.4908175 ], [ 130.3192675, 31.4893922 ], [ 130.3221019, 31.4857728 ], [ 130.3280719, 31.4863322 ], [ 130.3378514, 31.4862372 ], [ 130.341401099999985, 31.4847764 ], [ 130.3433731, 31.4859186 ], [ 130.3462819, 31.4841022 ], [ 130.3518028, 31.4778858 ], [ 130.3573189, 31.4758917 ], [ 130.360795, 31.4797622 ], [ 130.3673408, 31.4786725 ], [ 130.3729994, 31.4785317 ], [ 130.3780478, 31.4756561 ], [ 130.382902799999982, 31.4771731 ], [ 130.3864164, 31.4750642 ], [ 130.3959739, 31.4766561 ], [ 130.400204699999989, 31.4783286 ], [ 130.4056617, 31.4824308 ], [ 130.4076547, 31.482495 ], [ 130.411009399999983, 31.4867558 ], [ 130.4189414, 31.4893433 ], [ 130.421048899999988, 31.4888044 ], [ 130.4240375, 31.49057830000001 ], [ 130.4295444, 31.4910636 ], [ 130.432886699999983, 31.4906464 ], [ 130.4348867, 31.4926014 ], [ 130.4328078, 31.4965033 ], [ 130.4402408, 31.5022894 ], [ 130.448381399999988, 31.50981 ], [ 130.446352499999989, 31.5121808 ], [ 130.4467961, 31.5148556 ], [ 130.4493297, 31.5170744 ], [ 130.446848099999983, 31.5196583 ], [ 130.446318599999984, 31.5233222 ], [ 130.448338299999989, 31.5263603 ], [ 130.446882499999987, 31.5300878 ], [ 130.4387439, 31.5367889 ], [ 130.434901699999983, 31.5389125 ], [ 130.428385, 31.5389894 ], [ 130.4272072, 31.5423708 ], [ 130.425016699999986, 31.5422636 ], [ 130.424145, 31.5465506 ], [ 130.421494699999982, 31.54659250000001 ], [ 130.418983300000036, 31.5480628 ], [ 130.4202539, 31.5515856 ], [ 130.4200606, 31.5549694 ], [ 130.4180067, 31.5582225 ], [ 130.4154464, 31.5598417 ], [ 130.4124864, 31.5587542 ], [ 130.412613599999986, 31.5629422 ], [ 130.4113744, 31.5646867 ], [ 130.4036744, 31.5646086 ], [ 130.402429399999988, 31.5669531 ], [ 130.398919400000011, 31.5678744 ], [ 130.395451899999983, 31.5717528 ], [ 130.3924903, 31.5734569 ], [ 130.390406399999989, 31.57592 ], [ 130.3898897, 31.5803514 ], [ 130.387858599999987, 31.5822906 ], [ 130.3911636, 31.5868181 ], [ 130.3964078, 31.5901558 ], [ 130.3970722, 31.5919647 ], [ 130.400817499999988, 31.5948533 ], [ 130.4017797, 31.5969553 ], [ 130.4069053, 31.5964128 ], [ 130.4140697, 31.5943731 ], [ 130.4149778, 31.5997653 ], [ 130.4177506, 31.5999414 ], [ 130.424888900000013, 31.6023781 ], [ 130.4251425, 31.605265 ], [ 130.428240599999981, 31.6053294 ], [ 130.4276597, 31.6100389 ], [ 130.421402199999989, 31.6170594 ], [ 130.4226533, 31.6215844 ], [ 130.424288099999984, 31.6230011 ], [ 130.4285006, 31.6236214 ], [ 130.4319764, 31.6251539 ], [ 130.436599199999989, 31.6259722 ], [ 130.4375436, 31.6307314 ], [ 130.441949199999982, 31.6297775 ], [ 130.444235, 31.6304367 ], [ 130.4526392, 31.62911 ], [ 130.4598067, 31.6306972 ], [ 130.46448, 31.6293781 ], [ 130.4674867, 31.6272325 ], [ 130.46893559999998, 31.6323153 ], [ 130.47095969999998, 31.6361919 ], [ 130.4657042, 31.6395764 ], [ 130.464290799999986, 31.6455378 ], [ 130.460338299999989, 31.6506986 ], [ 130.4585392, 31.6547678 ], [ 130.455531399999984, 31.6544033 ], [ 130.451495, 31.6551144 ], [ 130.4479025, 31.6572139 ], [ 130.4422806, 31.6552033 ], [ 130.4419169, 31.6578314 ], [ 130.439948099999981, 31.6601469 ], [ 130.439521899999988, 31.6638214 ], [ 130.4423531, 31.6701439 ], [ 130.442771099999987, 31.6734764 ], [ 130.4417903, 31.6748683 ], [ 130.442036699999989, 31.6811233 ], [ 130.437172800000013, 31.6807883 ], [ 130.4372228, 31.6856825 ], [ 130.4357178, 31.6910964 ], [ 130.4362228, 31.6935817 ], [ 130.43494579999998, 31.6968594 ], [ 130.427823599999982, 31.6996028 ], [ 130.426013899999987, 31.6986428 ], [ 130.4229075, 31.7001292 ], [ 130.4193914, 31.7037869 ], [ 130.4200931, 31.7105664 ], [ 130.4139519, 31.7125206 ], [ 130.413263299999983, 31.7169947 ], [ 130.413284399999981, 31.7204817 ], [ 130.415023599999984, 31.7245042 ], [ 130.414460800000029, 31.7268822 ], [ 130.411314399999981, 31.7320236 ], [ 130.4071017, 31.7312989 ], [ 130.405329199999983, 31.7284558 ], [ 130.4023281, 31.7316861 ] ] ] ] } },
{ "type": "Feature", "properties": { "hokenjo": "屋久島" }, "geometry": { "type": "MultiPolygon", "coordinates": [ [ [ [ 130.4979792, 30.4694658 ], [ 130.493522499999983, 30.466755 ], [ 130.4932953, 30.4633614 ], [ 130.4948614, 30.4621272 ], [ 130.4965594, 30.4559269 ], [ 130.4923186, 30.4540717 ], [ 130.4881294, 30.4542397 ], [ 130.4889531, 30.4583747 ], [ 130.484352200000018, 30.4584211 ], [ 130.4818019, 30.4597939 ], [ 130.47921, 30.4581936 ], [ 130.475996899999984, 30.4605694 ], [ 130.4715031, 30.4614514 ], [ 130.468927799999989, 30.4597411 ], [ 130.4688511, 30.4573569 ], [ 130.464320600000036, 30.4571469 ], [ 130.463117499999981, 30.4541208 ], [ 130.4659553, 30.4503406 ], [ 130.4664642, 30.4464592 ], [ 130.4643031, 30.4372397 ], [ 130.460042499999986, 30.4322092 ], [ 130.456287, 30.4315276 ], [ 130.4524117, 30.4326978 ], [ 130.4471931, 30.4285928 ], [ 130.4441689, 30.4231767 ], [ 130.440275, 30.4210239 ], [ 130.4352039, 30.4097914 ], [ 130.430689699999988, 30.4054494 ], [ 130.428468899999984, 30.4051578 ], [ 130.4239775, 30.3996306 ], [ 130.419170799999989, 30.3961119 ], [ 130.4124256, 30.3960167 ], [ 130.4059475, 30.3975614 ], [ 130.396048600000029, 30.3972661 ], [ 130.3905653, 30.3966575 ], [ 130.3876372, 30.3921789 ], [ 130.3813475, 30.3935581 ], [ 130.3783353, 30.3921081 ], [ 130.380806899999982, 30.3890694 ], [ 130.378679399999982, 30.3858372 ], [ 130.379663099999988, 30.3836206 ], [ 130.3773847, 30.38253 ], [ 130.3771122, 30.3798125 ], [ 130.378368099999989, 30.3772886 ], [ 130.376643299999984, 30.3756908 ], [ 130.377096099999989, 30.3722006 ], [ 130.3790239, 30.3704439 ], [ 130.3800225, 30.3655267 ], [ 130.3796511, 30.3607703 ], [ 130.3827742, 30.3586689 ], [ 130.382738099999983, 30.353735 ], [ 130.3808967, 30.3512211 ], [ 130.3843086, 30.3434006 ], [ 130.3864053, 30.3425119 ], [ 130.3876789, 30.3400689 ], [ 130.3867611, 30.3356089 ], [ 130.388233300000024, 30.3339122 ], [ 130.392032199999989, 30.3216719 ], [ 130.393806399999988, 30.3187567 ], [ 130.3963975, 30.3172892 ], [ 130.4005056, 30.3171564 ], [ 130.4030664, 30.3159508 ], [ 130.4052739, 30.3126219 ], [ 130.4069178, 30.3054117 ], [ 130.4097375, 30.2982622 ], [ 130.4130261, 30.2971128 ], [ 130.4107458, 30.2938589 ], [ 130.4137567, 30.2880897 ], [ 130.4134161, 30.2842208 ], [ 130.4120078, 30.2814094 ], [ 130.4136406, 30.2756819 ], [ 130.4142008, 30.2710819 ], [ 130.4128364, 30.2698267 ], [ 130.4131606, 30.2660583 ], [ 130.417235399999981, 30.2672981 ], [ 130.421044199999983, 30.2671767 ], [ 130.4230614, 30.2647889 ], [ 130.423980799999981, 30.2615053 ], [ 130.4269339, 30.2567478 ], [ 130.4306033, 30.2545983 ], [ 130.430590599999988, 30.2511953 ], [ 130.4353994, 30.2443769 ], [ 130.4364439, 30.2406375 ], [ 130.4428264, 30.2368175 ], [ 130.445938899999987, 30.2377203 ], [ 130.4512378, 30.2355042 ], [ 130.463234700000015, 30.2344744 ], [ 130.465435300000024, 30.2349919 ], [ 130.4707747, 30.2331814 ], [ 130.4767369, 30.2342428 ], [ 130.4824056, 30.2316708 ], [ 130.4831044, 30.2305131 ], [ 130.4888397, 30.2274467 ], [ 130.4954136, 30.2270133 ], [ 130.4982411, 30.2307661 ], [ 130.5028547, 30.2331014 ], [ 130.504062799999986, 30.2309319 ], [ 130.5086492, 30.2319525 ], [ 130.5120278, 30.2317986 ], [ 130.514785599999982, 30.2302292 ], [ 130.518588599999987, 30.2304808 ], [ 130.5209131, 30.2291175 ], [ 130.5216381, 30.2265886 ], [ 130.5252242, 30.2278847 ], [ 130.526769699999988, 30.2305172 ], [ 130.5290631, 30.2298325 ], [ 130.5301781, 30.2337508 ], [ 130.5323694, 30.2340697 ], [ 130.5379747, 30.2298444 ], [ 130.5414247, 30.2313378 ], [ 130.5454258, 30.2301197 ], [ 130.5482653, 30.2312158 ], [ 130.550443299999984, 30.2339753 ], [ 130.554138099999989, 30.2342475 ], [ 130.55727, 30.2320464 ], [ 130.5592311, 30.2358178 ], [ 130.5666119, 30.2368694 ], [ 130.569495, 30.2377661 ], [ 130.5723511, 30.2364175 ], [ 130.5766992, 30.2374175 ], [ 130.580861699999986, 30.2402744 ], [ 130.5821133, 30.2388858 ], [ 130.5855608, 30.240345 ], [ 130.586920599999985, 30.2441739 ], [ 130.5893161, 30.2455961 ], [ 130.5915511, 30.2488289 ], [ 130.597352799999982, 30.2487981 ], [ 130.604716699999983, 30.2531806 ], [ 130.6045717, 30.2581042 ], [ 130.606966699999987, 30.26166 ], [ 130.610164699999984, 30.2630581 ], [ 130.6115989, 30.2654597 ], [ 130.615501099999989, 30.2665547 ], [ 130.618645, 30.2708014 ], [ 130.622735299999988, 30.2724894 ], [ 130.6240714, 30.2755097 ], [ 130.6284283, 30.2805281 ], [ 130.6340564, 30.2822817 ], [ 130.6380347, 30.2873969 ], [ 130.639181899999983, 30.2897794 ], [ 130.644045, 30.2928256 ], [ 130.6450269, 30.2946153 ], [ 130.651288599999987, 30.29757 ], [ 130.653661699999986, 30.2994114 ], [ 130.6578625, 30.3059125 ], [ 130.6565153, 30.3115458 ], [ 130.655460299999987, 30.3132047 ], [ 130.6602758, 30.3167722 ], [ 130.662124399999982, 30.3227336 ], [ 130.663195299999984, 30.3308558 ], [ 130.664433299999985, 30.3329247 ], [ 130.6630556, 30.3347972 ], [ 130.6635575, 30.339335 ], [ 130.6671892, 30.3488717 ], [ 130.6656936, 30.35139 ], [ 130.6661411, 30.3572564 ], [ 130.667912799999982, 30.3612397 ], [ 130.6692114, 30.3662267 ], [ 130.6715494, 30.3717967 ], [ 130.6701864, 30.3770872 ], [ 130.6682514, 30.3806128 ], [ 130.66574, 30.3822317 ], [ 130.66314939999998, 30.3859533 ], [ 130.6574914, 30.3898631 ], [ 130.6566161, 30.3916039 ], [ 130.6535681, 30.3922614 ], [ 130.649198899999988, 30.394595 ], [ 130.644335600000034, 30.3982964 ], [ 130.6386967, 30.4011969 ], [ 130.6358458, 30.40078 ], [ 130.6297581, 30.40118 ], [ 130.625439199999988, 30.4022175 ], [ 130.6209567, 30.4044764 ], [ 130.6111631, 30.4075872 ], [ 130.6083653, 30.4067614 ], [ 130.6040883, 30.4088572 ], [ 130.5993369, 30.4097775 ], [ 130.5968847, 30.4131097 ], [ 130.5978025, 30.4173992 ], [ 130.5958714, 30.4186456 ], [ 130.5924731, 30.4180819 ], [ 130.5897789, 30.4200358 ], [ 130.5864972, 30.4207167 ], [ 130.5835394, 30.4231403 ], [ 130.5799983, 30.4247861 ], [ 130.5786881, 30.4234731 ], [ 130.5732544, 30.4260431 ], [ 130.5738125, 30.4280478 ], [ 130.5708342, 30.4293973 ], [ 130.5708601, 30.4322724 ], [ 130.5672969, 30.4341064 ], [ 130.5619767, 30.4356711 ], [ 130.5608086, 30.4371539 ], [ 130.5573511, 30.4378825 ], [ 130.5523672, 30.4425497 ], [ 130.549205299999983, 30.4431997 ], [ 130.5471408, 30.4419117 ], [ 130.543410599999987, 30.4471297 ], [ 130.5387328, 30.448335 ], [ 130.5364956, 30.4471439 ], [ 130.5330672, 30.4471975 ], [ 130.5306483, 30.4488608 ], [ 130.527922200000035, 30.4478864 ], [ 130.5279314, 30.4444533 ], [ 130.5217485, 30.4470344 ], [ 130.5177206, 30.4513189 ], [ 130.51849439999998, 30.4531822 ], [ 130.5107475, 30.4559458 ], [ 130.508699399999983, 30.4541856 ], [ 130.5067319, 30.455275799999988 ], [ 130.5038444, 30.4530231 ], [ 130.4993917, 30.4527247 ], [ 130.4981522, 30.4553828 ], [ 130.5009665, 30.457758 ], [ 130.4989697, 30.4605242 ], [ 130.4979792, 30.4694658 ] ] ], [ [ [ 130.1469253, 30.4903019 ], [ 130.14558, 30.4856294 ], [ 130.1494314, 30.4832386 ], [ 130.1499886, 30.4789172 ], [ 130.1548047, 30.4774286 ], [ 130.1595611, 30.4736281 ], [ 130.1661958, 30.4704 ], [ 130.170517499999988, 30.46144 ], [ 130.168793099999988, 30.4578569 ], [ 130.171321399999982, 30.4562919 ], [ 130.1734492, 30.4566336 ], [ 130.1777169, 30.455578899999988 ], [ 130.1824828, 30.4568044 ], [ 130.1850581, 30.4595172 ], [ 130.1915275, 30.4634789 ], [ 130.1956725, 30.4613531 ], [ 130.195991099999986, 30.4563517 ], [ 130.1898294, 30.4535661 ], [ 130.1893392, 30.4496189 ], [ 130.192387199999985, 30.4440964 ], [ 130.191422499999987, 30.4415 ], [ 130.192620299999987, 30.4390644 ], [ 130.1979594, 30.434015 ], [ 130.200968099999983, 30.4332261 ], [ 130.2031969, 30.4281233 ], [ 130.2099806, 30.4253556 ], [ 130.209755, 30.4220761 ], [ 130.2119356, 30.4219211 ], [ 130.2158172, 30.4250906 ], [ 130.2197014, 30.4252372 ], [ 130.2261297, 30.4240139 ], [ 130.2295, 30.4247864 ], [ 130.2301703, 30.4283275 ], [ 130.2336324, 30.4306692 ], [ 130.234529399999985, 30.4350153 ], [ 130.2394808, 30.4366281 ], [ 130.2448325, 30.4367056 ], [ 130.2482058, 30.4382069 ], [ 130.2535167, 30.4386703 ], [ 130.2574153, 30.4365803 ], [ 130.260874199999989, 30.4330544 ], [ 130.2637197, 30.4338828 ], [ 130.265879399999989, 30.4398497 ], [ 130.2635544, 30.4415058 ], [ 130.2650411, 30.4447761 ], [ 130.2647853, 30.4482858 ], [ 130.262877799999984, 30.447795 ], [ 130.2563131, 30.4513128 ], [ 130.2533233, 30.4536306 ], [ 130.2504697, 30.4537533 ], [ 130.250064399999985, 30.4564733 ], [ 130.247007800000034, 30.4596 ], [ 130.24302609999998, 30.4597639 ], [ 130.2414225, 30.4626017 ], [ 130.2390256, 30.4635822 ], [ 130.2353536, 30.4699769 ], [ 130.23316220000001, 30.4680358 ], [ 130.228565800000013, 30.4683511 ], [ 130.2245311, 30.4719811 ], [ 130.221467499999989, 30.4735978 ], [ 130.213317499999988, 30.4729978 ], [ 130.2073814, 30.4783194 ], [ 130.200263899999982, 30.4812683 ], [ 130.1986839, 30.4802919 ], [ 130.1963475, 30.4758881 ], [ 130.1962208, 30.4725794 ], [ 130.19101329999998, 30.4718694 ], [ 130.186027199999984, 30.4762128 ], [ 130.1843494, 30.4812025 ], [ 130.1813981, 30.4838361 ], [ 130.178991699999983, 30.4832689 ], [ 130.1765519, 30.4843825 ], [ 130.172391399999981, 30.4840714 ], [ 130.1692228, 30.4825433 ], [ 130.165625, 30.4823628 ], [ 130.165969700000034, 30.48459 ], [ 130.1688414, 30.488555 ], [ 130.1652461, 30.4899481 ], [ 130.1629247, 30.4876858 ], [ 130.158877499999988, 30.4855653 ], [ 130.1556764, 30.4850522 ], [ 130.1489292, 30.488418599999989 ], [ 130.1469253, 30.4903019 ] ] ] ] } },
{ "type": "Feature", "properties": { "hokenjo": "加世田" }, "geometry": { "type": "MultiPolygon", "coordinates": [ [ [ [ 129.432770399999981, 30.8455645 ], [ 129.4354956, 30.8468519 ], [ 129.434264899999988, 30.8491519 ], [ 129.4333459, 30.8474557 ], [ 129.429111399999982, 30.8461941 ], [ 129.429344, 30.8422693 ], [ 129.432770399999981, 30.8455645 ] ] ], [ [ [ 129.4677381, 30.8592516 ], [ 129.467797499999989, 30.8617168 ], [ 129.465938099999988, 30.863074 ], [ 129.4632052, 30.8621295 ], [ 129.462846399999989, 30.8592633 ], [ 129.4677381, 30.8592516 ] ] ], [ [ [ 129.4538331, 31.1974964 ], [ 129.4523044, 31.1995178 ], [ 129.446882499999987, 31.199865 ], [ 129.4456047, 31.1992728 ], [ 129.4443603, 31.1878919 ], [ 129.442818599999981, 31.1859472 ], [ 129.4397831, 31.1869342 ], [ 129.4367211, 31.1846547 ], [ 129.4386164, 31.1828175 ], [ 129.4363989, 31.1793178 ], [ 129.4333158, 31.1785511 ], [ 129.435115599999989, 31.1757631 ], [ 129.438229399999983, 31.1785883 ], [ 129.4414553, 31.1803422 ], [ 129.4474047, 31.1780414 ], [ 129.448113899999981, 31.1841208 ], [ 129.4466344, 31.1862069 ], [ 129.4476981, 31.1904261 ], [ 129.4513431, 31.1919214 ], [ 129.4538331, 31.1974964 ] ] ], [ [ [ 129.476058599999988, 31.2052214 ], [ 129.4751867, 31.2085092 ], [ 129.472444699999983, 31.2115667 ], [ 129.471970299999981, 31.209695 ], [ 129.4734283, 31.2073506 ], [ 129.469181099999986, 31.2036547 ], [ 129.473060299999986, 31.2016117 ], [ 129.4734417, 31.1970011 ], [ 129.4764839, 31.1959661 ], [ 129.476058599999988, 31.2052214 ] ] ], [ [ [ 130.3636248, 31.2522039 ], [ 130.3670196, 31.2507235 ], [ 130.3685821, 31.2518834 ], [ 130.3722386, 31.2507253 ], [ 130.373800599999981, 31.2520444 ], [ 130.3821472, 31.2527494 ], [ 130.386645, 31.2520764 ], [ 130.3875567, 31.2508678 ], [ 130.3946436, 31.2531353 ], [ 130.3989497, 31.2508644 ], [ 130.4023492, 31.2518914 ], [ 130.4029856, 31.2535508 ], [ 130.413377199999985, 31.2485217 ], [ 130.413174699999985, 31.2502867 ], [ 130.4179589, 31.2503261 ], [ 130.4191344, 31.2477775 ], [ 130.4225275, 31.2468264 ], [ 130.425340799999987, 31.2474803 ], [ 130.4257158, 31.2494581 ], [ 130.4310797, 31.2465825 ], [ 130.43805, 31.2511353 ], [ 130.4403431, 31.2516686 ], [ 130.4433694, 31.2504917 ], [ 130.4442019, 31.2526156 ], [ 130.44881, 31.2516397 ], [ 130.4501483, 31.2521903 ], [ 130.4544192, 31.2502786 ], [ 130.4595381, 31.2512742 ], [ 130.468443600000029, 31.2482411 ], [ 130.474463899999989, 31.2452531 ], [ 130.486258099999986, 31.2371294 ], [ 130.493169199999983, 31.2302797 ], [ 130.4960475, 31.2279569 ], [ 130.5027617, 31.2211578 ], [ 130.5085731, 31.2133906 ], [ 130.510901099999984, 31.2159119 ], [ 130.517102199999982, 31.2182731 ], [ 130.5211481, 31.2188847 ], [ 130.526145, 31.2216628 ], [ 130.53003529999998, 31.2248317 ], [ 130.5319022, 31.2275867 ], [ 130.5313428, 31.2300597 ], [ 130.5329825, 31.2333647 ], [ 130.5310522, 31.2379869 ], [ 130.532542799999987, 31.2418364 ], [ 130.5360375, 31.2454647 ], [ 130.537914699999988, 31.2528703 ], [ 130.5400122, 31.2563375 ], [ 130.5392144, 31.25903 ], [ 130.5441497, 31.2655319 ], [ 130.5439197, 31.2687025 ], [ 130.5419331, 31.2707764 ], [ 130.5401761, 31.2747142 ], [ 130.5410544, 31.2758233 ], [ 130.5405719, 31.2805033 ], [ 130.53736330000001, 31.2837242 ], [ 130.5359181, 31.2867786 ], [ 130.5369867, 31.2910867 ], [ 130.5389683, 31.2947931 ], [ 130.5396706, 31.2978114 ], [ 130.5367061, 31.30089 ], [ 130.5321964, 31.3078611 ], [ 130.5280567, 31.3111078 ], [ 130.5274406, 31.3143633 ], [ 130.528475, 31.3163461 ], [ 130.5280056, 31.32245 ], [ 130.5225319, 31.3237917 ], [ 130.5215839, 31.3277511 ], [ 130.5180483, 31.3313369 ], [ 130.5162094, 31.3316378 ], [ 130.508427499999982, 31.3300303 ], [ 130.505417199999982, 31.3309411 ], [ 130.501012799999984, 31.3337086 ], [ 130.5017614, 31.3369883 ], [ 130.5002394, 31.3386436 ], [ 130.4970447, 31.3381697 ], [ 130.4944256, 31.3392097 ], [ 130.4915436, 31.3432153 ], [ 130.4898139, 31.3474031 ], [ 130.4903775, 31.3504583 ], [ 130.4965875, 31.36062780000001 ], [ 130.497734399999985, 31.3606347 ], [ 130.502804699999984, 31.3644408 ], [ 130.505327199999982, 31.3648053 ], [ 130.505683299999987, 31.3682119 ], [ 130.5074397, 31.3714644 ], [ 130.5057444, 31.3782336 ], [ 130.5074086, 31.3811792 ], [ 130.50678, 31.3842522 ], [ 130.510514699999987, 31.3925719 ], [ 130.5102053, 31.395275 ], [ 130.5071625, 31.3980664 ], [ 130.5085269, 31.4024856 ], [ 130.5073361, 31.4046583 ], [ 130.5024569, 31.4055833 ], [ 130.5024314, 31.40722 ], [ 130.4967739, 31.4125069 ], [ 130.4972608, 31.4155442 ], [ 130.495981100000023, 31.4179244 ], [ 130.4935122, 31.4196592 ], [ 130.4906344, 31.4194978 ], [ 130.487972499999984, 31.4232639 ], [ 130.4868011, 31.4285214 ], [ 130.4855531, 31.4295425 ], [ 130.485400299999981, 31.4329003 ], [ 130.4836944, 31.4382058 ], [ 130.4862464, 31.4457342 ], [ 130.48367, 31.4509669 ], [ 130.482666699999982, 31.4561239 ], [ 130.4839397, 31.4603103 ], [ 130.472371399999986, 31.4581278 ], [ 130.4692417, 31.4593997 ], [ 130.4695467, 31.4621794 ], [ 130.4664339, 31.4619928 ], [ 130.4641856, 31.4632547 ], [ 130.4578483, 31.4623289 ], [ 130.4568578, 31.4657317 ], [ 130.4514536, 31.467305 ], [ 130.448106699999983, 31.47161 ], [ 130.448345599999982, 31.4730314 ], [ 130.4459186, 31.4757725 ], [ 130.4451867, 31.4831228 ], [ 130.4433939, 31.4837 ], [ 130.4404347, 31.4894683 ], [ 130.437502199999983, 31.4897883 ], [ 130.4348867, 31.4926014 ], [ 130.432886699999983, 31.4906464 ], [ 130.4295444, 31.4910636 ], [ 130.4240375, 31.49057830000001 ], [ 130.421048899999988, 31.4888044 ], [ 130.4189414, 31.4893433 ], [ 130.411009399999983, 31.4867558 ], [ 130.4076547, 31.482495 ], [ 130.4056617, 31.4824308 ], [ 130.400204699999989, 31.4783286 ], [ 130.3959739, 31.4766561 ], [ 130.3864164, 31.4750642 ], [ 130.382902799999982, 31.4771731 ], [ 130.3780478, 31.4756561 ], [ 130.3729994, 31.4785317 ], [ 130.3673408, 31.4786725 ], [ 130.360795, 31.4797622 ], [ 130.3573189, 31.4758917 ], [ 130.3518028, 31.4778858 ], [ 130.3462819, 31.4841022 ], [ 130.3433731, 31.4859186 ], [ 130.341401099999985, 31.4847764 ], [ 130.3378514, 31.4862372 ], [ 130.3280719, 31.4863322 ], [ 130.3221019, 31.4857728 ], [ 130.3192675, 31.4893922 ], [ 130.3129878, 31.4908175 ], [ 130.307251399999984, 31.4783567 ], [ 130.3029483, 31.471016400000011 ], [ 130.291863299999989, 31.4531147 ], [ 130.2892325, 31.4462083 ], [ 130.285028899999986, 31.4437539 ], [ 130.276889399999988, 31.43465 ], [ 130.2714431, 31.4267633 ], [ 130.2697497, 31.4263817 ], [ 130.2631386, 31.4222481 ], [ 130.2590789, 31.4210075 ], [ 130.2559158, 31.4180494 ], [ 130.252785, 31.4184181 ], [ 130.2339116, 31.4097934 ], [ 130.2309994, 31.4076317 ], [ 130.2277943, 31.4001269 ], [ 130.2245694, 31.3992334 ], [ 130.225232800000015, 31.4023869 ], [ 130.2044747, 31.4058743 ], [ 130.20186, 31.4080164 ], [ 130.1964486, 31.4080731 ], [ 130.1926144, 31.4091103 ], [ 130.1917019, 31.4145728 ], [ 130.192871699999984, 31.4174169 ], [ 130.190476400000023, 31.4244333 ], [ 130.193245, 31.4268353 ], [ 130.192998099999983, 31.4292175 ], [ 130.1865181, 31.4256714 ], [ 130.1900781, 31.4235322 ], [ 130.1911217, 31.4197489 ], [ 130.1896061, 31.4137111 ], [ 130.186680699999982, 31.4103201 ], [ 130.1853792, 31.4145978 ], [ 130.1835137, 31.4144191 ], [ 130.1835247, 31.4181249 ], [ 130.1808316, 31.4205132 ], [ 130.177679399999988, 31.4218639 ], [ 130.1758844, 31.4193681 ], [ 130.1731911, 31.4190525 ], [ 130.1708552, 31.420525 ], [ 130.169119199999983, 31.4305133 ], [ 130.1671494, 31.4323008 ], [ 130.1670308, 31.4349281 ], [ 130.1648947, 31.4371094 ], [ 130.1629125, 31.4372364 ], [ 130.1599664, 31.4400261 ], [ 130.158054199999981, 31.4393206 ], [ 130.154, 31.4309306 ], [ 130.1505053, 31.4308792 ], [ 130.1478064, 31.4280603 ], [ 130.1454914, 31.427385 ], [ 130.1421119, 31.4208108 ], [ 130.139382, 31.4181072 ], [ 130.134614699999986, 31.4167106 ], [ 130.136306499999989, 31.4135524 ], [ 130.1332447, 31.4131331 ], [ 130.131706899999983, 31.4163989 ], [ 130.1325903, 31.4186208 ], [ 130.130075799999986, 31.4201172 ], [ 130.1254922, 31.4206108 ], [ 130.1223372, 31.4234086 ], [ 130.1191478, 31.4226067 ], [ 130.115833899999984, 31.4239881 ], [ 130.109656100000024, 31.42161 ], [ 130.107884399999989, 31.4179272 ], [ 130.1066042, 31.4129561 ], [ 130.108988899999986, 31.4104883 ], [ 130.1111536, 31.4134039 ], [ 130.117265799999984, 31.4162917 ], [ 130.1212003, 31.4168836 ], [ 130.1240583, 31.4160856 ], [ 130.132400599999983, 31.4111622 ], [ 130.1337053, 31.4084669 ], [ 130.137957799999981, 31.4076883 ], [ 130.1434889, 31.4022797 ], [ 130.144612199999983, 31.3980022 ], [ 130.148396099999985, 31.3930103 ], [ 130.1497647, 31.3895486 ], [ 130.152521399999983, 31.3874381 ], [ 130.1525153, 31.3850753 ], [ 130.155655, 31.3842911 ], [ 130.160036700000035, 31.3814375 ], [ 130.161032799999987, 31.3785642 ], [ 130.1649583, 31.374275 ], [ 130.1697197, 31.3748392 ], [ 130.171841699999987, 31.3735083 ], [ 130.1747053, 31.3663822 ], [ 130.1794064, 31.3651669 ], [ 130.1847544, 31.3654475 ], [ 130.1876642, 31.3682878 ], [ 130.190511099999981, 31.3666564 ], [ 130.1910039, 31.3624664 ], [ 130.190135, 31.36036 ], [ 130.1900636, 31.3551678 ], [ 130.19504390000003, 31.3578703 ], [ 130.1975894, 31.3557642 ], [ 130.2011956, 31.3577606 ], [ 130.2003522, 31.3532533 ], [ 130.2041489, 31.3523325 ], [ 130.2030197, 31.3489897 ], [ 130.2058419, 31.3494078 ], [ 130.209226699999988, 31.3481706 ], [ 130.2092336, 31.3430386 ], [ 130.2057667, 31.3417372 ], [ 130.2064025, 31.3369194 ], [ 130.2039919, 31.3344936 ], [ 130.2002219, 31.3342692 ], [ 130.195864699999987, 31.3295267 ], [ 130.1912467, 31.3321208 ], [ 130.18395110000003, 31.329949700000011 ], [ 130.1779311, 31.3295714 ], [ 130.1736589, 31.32458 ], [ 130.1756044, 31.3217425 ], [ 130.1798219, 31.3243061 ], [ 130.1885097, 31.3217147 ], [ 130.1896189, 31.3165908 ], [ 130.1915458, 31.3158317 ], [ 130.196533100000011, 31.3172661 ], [ 130.1994214, 31.3159314 ], [ 130.203878299999985, 31.3177033 ], [ 130.20726639999998, 31.3219428 ], [ 130.2087664, 31.3222817 ], [ 130.2147578, 31.3209231 ], [ 130.2163933, 31.3168789 ], [ 130.2185289, 31.3157508 ], [ 130.2195394, 31.3127681 ], [ 130.2249153, 31.3095267 ], [ 130.2263208, 31.3056614 ], [ 130.2217996, 31.3007568 ], [ 130.218426099999988, 31.3009286 ], [ 130.2177481, 31.3024497 ], [ 130.213047499999988, 31.2990933 ], [ 130.209468099999981, 31.2983522 ], [ 130.20301809999998, 31.2960558 ], [ 130.2000464, 31.29732 ], [ 130.1989556, 31.2950853 ], [ 130.198873099999986, 31.2915428 ], [ 130.2019814, 31.2861275 ], [ 130.200823899999989, 31.2832308 ], [ 130.206656899999984, 31.2824492 ], [ 130.2138431, 31.2900281 ], [ 130.2163922, 31.2896764 ], [ 130.2156397, 31.2872494 ], [ 130.216707499999984, 31.2830269 ], [ 130.2262531, 31.283115 ], [ 130.2294369, 31.2814661 ], [ 130.2290894, 31.2789003 ], [ 130.224113599999981, 31.2758675 ], [ 130.2182458, 31.2766656 ], [ 130.2144669, 31.2741417 ], [ 130.2151886, 31.2717442 ], [ 130.2183183, 31.2719275 ], [ 130.2204739, 31.273455 ], [ 130.228236399999986, 31.2710525 ], [ 130.2289283, 31.2675719 ], [ 130.2250833, 31.2670647 ], [ 130.224516099999988, 31.2692428 ], [ 130.2191561, 31.2670831 ], [ 130.2203481, 31.2631814 ], [ 130.2170597, 31.2611744 ], [ 130.2141064, 31.2611625 ], [ 130.2129639, 31.2546239 ], [ 130.215865799999989, 31.252125 ], [ 130.2169156, 31.2497286 ], [ 130.2231836, 31.2539744 ], [ 130.2241286, 31.2514711 ], [ 130.2261567, 31.2502983 ], [ 130.231682799999987, 31.2560608 ], [ 130.2359222, 31.2568669 ], [ 130.2356269, 31.2585303 ], [ 130.2393547, 31.2593758 ], [ 130.241881700000022, 31.2551417 ], [ 130.2439908, 31.2531275 ], [ 130.246698899999984, 31.2546453 ], [ 130.248923599999983, 31.2533767 ], [ 130.253287799999981, 31.2567314 ], [ 130.262178, 31.2561512 ], [ 130.275204300000013, 31.2490444 ], [ 130.278303199999982, 31.2495224 ], [ 130.282373899999982, 31.2543127 ], [ 130.281605, 31.2611753 ], [ 130.282387199999988, 31.2655877 ], [ 130.2841626, 31.2674201 ], [ 130.2882588, 31.2663989 ], [ 130.292610199999984, 31.2661682 ], [ 130.2930035, 31.2679884 ], [ 130.2967994, 31.2676189 ], [ 130.2963976, 31.2642684 ], [ 130.2984626, 31.2636351 ], [ 130.3039536, 31.2649178 ], [ 130.3069337, 31.2666956 ], [ 130.3101614, 31.2652218 ], [ 130.3133885, 31.2597237 ], [ 130.3160633, 31.2572731 ], [ 130.323028599999986, 31.2551877 ], [ 130.327067299999982, 31.2570789 ], [ 130.329936799999984, 31.2550333 ], [ 130.333015599999982, 31.2561179 ], [ 130.3342142, 31.2547169 ], [ 130.3410611, 31.2557435 ], [ 130.3452002, 31.2540392 ], [ 130.347212, 31.2521449 ], [ 130.3506997, 31.2509301 ], [ 130.357376499999987, 31.2506456 ], [ 130.3636248, 31.2522039 ] ] ], [ [ [ 130.166269199999988, 31.3601958 ], [ 130.1689192, 31.3608925 ], [ 130.169319699999988, 31.3641692 ], [ 130.1625736, 31.3596569 ], [ 130.159755599999983, 31.355585 ], [ 130.1609106, 31.3524889 ], [ 130.1652214, 31.3522467 ], [ 130.1669158, 31.3547844 ], [ 130.165714399999985, 31.35743 ], [ 130.166269199999988, 31.3601958 ] ] ] ] } },
{ "type": "Feature", "properties": { "hokenjo": "志布志" }, "geometry": { "type": "MultiPolygon", "coordinates": [ [ [ [ 131.1187622, 31.4291089 ], [ 131.118367799999987, 31.4313575 ], [ 131.1162314, 31.4340347 ], [ 131.1161792, 31.4309631 ], [ 131.1141022, 31.4300556 ], [ 131.116770799999983, 31.4261386 ], [ 131.1187622, 31.4291089 ] ] ], [ [ [ 130.949583099999984, 31.4520417 ], [ 130.953257799999989, 31.4454408 ], [ 130.9565139, 31.4378481 ], [ 130.959593899999987, 31.4357586 ], [ 130.960285, 31.42901 ], [ 130.9616939, 31.4230264 ], [ 130.9616944, 31.4184267 ], [ 130.9646897, 31.412985 ], [ 130.965199399999989, 31.4099519 ], [ 130.974903899999987, 31.4052567 ], [ 130.9799625, 31.4015933 ], [ 130.9839256, 31.3967961 ], [ 130.9974389, 31.3987892 ], [ 131.003737199999989, 31.3993133 ], [ 131.009275299999985, 31.3966981 ], [ 131.011567499999984, 31.3966867 ], [ 131.021179099999983, 31.3948121 ], [ 131.0234964, 31.400093 ], [ 131.0293958, 31.4104107 ], [ 131.0324824, 31.4150679 ], [ 131.040962899999982, 31.4264998 ], [ 131.047703499999983, 31.4340116 ], [ 131.056704, 31.4429334 ], [ 131.0604209, 31.4461568 ], [ 131.0674577, 31.4516983 ], [ 131.073772099999985, 31.4559048 ], [ 131.0781596, 31.4582174 ], [ 131.0848416, 31.4479875 ], [ 131.085908499999988, 31.4476908 ], [ 131.08963, 31.4510313 ], [ 131.087678499999981, 31.4540369 ], [ 131.085866399999986, 31.4531848 ], [ 131.0834917, 31.4567991 ], [ 131.08427709999998, 31.4593901 ], [ 131.08735919999998, 31.4614336 ], [ 131.0920371, 31.4581571 ], [ 131.0948661, 31.4570053 ], [ 131.0991397, 31.4601955 ], [ 131.0973405, 31.4649517 ], [ 131.100110199999989, 31.4658892 ], [ 131.1016562, 31.4644139 ], [ 131.105421799999988, 31.4682895 ], [ 131.103802699999989, 31.470511 ], [ 131.1106489, 31.4762192 ], [ 131.1123598, 31.4735862 ], [ 131.1178957, 31.4746069 ], [ 131.12155629999998, 31.4744975 ], [ 131.1242363, 31.4733469 ], [ 131.125144399999982, 31.4711356 ], [ 131.130257199999988, 31.470531 ], [ 131.1368531, 31.4672169 ], [ 131.13813159999998, 31.4608619 ], [ 131.1398231, 31.4608968 ], [ 131.1405246, 31.4643012 ], [ 131.1441778, 31.4681116 ], [ 131.1490269, 31.4670306 ], [ 131.153365, 31.4674492 ], [ 131.15614309999998, 31.463105 ], [ 131.158872799999983, 31.4629786 ], [ 131.1628844, 31.4651772 ], [ 131.162260299999986, 31.4670017 ], [ 131.1643397, 31.4736192 ], [ 131.1643053, 31.4810589 ], [ 131.1631875, 31.4840819 ], [ 131.16569579999998, 31.4889544 ], [ 131.1710431, 31.4940661 ], [ 131.1689883, 31.4966842 ], [ 131.1696853, 31.4993375 ], [ 131.1720842, 31.5020453 ], [ 131.17531169999998, 31.5024872 ], [ 131.1790361, 31.5062333 ], [ 131.1843844, 31.5070031 ], [ 131.193236899999988, 31.5097603 ], [ 131.1968494, 31.5115819 ], [ 131.1995139, 31.5146714 ], [ 131.20075749999998, 31.5177386 ], [ 131.2000433, 31.5230372 ], [ 131.2010247, 31.5268328 ], [ 131.2001936, 31.5295375 ], [ 131.2014925, 31.5311225 ], [ 131.1972969, 31.5388728 ], [ 131.1988911, 31.5413597 ], [ 131.1958744, 31.546655 ], [ 131.1968928, 31.5494842 ], [ 131.19542, 31.5523047 ], [ 131.1917425, 31.5546822 ], [ 131.189336699999984, 31.5571878 ], [ 131.1939592, 31.5600292 ], [ 131.1955939, 31.5628147 ], [ 131.19966, 31.5640989 ], [ 131.2017789, 31.5672075 ], [ 131.2000692, 31.5689514 ], [ 131.2028542, 31.571245 ], [ 131.2054475, 31.5799494 ], [ 131.20048749999998, 31.5898097 ], [ 131.1984511, 31.5913164 ], [ 131.197435, 31.5952575 ], [ 131.192322499999989, 31.5985564 ], [ 131.1912806, 31.60042940000001 ], [ 131.1872089, 31.6035769 ], [ 131.185246399999983, 31.6101378 ], [ 131.189187799999985, 31.6185275 ], [ 131.1894025, 31.6222369 ], [ 131.1883508, 31.6246333 ], [ 131.180186099999986, 31.6262875 ], [ 131.178664699999985, 31.6299106 ], [ 131.1737525, 31.6325547 ], [ 131.1699164, 31.6334972 ], [ 131.1685367, 31.6373103 ], [ 131.16442, 31.6394519 ], [ 131.1630628, 31.6364964 ], [ 131.1588903, 31.6371353 ], [ 131.1568853, 31.6364786 ], [ 131.155706399999985, 31.6341306 ], [ 131.1511219, 31.6332689 ], [ 131.1501553, 31.6299861 ], [ 131.148067, 31.6306591 ], [ 131.1422489, 31.6302875 ], [ 131.1388494, 31.6276853 ], [ 131.135241399999984, 31.6277494 ], [ 131.1278097, 31.6264803 ], [ 131.1250494, 31.6293719 ], [ 131.122296899999981, 31.6304931 ], [ 131.1178486, 31.6293289 ], [ 131.1149886, 31.6307122 ], [ 131.1131144, 31.6331758 ], [ 131.1134442, 31.635075 ], [ 131.1080528, 31.6376289 ], [ 131.1059392, 31.6406461 ], [ 131.1034564, 31.6415783 ], [ 131.1010461, 31.6447106 ], [ 131.0956067, 31.6463589 ], [ 131.0927256, 31.6486703 ], [ 131.089387499999987, 31.6536447 ], [ 131.086417200000028, 31.6555892 ], [ 131.0832486, 31.6561275 ], [ 131.0792687, 31.6602142 ], [ 131.0756228, 31.6597639 ], [ 131.072548899999987, 31.6581222 ], [ 131.06900109999998, 31.6498725 ], [ 131.06518029999998, 31.6474014 ], [ 131.0602831, 31.6405639 ], [ 131.0579936, 31.638135599999988 ], [ 131.057367900000031, 31.6341924 ], [ 131.0542589, 31.6334931 ], [ 131.052048900000017, 31.6373183 ], [ 131.0521656, 31.6402236 ], [ 131.048802199999983, 31.6404456 ], [ 131.0475347, 31.6420683 ], [ 131.048239199999983, 31.6456925 ], [ 131.046066699999983, 31.6524569 ], [ 131.0368397, 31.6618147 ], [ 131.030874399999988, 31.6628961 ], [ 131.0255953, 31.6668978 ], [ 131.0276197, 31.6685272 ], [ 131.026072199999987, 31.6710356 ], [ 131.0262883, 31.6734378 ], [ 131.0242356, 31.674095 ], [ 131.0255814, 31.6772853 ], [ 131.0265731, 31.6824111 ], [ 131.0237597, 31.6852417 ], [ 131.0255328, 31.68846 ], [ 131.0236686, 31.6917714 ], [ 131.0286056, 31.6974767 ], [ 131.020733299999989, 31.7029433 ], [ 131.0184789, 31.705215 ], [ 131.016525, 31.7098989 ], [ 131.0142339, 31.7100986 ], [ 131.0130567, 31.7131275 ], [ 131.0160856, 31.7171806 ], [ 131.0176411, 31.7244319 ], [ 131.0164892, 31.7339083 ], [ 131.0170688, 31.7372014 ], [ 131.0159673, 31.7416045 ], [ 131.017840299999989, 31.7452261 ], [ 131.0152019, 31.7488042 ], [ 131.0089936, 31.7473153 ], [ 131.006745599999988, 31.7492256 ], [ 131.00225, 31.7483467 ], [ 130.9978825, 31.7459169 ], [ 130.994538899999981, 31.7474139 ], [ 130.9907153, 31.7511575 ], [ 130.9868964, 31.7497175 ], [ 130.9840136, 31.7516278 ], [ 130.9785167, 31.7515683 ], [ 130.9780983, 31.7588572 ], [ 130.979193899999984, 31.7617156 ], [ 130.9824356, 31.763215 ], [ 130.9827756, 31.7673908 ], [ 130.9884367, 31.7654592 ], [ 130.9916892, 31.7711789 ], [ 130.9906253, 31.7767692 ], [ 130.986985, 31.7801478 ], [ 130.9802525, 31.7785392 ], [ 130.976753300000013, 31.7823925 ], [ 130.971405, 31.78459 ], [ 130.966688299999987, 31.7815639 ], [ 130.9611031, 31.7816317 ], [ 130.957430599999981, 31.7829889 ], [ 130.949516099999983, 31.7843086 ], [ 130.9417119, 31.7851108 ], [ 130.93834, 31.7844519 ], [ 130.9363133, 31.7857342 ], [ 130.9314981, 31.7855569 ], [ 130.929544199999981, 31.7863581 ], [ 130.9252831, 31.7912325 ], [ 130.9257581, 31.7942656 ], [ 130.921191099999987, 31.7996736 ], [ 130.9183175, 31.7993136 ], [ 130.9172242, 31.8012281 ], [ 130.917932799999988, 31.8034811 ], [ 130.9150656, 31.8048931 ], [ 130.909386899999987, 31.8007189 ], [ 130.9009508, 31.8010486 ], [ 130.898, 31.8036094 ], [ 130.8949797, 31.803895 ], [ 130.8905111, 31.8064767 ], [ 130.8871361, 31.8068661 ], [ 130.884541899999988, 31.8054269 ], [ 130.881288899999987, 31.8027636 ], [ 130.8801244, 31.7988297 ], [ 130.8820422, 31.7961394 ], [ 130.876583899999986, 31.7905456 ], [ 130.8752706, 31.786685 ], [ 130.8788361, 31.7844858 ], [ 130.879588899999987, 31.7761439 ], [ 130.878655, 31.7727825 ], [ 130.8746836, 31.7689139 ], [ 130.8783981, 31.7670014 ], [ 130.88753029999998, 31.7649164 ], [ 130.8876292, 31.7604781 ], [ 130.889493099999981, 31.7584911 ], [ 130.895824399999981, 31.7556689 ], [ 130.8996047, 31.752805 ], [ 130.898381699999987, 31.7504583 ], [ 130.896024399999988, 31.7502369 ], [ 130.89257, 31.7469089 ], [ 130.8900233, 31.7427078 ], [ 130.8901928, 31.7393444 ], [ 130.8873911, 31.7355361 ], [ 130.8947239, 31.7309533 ], [ 130.8987564, 31.7305061 ], [ 130.9001414, 31.726055 ], [ 130.8988694, 31.7235522 ], [ 130.8988469, 31.71814 ], [ 130.897694199999989, 31.7143428 ], [ 130.8986328, 31.7097372 ], [ 130.9000656, 31.7068275 ], [ 130.8985075, 31.6988397 ], [ 130.9040972, 31.6931661 ], [ 130.90507359999998, 31.6874486 ], [ 130.903508599999981, 31.6784022 ], [ 130.9051986, 31.6768994 ], [ 130.9043814, 31.6741883 ], [ 130.9058578, 31.6713533 ], [ 130.9103178, 31.6678833 ], [ 130.910547799999989, 31.6632075 ], [ 130.9070925, 31.6613522 ], [ 130.902392, 31.6602335 ], [ 130.8999394, 31.6612772 ], [ 130.8820325, 31.6642092 ], [ 130.877645799999982, 31.6658678 ], [ 130.8688417, 31.6655881 ], [ 130.8657483, 31.6531411 ], [ 130.8679797, 31.6513061 ], [ 130.8677114, 31.6490911 ], [ 130.872940299999982, 31.6460981 ], [ 130.877128299999981, 31.6470178 ], [ 130.877827199999984, 31.6410503 ], [ 130.88078059999998, 31.6405122 ], [ 130.882898899999986, 31.6383753 ], [ 130.8834061, 31.6314458 ], [ 130.882005, 31.6287353 ], [ 130.8833186, 31.6221647 ], [ 130.8809, 31.62104 ], [ 130.877116699999988, 31.6223139 ], [ 130.8712425, 31.6232256 ], [ 130.8696803, 31.6241317 ], [ 130.8671608, 31.62120250000001 ], [ 130.8637469, 31.6212211 ], [ 130.8614703, 31.62428 ], [ 130.854853099999985, 31.6164447 ], [ 130.8613914, 31.6130317 ], [ 130.8621086, 31.6108394 ], [ 130.8645419, 31.6104544 ], [ 130.8684867, 31.6077628 ], [ 130.8733789, 31.6065756 ], [ 130.875051899999988, 31.6069981 ], [ 130.884138600000028, 31.6028186 ], [ 130.8874147, 31.5994947 ], [ 130.890258099999983, 31.5987636 ], [ 130.894484399999982, 31.5949742 ], [ 130.8982331, 31.5875558 ], [ 130.8976147, 31.5853069 ], [ 130.9031178, 31.5844769 ], [ 130.904056699999984, 31.5809203 ], [ 130.90613, 31.58036 ], [ 130.9122358, 31.5726339 ], [ 130.913567799999981, 31.5703272 ], [ 130.9196811, 31.5676347 ], [ 130.923836099999988, 31.5668542 ], [ 130.927320300000019, 31.5629517 ], [ 130.928767199999982, 31.5603067 ], [ 130.9268375, 31.5574667 ], [ 130.925973299999981, 31.5534642 ], [ 130.9245703, 31.5518414 ], [ 130.9198419, 31.5503956 ], [ 130.9174697, 31.5466106 ], [ 130.9165528, 31.5436458 ], [ 130.916830299999987, 31.537895 ], [ 130.920081899999985, 31.5352969 ], [ 130.9208136, 31.5295283 ], [ 130.9191553, 31.5228864 ], [ 130.9174253, 31.5214933 ], [ 130.920052199999986, 31.5177708 ], [ 130.919275, 31.515161700000011 ], [ 130.922553099999988, 31.5121108 ], [ 130.9220411, 31.5099453 ], [ 130.919277199999982, 31.5060747 ], [ 130.914981399999988, 31.5021875 ], [ 130.905693899999989, 31.5018736 ], [ 130.9025303, 31.5023433 ], [ 130.9003219, 31.4993164 ], [ 130.9004539, 31.4928003 ], [ 130.9015253, 31.4865603 ], [ 130.903675, 31.4822669 ], [ 130.9077175, 31.4809353 ], [ 130.911324399999984, 31.4738033 ], [ 130.915196399999985, 31.4713519 ], [ 130.9161839, 31.4678975 ], [ 130.9201869, 31.4679542 ], [ 130.923611699999981, 31.4690597 ], [ 130.9284036, 31.4674864 ], [ 130.9324942, 31.4677439 ], [ 130.940169699999984, 31.4664044 ], [ 130.945303599999988, 31.46433 ], [ 130.945494199999985, 31.4621261 ], [ 130.947933100000029, 31.4574756 ], [ 130.949583099999984, 31.4520417 ] ] ] ] } },
{ "type": "Feature", "properties": { "hokenjo": "指宿" }, "geometry": { "type": "MultiPolygon", "coordinates": [ [ [ [ 130.5389683, 31.2947931 ], [ 130.5369867, 31.2910867 ], [ 130.5359181, 31.2867786 ], [ 130.53736330000001, 31.2837242 ], [ 130.5405719, 31.2805033 ], [ 130.5410544, 31.2758233 ], [ 130.5401761, 31.2747142 ], [ 130.5419331, 31.2707764 ], [ 130.5439197, 31.2687025 ], [ 130.5441497, 31.2655319 ], [ 130.5392144, 31.25903 ], [ 130.5400122, 31.2563375 ], [ 130.537914699999988, 31.2528703 ], [ 130.5360375, 31.2454647 ], [ 130.532542799999987, 31.2418364 ], [ 130.5310522, 31.2379869 ], [ 130.5329825, 31.2333647 ], [ 130.5313428, 31.2300597 ], [ 130.5319022, 31.2275867 ], [ 130.53003529999998, 31.2248317 ], [ 130.526145, 31.2216628 ], [ 130.5211481, 31.2188847 ], [ 130.517102199999982, 31.2182731 ], [ 130.510901099999984, 31.2159119 ], [ 130.5085731, 31.2133906 ], [ 130.512144399999983, 31.2074411 ], [ 130.515613300000012, 31.198415 ], [ 130.5082486, 31.1936225 ], [ 130.5096797, 31.1899358 ], [ 130.509676399999989, 31.1827678 ], [ 130.507519699999989, 31.1777828 ], [ 130.5086139, 31.1751047 ], [ 130.5181153, 31.1658575 ], [ 130.5302022, 31.1634333 ], [ 130.5328228, 31.1653386 ], [ 130.536176899999987, 31.1656094 ], [ 130.5401139, 31.1671033 ], [ 130.5445097, 31.1698431 ], [ 130.549870299999981, 31.1743347 ], [ 130.5526778, 31.1747164 ], [ 130.55376, 31.1783352 ], [ 130.5571109, 31.1779936 ], [ 130.5637731, 31.1760897 ], [ 130.5730772, 31.1705478 ], [ 130.5787661, 31.1654569 ], [ 130.5806794, 31.16522 ], [ 130.585776400000015, 31.1606592 ], [ 130.5875781, 31.1578067 ], [ 130.589569399999988, 31.1595319 ], [ 130.590157500000032, 31.1619183 ], [ 130.5927336, 31.1628694 ], [ 130.5923406, 31.1657447 ], [ 130.589585799999981, 31.16594 ], [ 130.5878578, 31.16872 ], [ 130.589365800000024, 31.1737355 ], [ 130.5924365, 31.177184 ], [ 130.5959298, 31.1797478 ], [ 130.601366399999989, 31.1823011 ], [ 130.606056699999982, 31.1831344 ], [ 130.6135528, 31.1831292 ], [ 130.623551099999986, 31.1818808 ], [ 130.626094699999982, 31.1809564 ], [ 130.6303619, 31.1847817 ], [ 130.634768899999983, 31.1850439 ], [ 130.636605, 31.1874728 ], [ 130.6403986, 31.1903994 ], [ 130.6402028, 31.1945511 ], [ 130.6441044, 31.1970975 ], [ 130.644430199999988, 31.2007187 ], [ 130.6458093, 31.2025036 ], [ 130.643932799999988, 31.2062729 ], [ 130.637261199999983, 31.2077897 ], [ 130.634590799999984, 31.2050382 ], [ 130.634070799999989, 31.2004257 ], [ 130.6298653, 31.2017611 ], [ 130.6281809, 31.2037382 ], [ 130.628443399999981, 31.206749 ], [ 130.6308545, 31.2082344 ], [ 130.6295993, 31.2106914 ], [ 130.634320299999985, 31.2140506 ], [ 130.640958899999987, 31.21692 ], [ 130.645817599999987, 31.2160798 ], [ 130.6504564, 31.2175073 ], [ 130.654653599999989, 31.217163 ], [ 130.6578142, 31.220395 ], [ 130.6564894, 31.2242192 ], [ 130.654572, 31.2257471 ], [ 130.6502591, 31.2335656 ], [ 130.649374, 31.2364094 ], [ 130.650003199999986, 31.2446631 ], [ 130.6530026, 31.2470499 ], [ 130.653701899999987, 31.2501867 ], [ 130.6564093, 31.2534719 ], [ 130.6570734, 31.2563974 ], [ 130.662299300000029, 31.2614634 ], [ 130.66655, 31.2668438 ], [ 130.6598014, 31.2667273 ], [ 130.6581672, 31.2680039 ], [ 130.658861699999989, 31.271041 ], [ 130.6464317, 31.2713531 ], [ 130.6433519, 31.2709647 ], [ 130.6353781, 31.2717598 ], [ 130.6279087, 31.2734859 ], [ 130.6243388, 31.2756926 ], [ 130.62117809999998, 31.2766263 ], [ 130.614853899999986, 31.2851432 ], [ 130.6078569, 31.2912747 ], [ 130.6070981, 31.2934212 ], [ 130.6032787, 31.2950195 ], [ 130.602669, 31.2936488 ], [ 130.5992635, 31.2925039 ], [ 130.594317599999982, 31.2952562 ], [ 130.590148299999981, 31.3015796 ], [ 130.5908412, 31.3027827 ], [ 130.584170299999982, 31.3043637 ], [ 130.5814575, 31.3026722 ], [ 130.578332499999988, 31.3020586 ], [ 130.5754969, 31.2997583 ], [ 130.5730092, 31.2991633 ], [ 130.5714203, 31.2969728 ], [ 130.5682133, 31.2978369 ], [ 130.5628664, 31.2974164 ], [ 130.561923299999989, 31.2956219 ], [ 130.5586414, 31.2958956 ], [ 130.5455542, 31.293305 ], [ 130.5419147, 31.2947106 ], [ 130.5389683, 31.2947931 ] ] ], [ [ [ 130.6774572, 31.2805175 ], [ 130.672633599999983, 31.2780808 ], [ 130.672358299999985, 31.2752467 ], [ 130.6739531, 31.2729183 ], [ 130.6773589, 31.27256890000001 ], [ 130.6814339, 31.2756808 ], [ 130.6818211, 31.2775467 ], [ 130.6774572, 31.2805175 ] ] ] ] } },
{ "type": "Feature", "properties": { "hokenjo": "鹿屋" }, "geometry": { "type": "MultiPolygon", "coordinates": [ [ [ [ 130.8987678, 31.1096978 ], [ 130.9011328, 31.1131531 ], [ 130.9047578, 31.1134447 ], [ 130.910746099999983, 31.1124697 ], [ 130.9159058, 31.1134528 ], [ 130.918485, 31.11668 ], [ 130.9203403, 31.1212392 ], [ 130.919143099999985, 31.1234397 ], [ 130.9216614, 31.1251842 ], [ 130.9287247, 31.1234242 ], [ 130.9297944, 31.1250581 ], [ 130.93562559999998, 31.1256525 ], [ 130.9397606, 31.1274478 ], [ 130.947509699999983, 31.1327592 ], [ 130.950553899999989, 31.1330256 ], [ 130.9627122, 31.1383711 ], [ 130.9652136, 31.1413947 ], [ 130.9690411, 31.1426675 ], [ 130.9745819, 31.14661 ], [ 130.9754575, 31.1487397 ], [ 130.9791994, 31.1519067 ], [ 130.978667799999982, 31.1571606 ], [ 130.9716139, 31.1601647 ], [ 130.9725842, 31.1665064 ], [ 130.9777336, 31.1688703 ], [ 130.9822886, 31.1685083 ], [ 130.9882389, 31.1691272 ], [ 130.993359199999986, 31.1687111 ], [ 130.995097499999986, 31.1708206 ], [ 130.9913536, 31.1727358 ], [ 130.9874658, 31.1731311 ], [ 130.9874261, 31.1761725 ], [ 130.9850583, 31.1786003 ], [ 130.9860722, 31.1811958 ], [ 130.9885497, 31.1817417 ], [ 130.9923872, 31.1848436 ], [ 130.9965675, 31.1855286 ], [ 130.9986528, 31.1880425 ], [ 131.0006522, 31.1875469 ], [ 131.0032833, 31.1897989 ], [ 131.0023592, 31.19357 ], [ 131.0050564, 31.19721 ], [ 131.0043378, 31.1984356 ], [ 131.008049699999987, 31.2021006 ], [ 131.009893299999987, 31.2049736 ], [ 131.008513599999986, 31.2081675 ], [ 131.0099042, 31.2107872 ], [ 131.0064831, 31.2147928 ], [ 131.0067783, 31.2171028 ], [ 131.009231699999987, 31.2203028 ], [ 131.017525799999987, 31.228145 ], [ 131.02825439999998, 31.2279128 ], [ 131.035842799999983, 31.2260397 ], [ 131.0420719, 31.2283369 ], [ 131.0429375, 31.2272208 ], [ 131.0499819, 31.2246906 ], [ 131.0523575, 31.2261461 ], [ 131.0628131, 31.2269386 ], [ 131.0664519, 31.2279206 ], [ 131.068216899999982, 31.2302053 ], [ 131.0724756, 31.2335992 ], [ 131.0770636, 31.2384422 ], [ 131.0763494, 31.239865 ], [ 131.0800336, 31.2446942 ], [ 131.084396699999985, 31.2453339 ], [ 131.0837531, 31.2469767 ], [ 131.086349399999989, 31.2497069 ], [ 131.09597, 31.2538911 ], [ 131.099581699999987, 31.2574242 ], [ 131.1080892, 31.2594594 ], [ 131.110519399999987, 31.2628483 ], [ 131.110998099999989, 31.2657461 ], [ 131.113025, 31.2675842 ], [ 131.1159208, 31.2679447 ], [ 131.11840669999998, 31.2711464 ], [ 131.1220375, 31.271025 ], [ 131.126146399999982, 31.2747678 ], [ 131.1296944, 31.2768947 ], [ 131.131664699999988, 31.2800511 ], [ 131.1301753, 31.2847556 ], [ 131.1268344, 31.2863253 ], [ 131.121544699999987, 31.2866506 ], [ 131.1204147, 31.2821189 ], [ 131.1172503, 31.2797319 ], [ 131.1123097, 31.2787086 ], [ 131.1108792, 31.2768608 ], [ 131.1071964, 31.2756453 ], [ 131.103330299999982, 31.2774039 ], [ 131.1014817, 31.2768011 ], [ 131.097471399999989, 31.2774778 ], [ 131.0955592, 31.2791439 ], [ 131.091971699999988, 31.2790661 ], [ 131.088482199999987, 31.2760322 ], [ 131.08451, 31.2764935 ], [ 131.0835725, 31.2747334 ], [ 131.076169, 31.279812 ], [ 131.0739079, 31.2846665 ], [ 131.073489699999982, 31.2914868 ], [ 131.08431, 31.2955861 ], [ 131.0864369, 31.2972278 ], [ 131.090912799999984, 31.3052353 ], [ 131.0968811, 31.3070869 ], [ 131.1009853, 31.3110686 ], [ 131.10435529999998, 31.3128542 ], [ 131.107344399999988, 31.3157036 ], [ 131.102879699999988, 31.3180606 ], [ 131.105449199999981, 31.323195 ], [ 131.1036464, 31.3262831 ], [ 131.104638599999987, 31.3279119 ], [ 131.1088872, 31.3301742 ], [ 131.1061006, 31.3332219 ], [ 131.1032772, 31.3338192 ], [ 131.099230799999987, 31.3322403 ], [ 131.0948042, 31.3344119 ], [ 131.0899444, 31.3348769 ], [ 131.0862797, 31.3366653 ], [ 131.0826772, 31.3364719 ], [ 131.0775933, 31.3384419 ], [ 131.075405599999982, 31.3405453 ], [ 131.067967399999986, 31.3404088 ], [ 131.06721330000002, 31.3413389 ], [ 131.0621942, 31.3413917 ], [ 131.058326699999981, 31.3437981 ], [ 131.0516857, 31.3456767 ], [ 131.0478885, 31.3486463 ], [ 131.044723399999981, 31.348845 ], [ 131.036939200000035, 31.3517782 ], [ 131.033114, 31.3517022 ], [ 131.0291492, 31.3533397 ], [ 131.023291400000033, 31.3543594 ], [ 131.0169914, 31.357069 ], [ 131.0157419, 31.3588269 ], [ 131.0146653, 31.3606926 ], [ 131.015657799999985, 31.3639631 ], [ 131.014815, 31.3652006 ], [ 131.015760799999981, 31.3757372 ], [ 131.0170675, 31.3832672 ], [ 131.0191817, 31.3907525 ], [ 131.021179099999983, 31.3948121 ], [ 131.011567499999984, 31.3966867 ], [ 131.009275299999985, 31.3966981 ], [ 131.003737199999989, 31.3993133 ], [ 130.9974389, 31.3987892 ], [ 130.9839256, 31.3967961 ], [ 130.9799625, 31.4015933 ], [ 130.974903899999987, 31.4052567 ], [ 130.965199399999989, 31.4099519 ], [ 130.9646897, 31.412985 ], [ 130.9616944, 31.4184267 ], [ 130.9616939, 31.4230264 ], [ 130.960285, 31.42901 ], [ 130.959593899999987, 31.4357586 ], [ 130.9565139, 31.4378481 ], [ 130.953257799999989, 31.4454408 ], [ 130.949583099999984, 31.4520417 ], [ 130.947933100000029, 31.4574756 ], [ 130.945494199999985, 31.4621261 ], [ 130.945303599999988, 31.46433 ], [ 130.940169699999984, 31.4664044 ], [ 130.9324942, 31.4677439 ], [ 130.9284036, 31.4674864 ], [ 130.923611699999981, 31.4690597 ], [ 130.9201869, 31.4679542 ], [ 130.9161839, 31.4678975 ], [ 130.915196399999985, 31.4713519 ], [ 130.911324399999984, 31.4738033 ], [ 130.9077175, 31.4809353 ], [ 130.903675, 31.4822669 ], [ 130.9015253, 31.4865603 ], [ 130.9004539, 31.4928003 ], [ 130.9003219, 31.4993164 ], [ 130.9025303, 31.5023433 ], [ 130.905693899999989, 31.5018736 ], [ 130.914981399999988, 31.5021875 ], [ 130.919277199999982, 31.5060747 ], [ 130.9220411, 31.5099453 ], [ 130.922553099999988, 31.5121108 ], [ 130.919275, 31.515161700000011 ], [ 130.920052199999986, 31.5177708 ], [ 130.9174253, 31.5214933 ], [ 130.9191553, 31.5228864 ], [ 130.9208136, 31.5295283 ], [ 130.920081899999985, 31.5352969 ], [ 130.916830299999987, 31.537895 ], [ 130.9165528, 31.5436458 ], [ 130.9174697, 31.5466106 ], [ 130.9198419, 31.5503956 ], [ 130.9245703, 31.5518414 ], [ 130.925973299999981, 31.5534642 ], [ 130.9268375, 31.5574667 ], [ 130.928767199999982, 31.5603067 ], [ 130.927320300000019, 31.5629517 ], [ 130.923836099999988, 31.5668542 ], [ 130.9196811, 31.5676347 ], [ 130.913567799999981, 31.5703272 ], [ 130.9122358, 31.5726339 ], [ 130.90613, 31.58036 ], [ 130.904056699999984, 31.5809203 ], [ 130.9031178, 31.5844769 ], [ 130.8976147, 31.5853069 ], [ 130.8982331, 31.5875558 ], [ 130.894484399999982, 31.5949742 ], [ 130.890258099999983, 31.5987636 ], [ 130.8874147, 31.5994947 ], [ 130.884138600000028, 31.6028186 ], [ 130.875051899999988, 31.6069981 ], [ 130.8733789, 31.6065756 ], [ 130.8684867, 31.6077628 ], [ 130.8645419, 31.6104544 ], [ 130.8621086, 31.6108394 ], [ 130.8613914, 31.6130317 ], [ 130.854853099999985, 31.6164447 ], [ 130.8514856, 31.6156606 ], [ 130.846889399999981, 31.6126361 ], [ 130.847296699999987, 31.6089625 ], [ 130.8355592, 31.6075664 ], [ 130.829818599999982, 31.6060542 ], [ 130.8256906, 31.6063794 ], [ 130.8234406, 31.6047603 ], [ 130.82159249999998, 31.6079739 ], [ 130.8134278, 31.6088792 ], [ 130.8139847, 31.6113183 ], [ 130.8122344, 31.6143881 ], [ 130.8093558, 31.6161583 ], [ 130.8090058, 31.6180725 ], [ 130.814905, 31.6183372 ], [ 130.8145922, 31.6256533 ], [ 130.8127131, 31.6272981 ], [ 130.8088903, 31.6286947 ], [ 130.8064381, 31.6305925 ], [ 130.801057, 31.6319341 ], [ 130.8, 31.6284132 ], [ 130.797018899999983, 31.6236714 ], [ 130.795675599999981, 31.6180592 ], [ 130.796008299999983, 31.6130808 ], [ 130.791666099999986, 31.6069247 ], [ 130.7872989, 31.6042661 ], [ 130.7868899, 31.6006211 ], [ 130.7875133, 31.5955861 ], [ 130.7868911, 31.5931231 ], [ 130.787792199999984, 31.5892836 ], [ 130.787483899999984, 31.585976100000011 ], [ 130.7831567, 31.582295 ], [ 130.782001399999984, 31.5791922 ], [ 130.7798872, 31.5772528 ], [ 130.777292499999987, 31.5727381 ], [ 130.768231899999989, 31.5674281 ], [ 130.7669553, 31.5635586 ], [ 130.761948099999984, 31.5613178 ], [ 130.7584162, 31.5606226 ], [ 130.75218, 31.5583397 ], [ 130.746127199999989, 31.5591083 ], [ 130.7419825, 31.5585308 ], [ 130.7348508, 31.5586539 ], [ 130.7328192, 31.5575264 ], [ 130.7254744, 31.5572974 ], [ 130.719427699999983, 31.5582746 ], [ 130.71524, 31.5570789 ], [ 130.7093491, 31.5579545 ], [ 130.706876699999981, 31.5572792 ], [ 130.7011364, 31.5568211 ], [ 130.6983132, 31.5556993 ], [ 130.7015367, 31.5505328 ], [ 130.704087, 31.5483153 ], [ 130.7070119, 31.5412028 ], [ 130.7065962, 31.5320766 ], [ 130.7024753, 31.5293393 ], [ 130.6981673, 31.529922 ], [ 130.6989576, 31.5254837 ], [ 130.6975157, 31.5159974 ], [ 130.6959216, 31.5134798 ], [ 130.6951678, 31.509926 ], [ 130.6964366, 31.5073729 ], [ 130.698013799999984, 31.5007738 ], [ 130.696505799999983, 31.4945612 ], [ 130.691169299999984, 31.4891979 ], [ 130.692829099999983, 31.4879458 ], [ 130.6914084, 31.4850049 ], [ 130.6915491, 31.478431 ], [ 130.6957756, 31.4778437 ], [ 130.696855299999982, 31.4687242 ], [ 130.6993272, 31.4617286 ], [ 130.706262, 31.4582099 ], [ 130.716320599999989, 31.456425 ], [ 130.7294425, 31.452 ], [ 130.7316186, 31.4508044 ], [ 130.7353702, 31.4471336 ], [ 130.7369764, 31.4425797 ], [ 130.7443264, 31.4373875 ], [ 130.752008099999983, 31.4278539 ], [ 130.75537749999998, 31.4259036 ], [ 130.7573894, 31.4223692 ], [ 130.760260099999982, 31.4140466 ], [ 130.761172599999981, 31.4117586 ], [ 130.765678900000012, 31.4076479 ], [ 130.768392799999987, 31.4018737 ], [ 130.76799, 31.3996443 ], [ 130.7710864, 31.3930125 ], [ 130.770597399999986, 31.388784 ], [ 130.774136400000032, 31.3873627 ], [ 130.77659509999998, 31.3849321 ], [ 130.778256299999981, 31.3795465 ], [ 130.7801829, 31.3778588 ], [ 130.781091799999984, 31.3748585 ], [ 130.779124599999989, 31.3732098 ], [ 130.7820314, 31.3676216 ], [ 130.7847389, 31.3655687 ], [ 130.784917899999982, 31.362917899999989 ], [ 130.7898696, 31.3606504 ], [ 130.7915711, 31.357746 ], [ 130.791422499999982, 31.35403830000001 ], [ 130.793718899999988, 31.34920790000001 ], [ 130.7918613, 31.347227 ], [ 130.7977548, 31.3437051 ], [ 130.8029262, 31.3369161 ], [ 130.8035092, 31.3325491 ], [ 130.801976199999984, 31.3271652 ], [ 130.800053099999985, 31.3266326 ], [ 130.800005199999987, 31.3221535 ], [ 130.796264799999989, 31.31845 ], [ 130.7946239, 31.3153845 ], [ 130.795877, 31.3135696 ], [ 130.7952618, 31.3110421 ], [ 130.7911163, 31.3071041 ], [ 130.7903634, 31.3054449 ], [ 130.7919267, 31.2998573 ], [ 130.7917828, 31.2961577 ], [ 130.7930313, 31.2957125 ], [ 130.794968899999986, 31.2949443 ], [ 130.7957764, 31.2916667 ], [ 130.794612199999989, 31.2875986 ], [ 130.794935399999986, 31.2851039 ], [ 130.79233, 31.2830131 ], [ 130.7919187, 31.2792941 ], [ 130.793067899999983, 31.2780245 ], [ 130.79088, 31.2726912 ], [ 130.7911822, 31.2697686 ], [ 130.789275299999986, 31.2665863 ], [ 130.7882999, 31.2607201 ], [ 130.7873849, 31.2594271 ], [ 130.788781699999987, 31.255041499999987 ], [ 130.7902632, 31.2538979 ], [ 130.7881169, 31.2486917 ], [ 130.784460199999984, 31.2458357 ], [ 130.7728831, 31.238681 ], [ 130.7723819, 31.2354337 ], [ 130.768830899999983, 31.2303951 ], [ 130.7688671, 31.2271834 ], [ 130.7676797, 31.2253108 ], [ 130.761087, 31.216914 ], [ 130.7568895, 31.2154911 ], [ 130.7561589, 31.2135003 ], [ 130.7536742, 31.2119525 ], [ 130.754669399999983, 31.2066286 ], [ 130.7532067, 31.2032142 ], [ 130.7572783, 31.1965336 ], [ 130.7621953, 31.1932457 ], [ 130.766433899999981, 31.1852203 ], [ 130.766761699999989, 31.180615 ], [ 130.765627500000022, 31.1778358 ], [ 130.7622772, 31.1741706 ], [ 130.76099, 31.1706814 ], [ 130.758705, 31.1675544 ], [ 130.75871859999998, 31.1644758 ], [ 130.7565367, 31.1612403 ], [ 130.7557214, 31.1560997 ], [ 130.754132199999987, 31.1542467 ], [ 130.753725799999984, 31.15104 ], [ 130.7474619, 31.139305 ], [ 130.7441236, 31.1314486 ], [ 130.741342799999984, 31.1302533 ], [ 130.7370247, 31.1247828 ], [ 130.7349836, 31.1204067 ], [ 130.7333183, 31.1198269 ], [ 130.730995, 31.1168106 ], [ 130.728103799999985, 31.116749 ], [ 130.722648099999986, 31.1147578 ], [ 130.7165733, 31.1153917 ], [ 130.7140833, 31.1148831 ], [ 130.701943100000022, 31.1020769 ], [ 130.6986011, 31.0994206 ], [ 130.6944111, 31.0987219 ], [ 130.6915922, 31.0957397 ], [ 130.6877231, 31.0970422 ], [ 130.6853122, 31.0950861 ], [ 130.6863931, 31.0932033 ], [ 130.6856639, 31.0907964 ], [ 130.682785599999988, 31.0889236 ], [ 130.6753803, 31.0872361 ], [ 130.6723628, 31.0871292 ], [ 130.6678825, 31.0852425 ], [ 130.661852499999981, 31.0782986 ], [ 130.6584983, 31.0759536 ], [ 130.657631399999985, 31.0738214 ], [ 130.6532081, 31.0704456 ], [ 130.6540469, 31.0695281 ], [ 130.6580375, 31.0713539 ], [ 130.6693367, 31.0684561 ], [ 130.674165599999981, 31.0654242 ], [ 130.6746575, 31.0628106 ], [ 130.6781272, 31.0615769 ], [ 130.676164199999988, 31.0578222 ], [ 130.6735233, 31.0565153 ], [ 130.677142799999984, 31.0523947 ], [ 130.675657199999989, 31.0508658 ], [ 130.6747292, 31.0445164 ], [ 130.676875599999988, 31.0427489 ], [ 130.6768772, 31.0340514 ], [ 130.6755111, 31.0308742 ], [ 130.6711669, 31.0261989 ], [ 130.67215969999998, 31.0243969 ], [ 130.6683722, 31.0227331 ], [ 130.6677225, 31.0193514 ], [ 130.6634264, 31.0152256 ], [ 130.6649275, 31.0117506 ], [ 130.6624822, 31.0106253 ], [ 130.6607008, 31.0082042 ], [ 130.6566942, 31.0069367 ], [ 130.6563247, 31.00321 ], [ 130.6601661, 30.9952531 ], [ 130.661933600000026, 30.9977531 ], [ 130.66658529999998, 30.9972186 ], [ 130.6677694, 31.0024722 ], [ 130.6665256, 31.0047158 ], [ 130.668383899999981, 31.008465 ], [ 130.673239699999982, 31.0094236 ], [ 130.6773364, 31.0078958 ], [ 130.678973899999988, 31.0056219 ], [ 130.6828619, 31.0038714 ], [ 130.6848167, 31.0073089 ], [ 130.684306099999986, 31.0090058 ], [ 130.688528599999984, 31.0145958 ], [ 130.6878872, 31.01729 ], [ 130.6857053, 31.0210703 ], [ 130.6835331, 31.0211669 ], [ 130.6838472, 31.0251131 ], [ 130.685549899999984, 31.0260544 ], [ 130.6890486, 31.0254283 ], [ 130.6890632, 31.0234781 ], [ 130.69217279999998, 31.0225008 ], [ 130.6972056, 31.0232181 ], [ 130.6997107, 31.0282981 ], [ 130.7039053, 31.0277614 ], [ 130.706348599999984, 31.0292364 ], [ 130.7072353, 31.0313444 ], [ 130.7106619, 31.0311319 ], [ 130.7145969, 31.0290792 ], [ 130.718579399999982, 31.0317675 ], [ 130.718765, 31.0334858 ], [ 130.7145411, 31.0363214 ], [ 130.716456099999988, 31.0376825 ], [ 130.7158183, 31.0423006 ], [ 130.71929, 31.0459711 ], [ 130.7210842, 31.0447019 ], [ 130.7266036, 31.0457894 ], [ 130.7374125, 31.0512519 ], [ 130.7432203, 31.0525011 ], [ 130.7425711, 31.0549714 ], [ 130.7447636, 31.0592777 ], [ 130.7477954, 31.060916 ], [ 130.7517589, 31.0614342 ], [ 130.7548722, 31.0597714 ], [ 130.7548133, 31.0576942 ], [ 130.7585383, 31.0570822 ], [ 130.760667800000022, 31.0589253 ], [ 130.76247859999998, 31.0622294 ], [ 130.7673086, 31.0659219 ], [ 130.7730611, 31.0670608 ], [ 130.7779308, 31.0660631 ], [ 130.78269, 31.0691353 ], [ 130.783375299999989, 31.0714697 ], [ 130.789919699999984, 31.0742206 ], [ 130.7922953, 31.0742036 ], [ 130.7924936, 31.0788772 ], [ 130.7943611, 31.0817278 ], [ 130.797143299999988, 31.0819978 ], [ 130.797988299999986, 31.0837617 ], [ 130.8021525, 31.0840278 ], [ 130.8067681, 31.0809061 ], [ 130.8068, 31.0837742 ], [ 130.8082469, 31.0872625 ], [ 130.812887499999988, 31.08919890000001 ], [ 130.815025599999984, 31.0880736 ], [ 130.819448599999987, 31.0892419 ], [ 130.8217919, 31.0873631 ], [ 130.8284277, 31.089957 ], [ 130.827486099999987, 31.0913814 ], [ 130.8304622, 31.09378 ], [ 130.83372, 31.0934083 ], [ 130.8368642, 31.0915414 ], [ 130.844788100000017, 31.0897433 ], [ 130.8510358, 31.0904486 ], [ 130.8530647, 31.0920419 ], [ 130.855634399999985, 31.0916697 ], [ 130.8587236, 31.0936033 ], [ 130.8616094, 31.0933189 ], [ 130.8659025, 31.095255 ], [ 130.8738464, 31.0950086 ], [ 130.8772889, 31.0988253 ], [ 130.8836794, 31.1029569 ], [ 130.888845, 31.1057592 ], [ 130.8925275, 31.1069817 ], [ 130.8943711, 31.1086822 ], [ 130.8987678, 31.1096978 ] ] ], [ [ [ 131.035387499999985, 31.3678894 ], [ 131.0346956, 31.3750956 ], [ 131.032427499999983, 31.3777953 ], [ 131.02242, 31.3770183 ], [ 131.0223508, 31.3720619 ], [ 131.0207869, 31.3695033 ], [ 131.0204094, 31.3645628 ], [ 131.0253572, 31.3632403 ], [ 131.0328992, 31.3638239 ], [ 131.0356447, 31.3645042 ], [ 131.035387499999985, 31.3678894 ] ] ] ] } },
{ "type": "Feature", "properties": { "hokenjo": "鹿児島市" }, "geometry": { "type": "MultiPolygon", "coordinates": [ [ [ [ 130.6125927, 31.6696772 ], [ 130.6112717, 31.6728856 ], [ 130.6049381, 31.6737167 ], [ 130.6024653, 31.6771083 ], [ 130.598903299999989, 31.6778128 ], [ 130.5995969, 31.6823961 ], [ 130.6015406, 31.6853 ], [ 130.5989089, 31.68996 ], [ 130.593030299999981, 31.6914456 ], [ 130.5920308, 31.6931217 ], [ 130.5873033, 31.6941156 ], [ 130.584623599999986, 31.6964697 ], [ 130.5800386, 31.6971606 ], [ 130.57775, 31.7009403 ], [ 130.5761081, 31.7009978 ], [ 130.5701819, 31.7039358 ], [ 130.5682464, 31.7068872 ], [ 130.5652881, 31.7083839 ], [ 130.5650833, 31.7124108 ], [ 130.56382, 31.7142114 ], [ 130.5629825, 31.7187722 ], [ 130.566817499999985, 31.7184408 ], [ 130.5726211, 31.7212133 ], [ 130.5735019, 31.7249622 ], [ 130.5722553, 31.7268494 ], [ 130.577947500000022, 31.7292875 ], [ 130.581909199999984, 31.72983 ], [ 130.583718299999987, 31.7276956 ], [ 130.5860497, 31.7279103 ], [ 130.5868342, 31.7305689 ], [ 130.5851283, 31.7312761 ], [ 130.5834686, 31.7371103 ], [ 130.5849419, 31.7401742 ], [ 130.582819699999988, 31.7421897 ], [ 130.5770303, 31.7436703 ], [ 130.574416899999989, 31.7469894 ], [ 130.56642, 31.7469622 ], [ 130.563614699999988, 31.7491919 ], [ 130.560154399999988, 31.7484031 ], [ 130.5563606, 31.7498183 ], [ 130.5521642, 31.7494356 ], [ 130.549872199999982, 31.7512569 ], [ 130.5468603, 31.7495483 ], [ 130.5399392, 31.75238640000001 ], [ 130.5380975, 31.7513658 ], [ 130.530851700000028, 31.7521392 ], [ 130.5265489, 31.7495431 ], [ 130.5234936, 31.7490894 ], [ 130.5203114, 31.7459644 ], [ 130.5170092, 31.7466786 ], [ 130.514840599999985, 31.7456072 ], [ 130.5081889, 31.7456231 ], [ 130.501506899999981, 31.7441822 ], [ 130.500531099999989, 31.7404403 ], [ 130.5017331, 31.7347347 ], [ 130.5060911, 31.7294431 ], [ 130.5005897, 31.7262133 ], [ 130.4982608, 31.7230069 ], [ 130.4962611, 31.7246211 ], [ 130.4929072, 31.7253367 ], [ 130.4890069, 31.7235103 ], [ 130.4859064, 31.7273203 ], [ 130.4833731, 31.7287872 ], [ 130.4801544, 31.7279056 ], [ 130.476135299999981, 31.72803 ], [ 130.4738161, 31.7301419 ], [ 130.4694361, 31.7292619 ], [ 130.4623056, 31.7345686 ], [ 130.454825799999981, 31.736455 ], [ 130.448281700000024, 31.7344022 ], [ 130.445132199999989, 31.7320303 ], [ 130.4370492, 31.732975 ], [ 130.43287060000003, 31.7323769 ], [ 130.4311947, 31.7302147 ], [ 130.4282378, 31.7288292 ], [ 130.426940799999983, 31.7263656 ], [ 130.4250108, 31.7257786 ], [ 130.4206078, 31.7189328 ], [ 130.41503, 31.7181572 ], [ 130.413263299999983, 31.7169947 ], [ 130.4139519, 31.7125206 ], [ 130.4200931, 31.7105664 ], [ 130.4193914, 31.7037869 ], [ 130.4229075, 31.7001292 ], [ 130.426013899999987, 31.6986428 ], [ 130.427823599999982, 31.6996028 ], [ 130.43494579999998, 31.6968594 ], [ 130.4362228, 31.6935817 ], [ 130.4357178, 31.6910964 ], [ 130.4372228, 31.6856825 ], [ 130.437172800000013, 31.6807883 ], [ 130.442036699999989, 31.6811233 ], [ 130.4417903, 31.6748683 ], [ 130.442771099999987, 31.6734764 ], [ 130.4423531, 31.6701439 ], [ 130.439521899999988, 31.6638214 ], [ 130.439948099999981, 31.6601469 ], [ 130.4419169, 31.6578314 ], [ 130.4422806, 31.6552033 ], [ 130.4479025, 31.6572139 ], [ 130.451495, 31.6551144 ], [ 130.455531399999984, 31.6544033 ], [ 130.4585392, 31.6547678 ], [ 130.460338299999989, 31.6506986 ], [ 130.464290799999986, 31.6455378 ], [ 130.4657042, 31.6395764 ], [ 130.47095969999998, 31.6361919 ], [ 130.46893559999998, 31.6323153 ], [ 130.4674867, 31.6272325 ], [ 130.46448, 31.6293781 ], [ 130.4598067, 31.6306972 ], [ 130.4526392, 31.62911 ], [ 130.444235, 31.6304367 ], [ 130.441949199999982, 31.6297775 ], [ 130.4375436, 31.6307314 ], [ 130.436599199999989, 31.6259722 ], [ 130.4319764, 31.6251539 ], [ 130.4285006, 31.6236214 ], [ 130.424288099999984, 31.6230011 ], [ 130.4226533, 31.6215844 ], [ 130.421402199999989, 31.6170594 ], [ 130.4276597, 31.6100389 ], [ 130.428240599999981, 31.6053294 ], [ 130.4251425, 31.605265 ], [ 130.424888900000013, 31.6023781 ], [ 130.4177506, 31.5999414 ], [ 130.4149778, 31.5997653 ], [ 130.4140697, 31.5943731 ], [ 130.4069053, 31.5964128 ], [ 130.4017797, 31.5969553 ], [ 130.400817499999988, 31.5948533 ], [ 130.3970722, 31.5919647 ], [ 130.3964078, 31.5901558 ], [ 130.3911636, 31.5868181 ], [ 130.387858599999987, 31.5822906 ], [ 130.3898897, 31.5803514 ], [ 130.390406399999989, 31.57592 ], [ 130.3924903, 31.5734569 ], [ 130.395451899999983, 31.5717528 ], [ 130.398919400000011, 31.5678744 ], [ 130.402429399999988, 31.5669531 ], [ 130.4036744, 31.5646086 ], [ 130.4113744, 31.5646867 ], [ 130.412613599999986, 31.5629422 ], [ 130.4124864, 31.5587542 ], [ 130.4154464, 31.5598417 ], [ 130.4180067, 31.5582225 ], [ 130.4200606, 31.5549694 ], [ 130.4202539, 31.5515856 ], [ 130.418983300000036, 31.5480628 ], [ 130.421494699999982, 31.54659250000001 ], [ 130.424145, 31.5465506 ], [ 130.425016699999986, 31.5422636 ], [ 130.4272072, 31.5423708 ], [ 130.428385, 31.5389894 ], [ 130.434901699999983, 31.5389125 ], [ 130.4387439, 31.5367889 ], [ 130.446882499999987, 31.5300878 ], [ 130.448338299999989, 31.5263603 ], [ 130.446318599999984, 31.5233222 ], [ 130.446848099999983, 31.5196583 ], [ 130.4493297, 31.5170744 ], [ 130.4467961, 31.5148556 ], [ 130.446352499999989, 31.5121808 ], [ 130.448381399999988, 31.50981 ], [ 130.4402408, 31.5022894 ], [ 130.4328078, 31.4965033 ], [ 130.4348867, 31.4926014 ], [ 130.437502199999983, 31.4897883 ], [ 130.4404347, 31.4894683 ], [ 130.4433939, 31.4837 ], [ 130.4451867, 31.4831228 ], [ 130.4459186, 31.4757725 ], [ 130.448345599999982, 31.4730314 ], [ 130.448106699999983, 31.47161 ], [ 130.4514536, 31.467305 ], [ 130.4568578, 31.4657317 ], [ 130.4578483, 31.4623289 ], [ 130.4641856, 31.4632547 ], [ 130.4664339, 31.4619928 ], [ 130.4695467, 31.4621794 ], [ 130.4692417, 31.4593997 ], [ 130.472371399999986, 31.4581278 ], [ 130.4839397, 31.4603103 ], [ 130.482666699999982, 31.4561239 ], [ 130.48367, 31.4509669 ], [ 130.4862464, 31.4457342 ], [ 130.4836944, 31.4382058 ], [ 130.485400299999981, 31.4329003 ], [ 130.4855531, 31.4295425 ], [ 130.4868011, 31.4285214 ], [ 130.487972499999984, 31.4232639 ], [ 130.4906344, 31.4194978 ], [ 130.4935122, 31.4196592 ], [ 130.495981100000023, 31.4179244 ], [ 130.4972608, 31.4155442 ], [ 130.4967739, 31.4125069 ], [ 130.5024314, 31.40722 ], [ 130.5024569, 31.4055833 ], [ 130.5073361, 31.4046583 ], [ 130.5085269, 31.4024856 ], [ 130.5071625, 31.3980664 ], [ 130.5102053, 31.395275 ], [ 130.510514699999987, 31.3925719 ], [ 130.50678, 31.3842522 ], [ 130.5074086, 31.3811792 ], [ 130.5057444, 31.3782336 ], [ 130.5074397, 31.3714644 ], [ 130.505683299999987, 31.3682119 ], [ 130.505327199999982, 31.3648053 ], [ 130.502804699999984, 31.3644408 ], [ 130.497734399999985, 31.3606347 ], [ 130.4965875, 31.36062780000001 ], [ 130.4903775, 31.3504583 ], [ 130.4898139, 31.3474031 ], [ 130.4915436, 31.3432153 ], [ 130.4944256, 31.3392097 ], [ 130.4970447, 31.3381697 ], [ 130.5002394, 31.3386436 ], [ 130.5017614, 31.3369883 ], [ 130.501012799999984, 31.3337086 ], [ 130.505417199999982, 31.3309411 ], [ 130.508427499999982, 31.3300303 ], [ 130.5162094, 31.3316378 ], [ 130.5180483, 31.3313369 ], [ 130.5215839, 31.3277511 ], [ 130.5225319, 31.3237917 ], [ 130.5280056, 31.32245 ], [ 130.528475, 31.3163461 ], [ 130.5274406, 31.3143633 ], [ 130.5280567, 31.3111078 ], [ 130.5321964, 31.3078611 ], [ 130.5367061, 31.30089 ], [ 130.5396706, 31.2978114 ], [ 130.5389683, 31.2947931 ], [ 130.5419147, 31.2947106 ], [ 130.5455542, 31.293305 ], [ 130.5586414, 31.2958956 ], [ 130.561923299999989, 31.2956219 ], [ 130.5628664, 31.2974164 ], [ 130.5682133, 31.2978369 ], [ 130.5714203, 31.2969728 ], [ 130.5730092, 31.2991633 ], [ 130.5754969, 31.2997583 ], [ 130.578332499999988, 31.3020586 ], [ 130.5814575, 31.3026722 ], [ 130.584170299999982, 31.3043637 ], [ 130.575377, 31.30961 ], [ 130.5705279, 31.314537 ], [ 130.564673299999981, 31.322495 ], [ 130.558915399999989, 31.3394327 ], [ 130.557155199999983, 31.3471929 ], [ 130.554345499999982, 31.3515739 ], [ 130.547317, 31.3697184 ], [ 130.546108799999985, 31.3745617 ], [ 130.5490513, 31.3768155 ], [ 130.5480811, 31.3796851 ], [ 130.5580819, 31.3854503 ], [ 130.5582272, 31.3860856 ], [ 130.550079399999987, 31.3964615 ], [ 130.5493492, 31.3965709 ], [ 130.5390277, 31.3907979 ], [ 130.53942379999998, 31.3938003 ], [ 130.5369325, 31.3969776 ], [ 130.5331205, 31.3980661 ], [ 130.5312065, 31.4020769 ], [ 130.5304878, 31.4058489 ], [ 130.52758129999998, 31.4073145 ], [ 130.5255369, 31.4119728 ], [ 130.5238666, 31.4184382 ], [ 130.52481419999998, 31.4248166 ], [ 130.5224747, 31.4275824 ], [ 130.5211402, 31.4317062 ], [ 130.521162799999985, 31.4345657 ], [ 130.518386100000015, 31.437975 ], [ 130.5177397, 31.4471636 ], [ 130.5186799, 31.4488733 ], [ 130.516140799999988, 31.4510276 ], [ 130.516134199999982, 31.4526386 ], [ 130.513584899999984, 31.4585712 ], [ 130.5158414, 31.4613829 ], [ 130.5154901, 31.4641606 ], [ 130.532205, 31.4623369 ], [ 130.5328136, 31.4700046 ], [ 130.5192384, 31.4714961 ], [ 130.5195716, 31.4737283 ], [ 130.5169598, 31.4740157 ], [ 130.517432899999989, 31.4772312 ], [ 130.513308099999989, 31.4778174 ], [ 130.5134788, 31.4807912 ], [ 130.5148027, 31.4825681 ], [ 130.518074, 31.4839414 ], [ 130.5146923, 31.4860166 ], [ 130.5152129, 31.4878565 ], [ 130.519793199999981, 31.4854855 ], [ 130.519674399999985, 31.4876457 ], [ 130.5136511, 31.4907806 ], [ 130.5168559, 31.4912266 ], [ 130.5191065, 31.4900554 ], [ 130.520745399999981, 31.4923669 ], [ 130.5242648, 31.4905335 ], [ 130.524505, 31.4862067 ], [ 130.5257035, 31.4848785 ], [ 130.531438399999985, 31.4842555 ], [ 130.532830499999989, 31.493606399999987 ], [ 130.535958, 31.4932627 ], [ 130.536482899999982, 31.4967539 ], [ 130.5333507, 31.497093 ], [ 130.533963, 31.5012098 ], [ 130.5303572, 31.5005817 ], [ 130.5274274, 31.5024734 ], [ 130.5201926, 31.5044008 ], [ 130.521406499999983, 31.5092743 ], [ 130.5292514, 31.5071816 ], [ 130.53312889999998, 31.5071887 ], [ 130.538532299999986, 31.5221701 ], [ 130.5439407, 31.5334632 ], [ 130.542126, 31.5343338 ], [ 130.539079099999981, 31.5282066 ], [ 130.535820200000018, 31.5292153 ], [ 130.54062159999998, 31.5351441 ], [ 130.53952, 31.5364297 ], [ 130.542504399999984, 31.5394951 ], [ 130.545942, 31.5374926 ], [ 130.547741299999984, 31.5399644 ], [ 130.548891199999986, 31.5437666 ], [ 130.544758299999984, 31.5449717 ], [ 130.547548299999988, 31.5493274 ], [ 130.550417, 31.5488799 ], [ 130.5520564, 31.5455347 ], [ 130.5536957, 31.5464271 ], [ 130.5588414, 31.5464727 ], [ 130.560893, 31.5562799 ], [ 130.5621041, 31.5565295 ], [ 130.5688204, 31.5702511 ], [ 130.570398499999982, 31.5752973 ], [ 130.5694995, 31.5792616 ], [ 130.566577599999988, 31.5796402 ], [ 130.5648281, 31.5816593 ], [ 130.5665227, 31.5847184 ], [ 130.5698285, 31.5845176 ], [ 130.563562599999983, 31.5910612 ], [ 130.564623899999987, 31.5924445 ], [ 130.5628077, 31.5971687 ], [ 130.568727699999982, 31.6014876 ], [ 130.572534499999989, 31.6033571 ], [ 130.5749725, 31.6070993 ], [ 130.574549, 31.6086019 ], [ 130.575966599999987, 31.615356 ], [ 130.5774964, 31.6171103 ], [ 130.5810402, 31.6177084 ], [ 130.5843375, 31.6197107 ], [ 130.5861749, 31.6221476 ], [ 130.593387, 31.6252454 ], [ 130.6, 31.6294739 ], [ 130.60231, 31.6319779 ], [ 130.6033251, 31.64513470000001 ], [ 130.6063227, 31.6500931 ], [ 130.6113499, 31.6553587 ], [ 130.614205299999981, 31.656385 ], [ 130.618116, 31.6561063 ], [ 130.6195845, 31.6589121 ], [ 130.616026799999986, 31.6608079 ], [ 130.6131789, 31.6654731 ], [ 130.6125927, 31.6696772 ] ] ], [ [ [ 130.5502438, 31.5364078 ], [ 130.5562256, 31.5341703 ], [ 130.5576662, 31.5372495 ], [ 130.5513551, 31.5387874 ], [ 130.5502438, 31.5364078 ] ] ], [ [ [ 130.7011364, 31.5568211 ], [ 130.706876699999981, 31.5572792 ], [ 130.710494499999982, 31.5591261 ], [ 130.7159258, 31.5597427 ], [ 130.7210995, 31.563744 ], [ 130.721357899999987, 31.565788 ], [ 130.7161394, 31.5649149 ], [ 130.7157761, 31.5672804 ], [ 130.7109662, 31.5673078 ], [ 130.7148037, 31.5712312 ], [ 130.7160709, 31.5747473 ], [ 130.7131871, 31.5774256 ], [ 130.7114465, 31.5769132 ], [ 130.7101835, 31.5801644 ], [ 130.7179827, 31.5875526 ], [ 130.7177078, 31.5923113 ], [ 130.714347299999986, 31.5950973 ], [ 130.711412, 31.5959431 ], [ 130.713522499999982, 31.6005195 ], [ 130.7172812, 31.6025118 ], [ 130.7139128, 31.6043593 ], [ 130.710005, 31.6053473 ], [ 130.710019, 31.6070498 ], [ 130.7071865, 31.6088519 ], [ 130.708950499999986, 31.6116624 ], [ 130.706576899999988, 31.6130932 ], [ 130.7039595, 31.6130442 ], [ 130.7002033, 31.616607 ], [ 130.699566399999981, 31.6210604 ], [ 130.6943282, 31.6229013 ], [ 130.692137800000012, 31.6245825 ], [ 130.684313, 31.6216056 ], [ 130.679755299999982, 31.6289066 ], [ 130.675914799999987, 31.6277874 ], [ 130.6751739, 31.6250995 ], [ 130.6691831, 31.6274119 ], [ 130.6645445, 31.6261384 ], [ 130.66176489999998, 31.6267607 ], [ 130.6533431, 31.6250503 ], [ 130.650524100000013, 31.622827 ], [ 130.642503, 31.6207005 ], [ 130.6369771, 31.6204322 ], [ 130.6327169, 31.6218368 ], [ 130.6261141, 31.6203919 ], [ 130.6212313, 31.6173724 ], [ 130.6186487, 31.6135836 ], [ 130.6148579, 31.6115148 ], [ 130.611196299999989, 31.6084744 ], [ 130.6080567, 31.5994377 ], [ 130.6062813, 31.5973942 ], [ 130.5985758, 31.5968917 ], [ 130.5997578, 31.5927535 ], [ 130.5982344, 31.5917927 ], [ 130.593117899999982, 31.591595 ], [ 130.5910858, 31.5889076 ], [ 130.5925316, 31.5843868 ], [ 130.592046899999985, 31.5809772 ], [ 130.596673, 31.5791345 ], [ 130.598387799999983, 31.5763138 ], [ 130.602255499999984, 31.5733981 ], [ 130.6071063, 31.5745411 ], [ 130.6085031, 31.5735931 ], [ 130.612714499999981, 31.5671283 ], [ 130.6124499, 31.5623202 ], [ 130.6186131, 31.5621527 ], [ 130.6204902, 31.5612877 ], [ 130.6203744, 31.5553224 ], [ 130.624109299999986, 31.5522387 ], [ 130.6276722, 31.5571263 ], [ 130.629630099999986, 31.5561053 ], [ 130.632961599999987, 31.5522911 ], [ 130.635851600000024, 31.5464414 ], [ 130.6391396, 31.5451381 ], [ 130.6418994, 31.5471523 ], [ 130.644830499999983, 31.5467916 ], [ 130.6472664, 31.5501338 ], [ 130.649533599999984, 31.5495209 ], [ 130.655040899999989, 31.551306 ], [ 130.6617329, 31.5521854 ], [ 130.665377799999987, 31.5534301 ], [ 130.6696816, 31.5526812 ], [ 130.6701319, 31.5512511 ], [ 130.674637, 31.5509992 ], [ 130.6766605, 31.5494737 ], [ 130.675247399999989, 31.5478306 ], [ 130.676805799999983, 31.5449353 ], [ 130.6818614, 31.5445552 ], [ 130.6857981, 31.5481395 ], [ 130.6883056, 31.5490845 ], [ 130.6884498, 31.5515672 ], [ 130.692065, 31.5528017 ], [ 130.69439, 31.5525488 ], [ 130.6955763, 31.5546104 ], [ 130.6983132, 31.5556993 ], [ 130.7011364, 31.5568211 ] ] ], [ [ [ 130.5640512, 31.5942483 ], [ 130.567554299999983, 31.5943463 ], [ 130.567429799999985, 31.5975891 ], [ 130.5643082, 31.5967756 ], [ 130.5640512, 31.5942483 ] ] ], [ [ [ 130.7211198, 31.6157599 ], [ 130.72376060000002, 31.6166804 ], [ 130.724963799999983, 31.6191953 ], [ 130.7222241, 31.6202262 ], [ 130.7211198, 31.6157599 ] ] ] ] } },
{ "type": "Feature", "properties": { "hokenjo": "出水" }, "geometry": { "type": "MultiPolygon", "coordinates": [ [ [ [ 130.170233, 32.0261815 ], [ 130.167517, 32.0255462 ], [ 130.1646725, 32.0289522 ], [ 130.1667186, 32.0221161 ], [ 130.1700544, 32.0218121 ], [ 130.17222959999998, 32.0246019 ], [ 130.170233, 32.0261815 ] ] ], [ [ [ 130.1763958, 32.2227319 ], [ 130.1760381, 32.2286964 ], [ 130.1742681, 32.2294181 ], [ 130.1707978, 32.2253426 ], [ 130.167460799999986, 32.2253194 ], [ 130.164504699999981, 32.2220325 ], [ 130.164485, 32.2205275 ], [ 130.1673778, 32.2186755 ], [ 130.1642597, 32.2148219 ], [ 130.1616417, 32.2143092 ], [ 130.1615386, 32.2168864 ], [ 130.159453899999988, 32.2195752 ], [ 130.1591819, 32.2235658 ], [ 130.1562223, 32.226014 ], [ 130.1522225, 32.2188753 ], [ 130.1550131, 32.2175958 ], [ 130.154114599999986, 32.2145619 ], [ 130.1483117, 32.2166989 ], [ 130.1483586, 32.2096239 ], [ 130.1492467, 32.2079833 ], [ 130.1565847, 32.2040994 ], [ 130.154658399999988, 32.1977527 ], [ 130.1524556, 32.2029571 ], [ 130.1478813, 32.2044174 ], [ 130.14116, 32.2119803 ], [ 130.1385617, 32.2135306 ], [ 130.1345024, 32.2140096 ], [ 130.1314294, 32.2164225 ], [ 130.1258219, 32.216005 ], [ 130.1293197, 32.2108939 ], [ 130.124244399999981, 32.2130958 ], [ 130.1206515, 32.2123379 ], [ 130.117845, 32.2149697 ], [ 130.112061399999988, 32.2163825 ], [ 130.109416899999985, 32.2160272 ], [ 130.1057381, 32.2135181 ], [ 130.105798099999987, 32.2095661 ], [ 130.110330399999981, 32.2100679 ], [ 130.111471699999981, 32.2070406 ], [ 130.108873599999981, 32.2069561 ], [ 130.1053339, 32.2053492 ], [ 130.105386899999985, 32.20381 ], [ 130.118411899999984, 32.2008903 ], [ 130.1139775, 32.1989167 ], [ 130.1086881, 32.1997342 ], [ 130.1084329, 32.1967765 ], [ 130.1128642, 32.1957548 ], [ 130.1141773, 32.1938624 ], [ 130.1065075, 32.1929856 ], [ 130.102729399999987, 32.1937975 ], [ 130.1014769, 32.1927939 ], [ 130.1078239, 32.189864 ], [ 130.1075808, 32.1884235 ], [ 130.098474399999986, 32.1891914 ], [ 130.0964333, 32.1850419 ], [ 130.0911375, 32.1817044 ], [ 130.0910183, 32.1801708 ], [ 130.0977792, 32.1806897 ], [ 130.099549199999984, 32.1746292 ], [ 130.10517, 32.1739081 ], [ 130.1087359, 32.1705447 ], [ 130.109974199999982, 32.1608339 ], [ 130.112371699999983, 32.1583025 ], [ 130.1155025, 32.1573411 ], [ 130.1143768, 32.1551299 ], [ 130.116921099999985, 32.1503419 ], [ 130.1138947, 32.1410953 ], [ 130.116524199999986, 32.1385978 ], [ 130.113073899999989, 32.1301067 ], [ 130.1130475, 32.1254442 ], [ 130.117405, 32.1232961 ], [ 130.1191867, 32.1180022 ], [ 130.1238617, 32.1177917 ], [ 130.1285236, 32.1151139 ], [ 130.1313314, 32.1117031 ], [ 130.1316625, 32.1099103 ], [ 130.138052800000025, 32.1051639 ], [ 130.139942099999985, 32.1078959 ], [ 130.1418275, 32.1085069 ], [ 130.1458508, 32.1063567 ], [ 130.149893099999986, 32.1024017 ], [ 130.1507542, 32.0997858 ], [ 130.1485619, 32.0938775 ], [ 130.1507511, 32.0924774 ], [ 130.154271, 32.092836 ], [ 130.1542389, 32.0908935 ], [ 130.1571839, 32.0895197 ], [ 130.1600689, 32.091357 ], [ 130.163315800000021, 32.0902661 ], [ 130.167501099999981, 32.0926631 ], [ 130.1688622, 32.0951994 ], [ 130.166852, 32.0972752 ], [ 130.169092799999987, 32.1008525 ], [ 130.170025, 32.1046006 ], [ 130.1719281, 32.1061411 ], [ 130.1764332, 32.1154747 ], [ 130.175331799999981, 32.11775 ], [ 130.17793, 32.1224778 ], [ 130.173801199999986, 32.1264739 ], [ 130.173374200000012, 32.1298986 ], [ 130.177386899999988, 32.12798 ], [ 130.1793736, 32.1370794 ], [ 130.1852075, 32.1398139 ], [ 130.1865783, 32.1427681 ], [ 130.193016, 32.1474909 ], [ 130.1963958, 32.1483771 ], [ 130.2027161, 32.148175 ], [ 130.2052522, 32.1488064 ], [ 130.2094639, 32.1536833 ], [ 130.2094817, 32.1572567 ], [ 130.2064617, 32.1626017 ], [ 130.202609199999984, 32.1652594 ], [ 130.2052519, 32.1691364 ], [ 130.1970469, 32.1680028 ], [ 130.1974361, 32.17116 ], [ 130.194983899999983, 32.1714417 ], [ 130.194029699999987, 32.1658998 ], [ 130.192800700000021, 32.1638446 ], [ 130.1872453, 32.166413 ], [ 130.1870628, 32.1706069 ], [ 130.1860753, 32.173195 ], [ 130.186843899999985, 32.1768031 ], [ 130.1838214, 32.1758783 ], [ 130.1843383, 32.1793003 ], [ 130.1886069, 32.1868494 ], [ 130.188325700000036, 32.189083599999989 ], [ 130.194115, 32.1909764 ], [ 130.19959, 32.1953344 ], [ 130.2004517, 32.1977869 ], [ 130.1968129, 32.1976289 ], [ 130.193869399999983, 32.1990889 ], [ 130.1916625, 32.1975386 ], [ 130.189541099999985, 32.2027644 ], [ 130.186572899999987, 32.2038491 ], [ 130.188095799999985, 32.2058819 ], [ 130.1852318, 32.2094053 ], [ 130.186670599999985, 32.2127819 ], [ 130.1822558, 32.2182106 ], [ 130.1758064, 32.2211983 ], [ 130.1763958, 32.2227319 ] ] ], [ [ [ 130.2008483, 32.23557 ], [ 130.2015639, 32.2396011 ], [ 130.194643899999988, 32.2444603 ], [ 130.1929136, 32.241213099999989 ], [ 130.1946175, 32.2382814 ], [ 130.1948581, 32.2331477 ], [ 130.1973619, 32.2305131 ], [ 130.196440599999988, 32.2267469 ], [ 130.1930336, 32.2247228 ], [ 130.1921319, 32.2220614 ], [ 130.1897392, 32.2226081 ], [ 130.1877706, 32.2211703 ], [ 130.1905878, 32.2180983 ], [ 130.1931731, 32.2179406 ], [ 130.195267799999982, 32.2158325 ], [ 130.194836899999984, 32.2139156 ], [ 130.198058299999985, 32.2098511 ], [ 130.201326099999989, 32.2080642 ], [ 130.201332799999989, 32.2113789 ], [ 130.197527799999989, 32.2148517 ], [ 130.2024992, 32.2150436 ], [ 130.2082084, 32.2112509 ], [ 130.2050181, 32.2092369 ], [ 130.2048992, 32.2057922 ], [ 130.2101883, 32.2101222 ], [ 130.211732499999982, 32.2143506 ], [ 130.211288599999989, 32.2199883 ], [ 130.2072923, 32.2178772 ], [ 130.205047899999983, 32.2193958 ], [ 130.209173900000025, 32.2222994 ], [ 130.207901099999987, 32.2258231 ], [ 130.203559399999989, 32.2261442 ], [ 130.2011325, 32.2300669 ], [ 130.2029364, 32.2328247 ], [ 130.2008483, 32.23557 ] ] ], [ [ [ 130.178494699999987, 32.2267526 ], [ 130.1791469, 32.2247897 ], [ 130.1818867, 32.2251394 ], [ 130.182428099999981, 32.2283414 ], [ 130.178494699999987, 32.2267526 ] ] ], [ [ [ 130.1825733, 32.2430953 ], [ 130.1823014, 32.2403047 ], [ 130.1867292, 32.2427178 ], [ 130.1857944, 32.2442736 ], [ 130.1825733, 32.2430953 ] ] ], [ [ [ 130.1896989, 32.2613053 ], [ 130.1885972, 32.2685781 ], [ 130.1866597, 32.2689558 ], [ 130.1858772, 32.2680086 ], [ 130.1881928, 32.2644172 ], [ 130.1834292, 32.2628611 ], [ 130.1840928, 32.2603861 ], [ 130.179654199999987, 32.2570992 ], [ 130.1768678, 32.2539869 ], [ 130.174243599999983, 32.2569603 ], [ 130.1724228, 32.2573186 ], [ 130.171341399999989, 32.2538403 ], [ 130.1678578, 32.2497247 ], [ 130.1678986, 32.2472475 ], [ 130.1656439, 32.2448422 ], [ 130.166425299999986, 32.2413522 ], [ 130.1646297, 32.2405084 ], [ 130.159506099999987, 32.2421983 ], [ 130.158909699999981, 32.2393231 ], [ 130.160155799999984, 32.2379081 ], [ 130.1621581, 32.2328117 ], [ 130.1663539, 32.2299139 ], [ 130.16813, 32.2301394 ], [ 130.1691511, 32.2259394 ], [ 130.170682199999987, 32.2264131 ], [ 130.1709806, 32.2298692 ], [ 130.1738633, 32.2352756 ], [ 130.1766078, 32.2384103 ], [ 130.1755336, 32.242785 ], [ 130.176866599999983, 32.2451866 ], [ 130.1755267, 32.2475375 ], [ 130.178138600000011, 32.2490486 ], [ 130.1790133, 32.2512583 ], [ 130.183918299999988, 32.2527078 ], [ 130.1842519, 32.2573981 ], [ 130.1896989, 32.2613053 ] ] ], [ [ [ 130.3069453, 31.9689458 ], [ 130.3089611, 31.9717981 ], [ 130.3113406, 31.9731794 ], [ 130.3122922, 31.9772497 ], [ 130.3143939, 31.9783883 ], [ 130.3189481, 31.9774978 ], [ 130.3227953, 31.9734669 ], [ 130.3255581, 31.9740986 ], [ 130.326675, 31.9722831 ], [ 130.3340844, 31.9702819 ], [ 130.342916100000025, 31.9704578 ], [ 130.3496697, 31.9724244 ], [ 130.3526508, 31.9747528 ], [ 130.353060299999981, 31.9783103 ], [ 130.3542961, 31.9796181 ], [ 130.3538797, 31.982685 ], [ 130.3578389, 31.9838858 ], [ 130.367651900000027, 31.9808361 ], [ 130.3683417, 31.9855886 ], [ 130.3676044, 31.9881808 ], [ 130.373218899999983, 31.9887992 ], [ 130.380123900000029, 31.9908819 ], [ 130.391013099999981, 31.9915892 ], [ 130.3926731, 31.9932383 ], [ 130.3966725, 31.9946619 ], [ 130.4016239, 31.9945769 ], [ 130.4047567, 31.995305 ], [ 130.4081664, 31.9932658 ], [ 130.4113575, 31.9972044 ], [ 130.413981399999983, 31.9979931 ], [ 130.4149553, 32.0024469 ], [ 130.4137581, 32.0043947 ], [ 130.415165, 32.0076647 ], [ 130.4278428, 32.0110642 ], [ 130.430045799999988, 32.0124169 ], [ 130.4342269, 32.0113572 ], [ 130.4395069, 32.0118778 ], [ 130.4423908, 32.0106808 ], [ 130.444673099999989, 32.0072253 ], [ 130.4470211, 32.0056608 ], [ 130.449069399999985, 32.0075533 ], [ 130.4514417, 32.0074781 ], [ 130.453670599999981, 32.0092778 ], [ 130.456995299999988, 32.0095164 ], [ 130.456005799999986, 32.0135617 ], [ 130.4596508, 32.0138731 ], [ 130.4616169, 32.0165714 ], [ 130.461040600000018, 32.0202636 ], [ 130.4633608, 32.0241872 ], [ 130.4611792, 32.0293756 ], [ 130.4653214, 32.0313119 ], [ 130.46946939999998, 32.0309222 ], [ 130.4724286, 32.0319658 ], [ 130.4776436, 32.0315875 ], [ 130.4799047, 32.0331447 ], [ 130.4792531, 32.0356122 ], [ 130.4834042, 32.0364478 ], [ 130.4902692, 32.0421783 ], [ 130.4896111, 32.0448097 ], [ 130.4948119, 32.0483803 ], [ 130.4942408, 32.0507747 ], [ 130.4977103, 32.0511167 ], [ 130.497896699999984, 32.0536147 ], [ 130.5004592, 32.0545564 ], [ 130.4981867, 32.058055 ], [ 130.5013011, 32.0582453 ], [ 130.502475, 32.0615369 ], [ 130.505556899999988, 32.0650025 ], [ 130.5087025, 32.0656278 ], [ 130.5135122, 32.0646256 ], [ 130.5131072, 32.0669744 ], [ 130.509744399999988, 32.0710264 ], [ 130.5105608, 32.07396 ], [ 130.507395299999985, 32.0762806 ], [ 130.508103299999988, 32.0776683 ], [ 130.506768099999988, 32.0851939 ], [ 130.49999, 32.0882867 ], [ 130.49956419999998, 32.0907078 ], [ 130.496252199999986, 32.0950139 ], [ 130.493007799999987, 32.0965381 ], [ 130.493946699999981, 32.1046636 ], [ 130.4895031, 32.1070683 ], [ 130.486703399999982, 32.1101183 ], [ 130.4824495, 32.1112133 ], [ 130.4821167, 32.1133932 ], [ 130.484732899999983, 32.1166315 ], [ 130.4813704, 32.1194851 ], [ 130.4795584, 32.1191796 ], [ 130.4757932, 32.1223771 ], [ 130.4736384, 32.1219029 ], [ 130.4735023, 32.1186132 ], [ 130.4670462, 32.1156607 ], [ 130.4656673, 32.1180299 ], [ 130.4633101, 32.118815399999988 ], [ 130.457212299999981, 32.1167285 ], [ 130.4571676, 32.1144532 ], [ 130.4546215, 32.113901 ], [ 130.449455699999987, 32.1166463 ], [ 130.4430404, 32.1153807 ], [ 130.44115979999998, 32.1139824 ], [ 130.430416, 32.1149102 ], [ 130.4290335, 32.1138588 ], [ 130.4248766, 32.1169835 ], [ 130.422233799999987, 32.1178049 ], [ 130.417957700000017, 32.117719 ], [ 130.41318769999998, 32.1189304 ], [ 130.411416, 32.118359 ], [ 130.402670699999987, 32.1202035 ], [ 130.400771, 32.1228424 ], [ 130.4033296, 32.1243652 ], [ 130.3986782, 32.1281035 ], [ 130.3976271, 32.1297954 ], [ 130.3920257, 32.1341563 ], [ 130.390693, 32.1379568 ], [ 130.387509699999981, 32.1429932 ], [ 130.386659399999985, 32.1473896 ], [ 130.381554099999988, 32.1504165 ], [ 130.3799996, 32.1505724 ], [ 130.3775149, 32.154681 ], [ 130.3737486, 32.156545099999988 ], [ 130.372010499999988, 32.1594707 ], [ 130.367507499999988, 32.1626965 ], [ 130.3659144, 32.162512 ], [ 130.359598, 32.1677869 ], [ 130.3584754, 32.1621684 ], [ 130.3630078, 32.154172 ], [ 130.362936, 32.1515408 ], [ 130.3587422, 32.1482156 ], [ 130.356932699999987, 32.1458887 ], [ 130.3543574, 32.1449835 ], [ 130.3524069, 32.1358857 ], [ 130.3502973, 32.1334955 ], [ 130.3469397, 32.1322434 ], [ 130.345855299999982, 32.13023 ], [ 130.3409207, 32.1289708 ], [ 130.3369911, 32.1249199 ], [ 130.3313446, 32.1230003 ], [ 130.3157089, 32.1169193 ], [ 130.3137887, 32.1155979 ], [ 130.309387099999981, 32.1081727 ], [ 130.3006503, 32.1083982 ], [ 130.2867398, 32.1092826 ], [ 130.2835241, 32.1100166 ], [ 130.2715423, 32.116717 ], [ 130.2729235, 32.118696 ], [ 130.2733739, 32.1261968 ], [ 130.270595899999989, 32.128209 ], [ 130.2665017, 32.1286551 ], [ 130.2619714, 32.1275244 ], [ 130.266271499999988, 32.1237224 ], [ 130.2660166, 32.1207694 ], [ 130.2636257, 32.1191183 ], [ 130.2608668, 32.1229341 ], [ 130.2577599, 32.1259007 ], [ 130.2508425, 32.1281922 ], [ 130.2481866, 32.1276936 ], [ 130.243413799999985, 32.128796 ], [ 130.23777339999998, 32.1276986 ], [ 130.233308699999981, 32.1281886 ], [ 130.2267736, 32.1287958 ], [ 130.221603099999982, 32.1276258 ], [ 130.2163262, 32.1245555 ], [ 130.211330299999986, 32.1251531 ], [ 130.20770109999998, 32.1239072 ], [ 130.2000256, 32.1198422 ], [ 130.1961872, 32.1168067 ], [ 130.1914856, 32.1158539 ], [ 130.1897806, 32.1108425 ], [ 130.186821399999985, 32.1113156 ], [ 130.181215, 32.11056 ], [ 130.179129499999988, 32.1086968 ], [ 130.179235, 32.106558 ], [ 130.1759183, 32.1059035 ], [ 130.1747589, 32.0971139 ], [ 130.175592, 32.0961772 ], [ 130.175024, 32.090946 ], [ 130.171269199999983, 32.0880486 ], [ 130.171548299999984, 32.0781775 ], [ 130.1737628, 32.0761472 ], [ 130.179761899999988, 32.0738494 ], [ 130.1837869, 32.0708658 ], [ 130.18329989999998, 32.0772427 ], [ 130.1825596, 32.0788714 ], [ 130.1855386, 32.08146 ], [ 130.192093299999982, 32.0829767 ], [ 130.191708500000033, 32.0777736 ], [ 130.195336, 32.0745232 ], [ 130.1967808, 32.0769319 ], [ 130.199199199999981, 32.0770263 ], [ 130.201200799999981, 32.0748744 ], [ 130.2045022, 32.069395 ], [ 130.2075441, 32.0607143 ], [ 130.2075581, 32.0582586 ], [ 130.2037422, 32.0533548 ], [ 130.204859299999981, 32.0524447 ], [ 130.20542039999998, 32.0469907 ], [ 130.2031977, 32.0382845 ], [ 130.1985161, 32.0365908 ], [ 130.1948705, 32.0324435 ], [ 130.1909918, 32.0296236 ], [ 130.191067, 32.0269203 ], [ 130.193759299999982, 32.0269557 ], [ 130.194009599999987, 32.0243201 ], [ 130.1917277, 32.0178669 ], [ 130.18630779999998, 32.015208 ], [ 130.185021799999987, 32.0163399 ], [ 130.179381899999981, 32.0155603 ], [ 130.179015599999985, 32.0126022 ], [ 130.1808103, 32.0078377 ], [ 130.1791532, 32.0064094 ], [ 130.1789363, 32.0010136 ], [ 130.1823726, 31.9978688 ], [ 130.1837533, 31.9941849 ], [ 130.18649929999998, 31.9936284 ], [ 130.1886709, 31.9895091 ], [ 130.195632599999982, 31.9892945 ], [ 130.1985144, 31.9859909 ], [ 130.2016328, 31.9844268 ], [ 130.199845499999981, 31.9820861 ], [ 130.200182800000022, 31.9777727 ], [ 130.203916199999981, 31.9768587 ], [ 130.2053103, 31.9740476 ], [ 130.208682499999981, 31.9724527 ], [ 130.212793299999987, 31.962791 ], [ 130.2159849, 31.9528129 ], [ 130.2152274, 31.9510538 ], [ 130.2165382, 31.9488487 ], [ 130.2158308, 31.9405614 ], [ 130.217354299999982, 31.9355077 ], [ 130.2197148, 31.9327604 ], [ 130.2200322, 31.9285548 ], [ 130.22668969999998, 31.9281564 ], [ 130.2307697, 31.9318075 ], [ 130.234346099999982, 31.9327464 ], [ 130.2383819, 31.9316161 ], [ 130.2416753, 31.9334586 ], [ 130.2473564, 31.9317028 ], [ 130.2488469, 31.9320403 ], [ 130.260896699999989, 31.9281392 ], [ 130.2631242, 31.9283025 ], [ 130.2641681, 31.9339911 ], [ 130.26703, 31.9345044 ], [ 130.2671756, 31.9364381 ], [ 130.265251899999981, 31.9411228 ], [ 130.2686158, 31.9455711 ], [ 130.268959699999982, 31.9513275 ], [ 130.2671881, 31.9544169 ], [ 130.2673864, 31.9563844 ], [ 130.2650928, 31.9618644 ], [ 130.265105799999986, 31.9641136 ], [ 130.266817799999984, 31.9668592 ], [ 130.2690519, 31.9654614 ], [ 130.2720725, 31.9657714 ], [ 130.273288899999983, 31.9629469 ], [ 130.2785503, 31.9589106 ], [ 130.2803944, 31.9594911 ], [ 130.2869647, 31.9516097 ], [ 130.296145599999988, 31.9523539 ], [ 130.3003819, 31.9570672 ], [ 130.3016575, 31.9603086 ], [ 130.30265559999998, 31.9670006 ], [ 130.3069453, 31.9689458 ] ] ], [ [ [ 130.2204156, 32.2269061 ], [ 130.218049399999984, 32.2275711 ], [ 130.216239699999988, 32.2239178 ], [ 130.2204156, 32.2269061 ] ] ], [ [ [ 130.2299994, 32.2470828 ], [ 130.2297208, 32.2505383 ], [ 130.2257042, 32.2524381 ], [ 130.223003899999981, 32.2547436 ], [ 130.2232783, 32.2508256 ], [ 130.2255319, 32.2506794 ], [ 130.227083099999987, 32.24622 ], [ 130.2299994, 32.2470828 ] ] ], [ [ [ 130.2667644, 32.2963469 ], [ 130.257450899999981, 32.2993734 ], [ 130.253623299999987, 32.3029036 ], [ 130.2572647, 32.3064042 ], [ 130.2542731, 32.3047358 ], [ 130.2486417, 32.30362 ], [ 130.2477321, 32.301422 ], [ 130.2440914, 32.3006594 ], [ 130.240714699999984, 32.3012558 ], [ 130.2380814, 32.3000778 ], [ 130.2333381, 32.2998072 ], [ 130.231241899999986, 32.2960917 ], [ 130.233391399999988, 32.2956686 ], [ 130.2363451, 32.2917137 ], [ 130.234233499999988, 32.2905617 ], [ 130.2323697, 32.2920322 ], [ 130.2293847, 32.2886436 ], [ 130.2263528, 32.2896531 ], [ 130.223048899999981, 32.2928553 ], [ 130.2189225, 32.2887564 ], [ 130.2141064, 32.2819514 ], [ 130.2136683, 32.28004 ], [ 130.2176057, 32.2780715 ], [ 130.2164407, 32.2754847 ], [ 130.213435299999986, 32.2765889 ], [ 130.21224890000002, 32.2748758 ], [ 130.2150289, 32.2729983 ], [ 130.2136625, 32.2660075 ], [ 130.2142464, 32.2634256 ], [ 130.212521399999986, 32.2614861 ], [ 130.2123889, 32.2590903 ], [ 130.2095094, 32.2549636 ], [ 130.213448299999982, 32.2524322 ], [ 130.215540299999986, 32.2545519 ], [ 130.219693299999989, 32.2565589 ], [ 130.2204897, 32.2579742 ], [ 130.2263763, 32.2619803 ], [ 130.2354431, 32.2559222 ], [ 130.2419578, 32.2562606 ], [ 130.2403189, 32.2594061 ], [ 130.238096399999989, 32.2595811 ], [ 130.235396399999985, 32.2614639 ], [ 130.238879199999985, 32.2650158 ], [ 130.2470917, 32.2679022 ], [ 130.247526099999988, 32.271216 ], [ 130.2504951, 32.272378 ], [ 130.253114399999987, 32.2746042 ], [ 130.257797499999981, 32.2752806 ], [ 130.257871599999987, 32.2798066 ], [ 130.2598069, 32.2812728 ], [ 130.2676017, 32.2795367 ], [ 130.2691667, 32.2825189 ], [ 130.2661281, 32.2883983 ], [ 130.2650664, 32.2927447 ], [ 130.2667644, 32.2963469 ] ] ] ] } },
{ "type": "Feature", "properties": { "hokenjo": "西之表" }, "geometry": { "type": "MultiPolygon", "coordinates": [ [ [ [ 130.968606699999981, 30.4493311 ], [ 130.9632614, 30.452615 ], [ 130.961385799999988, 30.4542581 ], [ 130.9613922, 30.4568967 ], [ 130.9592458, 30.4571897 ], [ 130.9585428, 30.4597381 ], [ 130.9605918, 30.4628294 ], [ 130.9632717, 30.4646939 ], [ 130.965689, 30.4626064 ], [ 130.9685017, 30.4626589 ], [ 130.9690869, 30.4701514 ], [ 130.96478, 30.4747122 ], [ 130.9626203, 30.4786022 ], [ 130.9639664, 30.4826053 ], [ 130.9687831, 30.4867958 ], [ 130.9726139, 30.4920111 ], [ 130.97386419999998, 30.4926339 ], [ 130.976822699999985, 30.4975483 ], [ 130.976515299999988, 30.4989188 ], [ 130.978915299999983, 30.5018255 ], [ 130.977470399999987, 30.5067132 ], [ 130.979292099999981, 30.5090488 ], [ 130.9790023, 30.5150574 ], [ 130.981603299999989, 30.5198609 ], [ 130.9850236, 30.5244902 ], [ 130.989453199999986, 30.5284888 ], [ 130.9951609, 30.5309279 ], [ 130.9958145, 30.5340888 ], [ 130.9957901, 30.540212 ], [ 130.9993498, 30.5481103 ], [ 131.003766899999988, 30.5503689 ], [ 131.008373899999981, 30.5505186 ], [ 131.013565799999981, 30.5484203 ], [ 131.015261399999986, 30.5507967 ], [ 131.0204336, 30.5534928 ], [ 131.022386399999988, 30.5528075 ], [ 131.0236031, 30.556365 ], [ 131.029023599999988, 30.5581211 ], [ 131.027301699999981, 30.56103 ], [ 131.0319758, 30.5671864 ], [ 131.0340258, 30.5710994 ], [ 131.032659199999983, 30.5735453 ], [ 131.035167199999989, 30.5751031 ], [ 131.0339414, 30.5803328 ], [ 131.0321472, 30.5839697 ], [ 131.0329236, 30.5875183 ], [ 131.033852199999984, 30.5889503 ], [ 131.0372767, 30.5898833 ], [ 131.040905, 30.5932308 ], [ 131.0477175, 30.5949475 ], [ 131.049563299999988, 30.5983019 ], [ 131.0520711, 30.600365 ], [ 131.055118599999986, 30.6048839 ], [ 131.054295, 30.6078322 ], [ 131.0521503, 30.6090197 ], [ 131.0520722, 30.6133828 ], [ 131.0565581, 30.6151008 ], [ 131.054507199999989, 30.6165478 ], [ 131.0530369, 30.6197392 ], [ 131.052870300000023, 30.6291172 ], [ 131.0550522, 30.6316222 ], [ 131.0551678, 30.6351167 ], [ 131.0587453, 30.6403614 ], [ 131.055958299999986, 30.6456692 ], [ 131.053823599999987, 30.647215 ], [ 131.0497699, 30.6468061 ], [ 131.0508103, 30.6515731 ], [ 131.0510739, 30.656555 ], [ 131.053315, 30.6620228 ], [ 131.0539403, 30.6667636 ], [ 131.0561686, 30.6708503 ], [ 131.0586547, 30.6729475 ], [ 131.0634756, 30.6754253 ], [ 131.063524699999988, 30.6805819 ], [ 131.061875, 30.6831786 ], [ 131.065826900000019, 30.6864086 ], [ 131.0647952, 30.6895799 ], [ 131.068572400000022, 30.6932104 ], [ 131.0730577, 30.6921453 ], [ 131.077756400000027, 30.6955642 ], [ 131.0772308, 30.7042011 ], [ 131.0750672, 30.7063692 ], [ 131.0741736, 30.7103264 ], [ 131.07493, 30.713235 ], [ 131.072914699999984, 30.71735030000001 ], [ 131.073925299999985, 30.7218933 ], [ 131.072868299999982, 30.7282575 ], [ 131.073768299999983, 30.7338778 ], [ 131.0718975, 30.7403742 ], [ 131.0718183, 30.7456772 ], [ 131.072708899999981, 30.7569675 ], [ 131.074323099999987, 30.7583381 ], [ 131.07183329999998, 30.7625525 ], [ 131.0722442, 30.7684825 ], [ 131.0742947, 30.7732528 ], [ 131.0813097, 30.7773886 ], [ 131.0833806, 30.7827114 ], [ 131.0821167, 30.7849733 ], [ 131.082585, 30.7889556 ], [ 131.0795656, 30.7948839 ], [ 131.0757414, 30.7947864 ], [ 131.0715447, 30.7973597 ], [ 131.0708194, 30.8003856 ], [ 131.071304199999986, 30.8046075 ], [ 131.0727736, 30.8091306 ], [ 131.0717053, 30.8121631 ], [ 131.0700669, 30.8128772 ], [ 131.0669561, 30.8113256 ], [ 131.06657389999998, 30.8154464 ], [ 131.0637361, 30.8158978 ], [ 131.064165299999985, 30.8238369 ], [ 131.061652500000037, 30.8252217 ], [ 131.0620214, 30.8348431 ], [ 131.0552606, 30.8389203 ], [ 131.054206099999988, 30.8369128 ], [ 131.046456700000022, 30.8296733 ], [ 131.0406039, 30.8219703 ], [ 131.037466099999989, 30.8230019 ], [ 131.03596109999998, 30.8264667 ], [ 131.0325542, 30.8242417 ], [ 131.033050799999984, 30.8214231 ], [ 131.0317928, 30.8148356 ], [ 131.0293533, 30.8128203 ], [ 131.022253, 30.8036596 ], [ 131.0161908, 30.7970289 ], [ 131.013096099999984, 30.7947639 ], [ 131.0106192, 30.7888739 ], [ 131.0081381, 30.7867589 ], [ 131.004396899999989, 30.7857414 ], [ 131.0029111, 30.7823825 ], [ 131.0075731, 30.7764067 ], [ 131.008635, 30.7732912 ], [ 131.0082425, 30.7693883 ], [ 131.008804199999986, 30.7661436 ], [ 131.007205, 30.76392220000001 ], [ 131.0027139, 30.7550903 ], [ 131.0031161, 30.7510633 ], [ 130.999370299999981, 30.7456341 ], [ 130.996305299999989, 30.7428764 ], [ 130.9910339, 30.7416453 ], [ 130.989170799999982, 30.7368889 ], [ 130.9942983, 30.7338398 ], [ 130.9906751, 30.7327796 ], [ 130.9872661, 30.7329402 ], [ 130.9871872, 30.7302606 ], [ 130.9919108, 30.7322272 ], [ 130.9921778, 30.7294611 ], [ 130.9937131, 30.7272362 ], [ 130.9915184, 30.7235115 ], [ 130.9878081, 30.72319 ], [ 130.9864006, 30.7247725 ], [ 130.9821447, 30.7267078 ], [ 130.9785114, 30.7253911 ], [ 130.9766881, 30.7216172 ], [ 130.9740742, 30.7131989 ], [ 130.974647799999985, 30.7102294 ], [ 130.9707297, 30.7054444 ], [ 130.968315599999983, 30.7014689 ], [ 130.9658114, 30.6987797 ], [ 130.9634311, 30.6939939 ], [ 130.9606206, 30.6909214 ], [ 130.958270299999981, 30.6907167 ], [ 130.9553736, 30.6842992 ], [ 130.9516092, 30.6823961 ], [ 130.9469667, 30.6786969 ], [ 130.944635, 30.6752033 ], [ 130.941581899999989, 30.6725078 ], [ 130.9401428, 30.6693258 ], [ 130.940810299999981, 30.6666972 ], [ 130.944846399999989, 30.6675861 ], [ 130.947679699999981, 30.6654336 ], [ 130.9452528, 30.6600572 ], [ 130.944904700000023, 30.6567722 ], [ 130.9424008, 30.6527458 ], [ 130.9418164, 30.6480264 ], [ 130.943685, 30.6450325 ], [ 130.946163300000023, 30.643215 ], [ 130.9468903, 30.6372403 ], [ 130.9492033, 30.6356467 ], [ 130.950486899999987, 30.6324633 ], [ 130.9497661, 30.6231764 ], [ 130.950716, 30.6125763 ], [ 130.9492545, 30.6101923 ], [ 130.9493506, 30.6060061 ], [ 130.9513493, 30.5987065 ], [ 130.9506355, 30.5972765 ], [ 130.953406, 30.5933707 ], [ 130.9520038, 30.587599 ], [ 130.9451202, 30.5711764 ], [ 130.934609, 30.5513107 ], [ 130.927491299999986, 30.5392111 ], [ 130.9154692, 30.5198647 ], [ 130.9098481, 30.5125708 ], [ 130.902597499999985, 30.501805 ], [ 130.8975503, 30.4953606 ], [ 130.895787499999983, 30.4937989 ], [ 130.888006099999984, 30.490265 ], [ 130.8870292, 30.4886922 ], [ 130.882355599999983, 30.4866042 ], [ 130.8813792, 30.4816342 ], [ 130.878331799999984, 30.4790817 ], [ 130.8750225, 30.4723139 ], [ 130.8744381, 30.4680169 ], [ 130.869453099999987, 30.4637972 ], [ 130.8650539, 30.4638325 ], [ 130.8606983, 30.4663511 ], [ 130.8510056, 30.4681806 ], [ 130.8487194, 30.4649858 ], [ 130.850974399999984, 30.4620928 ], [ 130.8525103, 30.4577333 ], [ 130.8531983, 30.4515011 ], [ 130.8512911, 30.44839 ], [ 130.8527147, 30.4468367 ], [ 130.8538342, 30.4415794 ], [ 130.8591944, 30.4325728 ], [ 130.8601433, 30.4276533 ], [ 130.8630736, 30.4237206 ], [ 130.865644, 30.4170615 ], [ 130.866318299999989, 30.40149640000001 ], [ 130.8644803, 30.3954633 ], [ 130.8657656, 30.39348 ], [ 130.8637531, 30.3891181 ], [ 130.863308, 30.3847839 ], [ 130.8592842, 30.3792919 ], [ 130.8575528, 30.3702175 ], [ 130.8593817, 30.3672583 ], [ 130.861168099999986, 30.3600364 ], [ 130.8628122, 30.3575314 ], [ 130.868178299999983, 30.3537017 ], [ 130.869704399999989, 30.3508917 ], [ 130.8699681, 30.3471333 ], [ 130.872415, 30.3447175 ], [ 130.8757525, 30.3461006 ], [ 130.8830097, 30.3437306 ], [ 130.886545, 30.3504978 ], [ 130.892764699999987, 30.3568289 ], [ 130.8963583, 30.3593769 ], [ 130.904255799999987, 30.3638086 ], [ 130.910709699999984, 30.3665939 ], [ 130.9233969, 30.3712438 ], [ 130.9288689, 30.3725139 ], [ 130.9365128, 30.3753214 ], [ 130.944072399999982, 30.376106600000011 ], [ 130.9449481, 30.3737967 ], [ 130.9484783, 30.3750453 ], [ 130.9556083, 30.3733711 ], [ 130.9585133, 30.3709083 ], [ 130.964148599999987, 30.3733942 ], [ 130.967749699999985, 30.3728192 ], [ 130.963134699999983, 30.3803003 ], [ 130.962842199999983, 30.3838236 ], [ 130.9651122, 30.3920403 ], [ 130.9670664, 30.3943328 ], [ 130.9762369, 30.3998642 ], [ 130.981301699999989, 30.3988308 ], [ 130.9784531, 30.4028861 ], [ 130.9725775, 30.4074922 ], [ 130.9695417, 30.4125378 ], [ 130.9682872, 30.4175669 ], [ 130.9698831, 30.4208708 ], [ 130.967893, 30.4211823 ], [ 130.9689919, 30.4248567 ], [ 130.9727192, 30.4274897 ], [ 130.9732133, 30.4295253 ], [ 130.9777278, 30.4330042 ], [ 130.977285, 30.4357214 ], [ 130.9792622, 30.4382417 ], [ 130.975918899999982, 30.4392056 ], [ 130.9719972, 30.4420294 ], [ 130.974864699999983, 30.4454578 ], [ 130.9729883, 30.4479583 ], [ 130.9705583, 30.4474253 ], [ 130.968606699999981, 30.4493311 ] ] ], [ [ [ 130.8606494, 30.7623514 ], [ 130.85762, 30.7657889 ], [ 130.8528686, 30.7629883 ], [ 130.849747800000017, 30.7569164 ], [ 130.846267499999982, 30.7546619 ], [ 130.842323599999986, 30.7489303 ], [ 130.843063299999983, 30.7464808 ], [ 130.8421214, 30.7433539 ], [ 130.8396433, 30.7395822 ], [ 130.8381436, 30.7303819 ], [ 130.8364856, 30.7277158 ], [ 130.8383317, 30.7269794 ], [ 130.844628299999982, 30.7272767 ], [ 130.849776099999985, 30.7259297 ], [ 130.850882499999983, 30.7265481 ], [ 130.8567042, 30.7253739 ], [ 130.859979399999986, 30.72624 ], [ 130.8644094, 30.7307914 ], [ 130.8665681, 30.7360472 ], [ 130.8663922, 30.7393419 ], [ 130.867975, 30.7410389 ], [ 130.864541700000018, 30.7487706 ], [ 130.862036099999983, 30.7489244 ], [ 130.8612086, 30.7509831 ], [ 130.86144, 30.756155 ], [ 130.8596656, 30.7570553 ], [ 130.8606494, 30.7623514 ] ] ] ] } },
{ "type": "Feature", "properties": { "hokenjo": "川薩" }, "geometry": { "type": "MultiPolygon", "coordinates": [ [ [ [ 129.788602199999985, 31.7889891 ], [ 129.7850559, 31.7910934 ], [ 129.7815675, 31.7899921 ], [ 129.786057299999982, 31.7859298 ], [ 129.785043799999983, 31.7821711 ], [ 129.786396600000018, 31.7789087 ], [ 129.783136499999983, 31.778059 ], [ 129.780827599999981, 31.7753193 ], [ 129.781867399999982, 31.7738409 ], [ 129.788493499999987, 31.7711686 ], [ 129.789127, 31.768772 ], [ 129.7878814, 31.7655751 ], [ 129.7855582, 31.762658 ], [ 129.7858028, 31.7609927 ], [ 129.782729, 31.7578577 ], [ 129.7786571, 31.7587624 ], [ 129.7753688, 31.758283 ], [ 129.7743877, 31.7559396 ], [ 129.7798046, 31.7543029 ], [ 129.7807412, 31.7518683 ], [ 129.7789187, 31.7471303 ], [ 129.775798399999985, 31.7458483 ], [ 129.7761741, 31.741455 ], [ 129.773898799999984, 31.7402896 ], [ 129.7694951, 31.741576 ], [ 129.7659842, 31.7435194 ], [ 129.763361799999984, 31.7375795 ], [ 129.7622404, 31.7370991 ], [ 129.7573214, 31.7384911 ], [ 129.7562116, 31.7346895 ], [ 129.753887599999985, 31.7361883 ], [ 129.750016700000032, 31.7350364 ], [ 129.7491803, 31.7378006 ], [ 129.7420732, 31.735774 ], [ 129.739596299999988, 31.7322953 ], [ 129.733691099999987, 31.7309987 ], [ 129.731217099999981, 31.7292156 ], [ 129.7271288, 31.7290145 ], [ 129.7243861, 31.727465 ], [ 129.7207033, 31.7282327 ], [ 129.712843, 31.7259571 ], [ 129.711770199999989, 31.7243335 ], [ 129.7057146, 31.7225399 ], [ 129.7068897, 31.7208106 ], [ 129.7054612, 31.7185724 ], [ 129.6971105, 31.7160129 ], [ 129.70087860000001, 31.7128543 ], [ 129.7020378, 31.7100936 ], [ 129.7018227, 31.7064085 ], [ 129.6951377, 31.7054242 ], [ 129.6909138, 31.7018226 ], [ 129.6915469, 31.6974412 ], [ 129.6928249, 31.6960119 ], [ 129.6933639, 31.6924685 ], [ 129.6892862, 31.6884515 ], [ 129.6838769, 31.6805682 ], [ 129.685118499999987, 31.6778728 ], [ 129.681707, 31.671059 ], [ 129.679975899999988, 31.6688293 ], [ 129.6776078, 31.6680599 ], [ 129.6789268, 31.6653682 ], [ 129.6820464, 31.66458 ], [ 129.6821898, 31.6626283 ], [ 129.6780805, 31.6608597 ], [ 129.6707767, 31.6601519 ], [ 129.669222599999983, 31.6621837 ], [ 129.6666241, 31.6627272 ], [ 129.662315299999989, 31.6606836 ], [ 129.6587715, 31.6599753 ], [ 129.6581002, 31.6584805 ], [ 129.659682900000035, 31.6557874 ], [ 129.660420099999982, 31.6520537 ], [ 129.6598577, 31.6498204 ], [ 129.662088, 31.6479901 ], [ 129.6661832, 31.6410513 ], [ 129.6668397, 31.6352743 ], [ 129.672866100000022, 31.6369662 ], [ 129.6776725, 31.6329154 ], [ 129.679777799999982, 31.6336638 ], [ 129.682765099999983, 31.6319043 ], [ 129.6846646, 31.6295633 ], [ 129.6837601, 31.6250216 ], [ 129.684952, 31.6229456 ], [ 129.6892274, 31.621993 ], [ 129.6908305, 31.6231286 ], [ 129.69658, 31.6227948 ], [ 129.699534799999981, 31.6255276 ], [ 129.6988304, 31.6310183 ], [ 129.697070599999989, 31.6326427 ], [ 129.698957, 31.6354677 ], [ 129.7012287, 31.6367168 ], [ 129.706229399999984, 31.6374875 ], [ 129.7105349, 31.6348194 ], [ 129.7099916, 31.6290855 ], [ 129.7103975, 31.6263699 ], [ 129.712454399999984, 31.6226288 ], [ 129.7144807, 31.6228464 ], [ 129.716594, 31.6280247 ], [ 129.7116945, 31.6334203 ], [ 129.717987099999988, 31.6346535 ], [ 129.7203585, 31.6402244 ], [ 129.724070399999988, 31.642426 ], [ 129.728426399999989, 31.6434164 ], [ 129.7262829, 31.6482037 ], [ 129.7304773, 31.6502367 ], [ 129.7378122, 31.6547787 ], [ 129.7384195, 31.6563099 ], [ 129.730807699999986, 31.6600886 ], [ 129.7268077, 31.6607875 ], [ 129.725471199999987, 31.6644283 ], [ 129.7254778, 31.6711248 ], [ 129.7284532, 31.6760105 ], [ 129.735178099999985, 31.68063750000001 ], [ 129.7381488, 31.6868457 ], [ 129.743654, 31.6871571 ], [ 129.7429922, 31.6894893 ], [ 129.7446349, 31.6945487 ], [ 129.744117499999987, 31.6965407 ], [ 129.739178, 31.698006 ], [ 129.739460399999984, 31.702342 ], [ 129.738029899999987, 31.7034065 ], [ 129.7394952, 31.705964800000011 ], [ 129.741849699999989, 31.7066211 ], [ 129.7427036, 31.7091273 ], [ 129.747609899999986, 31.7151542 ], [ 129.7482044, 31.717294 ], [ 129.7538856, 31.7180504 ], [ 129.756741799999986, 31.7170017 ], [ 129.758031599999981, 31.7102203 ], [ 129.768651, 31.7127952 ], [ 129.7713178, 31.7155486 ], [ 129.7739183, 31.7231776 ], [ 129.773620199999982, 31.7252045 ], [ 129.7769439, 31.7301944 ], [ 129.776014799999984, 31.7328185 ], [ 129.779922, 31.7360934 ], [ 129.7778992, 31.7413306 ], [ 129.7780388, 31.7436396 ], [ 129.781951099999986, 31.7473116 ], [ 129.7853365, 31.748002 ], [ 129.7893748, 31.7509587 ], [ 129.789253299999984, 31.7577395 ], [ 129.793292799999989, 31.7616049 ], [ 129.8003477, 31.7616531 ], [ 129.8018481, 31.7640743 ], [ 129.7996085, 31.7666321 ], [ 129.7964743, 31.7676151 ], [ 129.79597769999998, 31.7697154 ], [ 129.7971047, 31.7726264 ], [ 129.7959505, 31.775173100000011 ], [ 129.7931705, 31.7768166 ], [ 129.7966778, 31.7823699 ], [ 129.799369899999988, 31.7820697 ], [ 129.8027265, 31.7834359 ], [ 129.8020041, 31.7853854 ], [ 129.796763, 31.7843751 ], [ 129.792038700000035, 31.7841221 ], [ 129.7882213, 31.7863967 ], [ 129.788602199999985, 31.7889891 ] ] ], [ [ [ 129.8429342, 31.8146663 ], [ 129.8401408, 31.8169981 ], [ 129.8395921, 31.8190879 ], [ 129.833185899999989, 31.8167247 ], [ 129.827531599999986, 31.8159725 ], [ 129.8205443, 31.8126502 ], [ 129.8206899, 31.8071917 ], [ 129.8186409, 31.8016366 ], [ 129.8135565, 31.7975447 ], [ 129.815479, 31.7929455 ], [ 129.8161534, 31.7892131 ], [ 129.81512619999998, 31.7849741 ], [ 129.8180341, 31.7842142 ], [ 129.8160878, 31.7803784 ], [ 129.8169751, 31.7792674 ], [ 129.821289799999988, 31.7793734 ], [ 129.8229283, 31.7752291 ], [ 129.827618, 31.7745042 ], [ 129.8296576, 31.7754959 ], [ 129.830222100000015, 31.7810735 ], [ 129.832660299999986, 31.7832305 ], [ 129.8261129, 31.7853734 ], [ 129.8245267, 31.7880697 ], [ 129.825150399999984, 31.7899641 ], [ 129.8282678, 31.7906468 ], [ 129.832331, 31.7941313 ], [ 129.8331422, 31.7961691 ], [ 129.835632, 31.7975301 ], [ 129.8418781, 31.7966232 ], [ 129.844871499999982, 31.7985105 ], [ 129.8437609, 31.8006932 ], [ 129.8360817, 31.8054246 ], [ 129.837604299999981, 31.8085756 ], [ 129.8398499, 31.8089753 ], [ 129.8429242, 31.8128989 ], [ 129.8429342, 31.8146663 ] ] ], [ [ [ 129.84102009999998, 31.8219396 ], [ 129.8452266, 31.828871 ], [ 129.844465, 31.8299361 ], [ 129.841975, 31.8271143 ], [ 129.8393753, 31.8272336 ], [ 129.835651399999989, 31.8258737 ], [ 129.84102009999998, 31.8219396 ] ] ], [ [ [ 129.862799699999982, 31.8772963 ], [ 129.852061, 31.8830219 ], [ 129.8404543, 31.8814971 ], [ 129.837967, 31.8825373 ], [ 129.8348857, 31.8816111 ], [ 129.832236099999989, 31.8750304 ], [ 129.8278319, 31.8679928 ], [ 129.823235, 31.8635051 ], [ 129.820406099999985, 31.8632926 ], [ 129.8171381, 31.8616562 ], [ 129.8198358, 31.8524783 ], [ 129.818388199999987, 31.8511021 ], [ 129.8215717, 31.8483104 ], [ 129.8214299, 31.8429503 ], [ 129.8241645, 31.8422283 ], [ 129.8267849, 31.8437561 ], [ 129.8316916, 31.8385801 ], [ 129.8351973, 31.8374961 ], [ 129.8350586, 31.8431497 ], [ 129.833468399999987, 31.8462129 ], [ 129.8340072, 31.8536596 ], [ 129.838295099999982, 31.8568587 ], [ 129.837541, 31.8607086 ], [ 129.8395534, 31.8637061 ], [ 129.8419337, 31.8696252 ], [ 129.842946399999988, 31.8658184 ], [ 129.844718699999987, 31.8628603 ], [ 129.8424545, 31.859895 ], [ 129.8430692, 31.8572282 ], [ 129.8466684, 31.8571443 ], [ 129.8467752, 31.855416 ], [ 129.8497865, 31.854678 ], [ 129.8572211, 31.8562956 ], [ 129.8632005, 31.8592892 ], [ 129.861599, 31.8554423 ], [ 129.8527463, 31.8520288 ], [ 129.8438998, 31.8517025 ], [ 129.843228600000032, 31.8491594 ], [ 129.8457051, 31.8454355 ], [ 129.8488068, 31.8426622 ], [ 129.848924899999986, 31.8372758 ], [ 129.8477174, 31.8326812 ], [ 129.8518698, 31.8330709 ], [ 129.857360799999981, 31.8372828 ], [ 129.8623848, 31.8358345 ], [ 129.863783899999987, 31.8333225 ], [ 129.862126099999983, 31.8314092 ], [ 129.8606086, 31.8260745 ], [ 129.857116099999985, 31.8239801 ], [ 129.8571512, 31.8222949 ], [ 129.862852799999985, 31.8195379 ], [ 129.8649169, 31.8194092 ], [ 129.869663, 31.8223403 ], [ 129.8735192, 31.8203183 ], [ 129.8736094, 31.8166293 ], [ 129.8711893, 31.8128234 ], [ 129.8739931, 31.8093797 ], [ 129.8720558, 31.8047874 ], [ 129.8736452, 31.8033171 ], [ 129.8778571, 31.8073936 ], [ 129.8809815, 31.8080333 ], [ 129.883374299999986, 31.8107173 ], [ 129.8899805, 31.8112322 ], [ 129.895540399999987, 31.8133846 ], [ 129.8991503, 31.81375310000001 ], [ 129.901693, 31.8164055 ], [ 129.9035356, 31.8201166 ], [ 129.9022967, 31.8233409 ], [ 129.905509099999989, 31.8248949 ], [ 129.9076722, 31.8220806 ], [ 129.9106557, 31.8208373 ], [ 129.912591, 31.8222616 ], [ 129.9163591, 31.8211827 ], [ 129.918996099999987, 31.8169125 ], [ 129.925050199999987, 31.8195223 ], [ 129.9299868, 31.8243672 ], [ 129.930607, 31.8265457 ], [ 129.929634199999981, 31.8311636 ], [ 129.9312933, 31.8365428 ], [ 129.9292413, 31.8386267 ], [ 129.9206623, 31.8393934 ], [ 129.9212664, 31.8417313 ], [ 129.9195397, 31.8434497 ], [ 129.9200869, 31.8462743 ], [ 129.922369799999984, 31.8476425 ], [ 129.931124499999981, 31.8504438 ], [ 129.9294147, 31.8518191 ], [ 129.929688500000026, 31.8541665 ], [ 129.9280018, 31.8561712 ], [ 129.9296333, 31.8590618 ], [ 129.923820899999981, 31.8615602 ], [ 129.924025699999987, 31.8649929 ], [ 129.9258805, 31.8666555 ], [ 129.9307772, 31.8651393 ], [ 129.9317584, 31.8666569 ], [ 129.935672, 31.868234 ], [ 129.938249899999988, 31.8678139 ], [ 129.938350899999989, 31.8705281 ], [ 129.931325099999981, 31.8676047 ], [ 129.92860109999998, 31.8670192 ], [ 129.9279434, 31.8690418 ], [ 129.9209219, 31.8672974 ], [ 129.9154321, 31.8672114 ], [ 129.9080252, 31.8701797 ], [ 129.905002699999983, 31.8683098 ], [ 129.904736899999989, 31.8665948 ], [ 129.909840299999985, 31.8653374 ], [ 129.910897299999988, 31.8623534 ], [ 129.9079621, 31.8598051 ], [ 129.9092813, 31.8559399 ], [ 129.9123031, 31.8540416 ], [ 129.914333299999981, 31.854042 ], [ 129.917012799999981, 31.8520515 ], [ 129.9184924, 31.8494758 ], [ 129.9172504, 31.8471412 ], [ 129.9107247, 31.8429451 ], [ 129.9057994, 31.8441077 ], [ 129.898445, 31.8472752 ], [ 129.8965541, 31.8522954 ], [ 129.8923461, 31.8546355 ], [ 129.886313699999988, 31.8546357 ], [ 129.881537, 31.8573205 ], [ 129.8736179, 31.868036600000011 ], [ 129.862799699999982, 31.8772963 ] ] ], [ [ [ 130.58832, 31.8752644 ], [ 130.5900481, 31.8785131 ], [ 130.5894586, 31.879885 ], [ 130.5938914, 31.8797978 ], [ 130.596333099999981, 31.8830725 ], [ 130.6023778, 31.8877297 ], [ 130.606920299999985, 31.8882764 ], [ 130.6103186, 31.887255 ], [ 130.6158561, 31.8880244 ], [ 130.619493299999988, 31.8897483 ], [ 130.6182203, 31.8913664 ], [ 130.6077942, 31.8999127 ], [ 130.6134921, 31.9034089 ], [ 130.61705809999998, 31.9106223 ], [ 130.6191599, 31.9134066 ], [ 130.6185783, 31.9161758 ], [ 130.6200814, 31.9199453 ], [ 130.622206200000022, 31.9214903 ], [ 130.6203428, 31.9232542 ], [ 130.622965, 31.9246428 ], [ 130.62185420000003, 31.9298678 ], [ 130.623785, 31.9302886 ], [ 130.6278067, 31.9334589 ], [ 130.6262889, 31.9348689 ], [ 130.6251806, 31.9360008 ], [ 130.6245281, 31.9404767 ], [ 130.6216244, 31.9421892 ], [ 130.6201036, 31.9443133 ], [ 130.6193381, 31.9489669 ], [ 130.6146539, 31.9511908 ], [ 130.6134772, 31.9533436 ], [ 130.6065864, 31.9501644 ], [ 130.6071811, 31.9486589 ], [ 130.6030556, 31.9464592 ], [ 130.5974314, 31.9470847 ], [ 130.5943628, 31.9459753 ], [ 130.5927917, 31.9473075 ], [ 130.5900236, 31.9525644 ], [ 130.5782964, 31.9530747 ], [ 130.5725608, 31.9544617 ], [ 130.568279700000033, 31.9633067 ], [ 130.5644672, 31.9667594 ], [ 130.5630208, 31.9696856 ], [ 130.559115599999984, 31.9723614 ], [ 130.555939199999983, 31.9724783 ], [ 130.5524294, 31.9747336 ], [ 130.549657199999984, 31.9826875 ], [ 130.5413603, 31.9894536 ], [ 130.5353997, 31.9910481 ], [ 130.5340931, 31.9928739 ], [ 130.5330358, 31.9980092 ], [ 130.535226699999981, 32.0043286 ], [ 130.5399856, 32.0061606 ], [ 130.533253299999984, 32.0091886 ], [ 130.5308675, 32.0115653 ], [ 130.5285858, 32.0120831 ], [ 130.5218631, 32.0095753 ], [ 130.516756099999981, 32.0060894 ], [ 130.5109656, 32.0048319 ], [ 130.506880599999988, 32.0069169 ], [ 130.504054699999983, 32.0064631 ], [ 130.5002183, 32.0029464 ], [ 130.4982025, 32.0029239 ], [ 130.496654399999983, 32.0067489 ], [ 130.491618599999981, 32.0135136 ], [ 130.491659699999985, 32.0157286 ], [ 130.4870853, 32.0214503 ], [ 130.4853258, 32.0220394 ], [ 130.482545, 32.0265047 ], [ 130.4823264, 32.0294297 ], [ 130.4776436, 32.0315875 ], [ 130.4724286, 32.0319658 ], [ 130.46946939999998, 32.0309222 ], [ 130.4653214, 32.0313119 ], [ 130.4611792, 32.0293756 ], [ 130.4633608, 32.0241872 ], [ 130.461040600000018, 32.0202636 ], [ 130.4616169, 32.0165714 ], [ 130.4596508, 32.0138731 ], [ 130.456005799999986, 32.0135617 ], [ 130.456995299999988, 32.0095164 ], [ 130.453670599999981, 32.0092778 ], [ 130.4514417, 32.0074781 ], [ 130.449069399999985, 32.0075533 ], [ 130.4470211, 32.0056608 ], [ 130.444673099999989, 32.0072253 ], [ 130.4423908, 32.0106808 ], [ 130.4395069, 32.0118778 ], [ 130.4342269, 32.0113572 ], [ 130.430045799999988, 32.0124169 ], [ 130.4278428, 32.0110642 ], [ 130.415165, 32.0076647 ], [ 130.4137581, 32.0043947 ], [ 130.4149553, 32.0024469 ], [ 130.413981399999983, 31.9979931 ], [ 130.4113575, 31.9972044 ], [ 130.4081664, 31.9932658 ], [ 130.4047567, 31.995305 ], [ 130.4016239, 31.9945769 ], [ 130.3966725, 31.9946619 ], [ 130.3926731, 31.9932383 ], [ 130.391013099999981, 31.9915892 ], [ 130.380123900000029, 31.9908819 ], [ 130.373218899999983, 31.9887992 ], [ 130.3676044, 31.9881808 ], [ 130.3683417, 31.9855886 ], [ 130.367651900000027, 31.9808361 ], [ 130.3578389, 31.9838858 ], [ 130.3538797, 31.982685 ], [ 130.3542961, 31.9796181 ], [ 130.353060299999981, 31.9783103 ], [ 130.3526508, 31.9747528 ], [ 130.3496697, 31.9724244 ], [ 130.342916100000025, 31.9704578 ], [ 130.3340844, 31.9702819 ], [ 130.326675, 31.9722831 ], [ 130.3255581, 31.9740986 ], [ 130.3227953, 31.9734669 ], [ 130.3189481, 31.9774978 ], [ 130.3143939, 31.9783883 ], [ 130.3122922, 31.9772497 ], [ 130.3113406, 31.9731794 ], [ 130.3089611, 31.9717981 ], [ 130.3069453, 31.9689458 ], [ 130.30265559999998, 31.9670006 ], [ 130.3016575, 31.9603086 ], [ 130.3003819, 31.9570672 ], [ 130.296145599999988, 31.9523539 ], [ 130.2869647, 31.9516097 ], [ 130.2803944, 31.9594911 ], [ 130.2785503, 31.9589106 ], [ 130.273288899999983, 31.9629469 ], [ 130.2720725, 31.9657714 ], [ 130.2690519, 31.9654614 ], [ 130.266817799999984, 31.9668592 ], [ 130.265105799999986, 31.9641136 ], [ 130.2650928, 31.9618644 ], [ 130.2673864, 31.9563844 ], [ 130.2671881, 31.9544169 ], [ 130.268959699999982, 31.9513275 ], [ 130.2686158, 31.9455711 ], [ 130.265251899999981, 31.9411228 ], [ 130.2671756, 31.9364381 ], [ 130.26703, 31.9345044 ], [ 130.2641681, 31.9339911 ], [ 130.2631242, 31.9283025 ], [ 130.260896699999989, 31.9281392 ], [ 130.2488469, 31.9320403 ], [ 130.2473564, 31.9317028 ], [ 130.2416753, 31.9334586 ], [ 130.2383819, 31.9316161 ], [ 130.234346099999982, 31.9327464 ], [ 130.2307697, 31.9318075 ], [ 130.22668969999998, 31.9281564 ], [ 130.2200322, 31.9285548 ], [ 130.2205593, 31.9261495 ], [ 130.2198579, 31.9220303 ], [ 130.220301299999988, 31.9186387 ], [ 130.2193399, 31.9170337 ], [ 130.224239899999986, 31.9107204 ], [ 130.223191499999984, 31.9030539 ], [ 130.221252199999981, 31.8956262 ], [ 130.2169295, 31.8944767 ], [ 130.2161769, 31.8931322 ], [ 130.217385899999982, 31.8876558 ], [ 130.2126542, 31.8765941 ], [ 130.2095385, 31.8715418 ], [ 130.206777099999982, 31.8693263 ], [ 130.2030351, 31.8688145 ], [ 130.201853299999982, 31.8648953 ], [ 130.1985847, 31.8638608 ], [ 130.1968904, 31.8590673 ], [ 130.192726099999987, 31.8603345 ], [ 130.192013799999984, 31.8586362 ], [ 130.196001099999989, 31.8574176 ], [ 130.1960928, 31.8549493 ], [ 130.198802299999983, 31.8535675 ], [ 130.1952597, 31.8438997 ], [ 130.192132499999985, 31.8421189 ], [ 130.190519099999989, 31.83854 ], [ 130.187548, 31.8364269 ], [ 130.1845486, 31.8264743 ], [ 130.1801001, 31.8182163 ], [ 130.176959499999981, 31.8186083 ], [ 130.173201799999987, 31.8149041 ], [ 130.1749204, 31.8137473 ], [ 130.173148, 31.8112183 ], [ 130.174385199999989, 31.808015 ], [ 130.173186099999981, 31.8009696 ], [ 130.1709943, 31.8000632 ], [ 130.1696677, 31.7969021 ], [ 130.1666789, 31.7949123 ], [ 130.167105599999985, 31.7917438 ], [ 130.170418200000029, 31.7884269 ], [ 130.1720019, 31.7847888 ], [ 130.1762967, 31.7811607 ], [ 130.1791857, 31.7806782 ], [ 130.1802006, 31.7788197 ], [ 130.1843292, 31.7804525 ], [ 130.188189699999981, 31.7804861 ], [ 130.1911289, 31.7821619 ], [ 130.1923003, 31.7841592 ], [ 130.1917489, 31.7865083 ], [ 130.1955211, 31.78973 ], [ 130.2011814, 31.7907825 ], [ 130.2054019, 31.7906592 ], [ 130.207659700000022, 31.7889206 ], [ 130.2145864, 31.7857039 ], [ 130.2192306, 31.7866044 ], [ 130.221353599999986, 31.78788 ], [ 130.227580599999982, 31.7853325 ], [ 130.2319986, 31.7861511 ], [ 130.2345211, 31.7878561 ], [ 130.2383658, 31.7845128 ], [ 130.239945, 31.7774 ], [ 130.2446531, 31.7761914 ], [ 130.247216899999984, 31.7774708 ], [ 130.2511811, 31.7770489 ], [ 130.2550872, 31.7722375 ], [ 130.2599406, 31.7671636 ], [ 130.2648489, 31.7651144 ], [ 130.268273599999986, 31.7651606 ], [ 130.2731375, 31.760765 ], [ 130.2794017, 31.7595989 ], [ 130.2827269, 31.7584019 ], [ 130.283884699999987, 31.7553697 ], [ 130.2913606, 31.7575994 ], [ 130.2945489, 31.7573831 ], [ 130.29742, 31.7609633 ], [ 130.301571699999982, 31.761575 ], [ 130.3036856, 31.7633408 ], [ 130.31206419999998, 31.7636486 ], [ 130.317079399999983, 31.7561106 ], [ 130.3181094, 31.7514572 ], [ 130.3240381, 31.7486053 ], [ 130.326085799999987, 31.7494689 ], [ 130.3344147, 31.7496086 ], [ 130.339519699999983, 31.7522889 ], [ 130.3414611, 31.75245 ], [ 130.348264199999988, 31.7551761 ], [ 130.3509789, 31.7578619 ], [ 130.3557092, 31.7573367 ], [ 130.3589044, 31.7555861 ], [ 130.358369399999987, 31.7518136 ], [ 130.3596322, 31.7485167 ], [ 130.363153899999986, 31.7423825 ], [ 130.3678942, 31.7430981 ], [ 130.373782799999987, 31.7420092 ], [ 130.377612199999987, 31.7401881 ], [ 130.378680299999985, 31.7381028 ], [ 130.378325, 31.7345247 ], [ 130.3794517, 31.7334028 ], [ 130.378032499999989, 31.7306622 ], [ 130.381715, 31.7319058 ], [ 130.391775599999988, 31.7339114 ], [ 130.3960639, 31.7339208 ], [ 130.4023281, 31.7316861 ], [ 130.405329199999983, 31.7284558 ], [ 130.4071017, 31.7312989 ], [ 130.411314399999981, 31.7320236 ], [ 130.414460800000029, 31.7268822 ], [ 130.415023599999984, 31.7245042 ], [ 130.413284399999981, 31.7204817 ], [ 130.413263299999983, 31.7169947 ], [ 130.41503, 31.7181572 ], [ 130.4206078, 31.7189328 ], [ 130.4250108, 31.7257786 ], [ 130.426940799999983, 31.7263656 ], [ 130.4282378, 31.7288292 ], [ 130.4311947, 31.7302147 ], [ 130.43287060000003, 31.7323769 ], [ 130.4370492, 31.732975 ], [ 130.445132199999989, 31.7320303 ], [ 130.448281700000024, 31.7344022 ], [ 130.454825799999981, 31.736455 ], [ 130.4623056, 31.7345686 ], [ 130.4694361, 31.7292619 ], [ 130.4738161, 31.7301419 ], [ 130.4729361, 31.7340997 ], [ 130.4780886, 31.7380603 ], [ 130.480859399999986, 31.7394422 ], [ 130.4807294, 31.7424836 ], [ 130.482351699999981, 31.7470014 ], [ 130.4899097, 31.7505303 ], [ 130.4968106, 31.7578256 ], [ 130.50190139999998, 31.7589244 ], [ 130.50316140000001, 31.7606825 ], [ 130.5024439, 31.7631603 ], [ 130.504375, 31.7685292 ], [ 130.506100799999984, 31.7703486 ], [ 130.5023203, 31.7739519 ], [ 130.50446, 31.7767697 ], [ 130.5024569, 31.7798892 ], [ 130.501904199999984, 31.7830153 ], [ 130.5034053, 31.7851067 ], [ 130.5012519, 31.7878367 ], [ 130.5014586, 31.7912844 ], [ 130.5072983, 31.7936372 ], [ 130.512502499999982, 31.7969594 ], [ 130.514892799999984, 31.7966294 ], [ 130.5184022, 31.7999489 ], [ 130.517629199999988, 31.8020389 ], [ 130.5185611, 31.8048278 ], [ 130.5149261, 31.8089328 ], [ 130.5185, 31.8094575 ], [ 130.5212211, 31.8123592 ], [ 130.520416399999988, 31.8158481 ], [ 130.5220353, 31.8189772 ], [ 130.520364199999989, 31.8244258 ], [ 130.522685, 31.8269364 ], [ 130.524588099999988, 31.8313381 ], [ 130.527323599999988, 31.8297758 ], [ 130.5351603, 31.8346028 ], [ 130.5333, 31.8380711 ], [ 130.5368603, 31.8428994 ], [ 130.5403139, 31.8452769 ], [ 130.543123899999983, 31.8447272 ], [ 130.543275, 31.847265 ], [ 130.549308900000028, 31.8527319 ], [ 130.5534508, 31.8545425 ], [ 130.5545122, 31.8563464 ], [ 130.557282499999985, 31.8560197 ], [ 130.5614075, 31.8591553 ], [ 130.562948899999981, 31.8572806 ], [ 130.5667561, 31.8563789 ], [ 130.5747242, 31.858365 ], [ 130.5799869, 31.8643156 ], [ 130.5829181, 31.8724708 ], [ 130.58832, 31.8752644 ] ] ] ] } },
{ "type": "Feature", "properties": { "hokenjo": "大口" }, "geometry": { "type": "MultiPolygon", "coordinates": [ [ [ [ 130.4776436, 32.0315875 ], [ 130.4823264, 32.0294297 ], [ 130.482545, 32.0265047 ], [ 130.4853258, 32.0220394 ], [ 130.4870853, 32.0214503 ], [ 130.491659699999985, 32.0157286 ], [ 130.491618599999981, 32.0135136 ], [ 130.496654399999983, 32.0067489 ], [ 130.4982025, 32.0029239 ], [ 130.5002183, 32.0029464 ], [ 130.504054699999983, 32.0064631 ], [ 130.506880599999988, 32.0069169 ], [ 130.5109656, 32.0048319 ], [ 130.516756099999981, 32.0060894 ], [ 130.5218631, 32.0095753 ], [ 130.5285858, 32.0120831 ], [ 130.5308675, 32.0115653 ], [ 130.533253299999984, 32.0091886 ], [ 130.5399856, 32.0061606 ], [ 130.535226699999981, 32.0043286 ], [ 130.5330358, 31.9980092 ], [ 130.5340931, 31.9928739 ], [ 130.5353997, 31.9910481 ], [ 130.5413603, 31.9894536 ], [ 130.549657199999984, 31.9826875 ], [ 130.5524294, 31.9747336 ], [ 130.555939199999983, 31.9724783 ], [ 130.559115599999984, 31.9723614 ], [ 130.5630208, 31.9696856 ], [ 130.5644672, 31.9667594 ], [ 130.568279700000033, 31.9633067 ], [ 130.5725608, 31.9544617 ], [ 130.5782964, 31.9530747 ], [ 130.5900236, 31.9525644 ], [ 130.5927917, 31.9473075 ], [ 130.5943628, 31.9459753 ], [ 130.5974314, 31.9470847 ], [ 130.6030556, 31.9464592 ], [ 130.6071811, 31.9486589 ], [ 130.6065864, 31.9501644 ], [ 130.6134772, 31.9533436 ], [ 130.6146539, 31.9511908 ], [ 130.6193381, 31.9489669 ], [ 130.6201036, 31.9443133 ], [ 130.6216244, 31.9421892 ], [ 130.6245281, 31.9404767 ], [ 130.6251806, 31.9360008 ], [ 130.6262889, 31.9348689 ], [ 130.633179399999989, 31.9365875 ], [ 130.6388236, 31.9387858 ], [ 130.640891899999986, 31.9379797 ], [ 130.64854219999998, 31.9400058 ], [ 130.6555572, 31.94495860000001 ], [ 130.657209199999983, 31.9477433 ], [ 130.660368299999988, 31.9481267 ], [ 130.6644389, 31.9515872 ], [ 130.6658203, 31.95758 ], [ 130.6649306, 31.96044 ], [ 130.668027199999983, 31.9650942 ], [ 130.6696694, 31.9697761 ], [ 130.6727722, 31.9719942 ], [ 130.675297199999989, 31.9766119 ], [ 130.6788794, 31.9769747 ], [ 130.680814699999985, 31.9786744 ], [ 130.681384200000025, 31.9815547 ], [ 130.683602799999989, 31.98169 ], [ 130.6852728, 31.9865311 ], [ 130.6912289, 31.9898736 ], [ 130.6901431, 31.99269 ], [ 130.6912275, 31.9941711 ], [ 130.6967, 31.9970892 ], [ 130.7051864, 31.9988069 ], [ 130.7053019, 32.0020408 ], [ 130.7086803, 32.0065258 ], [ 130.7048311, 32.009799199999989 ], [ 130.702486099999987, 32.0151128 ], [ 130.7039897, 32.0199919 ], [ 130.702396400000026, 32.0233103 ], [ 130.701778099999984, 32.0295683 ], [ 130.7038594, 32.0345272 ], [ 130.7023953, 32.039425 ], [ 130.7019214, 32.0445603 ], [ 130.705017199999986, 32.0466989 ], [ 130.7022378, 32.0499842 ], [ 130.703893599999986, 32.052225 ], [ 130.7041156, 32.0553036 ], [ 130.7022872, 32.0563131 ], [ 130.7033769, 32.0585453 ], [ 130.7035597, 32.0771828 ], [ 130.70573109999998, 32.0799144 ], [ 130.7123114, 32.0816842 ], [ 130.7159853, 32.0856933 ], [ 130.7179347, 32.094746 ], [ 130.7212436, 32.098692 ], [ 130.7206017, 32.1007992 ], [ 130.7140584, 32.1039714 ], [ 130.711264799999981, 32.1039325 ], [ 130.7059542, 32.1061772 ], [ 130.702302, 32.1058053 ], [ 130.699072799999982, 32.1069992 ], [ 130.6938131, 32.1109631 ], [ 130.690107, 32.1150266 ], [ 130.6838881, 32.1186453 ], [ 130.6768448, 32.1239636 ], [ 130.6731006, 32.1256752 ], [ 130.6704392, 32.1289308 ], [ 130.6671642, 32.1280236 ], [ 130.664621399999987, 32.1298719 ], [ 130.6626384, 32.1327833 ], [ 130.6588209, 32.1332322 ], [ 130.6550095, 32.1356811 ], [ 130.6543834, 32.1375627 ], [ 130.6554031, 32.1407613 ], [ 130.6540592, 32.145368 ], [ 130.6526192, 32.1462474 ], [ 130.651643899999982, 32.1512655 ], [ 130.643257799999986, 32.1524191 ], [ 130.641248099999984, 32.1519161 ], [ 130.6368253, 32.1549277 ], [ 130.634363900000011, 32.1539144 ], [ 130.6311145, 32.1560516 ], [ 130.622696099999985, 32.1560583 ], [ 130.6211783, 32.1591805 ], [ 130.6175575, 32.1630239 ], [ 130.6153181, 32.1761863 ], [ 130.6136306, 32.177233 ], [ 130.6128244, 32.1822755 ], [ 130.610466699999989, 32.1866627 ], [ 130.6086067, 32.1873938 ], [ 130.605404199999981, 32.186526 ], [ 130.603229699999986, 32.1874994 ], [ 130.59966860000003, 32.1865683 ], [ 130.591720899999984, 32.1859577 ], [ 130.5951733, 32.1834958 ], [ 130.5967353, 32.1759211 ], [ 130.593451099999982, 32.1735914 ], [ 130.5889909, 32.1678283 ], [ 130.5866053, 32.1629295 ], [ 130.586763400000024, 32.1609942 ], [ 130.5840617, 32.1593242 ], [ 130.5826778, 32.1549136 ], [ 130.5730931, 32.1549484 ], [ 130.5695323, 32.1541139 ], [ 130.5627781, 32.1551745 ], [ 130.55750279999998, 32.1541495 ], [ 130.5461023, 32.1493459 ], [ 130.542269799999985, 32.1495634 ], [ 130.5411967, 32.1467562 ], [ 130.542702, 32.1443223 ], [ 130.5396848, 32.1396304 ], [ 130.5402351, 32.137414 ], [ 130.5337476, 32.1376873 ], [ 130.5316459, 32.1366759 ], [ 130.5272506, 32.1371357 ], [ 130.5251959, 32.1358512 ], [ 130.5207412, 32.1352393 ], [ 130.5172418, 32.1358796 ], [ 130.509212, 32.1405215 ], [ 130.504917299999988, 32.1395054 ], [ 130.4990812, 32.1354718 ], [ 130.4976279, 32.1358823 ], [ 130.4923651, 32.1336971 ], [ 130.486988699999984, 32.1352829 ], [ 130.4865979, 32.1371963 ], [ 130.482335700000021, 32.139601 ], [ 130.4769018, 32.1389876 ], [ 130.4772351, 32.1345949 ], [ 130.475549799999982, 32.1287726 ], [ 130.4763848, 32.1270907 ], [ 130.4757932, 32.1223771 ], [ 130.4795584, 32.1191796 ], [ 130.4813704, 32.1194851 ], [ 130.484732899999983, 32.1166315 ], [ 130.4821167, 32.1133932 ], [ 130.4824495, 32.1112133 ], [ 130.486703399999982, 32.1101183 ], [ 130.4895031, 32.1070683 ], [ 130.493946699999981, 32.1046636 ], [ 130.493007799999987, 32.0965381 ], [ 130.496252199999986, 32.0950139 ], [ 130.49956419999998, 32.0907078 ], [ 130.49999, 32.0882867 ], [ 130.506768099999988, 32.0851939 ], [ 130.508103299999988, 32.0776683 ], [ 130.507395299999985, 32.0762806 ], [ 130.5105608, 32.07396 ], [ 130.509744399999988, 32.0710264 ], [ 130.5131072, 32.0669744 ], [ 130.5135122, 32.0646256 ], [ 130.5087025, 32.0656278 ], [ 130.505556899999988, 32.0650025 ], [ 130.502475, 32.0615369 ], [ 130.5013011, 32.0582453 ], [ 130.4981867, 32.058055 ], [ 130.5004592, 32.0545564 ], [ 130.497896699999984, 32.0536147 ], [ 130.4977103, 32.0511167 ], [ 130.4942408, 32.0507747 ], [ 130.4948119, 32.0483803 ], [ 130.4896111, 32.0448097 ], [ 130.4902692, 32.0421783 ], [ 130.4834042, 32.0364478 ], [ 130.4792531, 32.0356122 ], [ 130.4799047, 32.0331447 ], [ 130.4776436, 32.0315875 ] ] ] ] } },
{ "type": "Feature", "properties": { "hokenjo": "徳之島" }, "geometry": { "type": "MultiPolygon", "coordinates": [ [ [ [ 128.4404628, 27.0658189 ], [ 128.4319975, 27.0681108 ], [ 128.428075799999988, 27.0679617 ], [ 128.421273900000017, 27.0659122 ], [ 128.415209399999981, 27.0598925 ], [ 128.415707199999986, 27.0576017 ], [ 128.413676500000037, 27.051189 ], [ 128.4143905, 27.0490879 ], [ 128.4114888, 27.0475471 ], [ 128.407384899999983, 27.0472981 ], [ 128.4033875, 27.0501975 ], [ 128.399105599999984, 27.0512678 ], [ 128.3955306, 27.0480203 ], [ 128.3959022, 27.0449169 ], [ 128.3977103, 27.0422536 ], [ 128.3973728, 27.0390339 ], [ 128.3983175, 27.0370514 ], [ 128.4009922, 27.0386311 ], [ 128.405615, 27.0382853 ], [ 128.4094158, 27.0345564 ], [ 128.409549199999987, 27.0316636 ], [ 128.4124822, 27.0283164 ], [ 128.4166606, 27.0284542 ], [ 128.4179878, 27.0294394 ], [ 128.42106, 27.0279844 ], [ 128.4201967, 27.0265214 ], [ 128.4229833, 27.0232914 ], [ 128.4248556, 27.0226706 ], [ 128.4308897, 27.0228311 ], [ 128.434044199999988, 27.0213833 ], [ 128.437757799999986, 27.0219836 ], [ 128.4420953, 27.0213314 ], [ 128.44528889999998, 27.019015 ], [ 128.449925, 27.0203383 ], [ 128.457400799999988, 27.0236222 ], [ 128.4576681, 27.027365 ], [ 128.4563628, 27.0282889 ], [ 128.455001899999985, 27.0321428 ], [ 128.453465, 27.0404319 ], [ 128.4535908, 27.0452225 ], [ 128.4551069, 27.0476981 ], [ 128.4535658, 27.0516819 ], [ 128.4493647, 27.0547856 ], [ 128.4466697, 27.0599236 ], [ 128.4404628, 27.0658189 ] ] ], [ [ [ 128.6169783, 27.3561803 ], [ 128.6219342, 27.3591994 ], [ 128.623980599999982, 27.3622014 ], [ 128.6264736, 27.3636342 ], [ 128.6316089, 27.3652478 ], [ 128.6360867, 27.3652433 ], [ 128.6384289, 27.3673844 ], [ 128.6417439, 27.3720047 ], [ 128.64399419999998, 27.3730928 ], [ 128.6447289, 27.3761239 ], [ 128.6476472, 27.3787939 ], [ 128.648333300000019, 27.3806531 ], [ 128.651903299999987, 27.3835847 ], [ 128.656567199999984, 27.3896497 ], [ 128.6593229, 27.3954928 ], [ 128.6628843, 27.3956144 ], [ 128.6631432, 27.3990269 ], [ 128.6649414, 27.4029361 ], [ 128.6679172, 27.4036261 ], [ 128.674268899999987, 27.4119272 ], [ 128.6772461, 27.4141197 ], [ 128.6871194, 27.4159514 ], [ 128.6905925, 27.4188214 ], [ 128.6951544, 27.4193964 ], [ 128.6960058, 27.4214997 ], [ 128.698391099999981, 27.4232392 ], [ 128.701236099999988, 27.4238628 ], [ 128.7057486, 27.4284411 ], [ 128.7080303, 27.4285539 ], [ 128.7085928, 27.4306364 ], [ 128.71373939999998, 27.4347928 ], [ 128.7112367, 27.4388742 ], [ 128.703869699999984, 27.4405983 ], [ 128.6914586, 27.4407911 ], [ 128.68886329999998, 27.4378425 ], [ 128.684250599999984, 27.4369389 ], [ 128.6835072, 27.4336183 ], [ 128.678720299999981, 27.4301081 ], [ 128.6762086, 27.4302928 ], [ 128.6714064, 27.4269903 ], [ 128.666674699999987, 27.4263425 ], [ 128.660985, 27.4232381 ], [ 128.6549492, 27.4235136 ], [ 128.6517389, 27.4210667 ], [ 128.651037799999983, 27.4184022 ], [ 128.648082499999987, 27.4187794 ], [ 128.6419541, 27.4146217 ], [ 128.6388533, 27.4136736 ], [ 128.6349353, 27.4093175 ], [ 128.630991099999989, 27.4081383 ], [ 128.6265492, 27.4082567 ], [ 128.6212261, 27.4048875 ], [ 128.61801029999998, 27.40536 ], [ 128.6131206, 27.4090981 ], [ 128.6090414, 27.4047339 ], [ 128.6036536, 27.4044244 ], [ 128.5974842, 27.4006969 ], [ 128.5964233, 27.3978378 ], [ 128.593296899999984, 27.3972569 ], [ 128.591050599999988, 27.3995022 ], [ 128.5842539, 27.4006375 ], [ 128.57765329999998, 27.4011397 ], [ 128.5668083, 27.3977808 ], [ 128.5653442, 27.3989039 ], [ 128.5620428, 27.3964903 ], [ 128.558863299999985, 27.3957531 ], [ 128.553249099999988, 27.3964359 ], [ 128.5520622, 27.3974675 ], [ 128.5484775, 27.3974322 ], [ 128.5427697, 27.4001833 ], [ 128.5411072, 27.4000603 ], [ 128.536975, 27.4051425 ], [ 128.5331244, 27.4052425 ], [ 128.5295458, 27.4019936 ], [ 128.5283203, 27.3978322 ], [ 128.5267844, 27.3967478 ], [ 128.5236128, 27.3909675 ], [ 128.5231, 27.3852322 ], [ 128.521209199999987, 27.3800667 ], [ 128.5200486, 27.3731731 ], [ 128.5233275, 27.3679067 ], [ 128.5246961, 27.3624444 ], [ 128.5262338, 27.3607322 ], [ 128.529646899999989, 27.3540997 ], [ 128.5314789, 27.3486022 ], [ 128.534955, 27.3449856 ], [ 128.543321099999986, 27.3372239 ], [ 128.5490203, 27.3337375 ], [ 128.5502133, 27.3324164 ], [ 128.555210599999981, 27.3299494 ], [ 128.5597522, 27.3290547 ], [ 128.5663395, 27.3306522 ], [ 128.568149, 27.3298649 ], [ 128.5770231, 27.3321637 ], [ 128.5789197, 27.331265 ], [ 128.5826475, 27.3335686 ], [ 128.588006899999982, 27.3357167 ], [ 128.5925025, 27.3368192 ], [ 128.5960967, 27.3397369 ], [ 128.5989717, 27.3399506 ], [ 128.601844699999987, 27.3428461 ], [ 128.60693329999998, 27.34467 ], [ 128.608947500000028, 27.349085 ], [ 128.612651699999986, 27.3493931 ], [ 128.6151697, 27.3516833 ], [ 128.6169783, 27.3561803 ] ] ], [ [ [ 128.9985278, 27.6919633 ], [ 128.998190599999987, 27.69578 ], [ 128.9989747, 27.6972267 ], [ 129.0052489, 27.7005503 ], [ 129.0031636, 27.7022656 ], [ 129.0032397, 27.7045731 ], [ 129.0050903, 27.7062717 ], [ 129.0058733, 27.7090642 ], [ 129.0079086, 27.711025 ], [ 129.0140525, 27.713989 ], [ 129.0173733, 27.7140445 ], [ 129.017997399999985, 27.7156482 ], [ 129.0216624, 27.7183015 ], [ 129.021218399999981, 27.7210587 ], [ 129.0191546, 27.7244231 ], [ 129.0231168, 27.7364471 ], [ 129.0232019, 27.7382446 ], [ 129.020954099999983, 27.7420186 ], [ 129.022677499999986, 27.7427024 ], [ 129.026001799999989, 27.7415017 ], [ 129.0287773, 27.7445797 ], [ 129.032238399999983, 27.7465735 ], [ 129.0340961, 27.7545764 ], [ 129.0366942, 27.7570372 ], [ 129.0378581, 27.7623903 ], [ 129.037691099999989, 27.7682364 ], [ 129.0357467, 27.7724086 ], [ 129.0327433, 27.7752081 ], [ 129.0227606, 27.7763169 ], [ 129.0207312, 27.7779802 ], [ 129.0148697, 27.7809048 ], [ 129.0147833, 27.7864383 ], [ 129.0095447, 27.7931019 ], [ 129.0052508, 27.7960247 ], [ 129.001544199999984, 27.7999228 ], [ 128.997887800000029, 27.8021808 ], [ 128.997048899999982, 27.8057456 ], [ 128.990574399999986, 27.8041097 ], [ 128.9860175, 27.8043297 ], [ 128.9811528, 27.8122078 ], [ 128.974938899999984, 27.8144197 ], [ 128.973626699999983, 27.8162517 ], [ 128.970797799999986, 27.8159922 ], [ 128.9685778, 27.8181644 ], [ 128.9690469, 27.8204242 ], [ 128.9664211, 27.8237275 ], [ 128.9663956, 27.8270058 ], [ 128.968196899999981, 27.8303517 ], [ 128.971184199999982, 27.8313956 ], [ 128.9698831, 27.8376328 ], [ 128.9677422, 27.8378617 ], [ 128.965564199999989, 27.8410122 ], [ 128.9672722, 27.8450664 ], [ 128.9699047, 27.8451553 ], [ 128.9716708, 27.8502742 ], [ 128.9716483, 27.8551539 ], [ 128.9684714, 27.8585453 ], [ 128.9613939, 27.8580203 ], [ 128.9567222, 27.8593856 ], [ 128.955998400000027, 27.8628087 ], [ 128.9587172, 27.8658308 ], [ 128.963169199999982, 27.8685831 ], [ 128.965227199999987, 27.8711094 ], [ 128.968013899999988, 27.8721194 ], [ 128.9707972, 27.8713764 ], [ 128.9759094, 27.8725956 ], [ 128.974697500000019, 27.8763114 ], [ 128.975134199999985, 27.8781914 ], [ 128.972717499999987, 27.8792608 ], [ 128.9703431, 27.8846667 ], [ 128.9688133, 27.8863372 ], [ 128.9691431, 27.8893781 ], [ 128.9723047, 27.8919664 ], [ 128.969543099999981, 27.8928792 ], [ 128.9561594, 27.8903144 ], [ 128.949323099999987, 27.8898072 ], [ 128.9475472, 27.8904289 ], [ 128.9412211, 27.8906344 ], [ 128.936542799999984, 27.8917808 ], [ 128.9330828, 27.8896975 ], [ 128.929187, 27.8897962 ], [ 128.927605799999981, 27.8886267 ], [ 128.9187503, 27.8904228 ], [ 128.9125358, 27.8925136 ], [ 128.9080614, 27.8925767 ], [ 128.905270299999984, 27.8939569 ], [ 128.9011817, 27.8933036 ], [ 128.896945, 27.8908517 ], [ 128.8958017, 27.8882317 ], [ 128.8918792, 27.8828844 ], [ 128.8887953, 27.8769644 ], [ 128.8901928, 27.8733817 ], [ 128.88817419999998, 27.8687678 ], [ 128.8882997, 27.8651022 ], [ 128.8931911, 27.8613558 ], [ 128.8932653, 27.858185 ], [ 128.8909411, 27.8563817 ], [ 128.8919353, 27.8525771 ], [ 128.8898692, 27.8509086 ], [ 128.8893544, 27.8485333 ], [ 128.8869994, 27.8456931 ], [ 128.8874356, 27.8426194 ], [ 128.886324699999989, 27.8403756 ], [ 128.8839889, 27.8395353 ], [ 128.883207299999981, 27.8463398 ], [ 128.8815275, 27.8464815 ], [ 128.8791194, 27.8265092 ], [ 128.88041579999998, 27.8245131 ], [ 128.8875242, 27.81968 ], [ 128.8915719, 27.8194228 ], [ 128.8912631, 27.8147456 ], [ 128.8887938, 27.8128569 ], [ 128.8906256, 27.8112208 ], [ 128.887335800000017, 27.8070472 ], [ 128.8883419, 27.8014208 ], [ 128.8899944, 27.8014658 ], [ 128.8901153, 27.7963653 ], [ 128.888166399999989, 27.7946994 ], [ 128.8883586, 27.7906767 ], [ 128.8898939, 27.7867586 ], [ 128.893819399999984, 27.7858422 ], [ 128.8954369, 27.7834383 ], [ 128.895028599999989, 27.7775992 ], [ 128.8964661, 27.7755917 ], [ 128.8968975, 27.7719042 ], [ 128.900258899999983, 27.7700994 ], [ 128.9014417, 27.7682825 ], [ 128.9061758, 27.7654897 ], [ 128.907212499999986, 27.7633325 ], [ 128.906360899999981, 27.7603045 ], [ 128.9034681, 27.7571747 ], [ 128.9031583, 27.7531608 ], [ 128.9009911, 27.7505089 ], [ 128.902209199999987, 27.7471486 ], [ 128.899782499999986, 27.7448906 ], [ 128.899738899999988, 27.7360183 ], [ 128.891691399999985, 27.7310089 ], [ 128.889111899999989, 27.7275744 ], [ 128.885357199999987, 27.7245231 ], [ 128.8811172, 27.7244628 ], [ 128.8810153, 27.7222589 ], [ 128.886250599999983, 27.7168719 ], [ 128.8882467, 27.7135847 ], [ 128.893491399999988, 27.7079869 ], [ 128.8957533, 27.7073458 ], [ 128.8982854, 27.7083613 ], [ 128.9023839, 27.7060711 ], [ 128.9051633, 27.7028839 ], [ 128.9107592, 27.7011111 ], [ 128.9136872, 27.6979797 ], [ 128.9165644, 27.6962533 ], [ 128.9197986, 27.6883047 ], [ 128.9200869, 27.6826867 ], [ 128.9212292, 27.6799419 ], [ 128.9203503, 27.6782653 ], [ 128.9205236, 27.6742303 ], [ 128.9257964, 27.6659664 ], [ 128.9362136, 27.6609958 ], [ 128.939899199999985, 27.6620567 ], [ 128.9455586, 27.6627825 ], [ 128.947745, 27.6637103 ], [ 128.952609199999984, 27.6635603 ], [ 128.957585599999987, 27.6658433 ], [ 128.960428899999982, 27.6663172 ], [ 128.9625442, 27.66924 ], [ 128.9657506, 27.6709687 ], [ 128.974763599999989, 27.6684667 ], [ 128.9821564, 27.6684392 ], [ 128.9878833, 27.6711475 ], [ 128.98903, 27.6744144 ], [ 128.9917825, 27.6767733 ], [ 128.9950586, 27.6819531 ], [ 128.9975997, 27.6844922 ], [ 129.000102199999986, 27.6906075 ], [ 128.9985278, 27.6919633 ] ] ] ] } },
{ "type": "Feature", "properties": { "hokenjo": "名瀬" }, "geometry": { "type": "MultiPolygon", "coordinates": [ [ [ [ 129.2259522, 28.0445392 ], [ 129.2185072, 28.0508358 ], [ 129.2166853, 28.0546542 ], [ 129.213932199999988, 28.0549753 ], [ 129.21269060000003, 28.0530858 ], [ 129.213265799999988, 28.0482031 ], [ 129.2118419, 28.0454608 ], [ 129.205907199999984, 28.0414222 ], [ 129.204970299999985, 28.0388419 ], [ 129.2055556, 28.0342997 ], [ 129.210348600000032, 28.0298939 ], [ 129.211536099999989, 28.0228317 ], [ 129.214368899999982, 28.0209967 ], [ 129.217098599999986, 28.0233067 ], [ 129.225740799999983, 28.0252256 ], [ 129.23502, 28.0232367 ], [ 129.2378364, 28.0214483 ], [ 129.239780599999989, 28.0185661 ], [ 129.2428836, 28.0193494 ], [ 129.247950299999985, 28.0169108 ], [ 129.2491583, 28.0172531 ], [ 129.253322199999985, 28.0141011 ], [ 129.2557606, 28.0100675 ], [ 129.2553158, 28.0085369 ], [ 129.2572678, 28.0051339 ], [ 129.2609147, 28.0068222 ], [ 129.260931699999986, 28.0091486 ], [ 129.264763099999982, 28.0106858 ], [ 129.2694019, 28.0173181 ], [ 129.2673456, 28.0179047 ], [ 129.2661631, 28.0203472 ], [ 129.2670147, 28.0227622 ], [ 129.2697478, 28.0259919 ], [ 129.267904700000031, 28.0280825 ], [ 129.267695299999986, 28.0304936 ], [ 129.2693439, 28.0324292 ], [ 129.267657499999984, 28.0355217 ], [ 129.26569809999998, 28.0364794 ], [ 129.2622011, 28.0355564 ], [ 129.2594494, 28.0314675 ], [ 129.254313599999989, 28.0304083 ], [ 129.2529169, 28.0323741 ], [ 129.254207799999989, 28.0341897 ], [ 129.2528758, 28.0368308 ], [ 129.2498031, 28.0390908 ], [ 129.2477692, 28.0394489 ], [ 129.243029399999983, 28.0331275 ], [ 129.2393425, 28.0308481 ], [ 129.23577, 28.0310286 ], [ 129.2305572, 28.0340753 ], [ 129.2316897, 28.0370989 ], [ 129.2259522, 28.0445392 ] ] ], [ [ [ 129.1706169, 28.0580586 ], [ 129.169784199999981, 28.0622169 ], [ 129.173097499999983, 28.0656169 ], [ 129.172517199999987, 28.0688633 ], [ 129.1661489, 28.0678958 ], [ 129.1644078, 28.0657636 ], [ 129.16412889999998, 28.0616819 ], [ 129.1618383, 28.0597228 ], [ 129.1587886, 28.0597578 ], [ 129.1580497, 28.0541706 ], [ 129.1566258, 28.0519589 ], [ 129.151882799999981, 28.0497017 ], [ 129.1505211, 28.0474242 ], [ 129.149208099999981, 28.0360875 ], [ 129.1472425, 28.0355628 ], [ 129.146155599999986, 28.0327967 ], [ 129.1471108, 28.0303025 ], [ 129.1446575, 28.0282883 ], [ 129.145067499999982, 28.0253186 ], [ 129.1439503, 28.0233222 ], [ 129.1444419, 28.018955 ], [ 129.1459739, 28.0185989 ], [ 129.1476894, 28.0139422 ], [ 129.1498206, 28.01375 ], [ 129.1537619, 28.01835 ], [ 129.1593744, 28.0174378 ], [ 129.161108899999988, 28.0197675 ], [ 129.165514699999989, 28.0214242 ], [ 129.163829199999981, 28.0243183 ], [ 129.1648333, 28.0304794 ], [ 129.167032799999987, 28.0345717 ], [ 129.1688619, 28.0347814 ], [ 129.1700706, 28.0373883 ], [ 129.1684928, 28.0403258 ], [ 129.165360599999985, 28.0426664 ], [ 129.166110799999984, 28.0462156 ], [ 129.1720531, 28.0486794 ], [ 129.1770003, 28.0476958 ], [ 129.176128899999981, 28.0505942 ], [ 129.174005599999987, 28.0531892 ], [ 129.172591100000034, 28.0573236 ], [ 129.1706169, 28.0580586 ] ] ], [ [ [ 129.1847803, 28.0447756 ], [ 129.1884297, 28.0443461 ], [ 129.1909125, 28.0462633 ], [ 129.1896094, 28.0478783 ], [ 129.1847803, 28.0447756 ] ] ], [ [ [ 129.172525, 28.1171722 ], [ 129.171094399999987, 28.1196889 ], [ 129.1663106, 28.1211936 ], [ 129.1646694, 28.1228875 ], [ 129.160505799999981, 28.1225289 ], [ 129.1593933, 28.1209517 ], [ 129.161987499999981, 28.1184925 ], [ 129.1626206, 28.1159586 ], [ 129.167011700000018, 28.1168328 ], [ 129.171045, 28.1148525 ], [ 129.1737872, 28.1092544 ], [ 129.1768731, 28.1109322 ], [ 129.1754161, 28.1153989 ], [ 129.172525, 28.1171722 ] ] ], [ [ [ 129.14677, 28.1290025 ], [ 129.147788599999984, 28.1272281 ], [ 129.150261699999987, 28.1272675 ], [ 129.1507578, 28.1322461 ], [ 129.1475192, 28.1319567 ], [ 129.14677, 28.1290025 ] ] ], [ [ [ 129.170085299999982, 28.1917247 ], [ 129.1706, 28.1939417 ], [ 129.1728292, 28.1965825 ], [ 129.1699197, 28.198585 ], [ 129.167736099999985, 28.1956625 ], [ 129.1644636, 28.193355 ], [ 129.170085299999982, 28.1917247 ] ] ], [ [ [ 129.1348869, 28.2551944 ], [ 129.1357497, 28.2529319 ], [ 129.138168899999982, 28.2519844 ], [ 129.1436694, 28.2516572 ], [ 129.144669199999981, 28.2501167 ], [ 129.1433131, 28.2476739 ], [ 129.1457006, 28.2462917 ], [ 129.1483872, 28.2469519 ], [ 129.15031, 28.2458856 ], [ 129.1522583, 28.2368136 ], [ 129.1583128, 28.2381283 ], [ 129.1603819, 28.2369997 ], [ 129.1628522, 28.2381847 ], [ 129.161368899999985, 28.2409039 ], [ 129.163062199999985, 28.2430536 ], [ 129.1698108, 28.2427831 ], [ 129.17113089999998, 28.2403572 ], [ 129.173325, 28.2392906 ], [ 129.173318599999988, 28.2359564 ], [ 129.1756872, 28.2311383 ], [ 129.17598, 28.2271722 ], [ 129.1775142, 28.2239906 ], [ 129.1814425, 28.2239172 ], [ 129.1857525, 28.2217847 ], [ 129.189916399999987, 28.2231839 ], [ 129.1913614, 28.2268117 ], [ 129.194616599999989, 28.2277412 ], [ 129.2000328, 28.2253733 ], [ 129.201267799999982, 28.2227839 ], [ 129.205316899999985, 28.2185811 ], [ 129.209398099999987, 28.2197206 ], [ 129.212995, 28.2191169 ], [ 129.2126514, 28.2212214 ], [ 129.214064399999984, 28.2243019 ], [ 129.2139714, 28.2272331 ], [ 129.216824699999989, 28.2292506 ], [ 129.2190558, 28.2286575 ], [ 129.2200044, 28.2246239 ], [ 129.2218317, 28.2221753 ], [ 129.224302199999983, 28.2221981 ], [ 129.229815799999983, 28.2189711 ], [ 129.23163, 28.2208894 ], [ 129.23708, 28.2192028 ], [ 129.239053899999988, 28.2192647 ], [ 129.2418872, 28.2167656 ], [ 129.2425178, 28.2135892 ], [ 129.2422506, 28.2090361 ], [ 129.2456697, 28.2043536 ], [ 129.251132499999983, 28.2035525 ], [ 129.2544053, 28.2050478 ], [ 129.257085599999982, 28.2050761 ], [ 129.2568753, 28.2101086 ], [ 129.2527111, 28.2123314 ], [ 129.249317499999989, 28.2121339 ], [ 129.2487253, 28.2156994 ], [ 129.2513739, 28.2160381 ], [ 129.254194399999989, 28.2193556 ], [ 129.252424400000024, 28.2210536 ], [ 129.254117800000017, 28.2242411 ], [ 129.251834299999985, 28.2279352 ], [ 129.253093899999982, 28.232239 ], [ 129.2545763, 28.2334798 ], [ 129.257634699999983, 28.2314703 ], [ 129.2620767, 28.2320653 ], [ 129.2637828, 28.2259964 ], [ 129.266329399999989, 28.2320614 ], [ 129.2685961, 28.2281856 ], [ 129.2719708, 28.2296808 ], [ 129.273180599999989, 28.2315708 ], [ 129.276369599999981, 28.2324649 ], [ 129.2775274, 28.2279206 ], [ 129.2744667, 28.2262786 ], [ 129.276249399999983, 28.2249078 ], [ 129.2694242, 28.2221261 ], [ 129.2686919, 28.2186172 ], [ 129.2624269, 28.2180525 ], [ 129.2616692, 28.2154572 ], [ 129.2670114, 28.2145606 ], [ 129.271181399999989, 28.2164281 ], [ 129.2735947, 28.2160106 ], [ 129.2773258, 28.2185722 ], [ 129.2798022, 28.2189164 ], [ 129.2802989, 28.2212692 ], [ 129.2879456, 28.2216419 ], [ 129.28993, 28.2225131 ], [ 129.2952592, 28.2195419 ], [ 129.2903589, 28.2160453 ], [ 129.287449399999986, 28.21165 ], [ 129.2845522, 28.2129928 ], [ 129.2821267, 28.2113 ], [ 129.2801364, 28.2082286 ], [ 129.2750531, 28.2085578 ], [ 129.272843599999987, 28.2072656 ], [ 129.272797199999985, 28.1994303 ], [ 129.271328899999986, 28.1969806 ], [ 129.2686483, 28.1971833 ], [ 129.2644589, 28.1932733 ], [ 129.2661589, 28.1913269 ], [ 129.2657386, 28.1894369 ], [ 129.2625428, 28.1861983 ], [ 129.263141099999984, 28.1830614 ], [ 129.2663947, 28.1832025 ], [ 129.268381399999981, 28.1816286 ], [ 129.273875799999985, 28.1817078 ], [ 129.2751175, 28.1835472 ], [ 129.274461699999989, 28.1863344 ], [ 129.2798225, 28.1873894 ], [ 129.2797589, 28.1895333 ], [ 129.281968299999988, 28.1905547 ], [ 129.2804875, 28.1939683 ], [ 129.2811744, 28.1973908 ], [ 129.283299199999988, 28.1974403 ], [ 129.2831842, 28.1944703 ], [ 129.2848842, 28.1932178 ], [ 129.2852661, 28.1906564 ], [ 129.2894345, 28.1896122 ], [ 129.2874186, 28.1851556 ], [ 129.283184399999982, 28.1821708 ], [ 129.2847447, 28.1791522 ], [ 129.2875842, 28.1795194 ], [ 129.2894942, 28.1814658 ], [ 129.2922342, 28.1822581 ], [ 129.294468599999988, 28.1781229 ], [ 129.2922958, 28.1750286 ], [ 129.292079699999988, 28.1725175 ], [ 129.2947781, 28.1728286 ], [ 129.2974117, 28.1715781 ], [ 129.2967922, 28.1679083 ], [ 129.292045799999983, 28.1661083 ], [ 129.288661099999985, 28.1684328 ], [ 129.2868928, 28.1674511 ], [ 129.2872236, 28.1630444 ], [ 129.292090799999983, 28.1621364 ], [ 129.297404299999982, 28.1595945 ], [ 129.2946992, 28.1553886 ], [ 129.2914611, 28.1534364 ], [ 129.2958639, 28.1509989 ], [ 129.295673099999988, 28.1484658 ], [ 129.299495399999984, 28.150219 ], [ 129.3021129, 28.1500505 ], [ 129.303852799999987, 28.1480187 ], [ 129.3093662, 28.1467682 ], [ 129.3084393, 28.1449102 ], [ 129.3159259, 28.1430872 ], [ 129.3202943, 28.1366669 ], [ 129.3215793, 28.1359504 ], [ 129.3219282, 28.1324666 ], [ 129.3261267, 28.1354511 ], [ 129.3308927, 28.1344988 ], [ 129.3330894, 28.1291433 ], [ 129.3378736, 28.1322692 ], [ 129.3379361, 28.1366797 ], [ 129.3414233, 28.1386392 ], [ 129.3449378, 28.1385989 ], [ 129.3483583, 28.1311017 ], [ 129.351119399999988, 28.1321456 ], [ 129.3543575, 28.1357906 ], [ 129.356043299999982, 28.1364678 ], [ 129.3603506, 28.1349167 ], [ 129.360395, 28.1316136 ], [ 129.36705, 28.1303186 ], [ 129.365079399999985, 28.1278142 ], [ 129.3603383, 28.1267636 ], [ 129.363856699999985, 28.1230794 ], [ 129.361967199999981, 28.1201228 ], [ 129.363666099999989, 28.1187014 ], [ 129.3679603, 28.1176294 ], [ 129.3690736, 28.1161739 ], [ 129.3664272, 28.1122356 ], [ 129.3702889, 28.1109833 ], [ 129.3731453, 28.1127944 ], [ 129.376841399999989, 28.1112714 ], [ 129.380314699999985, 28.1129753 ], [ 129.3787433, 28.11473 ], [ 129.378908599999988, 28.1170319 ], [ 129.3772736, 28.1185497 ], [ 129.378329399999984, 28.1258053 ], [ 129.3717514, 28.1297264 ], [ 129.369925, 28.1351425 ], [ 129.369295, 28.1405083 ], [ 129.3634161, 28.1488183 ], [ 129.3601081, 28.1487678 ], [ 129.3573533, 28.1497886 ], [ 129.3555208, 28.1522542 ], [ 129.356233299999985, 28.15358 ], [ 129.3547, 28.1564292 ], [ 129.3525306, 28.1565364 ], [ 129.348503599999987, 28.1590525 ], [ 129.3466708, 28.1614786 ], [ 129.3435728, 28.1620483 ], [ 129.337013300000024, 28.1670694 ], [ 129.338003499999985, 28.170183 ], [ 129.34272, 28.1697103 ], [ 129.3479342, 28.1732153 ], [ 129.3507694, 28.1740492 ], [ 129.356245, 28.1716683 ], [ 129.35886, 28.1692933 ], [ 129.3618397, 28.1698136 ], [ 129.3633211, 28.1684942 ], [ 129.3638097, 28.1655642 ], [ 129.3630717, 28.1629744 ], [ 129.368155, 28.1654517 ], [ 129.3720358, 28.1651639 ], [ 129.3761772, 28.1635558 ], [ 129.377958300000017, 28.165435 ], [ 129.381609699999984, 28.1657169 ], [ 129.3834794, 28.1648451 ], [ 129.3838364, 28.1608369 ], [ 129.3867625, 28.1623772 ], [ 129.395128299999982, 28.1587044 ], [ 129.3967375, 28.158885 ], [ 129.401725299999981, 28.1561375 ], [ 129.404428599999989, 28.1571361 ], [ 129.405605, 28.1669592 ], [ 129.4036647, 28.1692442 ], [ 129.407375799999983, 28.1707789 ], [ 129.407961699999987, 28.1740964 ], [ 129.4078144, 28.1801164 ], [ 129.409247199999982, 28.1823056 ], [ 129.4076872, 28.1842125 ], [ 129.4039756, 28.1848103 ], [ 129.4025939, 28.1864972 ], [ 129.4033575, 28.1914 ], [ 129.4062731, 28.1936231 ], [ 129.410615299999989, 28.1923653 ], [ 129.4131047, 28.1893806 ], [ 129.414938299999989, 28.1902947 ], [ 129.418529399999983, 28.1873833 ], [ 129.4210186, 28.1899222 ], [ 129.4301017, 28.1934506 ], [ 129.4309122, 28.1961061 ], [ 129.433255, 28.19882 ], [ 129.437081399999983, 28.1988594 ], [ 129.441092199999986, 28.1967944 ], [ 129.444364399999984, 28.1989839 ], [ 129.449572499999988, 28.1973592 ], [ 129.453526399999987, 28.1995256 ], [ 129.4520297, 28.20462 ], [ 129.4543919, 28.2044733 ], [ 129.4558561, 28.2082986 ], [ 129.459949699999981, 28.2094553 ], [ 129.4621778, 28.2113567 ], [ 129.4694614, 28.2122539 ], [ 129.4706519, 28.2081578 ], [ 129.47680219999998, 28.2106292 ], [ 129.475044699999984, 28.2172469 ], [ 129.4713772, 28.2186519 ], [ 129.4716383, 28.2212697 ], [ 129.4655325, 28.2254389 ], [ 129.4582236, 28.2289425 ], [ 129.456981899999988, 28.2319778 ], [ 129.4527736, 28.2323781 ], [ 129.4517994, 28.2298561 ], [ 129.448891400000036, 28.2289617 ], [ 129.444032199999981, 28.2296078 ], [ 129.4398047, 28.2321861 ], [ 129.439568899999983, 28.2344878 ], [ 129.436665799999986, 28.2350183 ], [ 129.4349147, 28.2375231 ], [ 129.432890300000025, 28.2382789 ], [ 129.428917499999983, 28.2370772 ], [ 129.426408899999984, 28.2415058 ], [ 129.422775299999984, 28.2424137 ], [ 129.417656099999988, 28.2425078 ], [ 129.4117422, 28.2465478 ], [ 129.408466, 28.2471949 ], [ 129.407760599999989, 28.2504364 ], [ 129.411599699999982, 28.2495567 ], [ 129.4189022, 28.2489247 ], [ 129.42171, 28.2495172 ], [ 129.428299399999986, 28.2488289 ], [ 129.430686899999984, 28.2479153 ], [ 129.433673100000021, 28.2483778 ], [ 129.4361367, 28.2455344 ], [ 129.4391867, 28.2449478 ], [ 129.4427839, 28.24567 ], [ 129.4458586, 28.2486094 ], [ 129.443171899999982, 28.2508831 ], [ 129.445011699999981, 28.2530494 ], [ 129.4451206, 28.2556631 ], [ 129.4488931, 28.2612897 ], [ 129.4526631, 28.2625333 ], [ 129.4532419, 28.2643433 ], [ 129.4584069, 28.2645097 ], [ 129.459970299999981, 28.2680831 ], [ 129.457873899999981, 28.2717247 ], [ 129.4570956, 28.2748861 ], [ 129.4545219, 28.2772581 ], [ 129.4549044, 28.2817006 ], [ 129.4575097, 28.2879356 ], [ 129.4551069, 28.29179 ], [ 129.4578275, 28.2956319 ], [ 129.461822499999982, 28.2973586 ], [ 129.4629286, 28.2962614 ], [ 129.4675447, 28.2961789 ], [ 129.4680942, 28.2932486 ], [ 129.473869399999984, 28.2949803 ], [ 129.47612669999998, 28.2940869 ], [ 129.48031, 28.2892253 ], [ 129.486287200000021, 28.2895242 ], [ 129.489663600000029, 28.2920506 ], [ 129.4919917, 28.2949225 ], [ 129.4948206, 28.2965361 ], [ 129.4964022, 28.2958931 ], [ 129.4999939, 28.2983022 ], [ 129.507104199999986, 28.2983133 ], [ 129.509171899999984, 28.29968 ], [ 129.515284399999985, 28.3014956 ], [ 129.5188717, 28.3007339 ], [ 129.5225031, 28.3021106 ], [ 129.5259369, 28.3052022 ], [ 129.530261699999983, 28.3043853 ], [ 129.5337661, 28.3066403 ], [ 129.5377044, 28.3064492 ], [ 129.5414125, 28.3085647 ], [ 129.544868899999983, 28.3122438 ], [ 129.5430686, 28.3159667 ], [ 129.5411508, 28.3157972 ], [ 129.537391900000017, 28.3195264 ], [ 129.53511, 28.31949 ], [ 129.532740599999983, 28.3240622 ], [ 129.5331864, 28.3269056 ], [ 129.535777199999984, 28.3279008 ], [ 129.5367669, 28.3305106 ], [ 129.539072500000032, 28.3310742 ], [ 129.545896699999986, 28.3308658 ], [ 129.548611099999988, 28.3299183 ], [ 129.550509399999981, 28.3320733 ], [ 129.5530578, 28.3321806 ], [ 129.555523600000015, 28.3343469 ], [ 129.5571675, 28.3322256 ], [ 129.5624231, 28.3328125 ], [ 129.5657642, 28.3357586 ], [ 129.565549399999981, 28.3385444 ], [ 129.567564399999981, 28.3415119 ], [ 129.5696175, 28.3426064 ], [ 129.5708539, 28.3453544 ], [ 129.574783599999989, 28.3480064 ], [ 129.5765228, 28.3543861 ], [ 129.581192500000014, 28.3587234 ], [ 129.583617299999986, 28.3596351 ], [ 129.583605799999987, 28.3633787 ], [ 129.585425499999985, 28.365458 ], [ 129.589699599999989, 28.3642091 ], [ 129.593133599999987, 28.3667125 ], [ 129.594575599999985, 28.375456 ], [ 129.5962819, 28.3767992 ], [ 129.597700299999985, 28.3809136 ], [ 129.6035211, 28.3866078 ], [ 129.60804779999998, 28.3884533 ], [ 129.610517099999981, 28.3924007 ], [ 129.6117539, 28.399085 ], [ 129.6136811, 28.4009576 ], [ 129.621296699999988, 28.4044347 ], [ 129.6232585, 28.404086 ], [ 129.6285082, 28.4069126 ], [ 129.633815299999981, 28.4061824 ], [ 129.63552, 28.4051778 ], [ 129.6422114, 28.4035051 ], [ 129.6518414, 28.4023317 ], [ 129.6546217, 28.4011922 ], [ 129.654245299999985, 28.3984319 ], [ 129.6569747, 28.3980267 ], [ 129.6605136, 28.3988117 ], [ 129.6638447, 28.3975697 ], [ 129.665854699999983, 28.3989922 ], [ 129.6655606, 28.4011908 ], [ 129.6670636, 28.4028428 ], [ 129.666615799999988, 28.4051867 ], [ 129.6689944, 28.4087631 ], [ 129.6731839, 28.4106644 ], [ 129.6790244, 28.4111836 ], [ 129.6824392, 28.4104764 ], [ 129.6863003, 28.4134008 ], [ 129.69221109999998, 28.4139367 ], [ 129.6941386, 28.4134522 ], [ 129.6972806, 28.4169439 ], [ 129.7020915, 28.4205246 ], [ 129.7038086, 28.4239694 ], [ 129.7089575, 28.4211817 ], [ 129.7189656, 28.4391164 ], [ 129.7189497, 28.44052 ], [ 129.714255, 28.4427717 ], [ 129.7136911, 28.4468439 ], [ 129.7205731, 28.4541739 ], [ 129.722125, 28.4580286 ], [ 129.721024199999988, 28.4616056 ], [ 129.717283899999984, 28.4634194 ], [ 129.7172406, 28.4707819 ], [ 129.718863299999981, 28.4723169 ], [ 129.7180989, 28.4754278 ], [ 129.715815599999985, 28.4739217 ], [ 129.7130144, 28.4747781 ], [ 129.7102703, 28.4770042 ], [ 129.704016699999983, 28.4772636 ], [ 129.702323899999982, 28.4812431 ], [ 129.6982631, 28.4840853 ], [ 129.698325, 28.4876692 ], [ 129.6961483, 28.4884761 ], [ 129.695866699999982, 28.4922106 ], [ 129.6919475, 28.5004494 ], [ 129.690262499999989, 28.5027858 ], [ 129.691451699999988, 28.5087372 ], [ 129.693674200000032, 28.5101472 ], [ 129.6925689, 28.5181472 ], [ 129.6903528, 28.5246464 ], [ 129.6908847, 28.5268994 ], [ 129.6899625, 28.5307658 ], [ 129.684413299999989, 28.5282453 ], [ 129.6769242, 28.5265642 ], [ 129.6691633, 28.5164547 ], [ 129.6645325, 28.5099125 ], [ 129.665165799999983, 28.5070225 ], [ 129.659921699999984, 28.5058811 ], [ 129.659835600000036, 28.5016592 ], [ 129.657320299999981, 28.50003 ], [ 129.6534336, 28.5009607 ], [ 129.6480508, 28.5035664 ], [ 129.64561, 28.5005008 ], [ 129.6461736, 28.4972336 ], [ 129.6503386, 28.4948725 ], [ 129.653143900000032, 28.4903403 ], [ 129.6555917, 28.4887669 ], [ 129.65659, 28.4814586 ], [ 129.6580836, 28.4811581 ], [ 129.666205800000029, 28.4750203 ], [ 129.668701699999986, 28.4703481 ], [ 129.6717114, 28.4679703 ], [ 129.671094399999987, 28.4634144 ], [ 129.673942499999981, 28.4622033 ], [ 129.673446399999989, 28.4578438 ], [ 129.671582, 28.4559582 ], [ 129.6675625, 28.4545022 ], [ 129.6659808, 28.4474081 ], [ 129.6698711, 28.4452867 ], [ 129.6727161, 28.4424433 ], [ 129.671240899999987, 28.4404924 ], [ 129.667338299999983, 28.4388086 ], [ 129.664459699999981, 28.4404703 ], [ 129.6606597, 28.4463447 ], [ 129.661491899999987, 28.4495936 ], [ 129.6599283, 28.4530775 ], [ 129.658064699999983, 28.4594861 ], [ 129.654548299999988, 28.4610772 ], [ 129.654955799999982, 28.4645122 ], [ 129.653451099999984, 28.4682503 ], [ 129.6492106, 28.4685183 ], [ 129.6502839, 28.4637792 ], [ 129.6493625, 28.4594086 ], [ 129.652005299999985, 28.4569019 ], [ 129.6497542, 28.4531922 ], [ 129.65019, 28.4518383 ], [ 129.6482928, 28.4486764 ], [ 129.6515394, 28.4470647 ], [ 129.6522325, 28.4411581 ], [ 129.656408299999981, 28.4371664 ], [ 129.6581222, 28.4371958 ], [ 129.6589086, 28.4320658 ], [ 129.6572378, 28.4297106 ], [ 129.655728499999981, 28.4245881 ], [ 129.6517451, 28.4221967 ], [ 129.6503314, 28.425275 ], [ 129.6507344, 28.4272233 ], [ 129.6463344, 28.4280767 ], [ 129.646289199999984, 28.4319494 ], [ 129.6434233, 28.4324297 ], [ 129.643715600000036, 28.4300069 ], [ 129.6422633, 28.4273781 ], [ 129.643360299999983, 28.4254919 ], [ 129.641508099999982, 28.4216429 ], [ 129.641699099999983, 28.4188901 ], [ 129.639695599999982, 28.4167248 ], [ 129.6322352, 28.414659 ], [ 129.629069500000014, 28.4144958 ], [ 129.6239942, 28.4159912 ], [ 129.6202744, 28.4182456 ], [ 129.6208313, 28.4201395 ], [ 129.6183883, 28.4243249 ], [ 129.6185452, 28.4271468 ], [ 129.6204363, 28.429625 ], [ 129.626397199999985, 28.4331694 ], [ 129.629128899999984, 28.4355819 ], [ 129.627260299999989, 28.439365 ], [ 129.626535, 28.4463414 ], [ 129.6249786, 28.4494406 ], [ 129.620888600000029, 28.44998 ], [ 129.61712559999998, 28.4484414 ], [ 129.6151878, 28.4464742 ], [ 129.6196294, 28.4391961 ], [ 129.619801699999982, 28.4364772 ], [ 129.618142799999987, 28.43492 ], [ 129.6179677, 28.4325321 ], [ 129.6120733, 28.4319303 ], [ 129.6143903, 28.4356136 ], [ 129.611021099999988, 28.4352131 ], [ 129.603044399999987, 28.4317378 ], [ 129.6036828, 28.4278519 ], [ 129.60147, 28.4237262 ], [ 129.602303899999981, 28.4221381 ], [ 129.601970699999981, 28.4152677 ], [ 129.5983589, 28.4153969 ], [ 129.593735399999986, 28.4126044 ], [ 129.5896242, 28.413719 ], [ 129.590650899999986, 28.4172299 ], [ 129.5944103, 28.4217757 ], [ 129.5925297, 28.4261725 ], [ 129.5945314, 28.4283916 ], [ 129.5969839, 28.4288163 ], [ 129.5974223, 28.4326373 ], [ 129.5964764, 28.4357358 ], [ 129.606457799999987, 28.4356544 ], [ 129.6074131, 28.4395914 ], [ 129.6065219, 28.4436803 ], [ 129.604996699999987, 28.4458297 ], [ 129.604971100000029, 28.4513472 ], [ 129.6063747, 28.4544439 ], [ 129.6094186, 28.4558036 ], [ 129.611640300000033, 28.4606647 ], [ 129.6150342, 28.4656028 ], [ 129.6215583, 28.4677783 ], [ 129.618990599999989, 28.4725528 ], [ 129.622176100000019, 28.4754703 ], [ 129.6200306, 28.4766822 ], [ 129.61556969999998, 28.4775169 ], [ 129.6130308, 28.4761172 ], [ 129.60829529999998, 28.4757906 ], [ 129.6004269, 28.4743856 ], [ 129.595176399999986, 28.4749089 ], [ 129.5895358, 28.4697039 ], [ 129.588359699999984, 28.4669331 ], [ 129.585966899999988, 28.4665889 ], [ 129.5815561, 28.4680733 ], [ 129.5765992, 28.4667575 ], [ 129.572904199999982, 28.4636267 ], [ 129.569987, 28.4574904 ], [ 129.566063899999989, 28.4563661 ], [ 129.5626178, 28.4586919 ], [ 129.561217199999987, 28.4534169 ], [ 129.5628094, 28.450815 ], [ 129.560805599999981, 28.4485247 ], [ 129.5583852, 28.4479253 ], [ 129.555834399999981, 28.4510883 ], [ 129.5538625, 28.455475 ], [ 129.5465289, 28.4614706 ], [ 129.5443233, 28.4624847 ], [ 129.543126699999988, 28.4600242 ], [ 129.5413011, 28.4595422 ], [ 129.54006, 28.4555581 ], [ 129.534812499999987, 28.4541914 ], [ 129.534128899999985, 28.4527594 ], [ 129.53567, 28.4500072 ], [ 129.5314122, 28.4483831 ], [ 129.529243899999983, 28.4458156 ], [ 129.5256642, 28.4454433 ], [ 129.525245, 28.4477844 ], [ 129.5214153, 28.4448728 ], [ 129.5214911, 28.4425547 ], [ 129.518815, 28.4399047 ], [ 129.5164244, 28.4352153 ], [ 129.5188047, 28.4304375 ], [ 129.5189761, 28.4261772 ], [ 129.516427199999981, 28.4264092 ], [ 129.514551399999988, 28.4241486 ], [ 129.513668599999988, 28.4193706 ], [ 129.514557199999985, 28.4178103 ], [ 129.510973899999982, 28.4109949 ], [ 129.5130428, 28.4061158 ], [ 129.5155604, 28.4063909 ], [ 129.517912599999988, 28.4037332 ], [ 129.5229153, 28.4017616 ], [ 129.5223528, 28.4002678 ], [ 129.5174978, 28.4018268 ], [ 129.5148247, 28.3984977 ], [ 129.5103152, 28.3998793 ], [ 129.5076755, 28.3991213 ], [ 129.503254, 28.3920614 ], [ 129.5034258, 28.3882461 ], [ 129.5011619, 28.3877153 ], [ 129.499806799999988, 28.3828895 ], [ 129.497343699999988, 28.3815955 ], [ 129.495852899999988, 28.3840193 ], [ 129.4953774, 28.3875039 ], [ 129.4965671, 28.3935797 ], [ 129.496831, 28.4030158 ], [ 129.495231099999984, 28.4031208 ], [ 129.4939109, 28.4078506 ], [ 129.491570699999983, 28.409608 ], [ 129.490057299999989, 28.4130281 ], [ 129.4879037, 28.4111302 ], [ 129.4859367, 28.4065412 ], [ 129.4817287, 28.4033957 ], [ 129.481394, 28.4008411 ], [ 129.4784903, 28.4001842 ], [ 129.467909099999986, 28.4020912 ], [ 129.467624799999982, 28.4035921 ], [ 129.4710794, 28.4075547 ], [ 129.4699719, 28.4103159 ], [ 129.4681334, 28.4116661 ], [ 129.4629811, 28.4126026 ], [ 129.456432799999988, 28.4113203 ], [ 129.455516099999983, 28.4093485 ], [ 129.4541609, 28.4008202 ], [ 129.4548432, 28.3994382 ], [ 129.4526603, 28.3934569 ], [ 129.448971699999987, 28.3907681 ], [ 129.447395799999981, 28.3884603 ], [ 129.4476999, 28.3861832 ], [ 129.4499875, 28.3822914 ], [ 129.4459867, 28.3800111 ], [ 129.4427389, 28.3819508 ], [ 129.436203899999981, 28.3814956 ], [ 129.4310644, 28.3831936 ], [ 129.428754699999985, 28.3883472 ], [ 129.4257642, 28.3894217 ], [ 129.4236458, 28.3889614 ], [ 129.420791899999983, 28.3860706 ], [ 129.416813099999985, 28.3854947 ], [ 129.4125611, 28.3874103 ], [ 129.4100506, 28.3838317 ], [ 129.4049578, 28.3825686 ], [ 129.4000364, 28.3842531 ], [ 129.397660799999983, 28.3857633 ], [ 129.394843899999984, 28.3850728 ], [ 129.3973167, 28.3836072 ], [ 129.3994767, 28.3803286 ], [ 129.4044175, 28.3778053 ], [ 129.4051397, 28.3739578 ], [ 129.4064708, 28.3733656 ], [ 129.405426399999982, 28.3685208 ], [ 129.408795, 28.36626 ], [ 129.4053936, 28.3631808 ], [ 129.405618, 28.3598225 ], [ 129.4036336, 28.3575353 ], [ 129.3998411, 28.3556367 ], [ 129.3974394, 28.3597055 ], [ 129.39853, 28.3623286 ], [ 129.396217799999988, 28.366025 ], [ 129.3959075, 28.3681942 ], [ 129.3917389, 28.3717339 ], [ 129.3877244, 28.3737442 ], [ 129.3850811, 28.3713269 ], [ 129.3851814, 28.3697683 ], [ 129.379193099999981, 28.3661017 ], [ 129.3764711, 28.3668947 ], [ 129.3762683, 28.3638464 ], [ 129.3728611, 28.3584892 ], [ 129.370017499999989, 28.3556061 ], [ 129.3665614, 28.3546242 ], [ 129.358125299999983, 28.3576256 ], [ 129.3581303, 28.3591321 ], [ 129.3525333, 28.3606944 ], [ 129.3507478, 28.3624381 ], [ 129.3518575, 28.3645283 ], [ 129.3482483, 28.3679581 ], [ 129.345515, 28.3693175 ], [ 129.3420075, 28.3681636 ], [ 129.339138099999985, 28.3685128 ], [ 129.336883100000023, 28.3657064 ], [ 129.3358844, 28.3623472 ], [ 129.3291819, 28.3579056 ], [ 129.3275119, 28.3544464 ], [ 129.326456399999984, 28.350055 ], [ 129.3166089, 28.3478864 ], [ 129.313656399999985, 28.3482531 ], [ 129.3146056, 28.3451972 ], [ 129.3112633, 28.3423481 ], [ 129.3113358, 28.3388142 ], [ 129.313539, 28.3358294 ], [ 129.309713599999981, 28.3329406 ], [ 129.3080192, 28.3327319 ], [ 129.3050628, 28.3300858 ], [ 129.3018133, 28.3298825 ], [ 129.3007936, 28.3285792 ], [ 129.2975633, 28.3287425 ], [ 129.2935367, 28.3273378 ], [ 129.288420299999984, 28.3281219 ], [ 129.2883822, 28.3317214 ], [ 129.2855719, 28.3319753 ], [ 129.2853431, 28.3295267 ], [ 129.2830175, 28.3276025 ], [ 129.2754864, 28.3258025 ], [ 129.272682799999984, 28.3272242 ], [ 129.2676236, 28.3264625 ], [ 129.2650753, 28.3275908 ], [ 129.264062199999984, 28.3239236 ], [ 129.2590414, 28.3234156 ], [ 129.2594047, 28.3205044 ], [ 129.2565056, 28.3175931 ], [ 129.253434699999985, 28.3178864 ], [ 129.2507522, 28.3154433 ], [ 129.2455531, 28.3130169 ], [ 129.2424294, 28.3141303 ], [ 129.2393478, 28.3125775 ], [ 129.237645, 28.3089819 ], [ 129.2349786, 28.3082889 ], [ 129.228328299999987, 28.3101342 ], [ 129.2229075, 28.3062783 ], [ 129.21569359999998, 28.3031589 ], [ 129.211705599999988, 28.3068744 ], [ 129.2126, 28.3025992 ], [ 129.216158899999982, 28.2984872 ], [ 129.218121699999983, 28.2980753 ], [ 129.2218172, 28.2938158 ], [ 129.227162199999981, 28.2961375 ], [ 129.2294731, 28.2944931 ], [ 129.226640799999984, 28.2901997 ], [ 129.2308294, 28.2866681 ], [ 129.2330029, 28.2864485 ], [ 129.2333725, 28.2839481 ], [ 129.235592199999985, 28.2822242 ], [ 129.2395828, 28.2849531 ], [ 129.2437694, 28.2843667 ], [ 129.2429919, 28.2818839 ], [ 129.251119499999987, 28.2749232 ], [ 129.256289399999986, 28.2745439 ], [ 129.260118899999981, 28.2726825 ], [ 129.2654075, 28.2752725 ], [ 129.2644833, 28.2772697 ], [ 129.2661019, 28.2787706 ], [ 129.2631982, 28.2821427 ], [ 129.264515599999982, 28.2844861 ], [ 129.264101399999987, 28.2866203 ], [ 129.267529199999984, 28.2885597 ], [ 129.2701097, 28.2848303 ], [ 129.2730086, 28.2827881 ], [ 129.2783542, 28.2839672 ], [ 129.2851461, 28.2829689 ], [ 129.2907789, 28.2850114 ], [ 129.29347629999998, 28.2846277 ], [ 129.2934419, 28.2802214 ], [ 129.29661, 28.2780539 ], [ 129.294991399999986, 28.2731481 ], [ 129.288676399999986, 28.2775978 ], [ 129.2784117, 28.2762714 ], [ 129.2779464, 28.2727678 ], [ 129.2760797, 28.27103 ], [ 129.2763856, 28.2676392 ], [ 129.2738013, 28.2613081 ], [ 129.271545299999985, 28.2621106 ], [ 129.269937199999987, 28.2645414 ], [ 129.2702622, 28.2666856 ], [ 129.2669297, 28.2663806 ], [ 129.2646681, 28.2673736 ], [ 129.262921899999981, 28.2614097 ], [ 129.2607587, 28.2618486 ], [ 129.259101, 28.2647051 ], [ 129.255141899999984, 28.2653531 ], [ 129.2519178, 28.2605233 ], [ 129.2522194, 28.2577185 ], [ 129.249235, 28.2566247 ], [ 129.251873099999983, 28.2544189 ], [ 129.2495247, 28.2527714 ], [ 129.2451922, 28.2569589 ], [ 129.24473, 28.2598048 ], [ 129.2477599, 28.2617514 ], [ 129.2474183, 28.2632583 ], [ 129.243405, 28.26709 ], [ 129.23904, 28.2664067 ], [ 129.236413199999987, 28.2634944 ], [ 129.2353297, 28.2652519 ], [ 129.2362014, 28.2693783 ], [ 129.2314811, 28.2730414 ], [ 129.2272681, 28.2735717 ], [ 129.219197799999989, 28.2684036 ], [ 129.2135731, 28.2686953 ], [ 129.2149283, 28.2661694 ], [ 129.2137922, 28.2628369 ], [ 129.215623099999988, 28.2587672 ], [ 129.2119797, 28.2526969 ], [ 129.2088944, 28.2537742 ], [ 129.204523599999987, 28.2542028 ], [ 129.2020753, 28.2559785 ], [ 129.199375, 28.2621561 ], [ 129.1951544, 28.2617794 ], [ 129.192632799999984, 28.2630097 ], [ 129.1858925, 28.2626483 ], [ 129.183044199999983, 28.26486 ], [ 129.182355799999982, 28.2696808 ], [ 129.178605299999987, 28.2692364 ], [ 129.172384699999981, 28.2646506 ], [ 129.1679164, 28.2627358 ], [ 129.1659622, 28.2560861 ], [ 129.1607817, 28.2551608 ], [ 129.1588725, 28.256545 ], [ 129.1542825, 28.2563736 ], [ 129.1502686, 28.2573611 ], [ 129.1417175, 28.2574289 ], [ 129.1348869, 28.2551944 ] ] ], [ [ [ 129.197593899999987, 28.3017328 ], [ 129.1887022, 28.3037164 ], [ 129.1873764, 28.3064789 ], [ 129.1843939, 28.3057806 ], [ 129.178467499999982, 28.2974181 ], [ 129.1795644, 28.2958061 ], [ 129.1864439, 28.2917758 ], [ 129.1890272, 28.2909878 ], [ 129.190122799999983, 28.2877514 ], [ 129.1894158, 28.2862561 ], [ 129.1975275, 28.2853419 ], [ 129.1994067, 28.2864692 ], [ 129.2041481, 28.2834931 ], [ 129.20744, 28.2822494 ], [ 129.2091025, 28.2846542 ], [ 129.2127625, 28.2862325 ], [ 129.220708299999984, 28.2851383 ], [ 129.218815799999987, 28.2879536 ], [ 129.2188861, 28.29012 ], [ 129.2173569, 28.2929467 ], [ 129.2124981, 28.2983525 ], [ 129.2083658, 28.2989383 ], [ 129.2045422, 28.3013781 ], [ 129.201930299999987, 28.3001339 ], [ 129.1987442, 28.3002864 ], [ 129.197593899999987, 28.3017328 ] ] ], [ [ [ 129.2795453, 28.0200581 ], [ 129.278120299999983, 28.0234275 ], [ 129.276671099999987, 28.0232083 ], [ 129.27409, 28.0269817 ], [ 129.271369199999981, 28.0241278 ], [ 129.2719969, 28.02027 ], [ 129.2795453, 28.0200581 ] ] ], [ [ [ 129.2122319, 28.1924989 ], [ 129.210354699999982, 28.1940258 ], [ 129.209061099999985, 28.1971872 ], [ 129.209405, 28.2012269 ], [ 129.2065081, 28.1991506 ], [ 129.204336899999987, 28.1995514 ], [ 129.1959267, 28.1966736 ], [ 129.1923936, 28.1941797 ], [ 129.1899808, 28.1876014 ], [ 129.1866383, 28.1866814 ], [ 129.1827228, 28.1874656 ], [ 129.181519399999985, 28.1907039 ], [ 129.175662499999987, 28.1876625 ], [ 129.1758472, 28.1834653 ], [ 129.1783686, 28.1800744 ], [ 129.178190299999983, 28.1782014 ], [ 129.1829208, 28.1756342 ], [ 129.1851044, 28.1737331 ], [ 129.1851556, 28.1685172 ], [ 129.1869769, 28.1671247 ], [ 129.187214399999988, 28.1590244 ], [ 129.1882656, 28.1567769 ], [ 129.1922975, 28.1549058 ], [ 129.1954086, 28.1547875 ], [ 129.1985781, 28.1511197 ], [ 129.1980428, 28.1481525 ], [ 129.195116399999989, 28.1456472 ], [ 129.1990989, 28.1451508 ], [ 129.203113299999984, 28.1433792 ], [ 129.20777, 28.1467647 ], [ 129.2098631, 28.1464714 ], [ 129.214183099999985, 28.1417675 ], [ 129.2198894, 28.1388769 ], [ 129.2155181, 28.1345675 ], [ 129.2157928, 28.1324858 ], [ 129.2143236, 28.1262106 ], [ 129.216461399999986, 28.1230456 ], [ 129.2168939, 28.119965 ], [ 129.2145592, 28.1152853 ], [ 129.21569359999998, 28.1125647 ], [ 129.221125299999983, 28.1106336 ], [ 129.222403899999989, 28.1082922 ], [ 129.2220867, 28.1060364 ], [ 129.2240583, 28.1028478 ], [ 129.2243956, 28.0987403 ], [ 129.221833600000025, 28.0948856 ], [ 129.222082199999988, 28.0917883 ], [ 129.2201464, 28.0880769 ], [ 129.2152189, 28.0861142 ], [ 129.213288899999981, 28.0875467 ], [ 129.2105992, 28.0851417 ], [ 129.2137875, 28.0843083 ], [ 129.2152528, 28.0824947 ], [ 129.215584399999983, 28.0768364 ], [ 129.217678899999981, 28.0760286 ], [ 129.2219964, 28.0778147 ], [ 129.225259699999981, 28.0824572 ], [ 129.2292208, 28.085475 ], [ 129.2289447, 28.0891661 ], [ 129.2311033, 28.0901364 ], [ 129.2332322, 28.0931608 ], [ 129.23710939999998, 28.0940258 ], [ 129.2369103, 28.0962769 ], [ 129.2406881, 28.1000667 ], [ 129.244468899999987, 28.1004156 ], [ 129.2487419, 28.0998581 ], [ 129.2494228, 28.1018892 ], [ 129.246553299999988, 28.1049075 ], [ 129.243179199999986, 28.1064872 ], [ 129.244785, 28.1083983 ], [ 129.25022389999998, 28.1112603 ], [ 129.2525142, 28.1111475 ], [ 129.2553706, 28.1078019 ], [ 129.258818599999984, 28.1068203 ], [ 129.2617181, 28.0999939 ], [ 129.2618028, 28.0951303 ], [ 129.26048609999998, 28.0934886 ], [ 129.2614786, 28.0907128 ], [ 129.2647422, 28.0896689 ], [ 129.2660544, 28.0868081 ], [ 129.265195299999988, 28.0831281 ], [ 129.2615022, 28.0810831 ], [ 129.261315, 28.0782611 ], [ 129.2677022, 28.0729197 ], [ 129.2687856, 28.0700208 ], [ 129.2727428, 28.069555 ], [ 129.27417029999998, 28.0668958 ], [ 129.279161099999982, 28.0650931 ], [ 129.283548900000028, 28.0627819 ], [ 129.2885394, 28.0647447 ], [ 129.2860775, 28.0668369 ], [ 129.284306099999981, 28.0713269 ], [ 129.284653099999986, 28.0739683 ], [ 129.288123899999988, 28.0756172 ], [ 129.2866578, 28.0805781 ], [ 129.2847617, 28.0834944 ], [ 129.2862228, 28.0852011 ], [ 129.2905944, 28.0851561 ], [ 129.291657500000014, 28.0871792 ], [ 129.2915069, 28.0905444 ], [ 129.294885599999986, 28.0913172 ], [ 129.296781399999986, 28.0892072 ], [ 129.3012669, 28.0892864 ], [ 129.303846099999987, 28.0866986 ], [ 129.3068783, 28.0874531 ], [ 129.3094803, 28.0905506 ], [ 129.3138639, 28.0924803 ], [ 129.3146336, 28.0963394 ], [ 129.320576099999982, 28.0967458 ], [ 129.3238781, 28.0944383 ], [ 129.3253934, 28.0897025 ], [ 129.320856099999986, 28.0872333 ], [ 129.3188781, 28.0830108 ], [ 129.31782, 28.0784286 ], [ 129.315882499999987, 28.0737406 ], [ 129.316157800000013, 28.0699367 ], [ 129.3196164, 28.0707389 ], [ 129.321233299999989, 28.0682314 ], [ 129.3181631, 28.0657644 ], [ 129.3176689, 28.0632869 ], [ 129.31935, 28.0623778 ], [ 129.3233525, 28.0684317 ], [ 129.3275333, 28.0724067 ], [ 129.3329569, 28.0746181 ], [ 129.3402319, 28.0763889 ], [ 129.3418667, 28.0791058 ], [ 129.3415861, 28.0848733 ], [ 129.3427231, 28.0877081 ], [ 129.3450389, 28.0887011 ], [ 129.3459933, 28.0922614 ], [ 129.3486336, 28.0951556 ], [ 129.3478447, 28.0983433 ], [ 129.349428599999982, 28.1001828 ], [ 129.351865, 28.1004933 ], [ 129.353913299999988, 28.1060508 ], [ 129.3535444, 28.1089117 ], [ 129.3481558, 28.1080761 ], [ 129.3441475, 28.1118392 ], [ 129.3453817, 28.1157944 ], [ 129.3428303, 28.1185028 ], [ 129.341093299999983, 28.1184911 ], [ 129.3411447, 28.1138308 ], [ 129.3372669, 28.1102881 ], [ 129.3303608, 28.1104167 ], [ 129.3283247, 28.1127922 ], [ 129.3250228, 28.1138922 ], [ 129.323795, 28.1111894 ], [ 129.32592, 28.1103828 ], [ 129.3259136, 28.107415 ], [ 129.324536099999989, 28.1051267 ], [ 129.3223956, 28.1045939 ], [ 129.3221408, 28.1012878 ], [ 129.3188606, 28.1017281 ], [ 129.317547499999989, 28.1061736 ], [ 129.3115151, 28.1111026 ], [ 129.3066681, 28.1117558 ], [ 129.3069031, 28.115285 ], [ 129.304746099999988, 28.1166953 ], [ 129.304682499999984, 28.1201261 ], [ 129.3024622, 28.1221514 ], [ 129.3000764, 28.1163286 ], [ 129.2981547, 28.1149464 ], [ 129.298218599999984, 28.1105456 ], [ 129.2947514, 28.1075492 ], [ 129.290639200000015, 28.1084725 ], [ 129.2902914, 28.1103139 ], [ 129.2876192, 28.1122603 ], [ 129.2860667, 28.116785 ], [ 129.2891017, 28.1227378 ], [ 129.2878097, 28.1255867 ], [ 129.2823511, 28.1224553 ], [ 129.28001, 28.1188892 ], [ 129.2786931, 28.1152669 ], [ 129.276403099999982, 28.1154872 ], [ 129.274938099999986, 28.1130911 ], [ 129.2712244, 28.1151197 ], [ 129.272585599999985, 28.1192669 ], [ 129.2721019, 28.1209203 ], [ 129.273832199999987, 28.1241814 ], [ 129.2709314, 28.1254339 ], [ 129.2664144, 28.1246494 ], [ 129.2664081, 28.1205364 ], [ 129.2645253, 28.1184883 ], [ 129.2622728, 28.1190581 ], [ 129.264690299999984, 28.1235264 ], [ 129.263265, 28.1261781 ], [ 129.265453899999983, 28.1287058 ], [ 129.266929399999981, 28.1281472 ], [ 129.2709375, 28.1302803 ], [ 129.275416399999983, 28.1342017 ], [ 129.27492, 28.1365656 ], [ 129.2764469, 28.1403911 ], [ 129.275021899999984, 28.1420442 ], [ 129.2671839, 28.1356119 ], [ 129.266681399999982, 28.1333944 ], [ 129.2646136, 28.1321419 ], [ 129.2618144, 28.1337781 ], [ 129.25906, 28.1306128 ], [ 129.256107800000024, 28.1300089 ], [ 129.25336, 28.1237914 ], [ 129.2453223, 28.1220983 ], [ 129.2459036, 28.1279719 ], [ 129.2497842, 28.1306575 ], [ 129.2489761, 28.1340764 ], [ 129.243274499999984, 28.133871 ], [ 129.24217, 28.1375935 ], [ 129.245623099999989, 28.1404461 ], [ 129.2482889, 28.1398542 ], [ 129.2547778, 28.1398544 ], [ 129.2569856, 28.1421789 ], [ 129.2592311, 28.142055 ], [ 129.261451699999981, 28.1444925 ], [ 129.2602047, 28.1456094 ], [ 129.2558022, 28.1450394 ], [ 129.2504644, 28.1423589 ], [ 129.249179199999986, 28.1451578 ], [ 129.2557, 28.1480636 ], [ 129.2522075, 28.1490506 ], [ 129.2478494, 28.1477078 ], [ 129.2463856, 28.1498928 ], [ 129.2496281, 28.1507119 ], [ 129.250629700000019, 28.1531356 ], [ 129.253842200000037, 28.1537056 ], [ 129.2567689, 28.1516236 ], [ 129.261686400000031, 28.1528653 ], [ 129.2681183, 28.1526964 ], [ 129.2696836, 28.1505239 ], [ 129.2748753, 28.1511167 ], [ 129.273972499999985, 28.1548261 ], [ 129.2744614, 28.1580111 ], [ 129.2707014, 28.1611369 ], [ 129.271369199999981, 28.1639408 ], [ 129.26794, 28.1673656 ], [ 129.265725799999984, 28.1682625 ], [ 129.2644153, 28.1709144 ], [ 129.262619699999988, 28.1706094 ], [ 129.261527200000018, 28.1655486 ], [ 129.2633664, 28.1637383 ], [ 129.259586899999988, 28.1627783 ], [ 129.2571628, 28.1633478 ], [ 129.257519699999989, 28.1722117 ], [ 129.2558708, 28.1740511 ], [ 129.253616699999981, 28.1723189 ], [ 129.255279699999988, 28.1671958 ], [ 129.2544906, 28.1658697 ], [ 129.2566347, 28.1626372 ], [ 129.2554772, 28.1590261 ], [ 129.252060799999981, 28.1574969 ], [ 129.2505275, 28.1546589 ], [ 129.2464306, 28.153265 ], [ 129.2453811, 28.151725 ], [ 129.2404378, 28.1505228 ], [ 129.2364489, 28.1536033 ], [ 129.2345589, 28.1592625 ], [ 129.233317199999988, 28.1538739 ], [ 129.229686099999981, 28.1555892 ], [ 129.226988600000027, 28.1553408 ], [ 129.223514699999981, 28.1596289 ], [ 129.22153, 28.1582464 ], [ 129.2198819, 28.1613947 ], [ 129.2233853, 28.1658469 ], [ 129.21507889999998, 28.1646219 ], [ 129.2129158, 28.163375 ], [ 129.2101036, 28.1672003 ], [ 129.2132642, 28.1729497 ], [ 129.2110547, 28.1748 ], [ 129.2092275, 28.178095 ], [ 129.206126899999987, 28.1781458 ], [ 129.203516399999984, 28.1795167 ], [ 129.2032389, 28.1814117 ], [ 129.2051717, 28.1834264 ], [ 129.2106981, 28.1839008 ], [ 129.2138172, 28.1872408 ], [ 129.2167144, 28.1867161 ], [ 129.2185542, 28.1890014 ], [ 129.2237939, 28.1909872 ], [ 129.226346899999982, 28.1907617 ], [ 129.2301353, 28.1920144 ], [ 129.2329556, 28.1906264 ], [ 129.23310859999998, 28.1885444 ], [ 129.239265599999982, 28.1849508 ], [ 129.24287529999998, 28.1879072 ], [ 129.239876399999986, 28.1899833 ], [ 129.2363111, 28.1890636 ], [ 129.235897199999982, 28.1910269 ], [ 129.2374697, 28.1936336 ], [ 129.2359289, 28.19492 ], [ 129.2290525, 28.1966406 ], [ 129.228352500000028, 28.1946433 ], [ 129.223176099999989, 28.1935936 ], [ 129.2210244, 28.1911281 ], [ 129.2122319, 28.1924989 ] ] ], [ [ [ 130.0338, 28.3682075 ], [ 130.031714199999982, 28.3711069 ], [ 130.0274536, 28.374575 ], [ 130.0191481, 28.3785225 ], [ 130.0138383, 28.3779983 ], [ 130.008683599999983, 28.3757053 ], [ 130.00558, 28.3728517 ], [ 130.00268029999998, 28.3681808 ], [ 129.9982392, 28.36643 ], [ 129.994102199999986, 28.3638061 ], [ 129.9904869, 28.3594686 ], [ 129.9886622, 28.3558739 ], [ 129.986205, 28.3545386 ], [ 129.983433099999985, 28.3507406 ], [ 129.9790228, 28.3488217 ], [ 129.9743431, 28.3426614 ], [ 129.9675675, 28.3409197 ], [ 129.963129399999985, 28.3383989 ], [ 129.963112199999983, 28.3369603 ], [ 129.9537866, 28.3313455 ], [ 129.952842299999986, 28.3273525 ], [ 129.949401199999983, 28.3282715 ], [ 129.943072799999982, 28.328125 ], [ 129.9381444, 28.3274334 ], [ 129.936819499999984, 28.3256669 ], [ 129.9318649, 28.3261998 ], [ 129.9231006, 28.3238321 ], [ 129.9222227, 28.3210596 ], [ 129.9190432, 28.3198952 ], [ 129.91766149999998, 28.3171071 ], [ 129.9155681, 28.3158614 ], [ 129.9131797, 28.3118553 ], [ 129.9143128, 28.3102267 ], [ 129.913622799999985, 28.3053436 ], [ 129.9152517, 28.2964892 ], [ 129.9176439, 28.2948186 ], [ 129.9197364, 28.29052 ], [ 129.92257859999998, 28.2899422 ], [ 129.924531699999989, 28.2922267 ], [ 129.9266883, 28.2908478 ], [ 129.930116699999985, 28.2922183 ], [ 129.9320081, 28.2876775 ], [ 129.9351242, 28.2837739 ], [ 129.9377547, 28.27808 ], [ 129.9409847, 28.2754542 ], [ 129.9437642, 28.2743983 ], [ 129.947262199999983, 28.2755403 ], [ 129.9540083, 28.2757728 ], [ 129.957711099999983, 28.2774886 ], [ 129.9593922, 28.2797458 ], [ 129.9619697, 28.279315 ], [ 129.964576099999988, 28.2802711 ], [ 129.963695, 28.2832933 ], [ 129.966268499999984, 28.2846815 ], [ 129.968592799999982, 28.2827394 ], [ 129.972992799999986, 28.2838406 ], [ 129.975305, 28.2877186 ], [ 129.9778058, 28.2880133 ], [ 129.9808386, 28.2917003 ], [ 129.9835497, 28.2960939 ], [ 129.984435600000012, 28.2989528 ], [ 129.987428099999988, 28.3025742 ], [ 129.9868347, 28.3046744 ], [ 129.988743299999982, 28.3082992 ], [ 129.9926992, 28.3132156 ], [ 129.9995611, 28.3191897 ], [ 130.0016033, 28.3238583 ], [ 130.002315, 28.3274661 ], [ 130.004730699999982, 28.3307415 ], [ 130.0028997, 28.3317683 ], [ 130.0008278, 28.3369561 ], [ 130.00264, 28.3382944 ], [ 130.0054519, 28.334131 ], [ 130.0090514, 28.3359267 ], [ 130.015218299999987, 28.3365292 ], [ 130.0176989, 28.337835 ], [ 130.0219758, 28.3431181 ], [ 130.022975299999985, 28.3486056 ], [ 130.0266258, 28.3492194 ], [ 130.03011859999998, 28.3519764 ], [ 130.035181900000026, 28.3616292 ], [ 130.033861699999989, 28.3650822 ], [ 130.0338, 28.3682075 ] ] ] ] } }
]
}
