{
"type": "FeatureCollection",
"name": "mie",
"crs": { "type": "name", "properties": { "name": "urn:ogc:def:crs:OGC:1.3:CRS84" } },
"features": [
{ "type": "Feature", "properties": { "hokenjo": "伊賀" }, "geometry": { "type": "MultiPolygon", "coordinates": [ [ [ [ 136.1954858, 34.5666422 ], [ 136.1965922, 34.56651 ], [ 136.1975175, 34.5635978 ], [ 136.199389699999983, 34.5661197 ], [ 136.201286899999985, 34.5668597 ], [ 136.203694399999989, 34.5648269 ], [ 136.2048619, 34.5647494 ], [ 136.2087642, 34.5666592 ], [ 136.2113008, 34.5637206 ], [ 136.214702499999987, 34.5615853 ], [ 136.2192158, 34.5577556 ], [ 136.2200469, 34.5580567 ], [ 136.218716699999987, 34.5615169 ], [ 136.2194122, 34.5629114 ], [ 136.2184047, 34.5642239 ], [ 136.2195117, 34.5655889 ], [ 136.2195381, 34.5680333 ], [ 136.222413099999983, 34.5694889 ], [ 136.2230983, 34.5728592 ], [ 136.22443, 34.574095 ], [ 136.2259594, 34.5788325 ], [ 136.2266725, 34.5794672 ], [ 136.2300233, 34.5787803 ], [ 136.2313672, 34.5796303 ], [ 136.2377089, 34.5790081 ], [ 136.2389144, 34.5803547 ], [ 136.2453494, 34.5824222 ], [ 136.248268599999989, 34.5818367 ], [ 136.2509044, 34.5836258 ], [ 136.2548003, 34.583455 ], [ 136.2561919, 34.5849686 ], [ 136.2547569, 34.5868647 ], [ 136.250895, 34.5872869 ], [ 136.25138579999998, 34.5891119 ], [ 136.2528853, 34.590579399999989 ], [ 136.25591559999998, 34.5914672 ], [ 136.2582406, 34.5930939 ], [ 136.259062199999988, 34.59452 ], [ 136.257404399999984, 34.5962469 ], [ 136.253393599999981, 34.5991228 ], [ 136.250090799999981, 34.5996775 ], [ 136.2504347, 34.6022614 ], [ 136.2492819, 34.6033931 ], [ 136.2492047, 34.6054775 ], [ 136.2507594, 34.60778 ], [ 136.2500431, 34.6099886 ], [ 136.2512314, 34.6118169 ], [ 136.249375, 34.6130211 ], [ 136.2495792, 34.6164686 ], [ 136.2503542, 34.6194633 ], [ 136.24923, 34.621546699999989 ], [ 136.2489353, 34.6242044 ], [ 136.245873099999983, 34.6251789 ], [ 136.2466556, 34.6278036 ], [ 136.245357499999983, 34.6300675 ], [ 136.251503899999989, 34.6343506 ], [ 136.249788099999989, 34.6361311 ], [ 136.250420599999984, 34.6409914 ], [ 136.251355, 34.6439728 ], [ 136.2529264, 34.6447689 ], [ 136.2547075, 34.6441586 ], [ 136.258287199999984, 34.6455014 ], [ 136.256845299999981, 34.6476033 ], [ 136.2578392, 34.64967 ], [ 136.25954059999998, 34.6506133 ], [ 136.2606731, 34.6525264 ], [ 136.261667200000034, 34.6560481 ], [ 136.2657131, 34.6561325 ], [ 136.2681694, 34.6573586 ], [ 136.267468899999983, 34.6605761 ], [ 136.2692717, 34.6613456 ], [ 136.2690844, 34.6635617 ], [ 136.2708317, 34.66395 ], [ 136.2718894, 34.6622914 ], [ 136.275031399999989, 34.6632997 ], [ 136.2726725, 34.66743 ], [ 136.269457500000016, 34.6700436 ], [ 136.2675403, 34.6707981 ], [ 136.2657381, 34.6736475 ], [ 136.2686728, 34.6756669 ], [ 136.270754399999987, 34.6751603 ], [ 136.272781899999984, 34.6766814 ], [ 136.2733533, 34.6804208 ], [ 136.2724978, 34.6832406 ], [ 136.2712814, 34.6847647 ], [ 136.2756592, 34.6877328 ], [ 136.2763742, 34.6895239 ], [ 136.2786094, 34.6899131 ], [ 136.279381699999988, 34.6933375 ], [ 136.283092499999981, 34.6962492 ], [ 136.2830717, 34.6981747 ], [ 136.2845656, 34.7020081 ], [ 136.2857636, 34.7037233 ], [ 136.287518899999981, 34.7044986 ], [ 136.2897117, 34.7089992 ], [ 136.2924275, 34.7112775 ], [ 136.294207799999981, 34.7115228 ], [ 136.295076099999989, 34.7132764 ], [ 136.294603099999989, 34.7155256 ], [ 136.297195599999981, 34.7155342 ], [ 136.3001486, 34.716395 ], [ 136.3008275, 34.7193861 ], [ 136.3021914, 34.7194597 ], [ 136.30469, 34.7229122 ], [ 136.3095644, 34.7249058 ], [ 136.308447199999989, 34.7290678 ], [ 136.305125299999986, 34.7315486 ], [ 136.301301099999989, 34.7313633 ], [ 136.2994381, 34.7323481 ], [ 136.296504199999987, 34.7351253 ], [ 136.2996233, 34.7386442 ], [ 136.300905, 34.7391261 ], [ 136.300387799999982, 34.7414978 ], [ 136.304065799999989, 34.7442967 ], [ 136.305822200000023, 34.7441442 ], [ 136.309955, 34.7454958 ], [ 136.312074199999984, 34.7470081 ], [ 136.3143167, 34.7468778 ], [ 136.3170275, 34.7476211 ], [ 136.319267199999985, 34.7500517 ], [ 136.318775, 34.7547631 ], [ 136.3208214, 34.7567281 ], [ 136.322924199999989, 34.7575869 ], [ 136.3250975, 34.7607714 ], [ 136.3276406, 34.7619792 ], [ 136.3286186, 34.7632814 ], [ 136.330837799999983, 34.7642214 ], [ 136.3332667, 34.7642953 ], [ 136.3335708, 34.7659756 ], [ 136.3355192, 34.7663108 ], [ 136.338073899999983, 34.7677808 ], [ 136.3407956, 34.7681353 ], [ 136.3420414, 34.7695242 ], [ 136.3418111, 34.7733494 ], [ 136.3398025, 34.7750686 ], [ 136.339396099999988, 34.776485 ], [ 136.3364469, 34.7776089 ], [ 136.3372114, 34.7809986 ], [ 136.334706899999986, 34.7822019 ], [ 136.3338336, 34.7851433 ], [ 136.3319019, 34.7872694 ], [ 136.328069699999986, 34.7863781 ], [ 136.327610800000031, 34.785495 ], [ 136.3242378, 34.785539199999988 ], [ 136.3205436, 34.7873997 ], [ 136.317449399999987, 34.7877744 ], [ 136.3132578, 34.7963414 ], [ 136.3142497, 34.7977783 ], [ 136.3129653, 34.7999019 ], [ 136.30982419999998, 34.8024417 ], [ 136.3099819, 34.8043869 ], [ 136.312240799999984, 34.8068483 ], [ 136.3065747, 34.8083369 ], [ 136.30496, 34.8080556 ], [ 136.302902499999988, 34.8098769 ], [ 136.297851399999985, 34.8108911 ], [ 136.293807500000014, 34.8129233 ], [ 136.2895436, 34.8117008 ], [ 136.2874272, 34.8125381 ], [ 136.282615599999986, 34.8119197 ], [ 136.2816353, 34.8105358 ], [ 136.278541099999984, 34.8104047 ], [ 136.2735822, 34.8120578 ], [ 136.2720722, 34.8153756 ], [ 136.267553599999985, 34.8158208 ], [ 136.2671253, 34.8185867 ], [ 136.2699697, 34.8187056 ], [ 136.27088329999998, 34.8194847 ], [ 136.2749264, 34.8194528 ], [ 136.2755764, 34.821105 ], [ 136.27765, 34.8217931 ], [ 136.2789922, 34.8266314 ], [ 136.27684, 34.828875599999989 ], [ 136.2777214, 34.8309992 ], [ 136.2774944, 34.8327808 ], [ 136.2784603, 34.8349261 ], [ 136.2804267, 34.8362269 ], [ 136.2825292, 34.8365161 ], [ 136.2836289, 34.8377633 ], [ 136.285747499999985, 34.8375831 ], [ 136.2873467, 34.8394086 ], [ 136.289882200000022, 34.8409131 ], [ 136.2897314, 34.8446942 ], [ 136.287599199999988, 34.8453308 ], [ 136.2839908, 34.8543128 ], [ 136.28436, 34.8556653 ], [ 136.2828753, 34.8566789 ], [ 136.2798903, 34.8569164 ], [ 136.2777103, 34.8594636 ], [ 136.281378599999982, 34.8643147 ], [ 136.28093579999998, 34.8657636 ], [ 136.2831228, 34.8677019 ], [ 136.2837217, 34.8702922 ], [ 136.2806831, 34.8730386 ], [ 136.2771153, 34.8742136 ], [ 136.2759675, 34.8718269 ], [ 136.272502799999984, 34.8692067 ], [ 136.2703114, 34.8691175 ], [ 136.2688944, 34.8679047 ], [ 136.2687781, 34.8654592 ], [ 136.2678967, 34.864467499999989 ], [ 136.2638303, 34.8627883 ], [ 136.258069399999982, 34.860870299999988 ], [ 136.2541219, 34.8582842 ], [ 136.250675, 34.8577281 ], [ 136.248078099999987, 34.8587481 ], [ 136.242739199999988, 34.8595978 ], [ 136.2373136, 34.8597311 ], [ 136.2353872, 34.8614742 ], [ 136.2329503, 34.8609169 ], [ 136.2294094, 34.8615461 ], [ 136.227831899999984, 34.8609717 ], [ 136.223607499999986, 34.8632078 ], [ 136.220087799999988, 34.8633533 ], [ 136.2184939, 34.865625 ], [ 136.2167939, 34.8651211 ], [ 136.212013899999988, 34.8660211 ], [ 136.2090728, 34.8681214 ], [ 136.2053186, 34.8687131 ], [ 136.2028981, 34.8684036 ], [ 136.201833099999988, 34.8694933 ], [ 136.198074400000024, 34.8698622 ], [ 136.196785299999988, 34.8716375 ], [ 136.194612800000016, 34.8728222 ], [ 136.1920208, 34.8725378 ], [ 136.190086899999983, 34.8733186 ], [ 136.1904811, 34.8755869 ], [ 136.1870764, 34.8783903 ], [ 136.1821967, 34.87817 ], [ 136.179122799999988, 34.8806653 ], [ 136.178255299999989, 34.8825831 ], [ 136.1807786, 34.8857897 ], [ 136.1783911, 34.8871233 ], [ 136.1772431, 34.8867867 ], [ 136.1719947, 34.8873428 ], [ 136.169937799999985, 34.8866756 ], [ 136.166897799999987, 34.8878944 ], [ 136.1649892, 34.8871867 ], [ 136.161893099999986, 34.8871983 ], [ 136.1598392, 34.8865742 ], [ 136.159421399999985, 34.8847728 ], [ 136.1535719, 34.8845811 ], [ 136.151842499999987, 34.8832086 ], [ 136.1485458, 34.8820164 ], [ 136.144590599999987, 34.8839931 ], [ 136.144076399999989, 34.8854064 ], [ 136.141156099999989, 34.8867689 ], [ 136.1364389, 34.8882089 ], [ 136.13489, 34.8848442 ], [ 136.1315328, 34.8831342 ], [ 136.1279781, 34.8850283 ], [ 136.1255386, 34.8882033 ], [ 136.1234192, 34.8887908 ], [ 136.1217206, 34.8878725 ], [ 136.1204458, 34.8914397 ], [ 136.11782359999998, 34.8925022 ], [ 136.1162803, 34.8921572 ], [ 136.1144592, 34.8946778 ], [ 136.1155258, 34.8962736 ], [ 136.1122969, 34.9018803 ], [ 136.1062694, 34.9000847 ], [ 136.10547, 34.8982897 ], [ 136.102837199999982, 34.8961156 ], [ 136.1017847, 34.8961439 ], [ 136.1000272, 34.8920711 ], [ 136.09837779999998, 34.8895342 ], [ 136.0947861, 34.8878008 ], [ 136.0894506, 34.8889153 ], [ 136.088377799999989, 34.8905694 ], [ 136.0862228, 34.8891278 ], [ 136.085372799999988, 34.886765 ], [ 136.086931099999987, 34.8858289 ], [ 136.0896003, 34.8825 ], [ 136.0890483, 34.8808844 ], [ 136.0871769, 34.8807097 ], [ 136.0851633, 34.8787836 ], [ 136.0869803, 34.8763556 ], [ 136.0902408, 34.8754386 ], [ 136.0930253, 34.8735203 ], [ 136.0957733, 34.8736011 ], [ 136.098292499999985, 34.8721719 ], [ 136.098891899999984, 34.8705814 ], [ 136.103166700000031, 34.8696939 ], [ 136.1053475, 34.8702211 ], [ 136.1089753, 34.8696311 ], [ 136.11014609999998, 34.8700744 ], [ 136.1132389, 34.8693044 ], [ 136.1157622, 34.8719781 ], [ 136.118513299999989, 34.8706567 ], [ 136.1221319, 34.8727519 ], [ 136.124423299999989, 34.8722969 ], [ 136.125857199999984, 34.8700194 ], [ 136.1227714, 34.8663214 ], [ 136.1243997, 34.8649281 ], [ 136.1263817, 34.8620225 ], [ 136.121035299999988, 34.8597886 ], [ 136.118106399999988, 34.8574403 ], [ 136.117409399999985, 34.8558872 ], [ 136.113386099999985, 34.8561392 ], [ 136.1097906, 34.8547603 ], [ 136.1083006, 34.8528239 ], [ 136.1073964, 34.8452392 ], [ 136.105251399999986, 34.84288 ], [ 136.104402800000031, 34.8405661 ], [ 136.1013164, 34.8404383 ], [ 136.1000989, 34.8391125 ], [ 136.095078299999983, 34.8401769 ], [ 136.092699399999987, 34.8372092 ], [ 136.09031, 34.8365019 ], [ 136.08743579999998, 34.8380139 ], [ 136.0862319, 34.8365814 ], [ 136.0900806, 34.8332717 ], [ 136.089639399999982, 34.8310867 ], [ 136.0875547, 34.8304503 ], [ 136.08911, 34.8273733 ], [ 136.091094699999985, 34.8259722 ], [ 136.090825, 34.8248017 ], [ 136.095186899999987, 34.8191042 ], [ 136.0907978, 34.8158408 ], [ 136.0906156, 34.8122267 ], [ 136.088095, 34.8110336 ], [ 136.0856867, 34.8108836 ], [ 136.083314699999988, 34.8095922 ], [ 136.081804399999982, 34.8077483 ], [ 136.078904199999982, 34.8074472 ], [ 136.0755067, 34.8078522 ], [ 136.0729931, 34.8042125 ], [ 136.0684072, 34.8039603 ], [ 136.065742199999988, 34.8021356 ], [ 136.0636911, 34.8016083 ], [ 136.062726699999985, 34.7998517 ], [ 136.0601622, 34.8005425 ], [ 136.0594353, 34.8019886 ], [ 136.055116699999985, 34.8020728 ], [ 136.0547808, 34.8004108 ], [ 136.051554399999986, 34.7990911 ], [ 136.048533099999986, 34.79965 ], [ 136.0467133, 34.8014475 ], [ 136.045213599999983, 34.7993325 ], [ 136.0411714, 34.7984578 ], [ 136.0406039, 34.7963794 ], [ 136.038481099999984, 34.7939386 ], [ 136.0346611, 34.7942656 ], [ 136.0284294, 34.7906803 ], [ 136.026725299999981, 34.7905708 ], [ 136.0245806, 34.7919308 ], [ 136.022606699999983, 34.7917717 ], [ 136.020747799999981, 34.7892458 ], [ 136.019959699999987, 34.7863739 ], [ 136.0226058, 34.7823106 ], [ 136.0251969, 34.7813419 ], [ 136.0291781, 34.7805958 ], [ 136.0309542, 34.7794572 ], [ 136.0335775, 34.7794394 ], [ 136.033673099999987, 34.7749158 ], [ 136.0333147, 34.7718194 ], [ 136.030695300000019, 34.7686614 ], [ 136.0293442, 34.7648156 ], [ 136.0310364, 34.7622314 ], [ 136.0291125, 34.7603514 ], [ 136.0283794, 34.7583303 ], [ 136.0302039, 34.7559053 ], [ 136.034521399999988, 34.7568775 ], [ 136.038132499999989, 34.7562233 ], [ 136.0374611, 34.7541219 ], [ 136.0387825, 34.752653599999988 ], [ 136.0392692, 34.7493881 ], [ 136.04281, 34.7478767 ], [ 136.047611099999983, 34.7441958 ], [ 136.048121899999984, 34.7424011 ], [ 136.0498364, 34.7405056 ], [ 136.0527631, 34.7401414 ], [ 136.057465799999989, 34.737102799999988 ], [ 136.057718099999988, 34.7355653 ], [ 136.0600567, 34.7336239 ], [ 136.0604756, 34.7322047 ], [ 136.062537500000019, 34.7306672 ], [ 136.063101099999983, 34.7264397 ], [ 136.066051099999981, 34.7256358 ], [ 136.068031099999985, 34.7238872 ], [ 136.068826699999988, 34.7198642 ], [ 136.0674692, 34.7174753 ], [ 136.0695981, 34.7169244 ], [ 136.071065799999985, 34.7146767 ], [ 136.0701386, 34.7125808 ], [ 136.0686756, 34.712515 ], [ 136.0663458, 34.70979 ], [ 136.064193099999983, 34.7082219 ], [ 136.0630119, 34.7086103 ], [ 136.0600658, 34.7070556 ], [ 136.054185599999983, 34.7061647 ], [ 136.0535844, 34.7047906 ], [ 136.0579847, 34.70236 ], [ 136.0599425, 34.6997539 ], [ 136.0682147, 34.6978417 ], [ 136.0739733, 34.6983083 ], [ 136.0750831, 34.697701099999989 ], [ 136.0773953, 34.6909681 ], [ 136.0788642, 34.6899075 ], [ 136.079653899999983, 34.6840069 ], [ 136.082345799999985, 34.682165 ], [ 136.0821072, 34.6790086 ], [ 136.0848517, 34.6780408 ], [ 136.0857403, 34.676435 ], [ 136.086261899999982, 34.6749525 ], [ 136.084246399999984, 34.6734347 ], [ 136.082223299999981, 34.6699319 ], [ 136.0833408, 34.6674572 ], [ 136.081972800000017, 34.6651725 ], [ 136.0792736, 34.6644469 ], [ 136.0778364, 34.662566399999989 ], [ 136.0777808, 34.6587606 ], [ 136.075112499999989, 34.658665 ], [ 136.0705817, 34.6577522 ], [ 136.0680872, 34.6555619 ], [ 136.0674031, 34.6541031 ], [ 136.064514699999989, 34.651965 ], [ 136.0615522, 34.6527906 ], [ 136.056535599999989, 34.6555064 ], [ 136.0540311, 34.6561769 ], [ 136.0489317, 34.6585342 ], [ 136.0439897, 34.6602267 ], [ 136.04093, 34.6637519 ], [ 136.0395519, 34.6613958 ], [ 136.040964699999989, 34.6591856 ], [ 136.0459683, 34.6558469 ], [ 136.050474399999985, 34.6522964 ], [ 136.058215599999983, 34.6528111 ], [ 136.060973099999984, 34.6507894 ], [ 136.063012499999985, 34.6505539 ], [ 136.0648464, 34.6515644 ], [ 136.0654811, 34.6488442 ], [ 136.0676536, 34.6465611 ], [ 136.067941700000034, 34.6438753 ], [ 136.071223299999986, 34.6405392 ], [ 136.0714, 34.6371981 ], [ 136.073261699999989, 34.6362667 ], [ 136.0735769, 34.6340942 ], [ 136.0720131, 34.6324669 ], [ 136.072083599999985, 34.630015 ], [ 136.069424199999986, 34.6285639 ], [ 136.068789399999986, 34.6265408 ], [ 136.0699531, 34.6248092 ], [ 136.068858299999988, 34.622303599999988 ], [ 136.06646809999998, 34.6219047 ], [ 136.065008299999988, 34.6206678 ], [ 136.0624669, 34.6199578 ], [ 136.0614439, 34.616911099999989 ], [ 136.0585889, 34.6141281 ], [ 136.0558303, 34.6101569 ], [ 136.0542997, 34.6097569 ], [ 136.050321699999984, 34.6060192 ], [ 136.0502506, 34.6041006 ], [ 136.047756099999987, 34.6023103 ], [ 136.0465683, 34.6005575 ], [ 136.0491442, 34.5948881 ], [ 136.052141399999982, 34.5930583 ], [ 136.05121029999998, 34.5902867 ], [ 136.0520942, 34.5891481 ], [ 136.0506522, 34.5869136 ], [ 136.0483717, 34.5873894 ], [ 136.0465228, 34.5852167 ], [ 136.0487886, 34.5826939 ], [ 136.0497672, 34.5802706 ], [ 136.051401699999985, 34.5809169 ], [ 136.0521789, 34.5785683 ], [ 136.0548581, 34.5784569 ], [ 136.060801699999985, 34.574964699999988 ], [ 136.060311399999989, 34.5694178 ], [ 136.065776699999986, 34.5669989 ], [ 136.067473899999982, 34.5677914 ], [ 136.069256699999983, 34.5670358 ], [ 136.0713553, 34.5677272 ], [ 136.073729200000031, 34.5667411 ], [ 136.0756064, 34.5645967 ], [ 136.078661399999987, 34.5631572 ], [ 136.082331399999987, 34.5621694 ], [ 136.083356899999984, 34.5593267 ], [ 136.0863161, 34.5582664 ], [ 136.08985, 34.5589092 ], [ 136.0910203, 34.5572867 ], [ 136.0932408, 34.556963599999989 ], [ 136.0949233, 34.5578578 ], [ 136.099031699999983, 34.5558636 ], [ 136.10123, 34.5565914 ], [ 136.107486699999981, 34.5559117 ], [ 136.11058749999998, 34.5564511 ], [ 136.1114011, 34.5542267 ], [ 136.11129, 34.5512856 ], [ 136.1122689, 34.5501403 ], [ 136.113631699999985, 34.5464461 ], [ 136.116668299999986, 34.54691 ], [ 136.118629699999985, 34.5464864 ], [ 136.1197464, 34.5480347 ], [ 136.123925, 34.549405799999988 ], [ 136.133946399999985, 34.5552261 ], [ 136.138401099999982, 34.56095 ], [ 136.1396028, 34.5592589 ], [ 136.141663099999988, 34.5593136 ], [ 136.142875600000025, 34.5576511 ], [ 136.1466103, 34.5557872 ], [ 136.1514044, 34.5556661 ], [ 136.1512047, 34.5591567 ], [ 136.155498599999987, 34.5597306 ], [ 136.1560853, 34.5555308 ], [ 136.1583497, 34.5549725 ], [ 136.1575886, 34.5526942 ], [ 136.16168829999998, 34.5482972 ], [ 136.1640275, 34.5490372 ], [ 136.1653789, 34.5521806 ], [ 136.167268899999982, 34.5545814 ], [ 136.167870599999986, 34.5572222 ], [ 136.170035, 34.5592114 ], [ 136.170725, 34.5616475 ], [ 136.1740108, 34.5623411 ], [ 136.176670299999984, 34.5667458 ], [ 136.17690060000001, 34.568325 ], [ 136.1792683, 34.5682078 ], [ 136.1845525, 34.5668331 ], [ 136.185349699999989, 34.5689169 ], [ 136.1895633, 34.5688656 ], [ 136.192231099999987, 34.5680436 ], [ 136.1939261, 34.5663206 ], [ 136.1954858, 34.5666422 ] ] ] ] } },
{ "type": "Feature", "properties": { "hokenjo": "伊勢" }, "geometry": { "type": "MultiPolygon", "coordinates": [ [ [ [ 136.376463, 34.1956553 ], [ 136.3792459, 34.1937443 ], [ 136.3789703, 34.1957171 ], [ 136.376463, 34.1956553 ] ] ], [ [ [ 136.555234, 34.2448804 ], [ 136.553450699999985, 34.2461263 ], [ 136.5547269, 34.2472689 ], [ 136.5509903, 34.2482658 ], [ 136.5506369, 34.2495457 ], [ 136.5479255, 34.248127 ], [ 136.549448499999983, 34.2427877 ], [ 136.5522691, 34.2442608 ], [ 136.5542834, 34.2427676 ], [ 136.555234, 34.2448804 ] ] ], [ [ [ 136.8033102, 34.2773263 ], [ 136.8027562, 34.2756401 ], [ 136.8065791, 34.2737798 ], [ 136.8052242, 34.2763769 ], [ 136.8033102, 34.2773263 ] ] ], [ [ [ 136.8123357, 34.2872352 ], [ 136.8165491, 34.2891847 ], [ 136.820360099999988, 34.288198 ], [ 136.820512899999983, 34.2913471 ], [ 136.8178681, 34.2931408 ], [ 136.8173945, 34.2921008 ], [ 136.8138073, 34.2908361 ], [ 136.8117519, 34.2895709 ], [ 136.80835, 34.2889336 ], [ 136.8079605, 34.2875075 ], [ 136.8123357, 34.2872352 ] ] ], [ [ [ 136.68260429999998, 34.3005389 ], [ 136.6799512, 34.2966147 ], [ 136.6823411, 34.2954993 ], [ 136.6836209, 34.2972486 ], [ 136.68260429999998, 34.3005389 ] ] ], [ [ [ 136.8131486, 34.2993694 ], [ 136.81655, 34.3010656 ], [ 136.81287, 34.3007365 ], [ 136.8131486, 34.2993694 ] ] ], [ [ [ 136.7129708, 34.3002656 ], [ 136.715754299999986, 34.3022244 ], [ 136.71850139999998, 34.303902 ], [ 136.7245226, 34.3043205 ], [ 136.7293214, 34.302142 ], [ 136.735686499999986, 34.302325 ], [ 136.7388153, 34.3015531 ], [ 136.7397413, 34.299269 ], [ 136.74303759999998, 34.2990274 ], [ 136.7476973, 34.2957168 ], [ 136.7484282, 34.2937913 ], [ 136.7508674, 34.2930932 ], [ 136.754526699999985, 34.2949143 ], [ 136.756520099999989, 34.2952378 ], [ 136.7607438, 34.294442 ], [ 136.764027699999986, 34.2925531 ], [ 136.76569139999998, 34.2938926 ], [ 136.763160199999987, 34.2957164 ], [ 136.7621054, 34.2952538 ], [ 136.759638699999982, 34.2972189 ], [ 136.7579958, 34.2973168 ], [ 136.7547434, 34.2990214 ], [ 136.7547205, 34.3016693 ], [ 136.7563288, 34.302548 ], [ 136.7583985, 34.301141199999989 ], [ 136.760630099999986, 34.3021123 ], [ 136.7583301, 34.3060249 ], [ 136.7650348, 34.3045706 ], [ 136.7655684, 34.306642 ], [ 136.7643967, 34.3085249 ], [ 136.7626196, 34.3132257 ], [ 136.761052299999989, 34.3121086 ], [ 136.7590036, 34.3126499 ], [ 136.7585042, 34.3148373 ], [ 136.7656244, 34.3137069 ], [ 136.76849009999998, 34.3103678 ], [ 136.7705401, 34.3123666 ], [ 136.7701317, 34.313852 ], [ 136.7730336, 34.3150569 ], [ 136.7758144, 34.3139303 ], [ 136.773253899999986, 34.3115975 ], [ 136.7720378, 34.3088534 ], [ 136.7751088, 34.3056641 ], [ 136.7801644, 34.3042613 ], [ 136.7741801, 34.3036744 ], [ 136.772688599999981, 34.3027437 ], [ 136.7732868, 34.3012768 ], [ 136.7731253, 34.296393 ], [ 136.7746976, 34.2958997 ], [ 136.777240800000015, 34.2967734 ], [ 136.7786917, 34.2991446 ], [ 136.7798703, 34.2974472 ], [ 136.7800842, 34.294381 ], [ 136.7786629, 34.2917057 ], [ 136.7803768, 34.2908623 ], [ 136.785476099999983, 34.2901423 ], [ 136.7870964, 34.2892071 ], [ 136.7896831, 34.2894294 ], [ 136.7921876, 34.2883356 ], [ 136.7935574, 34.2889355 ], [ 136.7943391, 34.2914806 ], [ 136.7983099, 34.2907588 ], [ 136.799803199999985, 34.2916077 ], [ 136.8017791, 34.2941537 ], [ 136.8036745, 34.2956066 ], [ 136.806691299999983, 34.2964362 ], [ 136.806887, 34.2982306 ], [ 136.8089784, 34.2978251 ], [ 136.808578, 34.3016476 ], [ 136.8067647, 34.302217 ], [ 136.8063553, 34.3036396 ], [ 136.804196499999989, 34.3036462 ], [ 136.8044138, 34.3057468 ], [ 136.8005144, 34.3062994 ], [ 136.7976409, 34.3076091 ], [ 136.7927063, 34.3075128 ], [ 136.7950327, 34.3094973 ], [ 136.7980641, 34.3092001 ], [ 136.79926949999998, 34.3125493 ], [ 136.7967558, 34.3146623 ], [ 136.798048099999988, 34.3152821 ], [ 136.800224899999989, 34.3134902 ], [ 136.802525799999984, 34.3152824 ], [ 136.797615899999983, 34.3190977 ], [ 136.798673399999984, 34.3204408 ], [ 136.8006588, 34.3204004 ], [ 136.8033638, 34.3218819 ], [ 136.804110899999984, 34.3237051 ], [ 136.804116900000025, 34.3265842 ], [ 136.805561200000028, 34.3279319 ], [ 136.8069408, 34.3274539 ], [ 136.8050532, 34.3234994 ], [ 136.8063529, 34.3209367 ], [ 136.8028991, 34.3189321 ], [ 136.804931100000033, 34.3163806 ], [ 136.8091531, 34.3136377 ], [ 136.806199099999986, 34.3124797 ], [ 136.8052382, 34.3096174 ], [ 136.813530499999985, 34.3103845 ], [ 136.8156469, 34.3119874 ], [ 136.8187696, 34.312529 ], [ 136.8211556, 34.3150385 ], [ 136.8250477, 34.3148693 ], [ 136.825497, 34.3138966 ], [ 136.824030199999982, 34.3115335 ], [ 136.8254184, 34.3096863 ], [ 136.827443599999981, 34.3096717 ], [ 136.8295703, 34.3080609 ], [ 136.831716799999981, 34.3086734 ], [ 136.835902, 34.3073014 ], [ 136.8377056, 34.3079463 ], [ 136.8386424, 34.3119564 ], [ 136.8415044, 34.3131341 ], [ 136.841526400000021, 34.3142514 ], [ 136.84507739999998, 34.3147544 ], [ 136.8481698, 34.313507 ], [ 136.845263099999983, 34.3107075 ], [ 136.844086399999981, 34.3113327 ], [ 136.8416772, 34.3095562 ], [ 136.844064799999984, 34.308242899999989 ], [ 136.8471836, 34.3091744 ], [ 136.850440599999985, 34.3073035 ], [ 136.846949199999983, 34.3062108 ], [ 136.848036899999983, 34.3039106 ], [ 136.8390891, 34.3051117 ], [ 136.8413716, 34.3027799 ], [ 136.839464599999985, 34.3016119 ], [ 136.835947399999981, 34.3035629 ], [ 136.83385, 34.3058845 ], [ 136.8326233, 34.303526 ], [ 136.829042, 34.302976199999989 ], [ 136.827655599999986, 34.3009632 ], [ 136.829884, 34.3004484 ], [ 136.832777199999981, 34.2969255 ], [ 136.8357317, 34.2982029 ], [ 136.8357064, 34.2966124 ], [ 136.840433099999984, 34.2977536 ], [ 136.8419265, 34.2972032 ], [ 136.841101899999984, 34.2954754 ], [ 136.8427557, 34.2948861 ], [ 136.8451229, 34.2979476 ], [ 136.8445994, 34.2989031 ], [ 136.846482, 34.3010105 ], [ 136.850413800000013, 34.3000043 ], [ 136.847154599999982, 34.2979793 ], [ 136.846487199999984, 34.2952666 ], [ 136.848452899999984, 34.2944712 ], [ 136.847712, 34.2912174 ], [ 136.850254899999982, 34.2910971 ], [ 136.8533023, 34.2928995 ], [ 136.8539843, 34.2919029 ], [ 136.8516787, 34.2904702 ], [ 136.856462, 34.2878326 ], [ 136.8590963, 34.2899607 ], [ 136.8618491, 34.2891379 ], [ 136.8617074, 34.2909102 ], [ 136.863824099999988, 34.2918007 ], [ 136.8644986, 34.2891628 ], [ 136.862698099999989, 34.2858794 ], [ 136.8609865, 34.2864655 ], [ 136.856452, 34.2859548 ], [ 136.8476413, 34.2873768 ], [ 136.8435351, 34.2897741 ], [ 136.842822899999987, 34.2907415 ], [ 136.8391562, 34.2913713 ], [ 136.837901700000032, 34.2906186 ], [ 136.835588799999982, 34.2866584 ], [ 136.831753599999985, 34.2848502 ], [ 136.828807399999988, 34.2859197 ], [ 136.829436, 34.2837001 ], [ 136.832459199999988, 34.2842321 ], [ 136.8331947, 34.2835027 ], [ 136.8317204, 34.2808683 ], [ 136.830512400000032, 34.2759586 ], [ 136.8352717, 34.2751217 ], [ 136.835483300000021, 34.273773 ], [ 136.832638799999984, 34.2738274 ], [ 136.832998799999984, 34.2714017 ], [ 136.8356554, 34.2713794 ], [ 136.839153499999981, 34.2742059 ], [ 136.8399024, 34.2733383 ], [ 136.837714399999982, 34.2717329 ], [ 136.838968, 34.2707006 ], [ 136.8411984, 34.2721266 ], [ 136.843623, 34.2716333 ], [ 136.8428826, 34.2739144 ], [ 136.8436595, 34.2782488 ], [ 136.8456802, 34.2796049 ], [ 136.8459906, 34.2760976 ], [ 136.8482816, 34.2760222 ], [ 136.8523265, 34.2789285 ], [ 136.8543381, 34.2798333 ], [ 136.857174, 34.2794712 ], [ 136.857250099999987, 34.277263 ], [ 136.854607499999986, 34.2758216 ], [ 136.8536518, 34.2741619 ], [ 136.8592433, 34.2719888 ], [ 136.862692899999985, 34.2714456 ], [ 136.8626966, 34.2705128 ], [ 136.8579387, 34.2705127 ], [ 136.8531068, 34.272204 ], [ 136.8533024, 34.270522 ], [ 136.8518752, 34.2684246 ], [ 136.848339899999985, 34.2660976 ], [ 136.8476803, 34.2682483 ], [ 136.8492159, 34.2688433 ], [ 136.851826099999982, 34.273134 ], [ 136.8485411, 34.2729832 ], [ 136.8481903, 34.2694256 ], [ 136.846778799999981, 34.2696831 ], [ 136.8427011, 34.2673598 ], [ 136.841607899999985, 34.264528 ], [ 136.839919899999984, 34.2644541 ], [ 136.8385433, 34.2626568 ], [ 136.8356814, 34.2610004 ], [ 136.8343913, 34.264622 ], [ 136.8304929, 34.2662311 ], [ 136.8293941, 34.2647293 ], [ 136.829637100000014, 34.2625678 ], [ 136.830734, 34.2608107 ], [ 136.8288493, 34.2595944 ], [ 136.8280476, 34.2613825 ], [ 136.828901299999984, 34.2631959 ], [ 136.827711099999988, 34.2645602 ], [ 136.828021799999988, 34.2662807 ], [ 136.8299168, 34.2691428 ], [ 136.829630399999985, 34.2710395 ], [ 136.825885, 34.2707123 ], [ 136.821919100000031, 34.2724712 ], [ 136.8213505, 34.2732833 ], [ 136.8173691, 34.2732923 ], [ 136.8183554, 34.2700294 ], [ 136.8163035, 34.2670081 ], [ 136.815709699999985, 34.2642553 ], [ 136.812998, 34.2644489 ], [ 136.814103099999983, 34.2660627 ], [ 136.812583, 34.267395199999989 ], [ 136.813824499999981, 34.2683953 ], [ 136.813736399999982, 34.2720491 ], [ 136.811286599999988, 34.2731067 ], [ 136.8094955, 34.2722009 ], [ 136.8037517, 34.2732805 ], [ 136.8018491, 34.2748891 ], [ 136.7983941, 34.2762632 ], [ 136.792437399999983, 34.2776983 ], [ 136.7925146, 34.2750479 ], [ 136.7947438, 34.2726897 ], [ 136.792251599999986, 34.2726498 ], [ 136.7906654, 34.2756763 ], [ 136.7913068, 34.2772052 ], [ 136.7880792, 34.2782897 ], [ 136.7850027, 34.278353 ], [ 136.7819139, 34.2755363 ], [ 136.7795625, 34.2762749 ], [ 136.778302, 34.2780337 ], [ 136.776265199999983, 34.2782203 ], [ 136.7742965, 34.2767311 ], [ 136.770902299999989, 34.278732 ], [ 136.769113299999987, 34.2774182 ], [ 136.765614699999986, 34.2782011 ], [ 136.76172889999998, 34.2735559 ], [ 136.7596801, 34.2725848 ], [ 136.7563525, 34.2732293 ], [ 136.754618099999988, 34.2721312 ], [ 136.7519542, 34.2724701 ], [ 136.751047, 34.2705869 ], [ 136.752677799999987, 34.269386 ], [ 136.7591177, 34.269451 ], [ 136.7631331, 34.2669005 ], [ 136.7651409, 34.263572 ], [ 136.765383, 34.260647 ], [ 136.768556099999984, 34.2610801 ], [ 136.771318, 34.2597153 ], [ 136.7734212, 34.2594997 ], [ 136.777378199999987, 34.2610594 ], [ 136.7795816, 34.260368 ], [ 136.7811672, 34.2608713 ], [ 136.783231799999982, 34.2599075 ], [ 136.7838504, 34.2580583 ], [ 136.786516399999982, 34.2579662 ], [ 136.789039699999989, 34.256344 ], [ 136.790431899999987, 34.2575538 ], [ 136.796787199999983, 34.2563929 ], [ 136.796836399999989, 34.2553607 ], [ 136.8015088, 34.2548533 ], [ 136.8023451, 34.2540794 ], [ 136.806122599999981, 34.2544679 ], [ 136.808031799999981, 34.2531862 ], [ 136.8119365, 34.252798299999988 ], [ 136.816440299999982, 34.2511199 ], [ 136.8193408, 34.2506544 ], [ 136.8234247, 34.2507213 ], [ 136.8282088, 34.2512863 ], [ 136.829533, 34.2521563 ], [ 136.834032799999989, 34.2523016 ], [ 136.836245099999985, 34.2511495 ], [ 136.8405143, 34.2522875 ], [ 136.844140399999986, 34.2509936 ], [ 136.8460876, 34.2488908 ], [ 136.8473654, 34.2499723 ], [ 136.8483096, 34.2569266 ], [ 136.849665099999982, 34.2590694 ], [ 136.8529687, 34.261722899999988 ], [ 136.8558066, 34.2623145 ], [ 136.8594516, 34.2618398 ], [ 136.864820399999985, 34.263129 ], [ 136.870151, 34.2626727 ], [ 136.8714306, 34.2665005 ], [ 136.870964099999981, 34.2690151 ], [ 136.8693188, 34.269274 ], [ 136.868647399999986, 34.271838 ], [ 136.869945699999988, 34.2734323 ], [ 136.87393609999998, 34.273094799999988 ], [ 136.8766033, 34.2735548 ], [ 136.8782047, 34.2728361 ], [ 136.8825996, 34.2741313 ], [ 136.88336289999998, 34.2754781 ], [ 136.885854099999989, 34.2740554 ], [ 136.887613, 34.2760179 ], [ 136.89072969999998, 34.2757121 ], [ 136.8921857, 34.2767038 ], [ 136.8947029, 34.2769508 ], [ 136.897654599999981, 34.2764823 ], [ 136.899571, 34.2769443 ], [ 136.901302, 34.2789409 ], [ 136.9001001, 34.280208 ], [ 136.8983357, 34.2796354 ], [ 136.897663099999988, 34.2813529 ], [ 136.8988688, 34.2846402 ], [ 136.897926, 34.2865122 ], [ 136.894146399999983, 34.28805 ], [ 136.8946834, 34.2893293 ], [ 136.893980299999981, 34.2926653 ], [ 136.889220099999989, 34.2951343 ], [ 136.887056299999983, 34.2970285 ], [ 136.8853033, 34.2972377 ], [ 136.8842713, 34.300081899999988 ], [ 136.8864278, 34.3028663 ], [ 136.8860173, 34.3054152 ], [ 136.8875782, 34.3078693 ], [ 136.888965, 34.3080999 ], [ 136.891281099999986, 34.3100209 ], [ 136.8923404, 34.3129099 ], [ 136.8917136, 34.315699 ], [ 136.890353, 34.315323 ], [ 136.885260599999981, 34.3179767 ], [ 136.8789027, 34.325285699999988 ], [ 136.877915, 34.3295333 ], [ 136.8777968, 34.3354179 ], [ 136.879158599999982, 34.3396129 ], [ 136.8819059, 34.3454793 ], [ 136.884365, 34.3455132 ], [ 136.8870757, 34.3466433 ], [ 136.8883318, 34.3483775 ], [ 136.8919855, 34.3505185 ], [ 136.893968799999982, 34.3527512 ], [ 136.9011545, 34.3555201 ], [ 136.9010822, 34.3572268 ], [ 136.9035202, 34.3612899 ], [ 136.9064185, 34.3619242 ], [ 136.9075588, 34.3635794 ], [ 136.906120099999981, 34.3653699 ], [ 136.9030674, 34.3628102 ], [ 136.901274299999983, 34.3627099 ], [ 136.8976783, 34.3637324 ], [ 136.8979036, 34.3622939 ], [ 136.8945431, 34.361768 ], [ 136.894776799999988, 34.3634308 ], [ 136.8921387, 34.3656034 ], [ 136.888823299999984, 34.3637258 ], [ 136.887198899999987, 34.3594416 ], [ 136.8852913, 34.3616241 ], [ 136.8812519, 34.3586295 ], [ 136.880087799999984, 34.355938 ], [ 136.8763904, 34.3540932 ], [ 136.8747382, 34.3540238 ], [ 136.872220699999986, 34.3521334 ], [ 136.870184199999983, 34.3495217 ], [ 136.8696582, 34.3446339 ], [ 136.8667974, 34.3426916 ], [ 136.865391499999987, 34.3449785 ], [ 136.8660059, 34.351046599999989 ], [ 136.86085319999998, 34.3513357 ], [ 136.8609798, 34.3526279 ], [ 136.8685688, 34.3543535 ], [ 136.8677366, 34.3553052 ], [ 136.8677085, 34.358848 ], [ 136.865451, 34.3606274 ], [ 136.8635641, 34.3646992 ], [ 136.86148559999998, 34.3633329 ], [ 136.8613173, 34.3616422 ], [ 136.858278899999988, 34.3609774 ], [ 136.855668799999989, 34.3594613 ], [ 136.854607099999981, 34.3580788 ], [ 136.850923400000028, 34.3570482 ], [ 136.8529298, 34.3632504 ], [ 136.8532279, 34.3671096 ], [ 136.8521365, 34.3685904 ], [ 136.8460446, 34.369492 ], [ 136.846832299999988, 34.3676421 ], [ 136.8447758, 34.3662665 ], [ 136.84034410000001, 34.3650984 ], [ 136.8400173, 34.3630795 ], [ 136.8412127, 34.3607672 ], [ 136.8411511, 34.3589364 ], [ 136.8382737, 34.3583011 ], [ 136.8380302, 34.3564613 ], [ 136.8365953, 34.3551092 ], [ 136.8342423, 34.3543351 ], [ 136.830788, 34.3547325 ], [ 136.8284419, 34.3540636 ], [ 136.8265654, 34.3526621 ], [ 136.823079899999982, 34.3540517 ], [ 136.82009069999998, 34.3578383 ], [ 136.822669099999985, 34.3611704 ], [ 136.8221809, 34.3631049 ], [ 136.814666400000021, 34.3646755 ], [ 136.812814, 34.3656021 ], [ 136.812570199999982, 34.3681517 ], [ 136.8149498, 34.3673895 ], [ 136.817347399999989, 34.3656573 ], [ 136.822091299999983, 34.365499 ], [ 136.8230165, 34.3649349 ], [ 136.827613499999984, 34.3651664 ], [ 136.8304731, 34.3636097 ], [ 136.8325008, 34.3635324 ], [ 136.8336012, 34.3615124 ], [ 136.83764739999998, 34.3637161 ], [ 136.837758, 34.3668821 ], [ 136.843894799999987, 34.3675891 ], [ 136.8445222, 34.3707889 ], [ 136.847088, 34.3720404 ], [ 136.8489016, 34.3707901 ], [ 136.8519503, 34.3711558 ], [ 136.8553578, 34.3686269 ], [ 136.855793899999981, 34.3649404 ], [ 136.857891199999983, 34.3638038 ], [ 136.860378, 34.3683006 ], [ 136.861566499999981, 34.3673287 ], [ 136.8667791, 34.3681134 ], [ 136.8677051, 34.3694429 ], [ 136.870803699999982, 34.3699645 ], [ 136.871535, 34.3723193 ], [ 136.8737189, 34.3724951 ], [ 136.8751196, 34.3705628 ], [ 136.8769753, 34.3712153 ], [ 136.876323499999984, 34.3739361 ], [ 136.873346199999986, 34.381564499999989 ], [ 136.870372299999985, 34.3854478 ], [ 136.87016939999998, 34.387154 ], [ 136.8734021, 34.3841549 ], [ 136.87817, 34.3826658 ], [ 136.879111, 34.3805213 ], [ 136.881633699999981, 34.3811463 ], [ 136.8812102, 34.3830454 ], [ 136.8829283, 34.3844676 ], [ 136.881845299999981, 34.3871433 ], [ 136.880196900000016, 34.3880109 ], [ 136.8836734, 34.389473 ], [ 136.8852541, 34.3884075 ], [ 136.8880867, 34.3909037 ], [ 136.888862099999983, 34.389981899999988 ], [ 136.8862517, 34.3884636 ], [ 136.8859593, 34.3844249 ], [ 136.8872232, 34.3837486 ], [ 136.888967399999984, 34.3852643 ], [ 136.890093, 34.3875793 ], [ 136.8928833, 34.3892632 ], [ 136.8973852, 34.389072 ], [ 136.8991656, 34.3869086 ], [ 136.8980057, 34.3786771 ], [ 136.900623699999983, 34.3774562 ], [ 136.905328, 34.3764119 ], [ 136.9071309, 34.3755528 ], [ 136.912455199999982, 34.3760366 ], [ 136.9136545, 34.3786645 ], [ 136.9120667, 34.3815416 ], [ 136.9084585, 34.3830689 ], [ 136.9069615, 34.3852349 ], [ 136.9072065, 34.3866695 ], [ 136.9091575, 34.3881924 ], [ 136.909734899999989, 34.3903206 ], [ 136.9090027, 34.3963452 ], [ 136.9094652, 34.3984666 ], [ 136.910847599999983, 34.3988599 ], [ 136.9121413, 34.4009767 ], [ 136.9159751, 34.4021513 ], [ 136.9184146, 34.4057006 ], [ 136.9170475, 34.4080447 ], [ 136.919907199999983, 34.4111186 ], [ 136.9225509, 34.4126844 ], [ 136.9239436, 34.4119605 ], [ 136.9267658, 34.4147045 ], [ 136.924530799999985, 34.4163945 ], [ 136.92364139999998, 34.4210655 ], [ 136.9196143, 34.4235199 ], [ 136.9188802, 34.426477 ], [ 136.922428599999989, 34.4309907 ], [ 136.9212801, 34.4322446 ], [ 136.921765099999988, 34.4345528 ], [ 136.923278, 34.4356873 ], [ 136.9197671, 34.4382555 ], [ 136.920658100000026, 34.4402812 ], [ 136.922715399999987, 34.4399716 ], [ 136.924567599999989, 34.4441734 ], [ 136.9228134, 34.4458197 ], [ 136.9193601, 34.4452225 ], [ 136.91752, 34.4484286 ], [ 136.9150454, 34.450181 ], [ 136.914999599999987, 34.4522997 ], [ 136.9101355, 34.4548299 ], [ 136.910414299999985, 34.4526882 ], [ 136.9070504, 34.4513993 ], [ 136.9029343, 34.4518969 ], [ 136.8971144, 34.4536852 ], [ 136.893012900000031, 34.4515777 ], [ 136.892887, 34.4505828 ], [ 136.895272399999982, 34.44909 ], [ 136.8986725, 34.4484489 ], [ 136.8977674, 34.447078 ], [ 136.892876799999982, 34.4471598 ], [ 136.8906436, 34.4463394 ], [ 136.891958599999981, 34.4438316 ], [ 136.8896847, 34.443408 ], [ 136.8886838, 34.4451026 ], [ 136.8852694, 34.4434021 ], [ 136.8829067, 34.4398436 ], [ 136.8847743, 34.4377761 ], [ 136.8867919, 34.4369041 ], [ 136.8881869, 34.4376583 ], [ 136.889865600000036, 34.4365918 ], [ 136.8898376, 34.4349896 ], [ 136.8870377, 34.4357199 ], [ 136.886334399999981, 34.4333714 ], [ 136.8821954, 34.4318713 ], [ 136.881250599999987, 34.4307115 ], [ 136.8785206, 34.4303535 ], [ 136.8785131, 34.4317657 ], [ 136.8804915, 34.4335807 ], [ 136.8833972, 34.4345747 ], [ 136.8811928, 34.4369728 ], [ 136.8810815, 34.4383107 ], [ 136.8766717, 34.4381232 ], [ 136.877276, 34.4397768 ], [ 136.8808271, 34.4401611 ], [ 136.8801561, 34.4417993 ], [ 136.881023299999981, 34.444514 ], [ 136.8841659, 34.4462321 ], [ 136.884161899999981, 34.4496591 ], [ 136.879166, 34.4511914 ], [ 136.8760456, 34.4501507 ], [ 136.8747172, 34.4530699 ], [ 136.8751819, 34.4545046 ], [ 136.8698482, 34.4550832 ], [ 136.8681226, 34.4558439 ], [ 136.870291399999985, 34.4591893 ], [ 136.8684265, 34.4597786 ], [ 136.8678148, 34.4631467 ], [ 136.870967, 34.462036 ], [ 136.8723454, 34.4642469 ], [ 136.8712799, 34.4685985 ], [ 136.8723967, 34.4712738 ], [ 136.8748799, 34.4716946 ], [ 136.8772716, 34.4733087 ], [ 136.877193500000033, 34.4744599 ], [ 136.871724, 34.4739198 ], [ 136.8677688, 34.4756249 ], [ 136.867736899999983, 34.4780383 ], [ 136.8664411, 34.4783104 ], [ 136.8665594, 34.481105 ], [ 136.8625676, 34.4808084 ], [ 136.8612899, 34.4792086 ], [ 136.8579944, 34.4779326 ], [ 136.8554584, 34.4788133 ], [ 136.847310099999987, 34.4805186 ], [ 136.8447421, 34.4831572 ], [ 136.8453437, 34.4846413 ], [ 136.8452466, 34.4877056 ], [ 136.841496399999983, 34.4888546 ], [ 136.842612299999985, 34.4914827 ], [ 136.8408508, 34.4929115 ], [ 136.8374394, 34.488945 ], [ 136.834748099999985, 34.4915856 ], [ 136.8346842, 34.4927531 ], [ 136.8371248, 34.4952048 ], [ 136.8352932, 34.4965296 ], [ 136.8343754, 34.5005411 ], [ 136.834236299999986, 34.5036588 ], [ 136.8324786, 34.504451 ], [ 136.831284499999981, 34.5062071 ], [ 136.824495499999983, 34.505034 ], [ 136.8256711, 34.5032009 ], [ 136.825954199999984, 34.500054 ], [ 136.827281199999987, 34.4951928 ], [ 136.8288473, 34.4927646 ], [ 136.8279604, 34.4906284 ], [ 136.8261579, 34.4911568 ], [ 136.8240188, 34.4900204 ], [ 136.8256939, 34.4878007 ], [ 136.825346, 34.4860963 ], [ 136.823394, 34.4863369 ], [ 136.8204177, 34.4844927 ], [ 136.8177397, 34.4841877 ], [ 136.8160454, 34.4852042 ], [ 136.8175163, 34.4868483 ], [ 136.817088399999989, 34.4896422 ], [ 136.8162194, 34.4906815 ], [ 136.8129511, 34.4918287 ], [ 136.8132685, 34.4933173 ], [ 136.8156061, 34.4946516 ], [ 136.816000699999989, 34.4966033 ], [ 136.8127447, 34.4979279 ], [ 136.8124475, 34.5024668 ], [ 136.810161, 34.5038265 ], [ 136.8110934, 34.5068441 ], [ 136.808900099999988, 34.5082651 ], [ 136.803873399999986, 34.5072803 ], [ 136.795747, 34.5065327 ], [ 136.7890875, 34.5080997 ], [ 136.788561499999986, 34.5091119 ], [ 136.7810084, 34.5085229 ], [ 136.7768589, 34.508922 ], [ 136.773223699999988, 34.5099072 ], [ 136.7717692, 34.510917 ], [ 136.7653382, 34.5135498 ], [ 136.757549399999988, 34.5192021 ], [ 136.7531994, 34.524756499999988 ], [ 136.7512879, 34.5228988 ], [ 136.7484738, 34.5222686 ], [ 136.74720259999998, 34.5262995 ], [ 136.742243699999989, 34.5297562 ], [ 136.740814299999982, 34.5318664 ], [ 136.7371975, 34.5342473 ], [ 136.7362454, 34.5335253 ], [ 136.7231581, 34.5411526 ], [ 136.722508, 34.5426471 ], [ 136.718161399999985, 34.5429151 ], [ 136.716008099999982, 34.5444968 ], [ 136.710270100000031, 34.5450856 ], [ 136.704662, 34.5451273 ], [ 136.7000731, 34.5456338 ], [ 136.6942228, 34.5470431 ], [ 136.6893641, 34.5500821 ], [ 136.688334199999986, 34.551261 ], [ 136.6796946, 34.5535747 ], [ 136.6728697, 34.555844 ], [ 136.6668623, 34.5583267 ], [ 136.6630051, 34.5613852 ], [ 136.660955200000018, 34.5638505 ], [ 136.660448, 34.5663043 ], [ 136.657197199999985, 34.5631692 ], [ 136.6593039, 34.5604167 ], [ 136.656551399999984, 34.5584081 ], [ 136.6559203, 34.5564669 ], [ 136.6578686, 34.5536081 ], [ 136.658283899999986, 34.5513064 ], [ 136.6515844, 34.54891 ], [ 136.6498286, 34.5466133 ], [ 136.6471516, 34.5456087 ], [ 136.647078599999986, 34.542065 ], [ 136.6456053, 34.5392136 ], [ 136.6454167, 34.5363075 ], [ 136.649547499999983, 34.5348364 ], [ 136.651653899999985, 34.5345683 ], [ 136.6605022, 34.5285136 ], [ 136.661038099999985, 34.5273469 ], [ 136.6590594, 34.5238069 ], [ 136.6612264, 34.5226197 ], [ 136.66026, 34.5201922 ], [ 136.658171399999986, 34.5208347 ], [ 136.6581294, 34.5230806 ], [ 136.656012799999985, 34.5231986 ], [ 136.654164399999985, 34.521995 ], [ 136.6539861, 34.5196614 ], [ 136.652687499999985, 34.5189494 ], [ 136.6509608, 34.5200028 ], [ 136.649916099999984, 34.5207622 ], [ 136.65000329999998, 34.5209983 ], [ 136.64812329999998, 34.5225656 ], [ 136.6465694, 34.5212361 ], [ 136.646852199999984, 34.518835 ], [ 136.6482825, 34.516805 ], [ 136.6477219, 34.5159942 ], [ 136.646091400000017, 34.5168231 ], [ 136.6442214, 34.5192536 ], [ 136.6376837, 34.5170259 ], [ 136.63461, 34.5181064 ], [ 136.6337869, 34.5173606 ], [ 136.6276028, 34.5171403 ], [ 136.627536099999986, 34.5159503 ], [ 136.62319530000002, 34.5155381 ], [ 136.6207172, 34.5172553 ], [ 136.6142906, 34.5176992 ], [ 136.6129903, 34.5132181 ], [ 136.6136794, 34.5101911 ], [ 136.61109, 34.5082367 ], [ 136.6117267, 34.5073475 ], [ 136.607491399999986, 34.5049522 ], [ 136.60290329999998, 34.5048481 ], [ 136.6015981, 34.5035478 ], [ 136.600063899999981, 34.5057719 ], [ 136.5997442, 34.5031625 ], [ 136.5982717, 34.5027056 ], [ 136.6002086, 34.5005561 ], [ 136.6004297, 34.4984161 ], [ 136.597623299999981, 34.4981017 ], [ 136.596833299999986, 34.4957042 ], [ 136.594775299999981, 34.4961753 ], [ 136.5930222, 34.4953514 ], [ 136.5876686, 34.4917064 ], [ 136.5839631, 34.4882822 ], [ 136.5821942, 34.4854783 ], [ 136.582651699999985, 34.4805128 ], [ 136.57916560000001, 34.4805389 ], [ 136.5802247, 34.4786122 ], [ 136.5814178, 34.4722775 ], [ 136.5804703, 34.4699994 ], [ 136.5839642, 34.4667017 ], [ 136.58202559999998, 34.4635981 ], [ 136.5808256, 34.4630097 ], [ 136.5788742, 34.4596203 ], [ 136.5781308, 34.4568628 ], [ 136.579362799999984, 34.4553725 ], [ 136.5788483, 34.4516497 ], [ 136.575768899999986, 34.4513619 ], [ 136.5705178, 34.4521278 ], [ 136.566010299999988, 34.4523814 ], [ 136.560429699999986, 34.4515381 ], [ 136.555495399999984, 34.4514592 ], [ 136.55289, 34.4504308 ], [ 136.553001099999989, 34.4452808 ], [ 136.552035599999982, 34.4439694 ], [ 136.549063599999982, 34.4433939 ], [ 136.5479422, 34.4424917 ], [ 136.5475308, 34.4386706 ], [ 136.5448108, 34.4379642 ], [ 136.532773599999985, 34.4385531 ], [ 136.5284006, 34.4367633 ], [ 136.526726699999983, 34.435325 ], [ 136.524552199999988, 34.4341569 ], [ 136.522550599999988, 34.4341958 ], [ 136.519000799999986, 34.4308736 ], [ 136.516647799999987, 34.4296575 ], [ 136.5150964, 34.4299272 ], [ 136.510274399999986, 34.4328619 ], [ 136.4991569, 34.4344375 ], [ 136.4968108, 34.4335406 ], [ 136.49452, 34.4308306 ], [ 136.4955075, 34.4216492 ], [ 136.4937531, 34.4203967 ], [ 136.4890839, 34.42106 ], [ 136.484527499999984, 34.4192356 ], [ 136.482096899999988, 34.4188111 ], [ 136.47862809999998, 34.419435799999988 ], [ 136.473195299999986, 34.4149614 ], [ 136.4702403, 34.4130989 ], [ 136.4669817, 34.4074514 ], [ 136.4646314, 34.4049739 ], [ 136.459064399999988, 34.4015033 ], [ 136.456729699999983, 34.3962417 ], [ 136.4552439, 34.3948558 ], [ 136.4465722, 34.3935242 ], [ 136.4458258, 34.3923653 ], [ 136.4483659, 34.385725 ], [ 136.4472073, 34.3828747 ], [ 136.4442197, 34.3813822 ], [ 136.444502799999981, 34.3791717 ], [ 136.4471867, 34.3775986 ], [ 136.4506433, 34.3767069 ], [ 136.4485919, 34.3707614 ], [ 136.4485525, 34.3683872 ], [ 136.44619, 34.3675939 ], [ 136.4383139, 34.3712386 ], [ 136.436017199999981, 34.3749647 ], [ 136.4326342, 34.3774186 ], [ 136.4292869, 34.3788614 ], [ 136.4282019, 34.3821464 ], [ 136.4289717, 34.3830092 ], [ 136.4328472, 34.3836475 ], [ 136.434781099999981, 34.3862831 ], [ 136.43386, 34.3871541 ], [ 136.4336006, 34.3905783 ], [ 136.431171899999981, 34.3931733 ], [ 136.4318161, 34.3948608 ], [ 136.4312775, 34.3964994 ], [ 136.42865, 34.398295 ], [ 136.4254819, 34.3997189 ], [ 136.419603599999988, 34.3972744 ], [ 136.415136099999984, 34.3941239 ], [ 136.4120711, 34.3936711 ], [ 136.4080764, 34.3911494 ], [ 136.4055256, 34.39043 ], [ 136.4066186, 34.3879419 ], [ 136.409954199999987, 34.3873506 ], [ 136.4129764, 34.384415 ], [ 136.4172206, 34.3834264 ], [ 136.418708900000013, 34.3819517 ], [ 136.41716, 34.3784739 ], [ 136.415185, 34.3764831 ], [ 136.4153378, 34.3742903 ], [ 136.416469399999983, 34.3738469 ], [ 136.4162494, 34.3689672 ], [ 136.4145264, 34.366717199999989 ], [ 136.4146175, 34.3655575 ], [ 136.417076399999985, 34.3642081 ], [ 136.4153744, 34.3601253 ], [ 136.411037199999981, 34.3544239 ], [ 136.4033144, 34.3531467 ], [ 136.3996692, 34.3500025 ], [ 136.394095599999986, 34.3472044 ], [ 136.3898797, 34.3463353 ], [ 136.3878506, 34.3465072 ], [ 136.3852622, 34.34427 ], [ 136.38316469999998, 34.3440142 ], [ 136.3762017, 34.3403419 ], [ 136.372836399999983, 34.3395769 ], [ 136.370052499999986, 34.3334839 ], [ 136.3663403, 34.3312989 ], [ 136.3661358, 34.3303936 ], [ 136.3614436, 34.3275917 ], [ 136.360124399999989, 34.3258419 ], [ 136.356061399999987, 34.324185 ], [ 136.354586399999988, 34.3222767 ], [ 136.3542967, 34.3192269 ], [ 136.3516889, 34.3189958 ], [ 136.347572500000012, 34.3168986 ], [ 136.343925300000024, 34.3168506 ], [ 136.342025300000017, 34.31615 ], [ 136.339159199999983, 34.3165278 ], [ 136.3351089, 34.3158675 ], [ 136.3324753, 34.3164317 ], [ 136.3320089, 34.3175294 ], [ 136.3291486, 34.3189508 ], [ 136.324768899999981, 34.3188381 ], [ 136.3237575, 34.3169228 ], [ 136.323714199999984, 34.314235 ], [ 136.321581399999985, 34.3108781 ], [ 136.3191233, 34.3089728 ], [ 136.3171958, 34.302355 ], [ 136.314958099999984, 34.3012853 ], [ 136.313864699999982, 34.2993444 ], [ 136.3105617, 34.300358599999988 ], [ 136.305287199999981, 34.2968028 ], [ 136.3008519, 34.2967344 ], [ 136.2980531, 34.2954847 ], [ 136.2956122, 34.2966658 ], [ 136.2907861, 34.2954089 ], [ 136.2879625, 34.2952164 ], [ 136.2857153, 34.2941642 ], [ 136.2813567, 34.2900311 ], [ 136.2810814, 34.2884064 ], [ 136.2786236, 34.28864 ], [ 136.2749422, 34.2881139 ], [ 136.2704789, 34.2891322 ], [ 136.2680436, 34.2870247 ], [ 136.2640836, 34.2803622 ], [ 136.2659875, 34.2766225 ], [ 136.269795599999981, 34.2742658 ], [ 136.2726422, 34.2720972 ], [ 136.27538, 34.2716717 ], [ 136.2781242, 34.2732292 ], [ 136.280671399999989, 34.2724819 ], [ 136.2882161, 34.2717164 ], [ 136.2912897, 34.2702519 ], [ 136.294633299999987, 34.2675306 ], [ 136.2966006, 34.2670908 ], [ 136.29767529999998, 34.2646972 ], [ 136.2996014, 34.2625081 ], [ 136.2958103, 34.2593897 ], [ 136.2958022, 34.2569611 ], [ 136.299196099999989, 34.2542581 ], [ 136.300130599999989, 34.2514547 ], [ 136.302136099999984, 34.2503956 ], [ 136.303784399999984, 34.2507008 ], [ 136.3060825, 34.2493414 ], [ 136.3105697, 34.2434461 ], [ 136.312113899999986, 34.2425944 ], [ 136.32017, 34.2433542 ], [ 136.3223844, 34.2428897 ], [ 136.326622499999985, 34.2434594 ], [ 136.333891699999981, 34.2415442 ], [ 136.335449399999987, 34.2404694 ], [ 136.3385772, 34.2405908 ], [ 136.3407436, 34.2433492 ], [ 136.3428961, 34.2443653 ], [ 136.3461333, 34.2439228 ], [ 136.3470719, 34.2417297 ], [ 136.3505614, 34.2405158 ], [ 136.351737499999984, 34.2408839 ], [ 136.356943299999983, 34.2400644 ], [ 136.3578508, 34.23698 ], [ 136.36140469999998, 34.2324903 ], [ 136.362007799999986, 34.2307342 ], [ 136.3663511, 34.2290203 ], [ 136.3685725, 34.2267117 ], [ 136.3685553, 34.2248689 ], [ 136.3702983, 34.2233694 ], [ 136.3729428, 34.2225067 ], [ 136.3725158, 34.2181528 ], [ 136.3716375, 34.2162056 ], [ 136.373540599999984, 34.213435 ], [ 136.374179699999985, 34.2108442 ], [ 136.3727336, 34.2080542 ], [ 136.371171100000026, 34.2064978 ], [ 136.3704419, 34.2044875 ], [ 136.371583099999981, 34.2015714 ], [ 136.374494, 34.1974714 ], [ 136.3764114, 34.2022334 ], [ 136.378432799999985, 34.2021504 ], [ 136.3785361, 34.2047511 ], [ 136.3814083, 34.2064335 ], [ 136.383422599999989, 34.2068488 ], [ 136.3843105, 34.2081853 ], [ 136.386206099999981, 34.2083317 ], [ 136.385005299999989, 34.2120326 ], [ 136.3864501, 34.2142991 ], [ 136.383625699999982, 34.2152746 ], [ 136.3844541, 34.2167848 ], [ 136.3882477, 34.2165589 ], [ 136.3890764, 34.2183124 ], [ 136.391726799999986, 34.2190835 ], [ 136.3931345, 34.2172595 ], [ 136.399219499999987, 34.2184583 ], [ 136.399843, 34.2165171 ], [ 136.4014161, 34.2156967 ], [ 136.401952699999981, 34.2137956 ], [ 136.39918849999998, 34.2141324 ], [ 136.397050299999989, 34.2157038 ], [ 136.3937173, 34.2112317 ], [ 136.3959346, 34.2102844 ], [ 136.397123599999986, 34.208523 ], [ 136.398035, 34.2050153 ], [ 136.3966551, 34.2035343 ], [ 136.3989014, 34.2028521 ], [ 136.4001049, 34.2050136 ], [ 136.402849299999986, 34.2066124 ], [ 136.4090014, 34.2067092 ], [ 136.412934399999983, 34.2081607 ], [ 136.4131463, 34.2108271 ], [ 136.418781599999988, 34.2120932 ], [ 136.4198216, 34.2138034 ], [ 136.422834, 34.2145847 ], [ 136.424227699999989, 34.2133076 ], [ 136.4261811, 34.2145631 ], [ 136.4286392, 34.2140828 ], [ 136.4273406, 34.2165528 ], [ 136.427711, 34.218299 ], [ 136.43070830000002, 34.2198641 ], [ 136.432040900000032, 34.2192768 ], [ 136.434966, 34.2210071 ], [ 136.4369322, 34.2207333 ], [ 136.440023599999989, 34.2214891 ], [ 136.4425559, 34.2198696 ], [ 136.4454893, 34.2204528 ], [ 136.447511599999984, 34.2193862 ], [ 136.448694599999982, 34.2203138 ], [ 136.4554512, 34.221596 ], [ 136.4572239, 34.2224704 ], [ 136.4571369, 34.2237716 ], [ 136.459962099999984, 34.2242184 ], [ 136.4588182, 34.2264501 ], [ 136.4538891, 34.2267952 ], [ 136.4523341, 34.2280221 ], [ 136.452090299999981, 34.2308814 ], [ 136.4532332, 34.2331966 ], [ 136.4550965, 34.2341934 ], [ 136.4538107, 34.2358512 ], [ 136.4537278, 34.2376641 ], [ 136.455453299999988, 34.2390676 ], [ 136.455048399999981, 34.2413959 ], [ 136.453456099999983, 34.2450897 ], [ 136.4509721, 34.2449277 ], [ 136.4472485, 34.2422278 ], [ 136.4461675, 34.2434084 ], [ 136.44789320000001, 34.2448857 ], [ 136.447278400000016, 34.2462767 ], [ 136.4453009, 34.2459572 ], [ 136.4434555, 34.2444506 ], [ 136.441094, 34.2452357 ], [ 136.440425799999986, 34.2479124 ], [ 136.4432359, 34.2486534 ], [ 136.446458, 34.2485398 ], [ 136.4488869, 34.249641 ], [ 136.45054829999998, 34.2474306 ], [ 136.4517984, 34.2481019 ], [ 136.456700399999988, 34.2474205 ], [ 136.4602583, 34.2475479 ], [ 136.45878190000002, 34.2509608 ], [ 136.4614124, 34.2524571 ], [ 136.4611935, 34.2541496 ], [ 136.4652198, 34.2561053 ], [ 136.466030099999983, 34.2570356 ], [ 136.469076299999983, 34.2570243 ], [ 136.469262, 34.2559221 ], [ 136.46626089999998, 34.2552652 ], [ 136.4671351, 34.2518719 ], [ 136.4687452, 34.2495889 ], [ 136.473324099999985, 34.2493399 ], [ 136.471875499999982, 34.2476664 ], [ 136.4686489, 34.2469535 ], [ 136.4664904, 34.2488941 ], [ 136.463879599999984, 34.2471536 ], [ 136.463025099999982, 34.2451539 ], [ 136.4608024, 34.2428697 ], [ 136.460309, 34.2392429 ], [ 136.462918299999984, 34.2373562 ], [ 136.4637282, 34.2357954 ], [ 136.4622776, 34.2343708 ], [ 136.4626391, 34.2325833 ], [ 136.46425739999998, 34.2311458 ], [ 136.468145, 34.2324804 ], [ 136.4719297, 34.2313672 ], [ 136.4731204, 34.2316211 ], [ 136.476632599999988, 34.2286257 ], [ 136.4804464, 34.2287863 ], [ 136.482817700000027, 34.227998 ], [ 136.483803, 34.2255207 ], [ 136.4818123, 34.2248627 ], [ 136.4825344, 34.2232386 ], [ 136.4813595, 34.2211797 ], [ 136.4819513, 34.2199461 ], [ 136.4846593, 34.2213826 ], [ 136.486348099999987, 34.2215537 ], [ 136.4878133, 34.2229133 ], [ 136.4916079, 34.2239488 ], [ 136.4926557, 34.2252175 ], [ 136.495939199999981, 34.2245354 ], [ 136.4968266, 34.226107 ], [ 136.4968446, 34.2295586 ], [ 136.499363099999982, 34.2312609 ], [ 136.502010399999989, 34.2318428 ], [ 136.505103099999985, 34.229949399999988 ], [ 136.5081352, 34.231148499999989 ], [ 136.5066122, 34.233666 ], [ 136.5067398, 34.2364273 ], [ 136.5042847, 34.2357608 ], [ 136.502605499999987, 34.2380393 ], [ 136.500465099999985, 34.2386404 ], [ 136.4997098, 34.2373407 ], [ 136.496420799999981, 34.2368642 ], [ 136.4928756, 34.2379399 ], [ 136.4907931, 34.23447 ], [ 136.4887771, 34.2349819 ], [ 136.490645, 34.2386236 ], [ 136.488875, 34.2414429 ], [ 136.485957499999984, 34.2414729 ], [ 136.487084600000031, 34.2449673 ], [ 136.491773199999983, 34.2422711 ], [ 136.4937596, 34.24364 ], [ 136.497368199999983, 34.2442161 ], [ 136.4987878, 34.2432306 ], [ 136.502085, 34.2427132 ], [ 136.5042172, 34.2443493 ], [ 136.5014287, 34.245935 ], [ 136.5009346, 34.2501586 ], [ 136.5001149, 34.2516747 ], [ 136.4955252, 34.2512006 ], [ 136.4935377, 34.250299 ], [ 136.4907689, 34.2522081 ], [ 136.4916481, 34.2534678 ], [ 136.493993599999982, 34.2536659 ], [ 136.494931399999984, 34.2547228 ], [ 136.4940401, 34.2574829 ], [ 136.495501, 34.2578879 ], [ 136.4982369, 34.2553654 ], [ 136.502471, 34.2549266 ], [ 136.5037228, 34.2538461 ], [ 136.504619, 34.2506059 ], [ 136.5077928, 34.2502947 ], [ 136.5103236, 34.2478986 ], [ 136.510599, 34.246398 ], [ 136.509418, 34.2438643 ], [ 136.5098406, 34.2427947 ], [ 136.5178465, 34.2402226 ], [ 136.5193234, 34.2428534 ], [ 136.5142002, 34.2440297 ], [ 136.5135417, 34.246134 ], [ 136.5113608, 34.247621 ], [ 136.5101376, 34.2514505 ], [ 136.5083204, 34.2524906 ], [ 136.5079063, 34.2560073 ], [ 136.508883600000019, 34.2585785 ], [ 136.507375699999983, 34.2595241 ], [ 136.50742, 34.2613795 ], [ 136.5088314, 34.2630171 ], [ 136.505651299999982, 34.2643902 ], [ 136.5051861, 34.2681101 ], [ 136.5068512, 34.2704612 ], [ 136.5060413, 34.2741269 ], [ 136.5018565, 34.2750577 ], [ 136.5010304, 34.277124199999989 ], [ 136.503994299999988, 34.2762866 ], [ 136.5055671, 34.2789571 ], [ 136.5096782, 34.2790341 ], [ 136.5108443, 34.2783073 ], [ 136.513985099999985, 34.278333 ], [ 136.5154312, 34.2752306 ], [ 136.5150299, 34.2730992 ], [ 136.51131, 34.2715579 ], [ 136.5126053, 34.2699394 ], [ 136.517385499999989, 34.2693063 ], [ 136.519199499999985, 34.2678434 ], [ 136.521370099999984, 34.2679479 ], [ 136.52465, 34.2670691 ], [ 136.5242036, 34.2697636 ], [ 136.521830699999981, 34.2733643 ], [ 136.523437799999982, 34.2740415 ], [ 136.5258891, 34.2712402 ], [ 136.527340399999986, 34.2709281 ], [ 136.5291674, 34.2733109 ], [ 136.5309111, 34.2729328 ], [ 136.531894, 34.2702609 ], [ 136.5285556, 34.2670729 ], [ 136.5271267, 34.2643812 ], [ 136.5256403, 34.2641684 ], [ 136.525478, 34.2622301 ], [ 136.52680669999998, 34.2599522 ], [ 136.5286601, 34.2601174 ], [ 136.5297099, 34.2648372 ], [ 136.5286535, 34.2654666 ], [ 136.5304341, 34.2683566 ], [ 136.534787199999982, 34.2683243 ], [ 136.53408109999998, 34.2709308 ], [ 136.5358277, 34.2735091 ], [ 136.5357626, 34.2751983 ], [ 136.537887399999988, 34.2763612 ], [ 136.538710899999984, 34.2788788 ], [ 136.5407615, 34.2775859 ], [ 136.5412727, 34.2723308 ], [ 136.542821799999984, 34.2661852 ], [ 136.540586099999985, 34.2644434 ], [ 136.5378211, 34.2607916 ], [ 136.5389184, 34.2596671 ], [ 136.539050900000035, 34.2574144 ], [ 136.537472799999989, 34.2560566 ], [ 136.541147, 34.2548767 ], [ 136.54319289999998, 34.2547815 ], [ 136.5458324, 34.2531789 ], [ 136.5455179, 34.2502682 ], [ 136.5476874, 34.2505166 ], [ 136.550672099999986, 34.2528196 ], [ 136.5481441, 34.2541141 ], [ 136.548830399999986, 34.2557943 ], [ 136.5481542, 34.2592858 ], [ 136.5531487, 34.2609841 ], [ 136.554773899999986, 34.263982 ], [ 136.557198299999982, 34.2659066 ], [ 136.5576388, 34.2679913 ], [ 136.555122499999982, 34.270247 ], [ 136.5541278, 34.2732863 ], [ 136.5550773, 34.2747579 ], [ 136.552855199999982, 34.2767279 ], [ 136.5505402, 34.2775485 ], [ 136.5506598, 34.2790326 ], [ 136.5483659, 34.2817747 ], [ 136.550249899999983, 34.2827084 ], [ 136.5534599, 34.2807753 ], [ 136.553073499999982, 34.2785341 ], [ 136.557575, 34.2782293 ], [ 136.5566854, 34.2762484 ], [ 136.5602264, 34.2754955 ], [ 136.5584471, 34.2800691 ], [ 136.5567877, 34.2818296 ], [ 136.558751799999982, 34.2852602 ], [ 136.561258399999986, 34.2858266 ], [ 136.5638826, 34.2854384 ], [ 136.5674975, 34.2869604 ], [ 136.5704364, 34.2888693 ], [ 136.572361199999989, 34.2886466 ], [ 136.5737389, 34.286743 ], [ 136.575657399999983, 34.2897966 ], [ 136.577526299999988, 34.2885091 ], [ 136.579068399999983, 34.2900865 ], [ 136.5807701, 34.2901954 ], [ 136.5804579, 34.2932249 ], [ 136.584127699999982, 34.2926952 ], [ 136.585392499999983, 34.291774 ], [ 136.584226299999983, 34.2892383 ], [ 136.5873795, 34.2895828 ], [ 136.5902039, 34.2905322 ], [ 136.5904966, 34.2948172 ], [ 136.592728099999988, 34.2939899 ], [ 136.592894799999982, 34.2924488 ], [ 136.5953139, 34.2920374 ], [ 136.5971418, 34.2909147 ], [ 136.5965673, 34.2896795 ], [ 136.5938301, 34.288681 ], [ 136.598525099999989, 34.2851301 ], [ 136.593823, 34.2843697 ], [ 136.592778899999985, 34.2834294 ], [ 136.5947387, 34.2818735 ], [ 136.5924549, 34.2795049 ], [ 136.5912952, 34.282955 ], [ 136.591697499999981, 34.2842207 ], [ 136.590669599999984, 34.2860263 ], [ 136.589159699999982, 34.2849535 ], [ 136.5856933, 34.2845989 ], [ 136.585232599999983, 34.2836773 ], [ 136.5808882, 34.280905 ], [ 136.5809328, 34.2789325 ], [ 136.57871369999998, 34.2795926 ], [ 136.5784669, 34.2808376 ], [ 136.579652700000025, 34.2829976 ], [ 136.5817836, 34.2843176 ], [ 136.5809251, 34.2858759 ], [ 136.5759491, 34.2841029 ], [ 136.5735046, 34.2817511 ], [ 136.573596399999985, 34.2805037 ], [ 136.571150099999983, 34.278114 ], [ 136.5722666, 34.2757583 ], [ 136.574336, 34.2759247 ], [ 136.576661799999982, 34.2783162 ], [ 136.5806265, 34.2774361 ], [ 136.5811141, 34.2752786 ], [ 136.583618699999988, 34.2746445 ], [ 136.585341, 34.2750815 ], [ 136.588298899999984, 34.2715857 ], [ 136.5896464, 34.2721077 ], [ 136.590150800000032, 34.2694042 ], [ 136.58912669999998, 34.2680371 ], [ 136.587423199999989, 34.2694039 ], [ 136.5847791, 34.2695275 ], [ 136.584159299999982, 34.2709 ], [ 136.584775899999983, 34.2732356 ], [ 136.5810897, 34.2749524 ], [ 136.580840099999989, 34.2724037 ], [ 136.579441799999984, 34.2689934 ], [ 136.5813226, 34.2681348 ], [ 136.582833, 34.2660802 ], [ 136.583134400000034, 34.2635507 ], [ 136.585099, 34.2617486 ], [ 136.5858536, 34.2574675 ], [ 136.588817799999987, 34.2583945 ], [ 136.5910859, 34.2574649 ], [ 136.5935227, 34.2581372 ], [ 136.595991199999986, 34.2572677 ], [ 136.5996422, 34.2589475 ], [ 136.602106099999986, 34.2576961 ], [ 136.6052914, 34.2586251 ], [ 136.6057291, 34.2599703 ], [ 136.6084136, 34.2621282 ], [ 136.6094867, 34.2653042 ], [ 136.6129152, 34.2693891 ], [ 136.6159197, 34.2704905 ], [ 136.6182205, 34.2731628 ], [ 136.6211839, 34.2739428 ], [ 136.6241085, 34.272959899999989 ], [ 136.6280456, 34.272929 ], [ 136.6317732, 34.2747083 ], [ 136.6350969, 34.2757281 ], [ 136.637346799999989, 34.2782275 ], [ 136.6352689, 34.2802079 ], [ 136.6356318, 34.2846294 ], [ 136.638556699999981, 34.2848268 ], [ 136.6399423, 34.2860575 ], [ 136.6431479, 34.2853206 ], [ 136.6478622, 34.2866006 ], [ 136.654980599999988, 34.2870713 ], [ 136.65644039999998, 34.2889527 ], [ 136.6582228, 34.2888479 ], [ 136.656937199999987, 34.2924145 ], [ 136.653506199999981, 34.2923442 ], [ 136.652854600000012, 34.2938358 ], [ 136.6536461, 34.296815 ], [ 136.6564248, 34.2995772 ], [ 136.661459, 34.3013815 ], [ 136.6643075, 34.2997554 ], [ 136.6639056, 34.3020787 ], [ 136.6651838, 34.3066283 ], [ 136.6720721, 34.3111704 ], [ 136.6745388, 34.3120816 ], [ 136.674759599999987, 34.3154176 ], [ 136.6710439, 34.3139218 ], [ 136.671334, 34.3162895 ], [ 136.6686077, 34.315935 ], [ 136.667389, 34.3166217 ], [ 136.6646102, 34.3158603 ], [ 136.6641749, 34.3144151 ], [ 136.6664849, 34.3139233 ], [ 136.6675514, 34.312683 ], [ 136.663529899999986, 34.3124388 ], [ 136.662304299999988, 34.3111222 ], [ 136.655722199999985, 34.3097741 ], [ 136.6577441, 34.312272 ], [ 136.658207399999981, 34.3142893 ], [ 136.6568767, 34.3160063 ], [ 136.6531747, 34.3165494 ], [ 136.651634299999984, 34.3127979 ], [ 136.648401399999983, 34.311522 ], [ 136.645742899999988, 34.3119447 ], [ 136.6454642, 34.3100759 ], [ 136.643794499999984, 34.3090096 ], [ 136.64037380000002, 34.3080341 ], [ 136.6368789, 34.3088126 ], [ 136.6373381, 34.3125135 ], [ 136.6396038, 34.3130782 ], [ 136.642904, 34.3118409 ], [ 136.6427153, 34.3137525 ], [ 136.645191399999987, 34.3150892 ], [ 136.6458127, 34.3165343 ], [ 136.6495663, 34.3161536 ], [ 136.6514448, 34.3206486 ], [ 136.6511274, 34.3232702 ], [ 136.6528376, 34.3229354 ], [ 136.654057, 34.3194621 ], [ 136.65617, 34.3184824 ], [ 136.6582529, 34.3187832 ], [ 136.659255299999984, 34.3211483 ], [ 136.6610018, 34.3230687 ], [ 136.659309799999988, 34.3263199 ], [ 136.665219700000023, 34.325572099999988 ], [ 136.6663098, 34.3247107 ], [ 136.6695128, 34.324008 ], [ 136.6721461, 34.3241146 ], [ 136.6729403, 34.3264155 ], [ 136.6682854, 34.3286323 ], [ 136.6649627, 34.3290034 ], [ 136.665478399999984, 34.3304242 ], [ 136.6702182, 34.3315942 ], [ 136.671513799999985, 34.3333546 ], [ 136.66935669999998, 34.3353019 ], [ 136.6706948, 34.3372333 ], [ 136.6669489, 34.3395477 ], [ 136.663452899999982, 34.3387434 ], [ 136.6624008, 34.339657 ], [ 136.659416100000016, 34.3386697 ], [ 136.656922899999984, 34.3393357 ], [ 136.656045299999988, 34.340691 ], [ 136.6569163, 34.3422803 ], [ 136.6587769, 34.3420298 ], [ 136.6614121, 34.3455053 ], [ 136.664206399999983, 34.3457594 ], [ 136.669243900000026, 34.3436859 ], [ 136.6721301, 34.3431622 ], [ 136.6715183, 34.34157 ], [ 136.6721991, 34.3393008 ], [ 136.674203299999988, 34.3399526 ], [ 136.6763872, 34.338610599999988 ], [ 136.6773234, 34.339915399999988 ], [ 136.680053099999981, 34.3410791 ], [ 136.6814719, 34.342866 ], [ 136.684051399999987, 34.3432107 ], [ 136.685295, 34.3454834 ], [ 136.6869691, 34.3441206 ], [ 136.688555400000013, 34.3452614 ], [ 136.6911524, 34.3454115 ], [ 136.6908201, 34.3434412 ], [ 136.6876792, 34.3436229 ], [ 136.683325699999983, 34.3389158 ], [ 136.6804886, 34.3388987 ], [ 136.678713499999986, 34.3376357 ], [ 136.678783399999986, 34.3358711 ], [ 136.6826182, 34.33519 ], [ 136.6834063, 34.3365079 ], [ 136.6861561, 34.3354449 ], [ 136.6835, 34.3333774 ], [ 136.6870389, 34.3333555 ], [ 136.682509, 34.3276895 ], [ 136.6814439, 34.3269763 ], [ 136.6818638, 34.3244121 ], [ 136.683255699999989, 34.3237194 ], [ 136.6857029, 34.3253108 ], [ 136.685739, 34.3266377 ], [ 136.6873923, 34.3292496 ], [ 136.6902915, 34.3315933 ], [ 136.690059599999984, 34.3328862 ], [ 136.6946633, 34.3357282 ], [ 136.6964791, 34.3395077 ], [ 136.6932177, 34.3406516 ], [ 136.6968713, 34.3422301 ], [ 136.696101699999986, 34.3445049 ], [ 136.694713899999982, 34.3447975 ], [ 136.693838200000016, 34.3485656 ], [ 136.698579099999989, 34.3494554 ], [ 136.699025299999988, 34.3460021 ], [ 136.705707, 34.3486716 ], [ 136.707860899999986, 34.3488016 ], [ 136.707085299999989, 34.3465549 ], [ 136.7045963, 34.343774 ], [ 136.7043218, 34.3421724 ], [ 136.7067065, 34.3382739 ], [ 136.706448199999983, 34.336284 ], [ 136.709378499999985, 34.3365884 ], [ 136.7103404, 34.3392457 ], [ 136.7121735, 34.3408818 ], [ 136.715192, 34.3403267 ], [ 136.718508900000018, 34.342308 ], [ 136.7200889, 34.3396771 ], [ 136.7217303, 34.3382695 ], [ 136.722831899999989, 34.3408845 ], [ 136.7221834, 34.3432152 ], [ 136.72394989999998, 34.3443571 ], [ 136.7266545, 34.3431986 ], [ 136.724233199999986, 34.3408907 ], [ 136.7256839, 34.3397761 ], [ 136.7252307, 34.3381467 ], [ 136.7233253, 34.3361084 ], [ 136.722716, 34.3340453 ], [ 136.7276785, 34.3349937 ], [ 136.7290294, 34.3330584 ], [ 136.724368800000036, 34.3331309 ], [ 136.721206, 34.3323665 ], [ 136.7204466, 34.3303234 ], [ 136.7173847, 34.3301076 ], [ 136.7163263, 34.3288857 ], [ 136.7168816, 34.3243016 ], [ 136.71341, 34.3296295 ], [ 136.7102825, 34.3305893 ], [ 136.7041284, 34.328665 ], [ 136.705313099999984, 34.3265139 ], [ 136.708424899999983, 34.3241412 ], [ 136.7079354, 34.3223803 ], [ 136.710158799999988, 34.321213 ], [ 136.7091328, 34.3199618 ], [ 136.705978, 34.3210434 ], [ 136.70490719999998, 34.324288 ], [ 136.700889099999984, 34.3242411 ], [ 136.6995456, 34.3253985 ], [ 136.698007599999983, 34.3233514 ], [ 136.701665099999985, 34.3204921 ], [ 136.7007702, 34.3190158 ], [ 136.6961809, 34.3199349 ], [ 136.694545, 34.315896599999988 ], [ 136.6930197, 34.3135798 ], [ 136.69503, 34.3124351 ], [ 136.6972055, 34.3122184 ], [ 136.694333299999983, 34.309925 ], [ 136.692991899999981, 34.3108533 ], [ 136.6908056, 34.3100697 ], [ 136.6909585, 34.3088598 ], [ 136.6893799, 34.3057081 ], [ 136.689749899999981, 34.3038484 ], [ 136.6876604, 34.3000772 ], [ 136.689455399999986, 34.2999754 ], [ 136.6909086, 34.2945327 ], [ 136.6898589, 34.2927018 ], [ 136.684257699999989, 34.2931536 ], [ 136.6856331, 34.291149 ], [ 136.686032499999982, 34.2888951 ], [ 136.687579199999988, 34.288205 ], [ 136.6886681, 34.2861426 ], [ 136.687770200000017, 34.2840617 ], [ 136.6894906, 34.2837433 ], [ 136.6912156, 34.2859919 ], [ 136.689976, 34.2875508 ], [ 136.6910677, 34.2887032 ], [ 136.6939505, 34.289607 ], [ 136.6976095, 34.2893114 ], [ 136.6988393, 34.292786899999989 ], [ 136.701344899999981, 34.2932383 ], [ 136.7046, 34.2929115 ], [ 136.706498399999987, 34.2943208 ], [ 136.7097549, 34.294609 ], [ 136.711487, 34.2935749 ], [ 136.713122699999985, 34.295638 ], [ 136.71524740000001, 34.2966675 ], [ 136.7126299, 34.2984861 ], [ 136.7129708, 34.3002656 ] ] ], [ [ [ 136.7132043, 34.3347108 ], [ 136.7156339, 34.3342547 ], [ 136.717538, 34.3348176 ], [ 136.719475599999981, 34.3382835 ], [ 136.7185646, 34.3406386 ], [ 136.7176723, 34.3407961 ], [ 136.715153099999981, 34.3383167 ], [ 136.7132043, 34.3347108 ] ] ], [ [ [ 136.841551, 34.2675601 ], [ 136.837771799999985, 34.269368199999988 ], [ 136.8383207, 34.2668801 ], [ 136.841551, 34.2675601 ] ] ], [ [ [ 136.8309042, 34.2913865 ], [ 136.8281225, 34.2905838 ], [ 136.8296954, 34.2891272 ], [ 136.831362, 34.2894485 ], [ 136.8309042, 34.2913865 ] ] ], [ [ [ 136.8258109, 34.2887032 ], [ 136.8264869, 34.290791 ], [ 136.8250352, 34.292711 ], [ 136.824931400000025, 34.294433 ], [ 136.822353099999987, 34.2956597 ], [ 136.820643099999984, 34.2944495 ], [ 136.8240639, 34.2930333 ], [ 136.8226276, 34.2913243 ], [ 136.8258109, 34.2887032 ] ] ], [ [ [ 136.8187318, 34.302654 ], [ 136.819973299999987, 34.299284299999989 ], [ 136.8220638, 34.2999708 ], [ 136.820450199999982, 34.3020106 ], [ 136.8187318, 34.302654 ] ] ], [ [ [ 136.8234191, 34.3063216 ], [ 136.8262971, 34.3070231 ], [ 136.8242658, 34.3106309 ], [ 136.821261199999981, 34.311876 ], [ 136.8201784, 34.3114464 ], [ 136.8161711, 34.3097874 ], [ 136.8133805, 34.3092113 ], [ 136.8110701, 34.306218 ], [ 136.8143997, 34.3047606 ], [ 136.8191194, 34.3054271 ], [ 136.822318199999984, 34.3049349 ], [ 136.8234191, 34.3063216 ] ] ], [ [ [ 136.873669299999989, 34.3577811 ], [ 136.876958, 34.3616718 ], [ 136.8775116, 34.3639449 ], [ 136.877370899999988, 34.3672407 ], [ 136.876329299999981, 34.3677956 ], [ 136.8734325, 34.3678112 ], [ 136.873988, 34.3653043 ], [ 136.872431299999988, 34.3652381 ], [ 136.8705414, 34.3675123 ], [ 136.8688795, 34.3660489 ], [ 136.8665543, 34.3657637 ], [ 136.8677013, 34.3629157 ], [ 136.87020769999998, 34.3614142 ], [ 136.871248899999983, 34.3594231 ], [ 136.873669299999989, 34.3577811 ] ] ], [ [ [ 136.8889939, 34.4535701 ], [ 136.8879071, 34.4521851 ], [ 136.889105299999983, 34.4508516 ], [ 136.890821599999981, 34.452814 ], [ 136.8889939, 34.4535701 ] ] ], [ [ [ 136.8930618, 34.4584761 ], [ 136.89168920000003, 34.4562687 ], [ 136.893674799999985, 34.4554836 ], [ 136.897034099999985, 34.458761 ], [ 136.8978404, 34.4609729 ], [ 136.896503699999982, 34.4608941 ], [ 136.8930618, 34.4584761 ] ] ], [ [ [ 136.858377599999983, 34.4840799 ], [ 136.860364799999985, 34.4842688 ], [ 136.8636118, 34.4855229 ], [ 136.863436899999982, 34.4892861 ], [ 136.8596182, 34.4907619 ], [ 136.8549576, 34.4897996 ], [ 136.8515655, 34.4884991 ], [ 136.8511073, 34.4873856 ], [ 136.85303159999998, 34.4858731 ], [ 136.853845, 34.4841953 ], [ 136.856597099999988, 34.4825551 ], [ 136.858377599999983, 34.4840799 ] ] ], [ [ [ 136.9058039, 34.4923403 ], [ 136.9095796, 34.4996569 ], [ 136.9095063, 34.5013058 ], [ 136.907535, 34.5023655 ], [ 136.904084399999988, 34.5031336 ], [ 136.8988527, 34.4988376 ], [ 136.8904626, 34.4961335 ], [ 136.884695599999986, 34.4956164 ], [ 136.882512400000024, 34.4948058 ], [ 136.878477299999986, 34.4943987 ], [ 136.876622699999984, 34.4932641 ], [ 136.872273299999989, 34.4867774 ], [ 136.8731273, 34.4838096 ], [ 136.877886599999982, 34.4831214 ], [ 136.880827899999986, 34.4840419 ], [ 136.8796982, 34.4807443 ], [ 136.8833165, 34.4818439 ], [ 136.885288299999985, 34.4801466 ], [ 136.8844, 34.4776761 ], [ 136.8861465, 34.4764438 ], [ 136.8880739, 34.4773122 ], [ 136.8873264, 34.4798474 ], [ 136.889663, 34.4825715 ], [ 136.892593299999987, 34.482905 ], [ 136.8955727, 34.4839237 ], [ 136.897472599999986, 34.4877141 ], [ 136.899905099999984, 34.4894049 ], [ 136.904501499999981, 34.4905104 ], [ 136.9058039, 34.4923403 ] ] ], [ [ [ 136.837625799999984, 34.5073235 ], [ 136.8355482, 34.5066923 ], [ 136.836518, 34.5045702 ], [ 136.8384303, 34.5062204 ], [ 136.837625799999984, 34.5073235 ] ] ], [ [ [ 136.8361195, 34.5165766 ], [ 136.842880399999984, 34.5169027 ], [ 136.842960399999981, 34.517858 ], [ 136.847240199999987, 34.5194741 ], [ 136.844500399999987, 34.5202683 ], [ 136.8431122, 34.5194398 ], [ 136.8367571, 34.5180111 ], [ 136.8361195, 34.5165766 ] ] ], [ [ [ 136.9016095, 34.5328112 ], [ 136.901518899999985, 34.5342834 ], [ 136.8993006, 34.5347244 ], [ 136.9007703, 34.5375387 ], [ 136.898620199999982, 34.5386881 ], [ 136.89578, 34.5365513 ], [ 136.8926956, 34.5360113 ], [ 136.888290399999988, 34.5330708 ], [ 136.8845446, 34.5316408 ], [ 136.884672599999988, 34.5302425 ], [ 136.881637399999988, 34.529766599999988 ], [ 136.8796174, 34.5309411 ], [ 136.878479299999981, 34.5299191 ], [ 136.875695399999984, 34.5293136 ], [ 136.868799699999983, 34.5293184 ], [ 136.866102499999982, 34.5271224 ], [ 136.867906, 34.5259783 ], [ 136.870624599999985, 34.5264876 ], [ 136.871641, 34.5281344 ], [ 136.874704899999983, 34.5270709 ], [ 136.876031300000022, 34.5241678 ], [ 136.872545600000024, 34.5250909 ], [ 136.8717068, 34.5231526 ], [ 136.872260899999986, 34.5211954 ], [ 136.871870299999983, 34.5190931 ], [ 136.8680286, 34.5171776 ], [ 136.8647307, 34.5174805 ], [ 136.863981199999984, 34.5188191 ], [ 136.8585981, 34.5175609 ], [ 136.8553646, 34.5154801 ], [ 136.85394119999998, 34.516612 ], [ 136.8527249, 34.5143914 ], [ 136.848018, 34.5114021 ], [ 136.847040199999981, 34.5077273 ], [ 136.8492764, 34.5083306 ], [ 136.8524098, 34.506801599999989 ], [ 136.8582121, 34.5058557 ], [ 136.8649646, 34.5082244 ], [ 136.867615699999988, 34.5108281 ], [ 136.8711246, 34.5102899 ], [ 136.8727653, 34.5115969 ], [ 136.8745036, 34.5103308 ], [ 136.877736299999981, 34.5146766 ], [ 136.8859688, 34.5160829 ], [ 136.888256, 34.519346 ], [ 136.890977, 34.5209118 ], [ 136.891721599999983, 34.5221933 ], [ 136.8942084, 34.5231011 ], [ 136.899688699999984, 34.5224497 ], [ 136.9003083, 34.5210923 ], [ 136.8987047, 34.5190781 ], [ 136.9009261, 34.5186008 ], [ 136.903978699999982, 34.5195664 ], [ 136.902127399999983, 34.5217484 ], [ 136.901152699999983, 34.5256824 ], [ 136.903375900000015, 34.5274714 ], [ 136.9036668, 34.5292773 ], [ 136.9016095, 34.5328112 ] ] ], [ [ [ 136.9075891, 34.5432029 ], [ 136.90773489999998, 34.5415668 ], [ 136.910007899999982, 34.5402593 ], [ 136.9135432, 34.5417846 ], [ 136.9165073, 34.5443853 ], [ 136.9118145, 34.5431967 ], [ 136.9075891, 34.5432029 ] ] ], [ [ [ 136.987671500000033, 34.5475701 ], [ 136.9876971, 34.549581 ], [ 136.985786499999989, 34.5506974 ], [ 136.9826124, 34.5509426 ], [ 136.9815724, 34.5522168 ], [ 136.9807597, 34.5505925 ], [ 136.9772246, 34.548581 ], [ 136.976382199999989, 34.547234 ], [ 136.9773515, 34.5457523 ], [ 136.9795967, 34.5447994 ], [ 136.981451099999987, 34.5429519 ], [ 136.982944299999986, 34.5427103 ], [ 136.9864571, 34.5457194 ], [ 136.987671500000033, 34.5475701 ] ] ] ] } },
{ "type": "Feature", "properties": { "hokenjo": "熊野" }, "geometry": { "type": "MultiPolygon", "coordinates": [ [ [ [ 136.0315153, 33.7722883 ], [ 136.0351772, 33.7802246 ], [ 136.0380816, 33.7858089 ], [ 136.0412201, 33.7952416 ], [ 136.0459847, 33.8057127 ], [ 136.0491288, 33.8110385 ], [ 136.051952299999982, 33.8139359 ], [ 136.053483299999982, 33.8187697 ], [ 136.0571026, 33.8260847 ], [ 136.0609063, 33.8316126 ], [ 136.0633784, 33.8367927 ], [ 136.066059400000029, 33.8404761 ], [ 136.071991699999984, 33.8505291 ], [ 136.0767538, 33.857671 ], [ 136.0811637, 33.8636066 ], [ 136.085952, 33.8695592 ], [ 136.089850800000022, 33.8739292 ], [ 136.100948099999982, 33.885477 ], [ 136.1066946, 33.8900935 ], [ 136.1093746, 33.8899869 ], [ 136.1119593, 33.8889603 ], [ 136.1141122, 33.8889383 ], [ 136.116995299999985, 33.8905947 ], [ 136.1152844, 33.8938496 ], [ 136.118128500000012, 33.8988075 ], [ 136.120587299999983, 33.8991431 ], [ 136.121951599999989, 33.8979885 ], [ 136.124840300000017, 33.8974245 ], [ 136.1259814, 33.8949929 ], [ 136.1280888, 33.8929038 ], [ 136.12690139999998, 33.8916693 ], [ 136.1282568, 33.8892548 ], [ 136.1284162, 33.8868995 ], [ 136.130535399999985, 33.8851012 ], [ 136.1315784, 33.8879543 ], [ 136.1338857, 33.8885739 ], [ 136.1360757, 33.8880271 ], [ 136.1387077, 33.8915 ], [ 136.1382513, 33.8951093 ], [ 136.136131899999981, 33.8959649 ], [ 136.133908, 33.8981315 ], [ 136.134821499999987, 33.8993294 ], [ 136.1388241, 33.8987156 ], [ 136.1392515, 33.8975352 ], [ 136.1425664, 33.8974583 ], [ 136.1445845, 33.8962537 ], [ 136.1503913, 33.8992973 ], [ 136.1508005, 33.9001876 ], [ 136.145830099999984, 33.9027198 ], [ 136.1415566, 33.9042857 ], [ 136.1404858, 33.9066102 ], [ 136.1388528, 33.9080075 ], [ 136.139425099999983, 33.9095351 ], [ 136.141996799999987, 33.9101558 ], [ 136.1444598, 33.9120348 ], [ 136.1516891, 33.9122416 ], [ 136.1501969, 33.9152242 ], [ 136.1516182, 33.9167738 ], [ 136.151073699999984, 33.9185021 ], [ 136.1528295, 33.9201503 ], [ 136.154734499999989, 33.9206838 ], [ 136.152329399999985, 33.9237391 ], [ 136.1488305, 33.9243994 ], [ 136.1472958, 33.9266598 ], [ 136.148136599999987, 33.9292749 ], [ 136.1503902, 33.9313797 ], [ 136.1525781, 33.9305086 ], [ 136.155514499999981, 33.9302945 ], [ 136.1589267, 33.9313473 ], [ 136.1629494, 33.929525 ], [ 136.1640071, 33.9297818 ], [ 136.1686905, 33.9249886 ], [ 136.1677664, 33.9244138 ], [ 136.168372399999981, 33.9211992 ], [ 136.1697955, 33.9180522 ], [ 136.169764499999985, 33.9133534 ], [ 136.170718699999981, 33.9127423 ], [ 136.176132199999984, 33.9124465 ], [ 136.179815499999989, 33.9128147 ], [ 136.180513, 33.9140494 ], [ 136.18290159999998, 33.9149475 ], [ 136.1848278, 33.9148241 ], [ 136.1847794, 33.9177842 ], [ 136.1865913, 33.9175393 ], [ 136.190441199999981, 33.9189651 ], [ 136.1934225, 33.9171496 ], [ 136.1980204, 33.9221144 ], [ 136.1951043, 33.9235721 ], [ 136.1941922, 33.9259359 ], [ 136.194794699999989, 33.9276592 ], [ 136.1974368, 33.9297405 ], [ 136.1974119, 33.9317002 ], [ 136.1987599, 33.9325877 ], [ 136.196771899999987, 33.9360221 ], [ 136.194941299999982, 33.9357374 ], [ 136.1939293, 33.9341033 ], [ 136.189344299999988, 33.9338785 ], [ 136.1853079, 33.9359838 ], [ 136.182637799999981, 33.936364 ], [ 136.1806809, 33.9379066 ], [ 136.182099199999982, 33.9396203 ], [ 136.1836212, 33.9385885 ], [ 136.1856709, 33.938645 ], [ 136.1881871, 33.9398169 ], [ 136.190696, 33.9396678 ], [ 136.194942699999984, 33.9422876 ], [ 136.1962777, 33.942561 ], [ 136.2003014, 33.9418542 ], [ 136.2015664, 33.9444681 ], [ 136.2033979, 33.9440382 ], [ 136.206654, 33.9407893 ], [ 136.208608, 33.9403208 ], [ 136.2131957, 33.9377427 ], [ 136.2111904, 33.9374305 ], [ 136.210152599999986, 33.9360214 ], [ 136.2083467, 33.9364515 ], [ 136.2077873, 33.9348127 ], [ 136.210102399999982, 33.931278 ], [ 136.2115296, 33.931882699999989 ], [ 136.212902100000036, 33.9343324 ], [ 136.2143408, 33.9337389 ], [ 136.2173762, 33.9344199 ], [ 136.218760799999984, 33.9356849 ], [ 136.215506, 33.9374274 ], [ 136.2164213, 33.9395412 ], [ 136.218288699999988, 33.9396029 ], [ 136.219932299999982, 33.9412211 ], [ 136.2166061, 33.9466336 ], [ 136.2174839, 33.9476827 ], [ 136.220290799999987, 33.9474756 ], [ 136.2236732, 33.9460713 ], [ 136.2253366, 33.9464119 ], [ 136.2317572, 33.9462927 ], [ 136.23195560000002, 33.9476091 ], [ 136.2290142, 33.9471917 ], [ 136.2255183, 33.9478775 ], [ 136.2223586, 33.94991 ], [ 136.2224467, 33.9506678 ], [ 136.2186289, 33.9524825 ], [ 136.2187858, 33.9546261 ], [ 136.2148817, 33.9551239 ], [ 136.2128989, 33.9559497 ], [ 136.209668099999988, 33.9548756 ], [ 136.207623899999987, 33.9524317 ], [ 136.202527799999984, 33.9536414 ], [ 136.2001956, 33.9548936 ], [ 136.1948758, 33.9555314 ], [ 136.1932511, 33.9539347 ], [ 136.1913644, 33.9543956 ], [ 136.188726699999989, 33.9570289 ], [ 136.1831967, 33.9593419 ], [ 136.1815153, 33.9625292 ], [ 136.1811875, 33.9647956 ], [ 136.178407199999981, 33.9654047 ], [ 136.1765461, 33.9666233 ], [ 136.171594199999987, 33.9650333 ], [ 136.1695647, 33.9629322 ], [ 136.1677703, 33.9571256 ], [ 136.1637997, 33.9574278 ], [ 136.1562342, 33.9586242 ], [ 136.1551658, 33.9573728 ], [ 136.151121099999983, 33.9578006 ], [ 136.1465208, 33.9621283 ], [ 136.1413586, 33.9635736 ], [ 136.1389572, 33.9660353 ], [ 136.1381867, 33.9707406 ], [ 136.1359775, 33.9740542 ], [ 136.1358294, 33.9777528 ], [ 136.1362533, 33.9832408 ], [ 136.135584199999983, 33.9845911 ], [ 136.133539700000028, 33.9856961 ], [ 136.1337336, 33.9874669 ], [ 136.1324797, 33.9896033 ], [ 136.132240599999989, 33.9963153 ], [ 136.1344478, 33.9975336 ], [ 136.1367986, 33.9997156 ], [ 136.136576900000023, 34.0078078 ], [ 136.140191099999981, 34.010050299999989 ], [ 136.1422072, 34.0105781 ], [ 136.145546699999983, 34.0100853 ], [ 136.1480733, 34.0126233 ], [ 136.1509417, 34.0134675 ], [ 136.1515847, 34.0157467 ], [ 136.1517211, 34.0202175 ], [ 136.1480856, 34.0252986 ], [ 136.1434036, 34.0265422 ], [ 136.132575799999984, 34.0269125 ], [ 136.1298689, 34.0259828 ], [ 136.1266939, 34.0265314 ], [ 136.1243964, 34.0278417 ], [ 136.1214019, 34.0264281 ], [ 136.1171194, 34.0237381 ], [ 136.112067199999984, 34.0229583 ], [ 136.1110219, 34.0234328 ], [ 136.1051286, 34.0232569 ], [ 136.1010622, 34.0257628 ], [ 136.099928899999981, 34.0238539 ], [ 136.0975597, 34.0239681 ], [ 136.096375, 34.0224625 ], [ 136.0931172, 34.0237586 ], [ 136.091897499999988, 34.0252275 ], [ 136.0890728, 34.0261522 ], [ 136.0886764, 34.0272889 ], [ 136.0855378, 34.0287886 ], [ 136.0821247, 34.0275553 ], [ 136.0807983, 34.0284969 ], [ 136.078305, 34.0286339 ], [ 136.078414399999986, 34.0305667 ], [ 136.0763086, 34.0318994 ], [ 136.0733314, 34.0324517 ], [ 136.0726558, 34.0338628 ], [ 136.0682658, 34.0333194 ], [ 136.0666283, 34.0339869 ], [ 136.0623803, 34.0322803 ], [ 136.054926400000028, 34.0356256 ], [ 136.0532111, 34.0347403 ], [ 136.0528225, 34.0321439 ], [ 136.0508953, 34.0334433 ], [ 136.044101399999988, 34.0358333 ], [ 136.044220599999989, 34.0384089 ], [ 136.0434592, 34.0406828 ], [ 136.041126099999985, 34.0394442 ], [ 136.041166900000036, 34.037108599999989 ], [ 136.038996699999984, 34.0365181 ], [ 136.0358411, 34.0391097 ], [ 136.0325978, 34.0339158 ], [ 136.0317278, 34.0318672 ], [ 136.0278353, 34.0327906 ], [ 136.0245367, 34.0357208 ], [ 136.0229828, 34.0365219 ], [ 136.019630799999987, 34.0367931 ], [ 136.017044199999987, 34.0335233 ], [ 136.0172617, 34.0315408 ], [ 136.016585, 34.0283867 ], [ 136.0155375, 34.0274669 ], [ 136.014963599999987, 34.0245978 ], [ 136.0107328, 34.021095 ], [ 136.0073492, 34.0197469 ], [ 136.005899199999988, 34.0145683 ], [ 136.003676399999989, 34.0135142 ], [ 136.0036069, 34.0098814 ], [ 136.0059128, 34.0091411 ], [ 136.0069547, 34.0073983 ], [ 136.005283099999986, 34.0033383 ], [ 136.0036519, 34.0015639 ], [ 136.0019108, 34.0013908 ], [ 135.996241699999985, 34.0022742 ], [ 135.995565299999981, 34.0000503 ], [ 135.9971567, 33.9977622 ], [ 136.004042199999986, 33.9917703 ], [ 136.0046092, 33.99039 ], [ 136.0041531, 33.9857114 ], [ 136.0048294, 33.984108299999988 ], [ 136.0081664, 33.9791419 ], [ 136.0122978, 33.9760258 ], [ 136.0133639, 33.9742314 ], [ 136.0133303, 33.9692272 ], [ 136.0119431, 33.9668022 ], [ 136.0103514, 33.9656039 ], [ 136.0042597, 33.9630253 ], [ 136.0025975, 33.9610333 ], [ 136.0014411, 33.9572064 ], [ 135.999157199999985, 33.9557797 ], [ 135.9971569, 33.9568817 ], [ 135.993406400000026, 33.9609567 ], [ 135.991457199999985, 33.9650489 ], [ 135.9881514, 33.9676975 ], [ 135.985448599999984, 33.9685556 ], [ 135.981423299999989, 33.9681533 ], [ 135.9776067, 33.9669758 ], [ 135.975411899999983, 33.9639089 ], [ 135.975156699999985, 33.9606369 ], [ 135.9768322, 33.9589144 ], [ 135.977342199999981, 33.9572214 ], [ 135.9771053, 33.9536081 ], [ 135.9779608, 33.9514597 ], [ 135.9774606, 33.9473914 ], [ 135.9757672, 33.9443858 ], [ 135.9755394, 33.9414631 ], [ 135.9708411, 33.9326161 ], [ 135.969764199999986, 33.9300244 ], [ 135.9665458, 33.9277236 ], [ 135.9645525, 33.928362199999988 ], [ 135.9575864, 33.9344683 ], [ 135.9516681, 33.9367278 ], [ 135.9472644, 33.9376572 ], [ 135.944193899999988, 33.9395525 ], [ 135.9418919, 33.9398011 ], [ 135.93683, 33.9391864 ], [ 135.9331425, 33.9398092 ], [ 135.929544199999981, 33.9414306 ], [ 135.927890599999984, 33.9398422 ], [ 135.928867199999985, 33.9373756 ], [ 135.9313283, 33.9338622 ], [ 135.9279517, 33.9348011 ], [ 135.9218325, 33.9343275 ], [ 135.9190017, 33.9317528 ], [ 135.9172872, 33.9250561 ], [ 135.9177056, 33.9227894 ], [ 135.919609700000024, 33.9209447 ], [ 135.923685799999987, 33.9198172 ], [ 135.9261172, 33.9207947 ], [ 135.9278611, 33.9224886 ], [ 135.9304517, 33.9232786 ], [ 135.932673599999987, 33.9226644 ], [ 135.934557499999983, 33.9200139 ], [ 135.9336147, 33.9174631 ], [ 135.9324875, 33.9168522 ], [ 135.922255299999989, 33.9141136 ], [ 135.921203599999984, 33.9168086 ], [ 135.9178631, 33.91956 ], [ 135.915788099999986, 33.9198761 ], [ 135.9097458, 33.9184789 ], [ 135.906783099999984, 33.9190722 ], [ 135.9023397, 33.92115 ], [ 135.8981461, 33.9215981 ], [ 135.8956272, 33.9211758 ], [ 135.8936994, 33.9200136 ], [ 135.894963599999983, 33.9174886 ], [ 135.897321399999981, 33.9149814 ], [ 135.8978736, 33.9126089 ], [ 135.897511399999985, 33.9100406 ], [ 135.8963, 33.9074219 ], [ 135.8939514, 33.9061508 ], [ 135.8871119, 33.9070572 ], [ 135.8854739, 33.9068839 ], [ 135.8821697, 33.9078267 ], [ 135.8807608, 33.9093722 ], [ 135.8789564, 33.9083628 ], [ 135.8808564, 33.9023178 ], [ 135.8847817, 33.8981747 ], [ 135.887919400000015, 33.8963025 ], [ 135.8879733, 33.8937725 ], [ 135.88539609999998, 33.8913817 ], [ 135.8842189, 33.8865367 ], [ 135.884463899999986, 33.8852481 ], [ 135.886513899999983, 33.8826983 ], [ 135.891047499999985, 33.8809736 ], [ 135.8927344, 33.8817722 ], [ 135.8921939, 33.8844808 ], [ 135.893056700000017, 33.8890739 ], [ 135.89026579999998, 33.8900375 ], [ 135.8916178, 33.89342 ], [ 135.89310279999998, 33.8934872 ], [ 135.895521700000018, 33.8907058 ], [ 135.901313099999982, 33.8854064 ], [ 135.901638099999985, 33.881988899999989 ], [ 135.900802199999987, 33.8795628 ], [ 135.898773299999988, 33.8777164 ], [ 135.89770249999998, 33.8731328 ], [ 135.897633100000036, 33.8697458 ], [ 135.894006099999984, 33.8683711 ], [ 135.890883299999985, 33.8683925 ], [ 135.8871536, 33.8709172 ], [ 135.886412799999988, 33.8720203 ], [ 135.8810647, 33.8725047 ], [ 135.877789400000012, 33.8713375 ], [ 135.877623900000032, 33.8674614 ], [ 135.8781506, 33.8646153 ], [ 135.8753925, 33.8617656 ], [ 135.8731594, 33.8612583 ], [ 135.8731378, 33.8591658 ], [ 135.8697181, 33.8598842 ], [ 135.8670742, 33.8598967 ], [ 135.8621858, 33.8627214 ], [ 135.860798599999981, 33.8655931 ], [ 135.86187, 33.8677978 ], [ 135.862122199999988, 33.8765489 ], [ 135.859255, 33.8755733 ], [ 135.857823599999989, 33.8719728 ], [ 135.8588933, 33.8684808 ], [ 135.8569422, 33.8649578 ], [ 135.8532511, 33.8622992 ], [ 135.8534381, 33.8578386 ], [ 135.8555953, 33.8545781 ], [ 135.858123899999981, 33.8531956 ], [ 135.859583099999981, 33.8515542 ], [ 135.86058749999998, 33.8489583 ], [ 135.8589311, 33.8449031 ], [ 135.8570331, 33.8425742 ], [ 135.8557314, 33.8366894 ], [ 135.8564481, 33.8335642 ], [ 135.8589297, 33.8301883 ], [ 135.858371399999982, 33.82713 ], [ 135.855856099999983, 33.8203364 ], [ 135.8580264, 33.8162036 ], [ 135.8643956, 33.8104678 ], [ 135.8721689, 33.8090008 ], [ 135.8772008, 33.8057703 ], [ 135.8804069, 33.8029628 ], [ 135.8838164, 33.8013386 ], [ 135.886206099999981, 33.8023894 ], [ 135.8892697, 33.8024825 ], [ 135.8909133, 33.8016783 ], [ 135.8947058, 33.7976733 ], [ 135.8982292, 33.7901003 ], [ 135.8967778, 33.7869372 ], [ 135.901398299999983, 33.7808244 ], [ 135.902242199999989, 33.7793911 ], [ 135.905675, 33.7684803 ], [ 135.9069125, 33.7671003 ], [ 135.9091489, 33.7665742 ], [ 135.913831099999982, 33.7672783 ], [ 135.91586, 33.7670247 ], [ 135.9183894, 33.7655217 ], [ 135.919281899999987, 33.764090599999989 ], [ 135.9205025, 33.7587617 ], [ 135.9241883, 33.756175 ], [ 135.9283711, 33.7540203 ], [ 135.930475299999983, 33.7539522 ], [ 135.9348125, 33.7572253 ], [ 135.9379903, 33.7574131 ], [ 135.9388839, 33.7562586 ], [ 135.9385328, 33.7510567 ], [ 135.939029399999981, 33.7450467 ], [ 135.9399333, 33.7385869 ], [ 135.942227799999984, 33.7345558 ], [ 135.945934199999982, 33.732031899999988 ], [ 135.9512981, 33.7295294 ], [ 135.955139699999989, 33.7284028 ], [ 135.9635233, 33.7243139 ], [ 135.9731917, 33.7229858 ], [ 135.9760919, 33.7230919 ], [ 135.977071099999989, 33.7247714 ], [ 135.9755811, 33.7287753 ], [ 135.971699199999989, 33.7317258 ], [ 135.972958899999981, 33.7354417 ], [ 135.9786703, 33.7368564 ], [ 135.983275, 33.7363675 ], [ 135.991712799999988, 33.7330122 ], [ 135.997159399999987, 33.7305108 ], [ 136.0038864, 33.7280842 ], [ 136.0080839, 33.7270217 ], [ 136.01189, 33.7233007 ], [ 136.012860599999982, 33.7248104 ], [ 136.018317599999989, 33.7305599 ], [ 136.0182643, 33.7323039 ], [ 136.014125, 33.7344568 ], [ 136.015973299999985, 33.7354594 ], [ 136.018348799999984, 33.7352093 ], [ 136.0202492, 33.7370031 ], [ 136.0218319, 33.7423061 ], [ 136.0212774, 33.7441221 ], [ 136.0224785, 33.7479538 ], [ 136.0242725, 33.7554121 ], [ 136.028201199999984, 33.7658666 ], [ 136.0315153, 33.7722883 ] ] ] ] } },
{ "type": "Feature", "properties": { "hokenjo": "桑名" }, "geometry": { "type": "MultiPolygon", "coordinates": [ [ [ [ 136.7003469, 35.0210417 ], [ 136.7107375, 35.024251 ], [ 136.7273021, 35.0254524 ], [ 136.7283435, 35.025218 ], [ 136.732788, 35.0265544 ], [ 136.7344108, 35.0274904 ], [ 136.7397364, 35.0325317 ], [ 136.749502799999988, 35.0365192 ], [ 136.749787699999985, 35.0360494 ], [ 136.7511319, 35.0339055 ], [ 136.7576994, 35.0265532 ], [ 136.7630661, 35.0214161 ], [ 136.765404, 35.0207254 ], [ 136.770624, 35.0214379 ], [ 136.769685, 35.0225819 ], [ 136.7727075, 35.02439 ], [ 136.760857499999986, 35.0377142 ], [ 136.7534011, 35.0530156 ], [ 136.751696899999985, 35.0618233 ], [ 136.7520472, 35.0717011 ], [ 136.7509722, 35.0784533 ], [ 136.7495739, 35.0807283 ], [ 136.741863599999988, 35.085955 ], [ 136.735183299999989, 35.0927439 ], [ 136.7312753, 35.0972811 ], [ 136.7199789, 35.1033689 ], [ 136.718155, 35.1028117 ], [ 136.7140717, 35.1051669 ], [ 136.7040078, 35.1156314 ], [ 136.699935499999981, 35.1202861 ], [ 136.6951947, 35.1246055 ], [ 136.6929386, 35.124788 ], [ 136.6874622, 35.1261447 ], [ 136.6810911, 35.1284413 ], [ 136.6763933, 35.1288672 ], [ 136.672777699999983, 35.1347771 ], [ 136.6696299, 35.1337291 ], [ 136.668446, 35.1368349 ], [ 136.667663799999985, 35.141153 ], [ 136.6669063, 35.142453499999988 ], [ 136.661494399999981, 35.1492046 ], [ 136.6579633, 35.1559227 ], [ 136.6556424, 35.1610527 ], [ 136.6527013, 35.1628635 ], [ 136.6462841, 35.1658085 ], [ 136.6446804, 35.1627727 ], [ 136.646189099999987, 35.1565696 ], [ 136.6456188, 35.1502779 ], [ 136.6460185, 35.1476596 ], [ 136.644430799999981, 35.144413 ], [ 136.6399255, 35.147576 ], [ 136.635059399999989, 35.1481724 ], [ 136.634071299999988, 35.1498327 ], [ 136.6304902, 35.1502213 ], [ 136.6277838, 35.1481091 ], [ 136.6242674, 35.1465282 ], [ 136.621351600000025, 35.1484399 ], [ 136.6155521, 35.1499285 ], [ 136.613263499999988, 35.1534732 ], [ 136.6135463, 35.1548929 ], [ 136.612031299999984, 35.1576568 ], [ 136.6125082, 35.1594204 ], [ 136.6107849, 35.1616185 ], [ 136.608590199999981, 35.1628899 ], [ 136.6072035, 35.1658185 ], [ 136.605270200000035, 35.1671318 ], [ 136.604781, 35.1685046 ], [ 136.6061263, 35.1720687 ], [ 136.6023012, 35.1780393 ], [ 136.6011493, 35.1784884 ], [ 136.5991893, 35.1770368 ], [ 136.5970212, 35.1773057 ], [ 136.5967846, 35.1796598 ], [ 136.5943393, 35.1809251 ], [ 136.591744, 35.1856651 ], [ 136.5881963, 35.1844604 ], [ 136.5883121, 35.1869737 ], [ 136.586921, 35.1885268 ], [ 136.584696, 35.1885979 ], [ 136.5842696, 35.1931704 ], [ 136.5851893, 35.1944595 ], [ 136.5816073, 35.1971323 ], [ 136.5773432, 35.1968056 ], [ 136.5760759, 35.1991937 ], [ 136.576055699999984, 35.2022523 ], [ 136.574500100000023, 35.2016967 ], [ 136.565978199999989, 35.2049845 ], [ 136.5617454, 35.2055259 ], [ 136.5597357, 35.2067581 ], [ 136.56140259999998, 35.2088609 ], [ 136.559531199999981, 35.2128906 ], [ 136.5600354, 35.215417599999988 ], [ 136.5585132, 35.2166351 ], [ 136.5568265, 35.2206859 ], [ 136.5543609, 35.2204793 ], [ 136.549655699999988, 35.2192057 ], [ 136.547475099999986, 35.2202026 ], [ 136.5469637, 35.2224354 ], [ 136.548169299999984, 35.226789 ], [ 136.547163499999982, 35.2277448 ], [ 136.54913209999998, 35.2292881 ], [ 136.5486421, 35.230632 ], [ 136.5502821, 35.2319065 ], [ 136.5497665, 35.2340701 ], [ 136.547001199999983, 35.2352709 ], [ 136.5440624, 35.2351362 ], [ 136.5410124, 35.2372265 ], [ 136.5397801, 35.2410018 ], [ 136.5416399, 35.2440662 ], [ 136.5413926, 35.2457493 ], [ 136.536464, 35.2475712 ], [ 136.5367688, 35.2487054 ], [ 136.535154299999988, 35.2527065 ], [ 136.533544299999988, 35.2554193 ], [ 136.534174899999982, 35.257089 ], [ 136.5280488, 35.2576485 ], [ 136.523183499999988, 35.2550424 ], [ 136.5201624, 35.2539615 ], [ 136.5174266, 35.2545501 ], [ 136.5149568, 35.252596 ], [ 136.5136421, 35.2504221 ], [ 136.5130141, 35.2472618 ], [ 136.5116918, 35.2455271 ], [ 136.511552699999982, 35.2421387 ], [ 136.5108196, 35.2388276 ], [ 136.505984899999987, 35.2350607 ], [ 136.50073519999998, 35.2351168 ], [ 136.4974585, 35.2369313 ], [ 136.4970863, 35.2379285 ], [ 136.4943538, 35.2379221 ], [ 136.4903899, 35.2369221 ], [ 136.489611599999989, 35.2355199 ], [ 136.4866185, 35.2382885 ], [ 136.4828121, 35.2397613 ], [ 136.4831594, 35.2372455 ], [ 136.4803363, 35.2349266 ], [ 136.4742205, 35.237351 ], [ 136.4690205, 35.2333727 ], [ 136.4658227, 35.2374766 ], [ 136.4635094, 35.2361771 ], [ 136.461771, 35.2362702 ], [ 136.4600705, 35.233581 ], [ 136.4563527, 35.2313394 ], [ 136.455116, 35.229237399999988 ], [ 136.4537588, 35.2295602 ], [ 136.4516419, 35.2270758 ], [ 136.4505955, 35.2241266 ], [ 136.447334399999988, 35.2214041 ], [ 136.4465102, 35.2200719 ], [ 136.444519899999989, 35.2197149 ], [ 136.44335719999998, 35.2179274 ], [ 136.4407219, 35.2167427 ], [ 136.4345394, 35.2204483 ], [ 136.432793, 35.2238555 ], [ 136.4325124, 35.2262455 ], [ 136.4333363, 35.2281697 ], [ 136.430901299999988, 35.2294044 ], [ 136.4278316, 35.2276508 ], [ 136.42453519999998, 35.2242113 ], [ 136.4171824, 35.2202977 ], [ 136.415111599999989, 35.2188458 ], [ 136.416025499999989, 35.2151322 ], [ 136.4167994, 35.2143889 ], [ 136.4160724, 35.2111644 ], [ 136.41613719999998, 35.2054839 ], [ 136.417964399999988, 35.2037125 ], [ 136.415233299999983, 35.2018583 ], [ 136.413806099999988, 35.1994875 ], [ 136.4126231, 35.1959108 ], [ 136.412707499999982, 35.1920533 ], [ 136.409433899999982, 35.1876611 ], [ 136.409946099999985, 35.1864589 ], [ 136.413103299999989, 35.1862261 ], [ 136.416294199999982, 35.1850567 ], [ 136.419441899999981, 35.1827222 ], [ 136.4244608, 35.1845103 ], [ 136.4261656, 35.1828061 ], [ 136.429912799999983, 35.1811572 ], [ 136.4357244, 35.1765033 ], [ 136.4372947, 35.173005 ], [ 136.439776699999982, 35.1714964 ], [ 136.4438714, 35.1717011 ], [ 136.4460731, 35.1686011 ], [ 136.4447997, 35.167815 ], [ 136.4466136, 35.166004199999989 ], [ 136.4485364, 35.1668236 ], [ 136.4525539, 35.1658386 ], [ 136.4546531, 35.1614178 ], [ 136.4529306, 35.1588678 ], [ 136.4539414, 35.1579217 ], [ 136.4549983, 35.1524147 ], [ 136.4503939, 35.1494986 ], [ 136.4460406, 35.1498714 ], [ 136.44439, 35.1493375 ], [ 136.4445078, 35.1475531 ], [ 136.44318389999998, 35.1451739 ], [ 136.444022499999988, 35.1422111 ], [ 136.442947799999985, 35.1390572 ], [ 136.440190799999982, 35.1382553 ], [ 136.4379514, 35.1365642 ], [ 136.436821899999984, 35.1322422 ], [ 136.435638899999987, 35.1306553 ], [ 136.4387997, 35.1286686 ], [ 136.4407458, 35.128325599999989 ], [ 136.4446558, 35.1266136 ], [ 136.4480231, 35.1238414 ], [ 136.4459736, 35.1223836 ], [ 136.444518599999981, 35.1190067 ], [ 136.439965799999982, 35.1166322 ], [ 136.4400025, 35.1148275 ], [ 136.442513599999984, 35.1108542 ], [ 136.440823099999989, 35.107749399999989 ], [ 136.4418608, 35.1051744 ], [ 136.44129, 35.1032539 ], [ 136.441910799999988, 35.1015772 ], [ 136.4398525, 35.0994789 ], [ 136.4386994, 35.0963675 ], [ 136.439619199999981, 35.0935617 ], [ 136.4380744, 35.0917175 ], [ 136.439778599999983, 35.0904033 ], [ 136.4419733, 35.0865611 ], [ 136.4381314, 35.0832778 ], [ 136.4352667, 35.0824872 ], [ 136.435831399999984, 35.0799772 ], [ 136.437466700000016, 35.0770372 ], [ 136.440368299999989, 35.07436 ], [ 136.4396272, 35.0724417 ], [ 136.4409753, 35.0702278 ], [ 136.441598299999981, 35.0667194 ], [ 136.4409914, 35.0645442 ], [ 136.4386331, 35.0655211 ], [ 136.4378658, 35.0641558 ], [ 136.433324199999987, 35.0611383 ], [ 136.4333567, 35.05944 ], [ 136.431040599999989, 35.0592325 ], [ 136.42875669999998, 35.0563547 ], [ 136.42472, 35.0569844 ], [ 136.4226897, 35.0543428 ], [ 136.4222097, 35.0513828 ], [ 136.4178531, 35.0495025 ], [ 136.4177678, 35.0426039 ], [ 136.41587389999998, 35.04126 ], [ 136.4171283, 35.0396525 ], [ 136.4164547, 35.037295 ], [ 136.4170278, 35.0337789 ], [ 136.4188394, 35.0299097 ], [ 136.4238278, 35.0297714 ], [ 136.4227256, 35.0280731 ], [ 136.421385300000026, 35.0237956 ], [ 136.4212839, 35.0212708 ], [ 136.4171222, 35.0196006 ], [ 136.4187058, 35.0167517 ], [ 136.4169283, 35.0150583 ], [ 136.4169622, 35.0112381 ], [ 136.418495799999988, 35.0091161 ], [ 136.4188833, 35.0068625 ], [ 136.4200961, 35.0051919 ], [ 136.4199625, 35.0029408 ], [ 136.4213642, 35.0012178 ], [ 136.4211689, 34.9996333 ], [ 136.4259231, 34.9993714 ], [ 136.429266399999989, 35.0012686 ], [ 136.4372022, 35.0004878 ], [ 136.43878669999998, 34.9988842 ], [ 136.445103099999983, 35.0003797 ], [ 136.448014699999987, 34.9999117 ], [ 136.4507447, 34.9973153 ], [ 136.4547503, 34.9972233 ], [ 136.4565311, 34.9940108 ], [ 136.459204699999987, 34.9913956 ], [ 136.462649699999986, 34.9906297 ], [ 136.466505, 34.9926222 ], [ 136.4709631, 34.9940903 ], [ 136.473771100000022, 34.9942628 ], [ 136.474989199999982, 34.9957436 ], [ 136.4777536, 34.9938022 ], [ 136.4846689, 34.9949094 ], [ 136.486347199999983, 34.9957714 ], [ 136.4888531, 34.9957722 ], [ 136.4913494, 34.9974836 ], [ 136.494321899999989, 34.996426899999989 ], [ 136.497088599999984, 34.9970381 ], [ 136.4990881, 34.9965792 ], [ 136.5041761, 34.9980397 ], [ 136.509057499999983, 34.99884 ], [ 136.5109522, 34.9967831 ], [ 136.5132103, 34.9971889 ], [ 136.5157194, 34.9966867 ], [ 136.5179336, 34.99785 ], [ 136.520811399999985, 35.0002694 ], [ 136.5229706, 35.0006261 ], [ 136.5269922, 34.9987164 ], [ 136.5315339, 34.9979469 ], [ 136.5364386, 34.9995164 ], [ 136.543587799999983, 35.0000528 ], [ 136.5459117, 35.0014006 ], [ 136.5404494, 35.0091531 ], [ 136.539697499999988, 35.0088764 ], [ 136.5360369, 35.0108997 ], [ 136.5343192, 35.0129631 ], [ 136.53613439999998, 35.0170106 ], [ 136.537372799999986, 35.0182733 ], [ 136.5407075, 35.0171761 ], [ 136.5411853, 35.0181867 ], [ 136.546582799999982, 35.0165697 ], [ 136.5461631, 35.0156103 ], [ 136.5505283, 35.014525 ], [ 136.551526699999982, 35.0158325 ], [ 136.554493899999983, 35.0177361 ], [ 136.554991699999988, 35.0231272 ], [ 136.554674200000022, 35.0252472 ], [ 136.556051700000012, 35.0272278 ], [ 136.556095, 35.0291886 ], [ 136.558447799999982, 35.0328006 ], [ 136.559046099999989, 35.0364169 ], [ 136.542464200000012, 35.0381708 ], [ 136.5342875, 35.0380228 ], [ 136.5362489, 35.0403667 ], [ 136.53707, 35.0427228 ], [ 136.5335356, 35.0433728 ], [ 136.5389611, 35.0502933 ], [ 136.5379556, 35.0526867 ], [ 136.540205800000024, 35.0562772 ], [ 136.5403086, 35.0580756 ], [ 136.5418142, 35.0604686 ], [ 136.541418599999986, 35.0626039 ], [ 136.537590599999987, 35.064625 ], [ 136.5391769, 35.0659589 ], [ 136.538811899999985, 35.0705053 ], [ 136.54074559999998, 35.0697997 ], [ 136.5434019, 35.0702636 ], [ 136.548012799999981, 35.0688436 ], [ 136.5499328, 35.066745 ], [ 136.5570339, 35.0653339 ], [ 136.558761900000036, 35.0643628 ], [ 136.5632556, 35.0643839 ], [ 136.562891899999983, 35.0620089 ], [ 136.5676789, 35.0613453 ], [ 136.5693369, 35.0556386 ], [ 136.5720294, 35.0539144 ], [ 136.58104609999998, 35.0517797 ], [ 136.5849072, 35.0512886 ], [ 136.5890269, 35.0499494 ], [ 136.5926117, 35.0492872 ], [ 136.5951464, 35.0493642 ], [ 136.6001858, 35.0486106 ], [ 136.60369, 35.0481642 ], [ 136.608218599999987, 35.0461239 ], [ 136.6096144, 35.0484953 ], [ 136.6116575, 35.0463075 ], [ 136.6134442, 35.0460219 ], [ 136.618275800000021, 35.0474078 ], [ 136.6207439, 35.0466442 ], [ 136.627389699999981, 35.0462631 ], [ 136.629562199999981, 35.0447136 ], [ 136.6329603, 35.0440481 ], [ 136.6362978, 35.0456892 ], [ 136.6367525, 35.0448358 ], [ 136.6406156, 35.0447339 ], [ 136.6417492, 35.0430481 ], [ 136.642083300000024, 35.0396753 ], [ 136.6403594, 35.0371042 ], [ 136.6422014, 35.0332972 ], [ 136.643369399999983, 35.033065 ], [ 136.6447856, 35.0295328 ], [ 136.647727799999984, 35.02741 ], [ 136.652060799999987, 35.0283192 ], [ 136.6543403, 35.02546 ], [ 136.6577044, 35.024982799999989 ], [ 136.659363100000036, 35.0247469 ], [ 136.6582058, 35.0225869 ], [ 136.659232799999984, 35.0218719 ], [ 136.6561097, 35.0187339 ], [ 136.6543944, 35.0181275 ], [ 136.661633099999989, 35.0116986 ], [ 136.667256899999984, 35.0166481 ], [ 136.6700569, 35.0174011 ], [ 136.6727211, 35.0150525 ], [ 136.6740536, 35.0123511 ], [ 136.6719536, 35.0114022 ], [ 136.6721675, 35.0096392 ], [ 136.674061, 35.0062259 ], [ 136.6761433, 35.0083863 ], [ 136.6797731, 35.0081911 ], [ 136.682711499999982, 35.008918 ], [ 136.684725899999989, 35.008178 ], [ 136.686302, 35.0040365 ], [ 136.7000047, 35.0072121 ], [ 136.697100399999982, 35.0159017 ], [ 136.698892199999989, 35.0163096 ], [ 136.697680099999985, 35.0203392 ], [ 136.7003469, 35.0210417 ] ] ] ] } },
{ "type": "Feature", "properties": { "hokenjo": "四日市市" }, "geometry": { "type": "MultiPolygon", "coordinates": [ [ [ [ 136.5632556, 35.0643839 ], [ 136.558761900000036, 35.0643628 ], [ 136.5570339, 35.0653339 ], [ 136.5499328, 35.066745 ], [ 136.548012799999981, 35.0688436 ], [ 136.5434019, 35.0702636 ], [ 136.54074559999998, 35.0697997 ], [ 136.538811899999985, 35.0705053 ], [ 136.5391769, 35.0659589 ], [ 136.537590599999987, 35.064625 ], [ 136.541418599999986, 35.0626039 ], [ 136.5418142, 35.0604686 ], [ 136.5403086, 35.0580756 ], [ 136.540205800000024, 35.0562772 ], [ 136.5379556, 35.0526867 ], [ 136.5389611, 35.0502933 ], [ 136.5335356, 35.0433728 ], [ 136.53707, 35.0427228 ], [ 136.5362489, 35.0403667 ], [ 136.5342875, 35.0380228 ], [ 136.542464200000012, 35.0381708 ], [ 136.559046099999989, 35.0364169 ], [ 136.558447799999982, 35.0328006 ], [ 136.556095, 35.0291886 ], [ 136.556051700000012, 35.0272278 ], [ 136.554674200000022, 35.0252472 ], [ 136.554991699999988, 35.0231272 ], [ 136.554493899999983, 35.0177361 ], [ 136.551526699999982, 35.0158325 ], [ 136.5505283, 35.014525 ], [ 136.5461631, 35.0156103 ], [ 136.546582799999982, 35.0165697 ], [ 136.5411853, 35.0181867 ], [ 136.5407075, 35.0171761 ], [ 136.537372799999986, 35.0182733 ], [ 136.53613439999998, 35.0170106 ], [ 136.5343192, 35.0129631 ], [ 136.5360369, 35.0108997 ], [ 136.539697499999988, 35.0088764 ], [ 136.5404494, 35.0091531 ], [ 136.5459117, 35.0014006 ], [ 136.543587799999983, 35.0000528 ], [ 136.5364386, 34.9995164 ], [ 136.5315339, 34.9979469 ], [ 136.5269922, 34.9987164 ], [ 136.5229706, 35.0006261 ], [ 136.520811399999985, 35.0002694 ], [ 136.5179336, 34.99785 ], [ 136.5157194, 34.9966867 ], [ 136.5132103, 34.9971889 ], [ 136.5109522, 34.9967831 ], [ 136.509057499999983, 34.99884 ], [ 136.5041761, 34.9980397 ], [ 136.4990881, 34.9965792 ], [ 136.497088599999984, 34.9970381 ], [ 136.494321899999989, 34.996426899999989 ], [ 136.4913494, 34.9974836 ], [ 136.4888531, 34.9957722 ], [ 136.486347199999983, 34.9957714 ], [ 136.4846689, 34.9949094 ], [ 136.4777536, 34.9938022 ], [ 136.474989199999982, 34.9957436 ], [ 136.473771100000022, 34.9942628 ], [ 136.4709631, 34.9940903 ], [ 136.466505, 34.9926222 ], [ 136.462649699999986, 34.9906297 ], [ 136.459204699999987, 34.9913956 ], [ 136.4565311, 34.9940108 ], [ 136.4547503, 34.9972233 ], [ 136.4507447, 34.9973153 ], [ 136.448014699999987, 34.9999117 ], [ 136.445103099999983, 35.0003797 ], [ 136.43878669999998, 34.9988842 ], [ 136.4372022, 35.0004878 ], [ 136.429266399999989, 35.0012686 ], [ 136.4259231, 34.9993714 ], [ 136.4211689, 34.9996333 ], [ 136.4163572, 34.9976508 ], [ 136.413485799999989, 34.9954267 ], [ 136.4163567, 34.9921297 ], [ 136.4154944, 34.9903936 ], [ 136.416100299999982, 34.9881439 ], [ 136.4151947, 34.9846194 ], [ 136.419238899999982, 34.9842808 ], [ 136.4216142, 34.9849603 ], [ 136.42493, 34.9845608 ], [ 136.428201699999988, 34.9874089 ], [ 136.43465, 34.9863533 ], [ 136.4370825, 34.987498599999988 ], [ 136.439216400000021, 34.9873475 ], [ 136.4416647, 34.9880922 ], [ 136.4440281, 34.987053599999989 ], [ 136.445291699999984, 34.9846603 ], [ 136.4495719, 34.9831614 ], [ 136.4561347, 34.9791411 ], [ 136.461444199999988, 34.9776994 ], [ 136.46434, 34.9759539 ], [ 136.4704319, 34.9705631 ], [ 136.4725608, 34.9654703 ], [ 136.4735992, 34.9644539 ], [ 136.4761303, 34.96393 ], [ 136.474958099999981, 34.9615817 ], [ 136.4767042, 34.960403299999989 ], [ 136.47543109999998, 34.95861 ], [ 136.479816699999986, 34.9573369 ], [ 136.4803297, 34.9582931 ], [ 136.486360599999983, 34.954405799999989 ], [ 136.4882317, 34.9537144 ], [ 136.4915153, 34.9546569 ], [ 136.495843899999983, 34.9508922 ], [ 136.49709, 34.9521181 ], [ 136.5030025, 34.9503847 ], [ 136.5075211, 34.9483739 ], [ 136.512125800000035, 34.9449389 ], [ 136.5133061, 34.9434739 ], [ 136.51276439999998, 34.9410814 ], [ 136.511108899999982, 34.9394219 ], [ 136.51811, 34.9350286 ], [ 136.5239456, 34.931 ], [ 136.5320883, 34.9268722 ], [ 136.5351739, 34.9261356 ], [ 136.540593299999983, 34.9236339 ], [ 136.5447025, 34.9229508 ], [ 136.549722799999984, 34.9214178 ], [ 136.5530828, 34.9192406 ], [ 136.5565856, 34.9177317 ], [ 136.558164399999981, 34.9161444 ], [ 136.560698299999984, 34.9157686 ], [ 136.5603008, 34.9144461 ], [ 136.5647639, 34.9137517 ], [ 136.5668856, 34.91424 ], [ 136.569461700000033, 34.9132633 ], [ 136.573030599999981, 34.9135567 ], [ 136.5774567, 34.9146375 ], [ 136.57803389999998, 34.9117433 ], [ 136.5812075, 34.9105308 ], [ 136.5822589, 34.9120211 ], [ 136.5840575, 34.9124444 ], [ 136.58663, 34.9093031 ], [ 136.589474199999984, 34.9101569 ], [ 136.594042799999983, 34.9104286 ], [ 136.5961628, 34.9076456 ], [ 136.599235, 34.9062431 ], [ 136.602080799999982, 34.9077167 ], [ 136.6031975, 34.9063106 ], [ 136.607441099999988, 34.9050492 ], [ 136.6154511, 34.9042272 ], [ 136.624648899999983, 34.9039231 ], [ 136.6249258, 34.9036789 ], [ 136.634365799999983, 34.9034792 ], [ 136.6406797, 34.9015206 ], [ 136.6423346, 34.9005864 ], [ 136.6469084, 34.9041746 ], [ 136.6457906, 34.9050275 ], [ 136.6472767, 34.9080101 ], [ 136.645530399999984, 34.9165904 ], [ 136.644490099999985, 34.9169075 ], [ 136.6450164, 34.9207161 ], [ 136.647412299999985, 34.9249368 ], [ 136.6457436, 34.9248014 ], [ 136.6448446, 34.9264766 ], [ 136.645833499999981, 34.9292246 ], [ 136.64502109999998, 34.9327765 ], [ 136.6457465, 34.9344122 ], [ 136.653211199999987, 34.9373674 ], [ 136.6668702, 34.9370009 ], [ 136.667528399999981, 34.9417705 ], [ 136.662754799999988, 34.9422704 ], [ 136.6631332, 34.94541 ], [ 136.648473599999988, 34.9468358 ], [ 136.6439412, 34.9431927 ], [ 136.642877, 34.9392692 ], [ 136.6411106, 34.9387464 ], [ 136.6375736, 34.9463986 ], [ 136.6338388, 34.9489083 ], [ 136.64112, 34.948985 ], [ 136.6385712, 34.9504949 ], [ 136.6385843, 34.9519344 ], [ 136.6427227, 34.950966 ], [ 136.6448689, 34.9539699 ], [ 136.6455341, 34.9558713 ], [ 136.641392599999989, 34.956091 ], [ 136.6389547, 34.9530174 ], [ 136.6379025, 34.9531652 ], [ 136.63748529999998, 34.9574657 ], [ 136.6378004, 34.9596381 ], [ 136.6461425, 34.9590883 ], [ 136.646759799999984, 34.9613831 ], [ 136.6448466, 34.9622691 ], [ 136.64662, 34.9643876 ], [ 136.650405299999989, 34.9747447 ], [ 136.6459892, 34.9765223 ], [ 136.649784499999981, 34.9864843 ], [ 136.6503033, 34.9912211 ], [ 136.6518072, 34.9932831 ], [ 136.6604424, 35.0010433 ], [ 136.6660899, 35.0041959 ], [ 136.667668599999985, 35.0035422 ], [ 136.674061, 35.0062259 ], [ 136.6721675, 35.0096392 ], [ 136.6719536, 35.0114022 ], [ 136.6740536, 35.0123511 ], [ 136.6727211, 35.0150525 ], [ 136.6700569, 35.0174011 ], [ 136.667256899999984, 35.0166481 ], [ 136.661633099999989, 35.0116986 ], [ 136.6543944, 35.0181275 ], [ 136.6561097, 35.0187339 ], [ 136.659232799999984, 35.0218719 ], [ 136.6582058, 35.0225869 ], [ 136.659363100000036, 35.0247469 ], [ 136.6577044, 35.024982799999989 ], [ 136.6543403, 35.02546 ], [ 136.652060799999987, 35.0283192 ], [ 136.647727799999984, 35.02741 ], [ 136.6447856, 35.0295328 ], [ 136.643369399999983, 35.033065 ], [ 136.6422014, 35.0332972 ], [ 136.6403594, 35.0371042 ], [ 136.642083300000024, 35.0396753 ], [ 136.6417492, 35.0430481 ], [ 136.6406156, 35.0447339 ], [ 136.6367525, 35.0448358 ], [ 136.6362978, 35.0456892 ], [ 136.6329603, 35.0440481 ], [ 136.629562199999981, 35.0447136 ], [ 136.627389699999981, 35.0462631 ], [ 136.6207439, 35.0466442 ], [ 136.618275800000021, 35.0474078 ], [ 136.6134442, 35.0460219 ], [ 136.6116575, 35.0463075 ], [ 136.6096144, 35.0484953 ], [ 136.608218599999987, 35.0461239 ], [ 136.60369, 35.0481642 ], [ 136.6001858, 35.0486106 ], [ 136.5951464, 35.0493642 ], [ 136.5926117, 35.0492872 ], [ 136.5890269, 35.0499494 ], [ 136.5849072, 35.0512886 ], [ 136.58104609999998, 35.0517797 ], [ 136.5720294, 35.0539144 ], [ 136.5693369, 35.0556386 ], [ 136.5676789, 35.0613453 ], [ 136.562891899999983, 35.0620089 ], [ 136.5632556, 35.0643839 ] ] ], [ [ [ 136.6729982, 34.997938 ], [ 136.6752986, 35.0020327 ], [ 136.671037899999988, 35.0022947 ], [ 136.6637694, 34.9993049 ], [ 136.6539142, 34.9923771 ], [ 136.652811499999984, 34.9918528 ], [ 136.650125299999985, 34.9773489 ], [ 136.655376599999983, 34.9752574 ], [ 136.6656214, 34.9729398 ], [ 136.6722701, 34.9827357 ], [ 136.6746939, 34.9842302 ], [ 136.675772, 34.983827 ], [ 136.6775787, 34.9870195 ], [ 136.676982899999985, 34.9874505 ], [ 136.661285599999985, 34.9934733 ], [ 136.6617932, 34.9943669 ], [ 136.666746099999983, 34.9978403 ], [ 136.6706136, 34.9963629 ], [ 136.6729982, 34.997938 ] ] ] ] } },
{ "type": "Feature", "properties": { "hokenjo": "松阪" }, "geometry": { "type": "MultiPolygon", "coordinates": [ [ [ [ 136.553001099999989, 34.4452808 ], [ 136.55289, 34.4504308 ], [ 136.555495399999984, 34.4514592 ], [ 136.560429699999986, 34.4515381 ], [ 136.566010299999988, 34.4523814 ], [ 136.5705178, 34.4521278 ], [ 136.575768899999986, 34.4513619 ], [ 136.5788483, 34.4516497 ], [ 136.579362799999984, 34.4553725 ], [ 136.5781308, 34.4568628 ], [ 136.5788742, 34.4596203 ], [ 136.5808256, 34.4630097 ], [ 136.58202559999998, 34.4635981 ], [ 136.5839642, 34.4667017 ], [ 136.5804703, 34.4699994 ], [ 136.5814178, 34.4722775 ], [ 136.5802247, 34.4786122 ], [ 136.57916560000001, 34.4805389 ], [ 136.582651699999985, 34.4805128 ], [ 136.5821942, 34.4854783 ], [ 136.5839631, 34.4882822 ], [ 136.5876686, 34.4917064 ], [ 136.5930222, 34.4953514 ], [ 136.594775299999981, 34.4961753 ], [ 136.596833299999986, 34.4957042 ], [ 136.597623299999981, 34.4981017 ], [ 136.6004297, 34.4984161 ], [ 136.6002086, 34.5005561 ], [ 136.5982717, 34.5027056 ], [ 136.5997442, 34.5031625 ], [ 136.600063899999981, 34.5057719 ], [ 136.6015981, 34.5035478 ], [ 136.60290329999998, 34.5048481 ], [ 136.607491399999986, 34.5049522 ], [ 136.6117267, 34.5073475 ], [ 136.61109, 34.5082367 ], [ 136.6136794, 34.5101911 ], [ 136.6129903, 34.5132181 ], [ 136.6142906, 34.5176992 ], [ 136.6207172, 34.5172553 ], [ 136.62319530000002, 34.5155381 ], [ 136.627536099999986, 34.5159503 ], [ 136.6276028, 34.5171403 ], [ 136.6337869, 34.5173606 ], [ 136.63461, 34.5181064 ], [ 136.6376837, 34.5170259 ], [ 136.6442214, 34.5192536 ], [ 136.646091400000017, 34.5168231 ], [ 136.6477219, 34.5159942 ], [ 136.6482825, 34.516805 ], [ 136.646852199999984, 34.518835 ], [ 136.6465694, 34.5212361 ], [ 136.64812329999998, 34.5225656 ], [ 136.65000329999998, 34.5209983 ], [ 136.649916099999984, 34.5207622 ], [ 136.6509608, 34.5200028 ], [ 136.652687499999985, 34.5189494 ], [ 136.6539861, 34.5196614 ], [ 136.654164399999985, 34.521995 ], [ 136.656012799999985, 34.5231986 ], [ 136.6581294, 34.5230806 ], [ 136.658171399999986, 34.5208347 ], [ 136.66026, 34.5201922 ], [ 136.6612264, 34.5226197 ], [ 136.6590594, 34.5238069 ], [ 136.661038099999985, 34.5273469 ], [ 136.6605022, 34.5285136 ], [ 136.651653899999985, 34.5345683 ], [ 136.649547499999983, 34.5348364 ], [ 136.6454167, 34.5363075 ], [ 136.6456053, 34.5392136 ], [ 136.647078599999986, 34.542065 ], [ 136.6471516, 34.5456087 ], [ 136.6498286, 34.5466133 ], [ 136.6515844, 34.54891 ], [ 136.658283899999986, 34.5513064 ], [ 136.6578686, 34.5536081 ], [ 136.6559203, 34.5564669 ], [ 136.656551399999984, 34.5584081 ], [ 136.6593039, 34.5604167 ], [ 136.657197199999985, 34.5631692 ], [ 136.660448, 34.5663043 ], [ 136.657382399999989, 34.569715699999989 ], [ 136.6551753, 34.5733357 ], [ 136.6502537, 34.5831888 ], [ 136.6470565, 34.5888422 ], [ 136.641099, 34.5920081 ], [ 136.6340304, 34.5932394 ], [ 136.6294469, 34.5947962 ], [ 136.6275772, 34.596188 ], [ 136.62803839999998, 34.5973436 ], [ 136.6165179, 34.5996192 ], [ 136.6071904, 34.600125 ], [ 136.6037555, 34.6008267 ], [ 136.601966299999987, 34.6015904 ], [ 136.593771299999986, 34.601818699999988 ], [ 136.5880869, 34.6024379 ], [ 136.5843983, 34.6036283 ], [ 136.5813531, 34.6053526 ], [ 136.5784956, 34.6055796 ], [ 136.5759998, 34.6072061 ], [ 136.573286500000023, 34.6098835 ], [ 136.5649149, 34.6076789 ], [ 136.5615851, 34.6088917 ], [ 136.563293099999981, 34.6126307 ], [ 136.561933399999987, 34.6136234 ], [ 136.560127599999987, 34.6103822 ], [ 136.5549853, 34.6122514 ], [ 136.5566986, 34.6152232 ], [ 136.554480499999983, 34.6148713 ], [ 136.552460699999983, 34.6127006 ], [ 136.548765299999985, 34.6069305 ], [ 136.5427774, 34.6100199 ], [ 136.5406495, 34.608509 ], [ 136.536498199999983, 34.6098153 ], [ 136.5308818, 34.6089425 ], [ 136.5293557, 34.6083336 ], [ 136.529580399999986, 34.6133957 ], [ 136.5318991, 34.6164341 ], [ 136.537626599999982, 34.6164451 ], [ 136.5393737, 34.6236103 ], [ 136.544211099999984, 34.6219125 ], [ 136.54788, 34.6302406 ], [ 136.5491618, 34.6309646 ], [ 136.5495755, 34.6347005 ], [ 136.5426206, 34.6368489 ], [ 136.5382622, 34.6390322 ], [ 136.5357186, 34.6410867 ], [ 136.534366899999981, 34.6439236 ], [ 136.5322622, 34.6467178 ], [ 136.5295114, 34.6481811 ], [ 136.5268697, 34.6486858 ], [ 136.5218944, 34.6476969 ], [ 136.5140639, 34.6485733 ], [ 136.507243599999981, 34.6503378 ], [ 136.4997378, 34.6511022 ], [ 136.4945217, 34.6491033 ], [ 136.4920583, 34.6470811 ], [ 136.489, 34.6455658 ], [ 136.485753599999981, 34.6449975 ], [ 136.4836281, 34.6452825 ], [ 136.4805539, 34.6466183 ], [ 136.4791253, 34.648311899999989 ], [ 136.4765272, 34.6474181 ], [ 136.473964699999982, 34.6485161 ], [ 136.4710636, 34.6481192 ], [ 136.4675011, 34.6492989 ], [ 136.463678099999981, 34.6491736 ], [ 136.4639583, 34.6474619 ], [ 136.4627719, 34.646055 ], [ 136.4629172, 34.6429617 ], [ 136.4606392, 34.639355 ], [ 136.456445299999984, 34.6370031 ], [ 136.4527989, 34.6377889 ], [ 136.4537592, 34.6414083 ], [ 136.4513292, 34.6415017 ], [ 136.4514542, 34.6395861 ], [ 136.4503306, 34.6373164 ], [ 136.4493444, 34.6312719 ], [ 136.4475353, 34.6276219 ], [ 136.4447122, 34.6277914 ], [ 136.443367199999983, 34.6290536 ], [ 136.4396356, 34.6296058 ], [ 136.4388822, 34.6327736 ], [ 136.4367653, 34.6349569 ], [ 136.4302606, 34.6365797 ], [ 136.4265361, 34.6344814 ], [ 136.4225247, 34.6315631 ], [ 136.4206931, 34.6273417 ], [ 136.4181556, 34.6241214 ], [ 136.4176867, 34.6224856 ], [ 136.4153542, 34.6227989 ], [ 136.4144475, 34.6213833 ], [ 136.4123392, 34.6206822 ], [ 136.4104519, 34.6211311 ], [ 136.4081094, 34.6199356 ], [ 136.4053561, 34.6172714 ], [ 136.4048556, 34.6154467 ], [ 136.4018211, 34.6143628 ], [ 136.3992225, 34.6161286 ], [ 136.396969399999989, 34.6157053 ], [ 136.394007499999987, 34.6127625 ], [ 136.3938217, 34.6106442 ], [ 136.391388899999981, 34.61025 ], [ 136.3904828, 34.6066867 ], [ 136.391675599999985, 34.6065789 ], [ 136.3919175, 34.6006053 ], [ 136.3901856, 34.5974872 ], [ 136.390438099999983, 34.5949781 ], [ 136.3867558, 34.5922806 ], [ 136.38458, 34.5923789 ], [ 136.383420799999982, 34.5893794 ], [ 136.3802119, 34.5859494 ], [ 136.377278599999983, 34.5842183 ], [ 136.376589699999982, 34.5808317 ], [ 136.3769675, 34.5790272 ], [ 136.376125, 34.5748208 ], [ 136.371065, 34.5717117 ], [ 136.3714703, 34.5692961 ], [ 136.3683867, 34.5659953 ], [ 136.3695294, 34.5651681 ], [ 136.3688608, 34.5630422 ], [ 136.365345, 34.5604867 ], [ 136.3641503, 34.5584928 ], [ 136.36227359999998, 34.5575389 ], [ 136.362846099999985, 34.5553931 ], [ 136.3612181, 34.5531203 ], [ 136.3598656, 34.5492842 ], [ 136.3568558, 34.5477808 ], [ 136.3541036, 34.5471978 ], [ 136.354897199999982, 34.5449783 ], [ 136.354676399999988, 34.5426253 ], [ 136.351891099999989, 34.5412167 ], [ 136.3495328, 34.5379089 ], [ 136.346700299999981, 34.5366408 ], [ 136.346052899999989, 34.5344644 ], [ 136.343574099999984, 34.5328435 ], [ 136.3417704, 34.5333088 ], [ 136.3384269, 34.5322272 ], [ 136.3371056, 34.5298533 ], [ 136.3379914, 34.5272633 ], [ 136.3382733, 34.5222358 ], [ 136.341035299999987, 34.5210458 ], [ 136.342795, 34.5183653 ], [ 136.3429047, 34.5167225 ], [ 136.344491399999981, 34.5153981 ], [ 136.3456744, 34.5116125 ], [ 136.3477475, 34.5092608 ], [ 136.3482017, 34.5076114 ], [ 136.3461883, 34.5068336 ], [ 136.3455275, 34.5044483 ], [ 136.344182499999988, 34.5024831 ], [ 136.343590799999987, 34.4997992 ], [ 136.341557199999983, 34.4972836 ], [ 136.338214199999982, 34.4946372 ], [ 136.337132199999985, 34.4928239 ], [ 136.3342233, 34.4905528 ], [ 136.331105799999989, 34.4914969 ], [ 136.3291769, 34.4903586 ], [ 136.324643899999984, 34.4900806 ], [ 136.325154699999985, 34.4874839 ], [ 136.3241578, 34.4814178 ], [ 136.324305, 34.4792717 ], [ 136.3212858, 34.4763914 ], [ 136.3162044, 34.4742797 ], [ 136.3137439, 34.4700989 ], [ 136.3142425, 34.468275 ], [ 136.31113, 34.46588 ], [ 136.3098197, 34.4637647 ], [ 136.3065583, 34.4628997 ], [ 136.305279700000028, 34.4612475 ], [ 136.30038, 34.4613889 ], [ 136.2980603, 34.4622775 ], [ 136.293408299999982, 34.462555 ], [ 136.287665600000025, 34.4597706 ], [ 136.2861853, 34.455535 ], [ 136.2811078, 34.4528836 ], [ 136.279396099999985, 34.4534844 ], [ 136.2746639, 34.4523447 ], [ 136.2712694, 34.4523689 ], [ 136.2688767, 34.4510933 ], [ 136.263745299999982, 34.4515303 ], [ 136.25870279999998, 34.4501669 ], [ 136.255985, 34.4501617 ], [ 136.2522806, 34.4477325 ], [ 136.247683599999988, 34.4480225 ], [ 136.244206099999985, 34.4474469 ], [ 136.2421875, 34.4486128 ], [ 136.2398361, 34.4481331 ], [ 136.228215299999988, 34.4489753 ], [ 136.2221203, 34.4486122 ], [ 136.2198797, 34.4481222 ], [ 136.217203899999987, 34.4497286 ], [ 136.215431099999989, 34.4499744 ], [ 136.2080719, 34.4483167 ], [ 136.2062478, 34.4486775 ], [ 136.2053603, 34.4483461 ], [ 136.1974864, 34.4499553 ], [ 136.19185, 34.4495356 ], [ 136.188521899999984, 34.450605 ], [ 136.185368899999986, 34.4481294 ], [ 136.1817514, 34.4464169 ], [ 136.178484199999986, 34.4455214 ], [ 136.1732744, 34.4458111 ], [ 136.170333299999982, 34.4464164 ], [ 136.165445299999988, 34.4484308 ], [ 136.1611944, 34.4483436 ], [ 136.158235599999983, 34.4490064 ], [ 136.1566119, 34.4467969 ], [ 136.1532669, 34.4453764 ], [ 136.1514367, 34.4418533 ], [ 136.14767329999998, 34.4420406 ], [ 136.144215, 34.4410903 ], [ 136.1426664, 34.4417964 ], [ 136.139250799999985, 34.4420647 ], [ 136.138381399999986, 34.4430992 ], [ 136.1361364, 34.4428358 ], [ 136.1349, 34.4437881 ], [ 136.1322539, 34.4441833 ], [ 136.1313206, 34.4451044 ], [ 136.1283714, 34.4452856 ], [ 136.12706559999998, 34.4435719 ], [ 136.12081329999998, 34.4432253 ], [ 136.1180214, 34.4427097 ], [ 136.1147642, 34.4392386 ], [ 136.113782499999985, 34.4369408 ], [ 136.111255299999982, 34.4357042 ], [ 136.109323599999982, 34.4360311 ], [ 136.1069564, 34.4353722 ], [ 136.1005772, 34.4358861 ], [ 136.0958981, 34.4352217 ], [ 136.094624399999987, 34.4342672 ], [ 136.091456099999988, 34.4301319 ], [ 136.0886992, 34.4287242 ], [ 136.0898292, 34.4269731 ], [ 136.0898617, 34.4245139 ], [ 136.0911022, 34.422865 ], [ 136.0902175, 34.4202406 ], [ 136.090265, 34.416042499999989 ], [ 136.086910599999982, 34.4121556 ], [ 136.0834942, 34.4095131 ], [ 136.081017200000019, 34.4096503 ], [ 136.0782414, 34.4080267 ], [ 136.076538299999982, 34.4058631 ], [ 136.074281899999988, 34.3997522 ], [ 136.0749889, 34.3983667 ], [ 136.072502499999985, 34.3960008 ], [ 136.069140799999985, 34.3942569 ], [ 136.0698147, 34.3923953 ], [ 136.0693058, 34.3893411 ], [ 136.0723894, 34.3869906 ], [ 136.0781594, 34.3864039 ], [ 136.0820272, 34.3835917 ], [ 136.083887799999985, 34.3809889 ], [ 136.0860917, 34.3796247 ], [ 136.08662, 34.3757533 ], [ 136.088887799999981, 34.3746561 ], [ 136.0898767, 34.3720633 ], [ 136.0919408, 34.3685575 ], [ 136.0905761, 34.3672269 ], [ 136.090544199999982, 34.3628233 ], [ 136.0938108, 34.361565 ], [ 136.095520599999986, 34.3598086 ], [ 136.0959406, 34.3573192 ], [ 136.0971872, 34.3558392 ], [ 136.0974033, 34.3536806 ], [ 136.0986275, 34.352105 ], [ 136.0967264, 34.349535599999989 ], [ 136.098402199999981, 34.3451744 ], [ 136.1020681, 34.3421592 ], [ 136.101176399999986, 34.3383706 ], [ 136.10236279999998, 34.3360483 ], [ 136.1058272, 34.33368 ], [ 136.1086444, 34.3308717 ], [ 136.1092308, 34.3291069 ], [ 136.1134706, 34.3280933 ], [ 136.1153506, 34.3263192 ], [ 136.11929809999998, 34.3262558 ], [ 136.1222172, 34.3254228 ], [ 136.1240908, 34.3215978 ], [ 136.1277136, 34.3185592 ], [ 136.1295053, 34.3161744 ], [ 136.126353599999987, 34.3143778 ], [ 136.1223114, 34.3104281 ], [ 136.118662199999989, 34.3103167 ], [ 136.1149436, 34.3088125 ], [ 136.1116461, 34.3050139 ], [ 136.1081978, 34.3045553 ], [ 136.104689700000023, 34.3054792 ], [ 136.10036, 34.3055406 ], [ 136.0957736, 34.3029436 ], [ 136.094903599999981, 34.3014511 ], [ 136.096116099999989, 34.2972939 ], [ 136.09592139999998, 34.2937842 ], [ 136.097854399999989, 34.291032799999989 ], [ 136.0978294, 34.2888219 ], [ 136.1005336, 34.2878964 ], [ 136.101118899999989, 34.2865328 ], [ 136.103786899999989, 34.2850594 ], [ 136.1054556, 34.2830033 ], [ 136.1102311, 34.2808806 ], [ 136.111986699999989, 34.2807361 ], [ 136.113418599999989, 34.2787631 ], [ 136.1152792, 34.2740808 ], [ 136.1166864, 34.2739878 ], [ 136.117236099999985, 34.2711014 ], [ 136.119190799999984, 34.2700475 ], [ 136.1218342, 34.2671275 ], [ 136.119356399999987, 34.2656669 ], [ 136.1180636, 34.2605964 ], [ 136.1205133, 34.2602047 ], [ 136.123203599999982, 34.2583833 ], [ 136.125243899999987, 34.2582783 ], [ 136.127806099999987, 34.2566542 ], [ 136.1285547, 34.2538431 ], [ 136.1318494, 34.2518964 ], [ 136.1293925, 34.2490956 ], [ 136.130640799999981, 34.2466125 ], [ 136.1303058, 34.2428731 ], [ 136.1283636, 34.2427064 ], [ 136.1246928, 34.2413192 ], [ 136.1226, 34.2397806 ], [ 136.1211103, 34.2369036 ], [ 136.1174417, 34.2339469 ], [ 136.115782199999984, 34.2296247 ], [ 136.113616899999982, 34.2288542 ], [ 136.110666899999984, 34.2293547 ], [ 136.109714199999985, 34.2280369 ], [ 136.1096503, 34.2242214 ], [ 136.112298899999985, 34.2244778 ], [ 136.117298299999987, 34.22311 ], [ 136.116870299999988, 34.22154 ], [ 136.1172908, 34.2170742 ], [ 136.118735, 34.2155058 ], [ 136.1154664, 34.210835 ], [ 136.113498099999987, 34.21044 ], [ 136.1097411, 34.2112444 ], [ 136.1072236, 34.2093231 ], [ 136.1074025, 34.2073806 ], [ 136.101954399999983, 34.2048328 ], [ 136.101385599999986, 34.2035022 ], [ 136.0975761, 34.2024717 ], [ 136.0965358, 34.1982914 ], [ 136.0934494, 34.1956981 ], [ 136.094094399999989, 34.1931964 ], [ 136.0926828, 34.1903942 ], [ 136.0947736, 34.1894522 ], [ 136.0962025, 34.1878064 ], [ 136.100272500000017, 34.1863408 ], [ 136.1027803, 34.1866258 ], [ 136.106852799999984, 34.1851064 ], [ 136.1088647, 34.1851378 ], [ 136.108814199999983, 34.1807819 ], [ 136.1077847, 34.1797153 ], [ 136.1071192, 34.1751317 ], [ 136.105255799999981, 34.1752319 ], [ 136.1044636, 34.1736097 ], [ 136.1055969, 34.1716183 ], [ 136.112044699999984, 34.1675578 ], [ 136.114420599999988, 34.1668861 ], [ 136.117997799999983, 34.1668861 ], [ 136.1203514, 34.1656581 ], [ 136.121513599999986, 34.1681933 ], [ 136.128055, 34.1693908 ], [ 136.129272800000024, 34.1656572 ], [ 136.1319047, 34.1647056 ], [ 136.135819699999985, 34.1653753 ], [ 136.1365017, 34.1670261 ], [ 136.1398058, 34.1679694 ], [ 136.14193, 34.1666806 ], [ 136.142757499999988, 34.1686258 ], [ 136.147001099999983, 34.1705808 ], [ 136.1459889, 34.172605 ], [ 136.1464819, 34.1738958 ], [ 136.1461172, 34.1770661 ], [ 136.1488833, 34.17905 ], [ 136.1485092, 34.1800392 ], [ 136.1500469, 34.1835414 ], [ 136.1534044, 34.1863444 ], [ 136.155356399999988, 34.1849525 ], [ 136.1575719, 34.1846508 ], [ 136.1619408, 34.1864844 ], [ 136.1632856, 34.1863867 ], [ 136.168205299999983, 34.1876772 ], [ 136.172930300000019, 34.1881964 ], [ 136.175015799999983, 34.1900594 ], [ 136.176746899999983, 34.18975 ], [ 136.1817217, 34.1911006 ], [ 136.1847622, 34.1905867 ], [ 136.1865167, 34.1909339 ], [ 136.18812029999998, 34.1931597 ], [ 136.1925008, 34.1937753 ], [ 136.1910758, 34.1960106 ], [ 136.1911883, 34.1977575 ], [ 136.1899019, 34.1997797 ], [ 136.189891099999983, 34.2064781 ], [ 136.188623899999982, 34.2095569 ], [ 136.1896169, 34.2125344 ], [ 136.1906636, 34.2132044 ], [ 136.191670599999981, 34.2166511 ], [ 136.1955678, 34.2200522 ], [ 136.1973419, 34.22046 ], [ 136.19942, 34.2193542 ], [ 136.20197, 34.2195706 ], [ 136.2050353, 34.2183536 ], [ 136.2074086, 34.2207064 ], [ 136.2079094, 34.2228467 ], [ 136.2067056, 34.22381 ], [ 136.2057381, 34.2266244 ], [ 136.2058456, 34.2288503 ], [ 136.2079458, 34.2304431 ], [ 136.2137808, 34.2323475 ], [ 136.2143767, 34.234189199999989 ], [ 136.2161939, 34.2360464 ], [ 136.218071399999985, 34.2389958 ], [ 136.217590799999982, 34.2409144 ], [ 136.217473600000034, 34.2453978 ], [ 136.2257406, 34.2465978 ], [ 136.229522799999984, 34.2453131 ], [ 136.2313997, 34.2465625 ], [ 136.2404956, 34.2477953 ], [ 136.24011059999998, 34.2491508 ], [ 136.2411172, 34.2512597 ], [ 136.23838139999998, 34.2557422 ], [ 136.238995, 34.2572422 ], [ 136.241039199999989, 34.2585189 ], [ 136.2429625, 34.2614306 ], [ 136.2475258, 34.2642469 ], [ 136.2501192, 34.2647856 ], [ 136.2542147, 34.2628036 ], [ 136.2577039, 34.2643214 ], [ 136.263161699999984, 34.2690672 ], [ 136.2663967, 34.2708656 ], [ 136.269795599999981, 34.2742658 ], [ 136.2659875, 34.2766225 ], [ 136.2640836, 34.2803622 ], [ 136.2680436, 34.2870247 ], [ 136.2704789, 34.2891322 ], [ 136.2749422, 34.2881139 ], [ 136.2786236, 34.28864 ], [ 136.2810814, 34.2884064 ], [ 136.2813567, 34.2900311 ], [ 136.2857153, 34.2941642 ], [ 136.2879625, 34.2952164 ], [ 136.2907861, 34.2954089 ], [ 136.2956122, 34.2966658 ], [ 136.2980531, 34.2954847 ], [ 136.3008519, 34.2967344 ], [ 136.305287199999981, 34.2968028 ], [ 136.3105617, 34.300358599999988 ], [ 136.313864699999982, 34.2993444 ], [ 136.314958099999984, 34.3012853 ], [ 136.3171958, 34.302355 ], [ 136.3191233, 34.3089728 ], [ 136.321581399999985, 34.3108781 ], [ 136.323714199999984, 34.314235 ], [ 136.3237575, 34.3169228 ], [ 136.324768899999981, 34.3188381 ], [ 136.3291486, 34.3189508 ], [ 136.3320089, 34.3175294 ], [ 136.3324753, 34.3164317 ], [ 136.3351089, 34.3158675 ], [ 136.339159199999983, 34.3165278 ], [ 136.342025300000017, 34.31615 ], [ 136.343925300000024, 34.3168506 ], [ 136.347572500000012, 34.3168986 ], [ 136.3516889, 34.3189958 ], [ 136.3542967, 34.3192269 ], [ 136.354586399999988, 34.3222767 ], [ 136.356061399999987, 34.324185 ], [ 136.360124399999989, 34.3258419 ], [ 136.3614436, 34.3275917 ], [ 136.3661358, 34.3303936 ], [ 136.3663403, 34.3312989 ], [ 136.370052499999986, 34.3334839 ], [ 136.372836399999983, 34.3395769 ], [ 136.3762017, 34.3403419 ], [ 136.38316469999998, 34.3440142 ], [ 136.3852622, 34.34427 ], [ 136.3878506, 34.3465072 ], [ 136.3898797, 34.3463353 ], [ 136.394095599999986, 34.3472044 ], [ 136.3996692, 34.3500025 ], [ 136.4033144, 34.3531467 ], [ 136.411037199999981, 34.3544239 ], [ 136.4153744, 34.3601253 ], [ 136.417076399999985, 34.3642081 ], [ 136.4146175, 34.3655575 ], [ 136.4145264, 34.366717199999989 ], [ 136.4162494, 34.3689672 ], [ 136.416469399999983, 34.3738469 ], [ 136.4153378, 34.3742903 ], [ 136.415185, 34.3764831 ], [ 136.41716, 34.3784739 ], [ 136.418708900000013, 34.3819517 ], [ 136.4172206, 34.3834264 ], [ 136.4129764, 34.384415 ], [ 136.409954199999987, 34.3873506 ], [ 136.4066186, 34.3879419 ], [ 136.4055256, 34.39043 ], [ 136.4080764, 34.3911494 ], [ 136.4120711, 34.3936711 ], [ 136.415136099999984, 34.3941239 ], [ 136.419603599999988, 34.3972744 ], [ 136.4254819, 34.3997189 ], [ 136.42865, 34.398295 ], [ 136.4312775, 34.3964994 ], [ 136.4318161, 34.3948608 ], [ 136.431171899999981, 34.3931733 ], [ 136.4336006, 34.3905783 ], [ 136.43386, 34.3871541 ], [ 136.434781099999981, 34.3862831 ], [ 136.4328472, 34.3836475 ], [ 136.4289717, 34.3830092 ], [ 136.4282019, 34.3821464 ], [ 136.4292869, 34.3788614 ], [ 136.4326342, 34.3774186 ], [ 136.436017199999981, 34.3749647 ], [ 136.4383139, 34.3712386 ], [ 136.44619, 34.3675939 ], [ 136.4485525, 34.3683872 ], [ 136.4485919, 34.3707614 ], [ 136.4506433, 34.3767069 ], [ 136.4471867, 34.3775986 ], [ 136.444502799999981, 34.3791717 ], [ 136.4442197, 34.3813822 ], [ 136.4472073, 34.3828747 ], [ 136.4483659, 34.385725 ], [ 136.4458258, 34.3923653 ], [ 136.4465722, 34.3935242 ], [ 136.4552439, 34.3948558 ], [ 136.456729699999983, 34.3962417 ], [ 136.459064399999988, 34.4015033 ], [ 136.4646314, 34.4049739 ], [ 136.4669817, 34.4074514 ], [ 136.4702403, 34.4130989 ], [ 136.473195299999986, 34.4149614 ], [ 136.47862809999998, 34.419435799999988 ], [ 136.482096899999988, 34.4188111 ], [ 136.484527499999984, 34.4192356 ], [ 136.4890839, 34.42106 ], [ 136.4937531, 34.4203967 ], [ 136.4955075, 34.4216492 ], [ 136.49452, 34.4308306 ], [ 136.4968108, 34.4335406 ], [ 136.4991569, 34.4344375 ], [ 136.510274399999986, 34.4328619 ], [ 136.5150964, 34.4299272 ], [ 136.516647799999987, 34.4296575 ], [ 136.519000799999986, 34.4308736 ], [ 136.522550599999988, 34.4341958 ], [ 136.524552199999988, 34.4341569 ], [ 136.526726699999983, 34.435325 ], [ 136.5284006, 34.4367633 ], [ 136.532773599999985, 34.4385531 ], [ 136.5448108, 34.4379642 ], [ 136.5475308, 34.4386706 ], [ 136.5479422, 34.4424917 ], [ 136.549063599999982, 34.4433939 ], [ 136.552035599999982, 34.4439694 ], [ 136.553001099999989, 34.4452808 ] ] ] ] } },
{ "type": "Feature", "properties": { "hokenjo": "津" }, "geometry": { "type": "MultiPolygon", "coordinates": [ [ [ [ 136.4879522, 34.8023133 ], [ 136.485773099999989, 34.8027442 ], [ 136.4850256, 34.8043619 ], [ 136.4833983, 34.8050231 ], [ 136.483147799999983, 34.8068219 ], [ 136.4793764, 34.8058517 ], [ 136.4796714, 34.8040192 ], [ 136.4772147, 34.8027164 ], [ 136.4775114, 34.8075561 ], [ 136.475067500000023, 34.8098286 ], [ 136.4726547, 34.8087547 ], [ 136.470376099999982, 34.8113342 ], [ 136.469013100000012, 34.8090058 ], [ 136.4668117, 34.8107714 ], [ 136.4661936, 34.8122025 ], [ 136.4621397, 34.8113103 ], [ 136.4612586, 34.8138733 ], [ 136.459562799999986, 34.8139894 ], [ 136.4577367, 34.8117592 ], [ 136.4546253, 34.8133228 ], [ 136.454376699999983, 34.8114356 ], [ 136.4513653, 34.8105053 ], [ 136.4502331, 34.8109383 ], [ 136.449153599999988, 34.8146456 ], [ 136.4468856, 34.8158817 ], [ 136.440782499999983, 34.8206083 ], [ 136.4383703, 34.8204386 ], [ 136.4356956, 34.8226967 ], [ 136.4369333, 34.8241619 ], [ 136.4343503, 34.8279106 ], [ 136.436028099999987, 34.8285933 ], [ 136.4338658, 34.8322414 ], [ 136.4334881, 34.8355358 ], [ 136.435503899999986, 34.8360517 ], [ 136.4346558, 34.8398642 ], [ 136.4328492, 34.8411792 ], [ 136.428830299999987, 34.8413692 ], [ 136.4224025, 34.8444764 ], [ 136.4218253, 34.8411933 ], [ 136.4174456, 34.83965 ], [ 136.414094399999982, 34.842375 ], [ 136.410316699999981, 34.8434358 ], [ 136.407610299999988, 34.8433531 ], [ 136.4026528, 34.8416028 ], [ 136.4041694, 34.8382022 ], [ 136.4016497, 34.8369633 ], [ 136.3981894, 34.8367208 ], [ 136.3968156, 34.8355994 ], [ 136.3936067, 34.8359369 ], [ 136.3884967, 34.8347506 ], [ 136.3871289, 34.8328786 ], [ 136.381353300000029, 34.8278908 ], [ 136.379652199999981, 34.8239839 ], [ 136.3783092, 34.8225136 ], [ 136.3757167, 34.8215528 ], [ 136.375522499999988, 34.8205247 ], [ 136.3711069, 34.8196675 ], [ 136.3665747, 34.8210394 ], [ 136.364866899999981, 34.8229075 ], [ 136.3592564, 34.822625 ], [ 136.3565803, 34.8214808 ], [ 136.3531853, 34.82145 ], [ 136.348486399999985, 34.8194164 ], [ 136.3433392, 34.8184008 ], [ 136.3372153, 34.8197139 ], [ 136.3342697, 34.81819 ], [ 136.332840299999987, 34.8192589 ], [ 136.3308022, 34.8190592 ], [ 136.327123299999982, 34.8204314 ], [ 136.3262267, 34.8220189 ], [ 136.3227019, 34.8191494 ], [ 136.3233142, 34.8173017 ], [ 136.322575799999981, 34.8158297 ], [ 136.32228, 34.8122589 ], [ 136.31786, 34.8116542 ], [ 136.3140478, 34.8126806 ], [ 136.3129181, 34.8106533 ], [ 136.3130711, 34.8076489 ], [ 136.312240799999984, 34.8068483 ], [ 136.3099819, 34.8043869 ], [ 136.30982419999998, 34.8024417 ], [ 136.3129653, 34.7999019 ], [ 136.3142497, 34.7977783 ], [ 136.3132578, 34.7963414 ], [ 136.317449399999987, 34.7877744 ], [ 136.3205436, 34.7873997 ], [ 136.3242378, 34.785539199999988 ], [ 136.327610800000031, 34.785495 ], [ 136.328069699999986, 34.7863781 ], [ 136.3319019, 34.7872694 ], [ 136.3338336, 34.7851433 ], [ 136.334706899999986, 34.7822019 ], [ 136.3372114, 34.7809986 ], [ 136.3364469, 34.7776089 ], [ 136.339396099999988, 34.776485 ], [ 136.3398025, 34.7750686 ], [ 136.3418111, 34.7733494 ], [ 136.3420414, 34.7695242 ], [ 136.3407956, 34.7681353 ], [ 136.338073899999983, 34.7677808 ], [ 136.3355192, 34.7663108 ], [ 136.3335708, 34.7659756 ], [ 136.3332667, 34.7642953 ], [ 136.330837799999983, 34.7642214 ], [ 136.3286186, 34.7632814 ], [ 136.3276406, 34.7619792 ], [ 136.3250975, 34.7607714 ], [ 136.322924199999989, 34.7575869 ], [ 136.3208214, 34.7567281 ], [ 136.318775, 34.7547631 ], [ 136.319267199999985, 34.7500517 ], [ 136.3170275, 34.7476211 ], [ 136.3143167, 34.7468778 ], [ 136.312074199999984, 34.7470081 ], [ 136.309955, 34.7454958 ], [ 136.305822200000023, 34.7441442 ], [ 136.304065799999989, 34.7442967 ], [ 136.300387799999982, 34.7414978 ], [ 136.300905, 34.7391261 ], [ 136.2996233, 34.7386442 ], [ 136.296504199999987, 34.7351253 ], [ 136.2994381, 34.7323481 ], [ 136.301301099999989, 34.7313633 ], [ 136.305125299999986, 34.7315486 ], [ 136.308447199999989, 34.7290678 ], [ 136.3095644, 34.7249058 ], [ 136.30469, 34.7229122 ], [ 136.3021914, 34.7194597 ], [ 136.3008275, 34.7193861 ], [ 136.3001486, 34.716395 ], [ 136.297195599999981, 34.7155342 ], [ 136.294603099999989, 34.7155256 ], [ 136.295076099999989, 34.7132764 ], [ 136.294207799999981, 34.7115228 ], [ 136.2924275, 34.7112775 ], [ 136.2897117, 34.7089992 ], [ 136.287518899999981, 34.7044986 ], [ 136.2857636, 34.7037233 ], [ 136.2845656, 34.7020081 ], [ 136.2830717, 34.6981747 ], [ 136.283092499999981, 34.6962492 ], [ 136.279381699999988, 34.6933375 ], [ 136.2786094, 34.6899131 ], [ 136.2763742, 34.6895239 ], [ 136.2756592, 34.6877328 ], [ 136.2712814, 34.6847647 ], [ 136.2724978, 34.6832406 ], [ 136.2733533, 34.6804208 ], [ 136.272781899999984, 34.6766814 ], [ 136.270754399999987, 34.6751603 ], [ 136.2686728, 34.6756669 ], [ 136.2657381, 34.6736475 ], [ 136.2675403, 34.6707981 ], [ 136.269457500000016, 34.6700436 ], [ 136.2726725, 34.66743 ], [ 136.275031399999989, 34.6632997 ], [ 136.2718894, 34.6622914 ], [ 136.2708317, 34.66395 ], [ 136.2690844, 34.6635617 ], [ 136.2692717, 34.6613456 ], [ 136.267468899999983, 34.6605761 ], [ 136.2681694, 34.6573586 ], [ 136.2657131, 34.6561325 ], [ 136.261667200000034, 34.6560481 ], [ 136.2606731, 34.6525264 ], [ 136.25954059999998, 34.6506133 ], [ 136.2578392, 34.64967 ], [ 136.256845299999981, 34.6476033 ], [ 136.258287199999984, 34.6455014 ], [ 136.2547075, 34.6441586 ], [ 136.2529264, 34.6447689 ], [ 136.251355, 34.6439728 ], [ 136.250420599999984, 34.6409914 ], [ 136.249788099999989, 34.6361311 ], [ 136.251503899999989, 34.6343506 ], [ 136.245357499999983, 34.6300675 ], [ 136.2466556, 34.6278036 ], [ 136.245873099999983, 34.6251789 ], [ 136.2489353, 34.6242044 ], [ 136.24923, 34.621546699999989 ], [ 136.2503542, 34.6194633 ], [ 136.2495792, 34.6164686 ], [ 136.249375, 34.6130211 ], [ 136.2512314, 34.6118169 ], [ 136.2500431, 34.6099886 ], [ 136.2507594, 34.60778 ], [ 136.2492047, 34.6054775 ], [ 136.2492819, 34.6033931 ], [ 136.2504347, 34.6022614 ], [ 136.250090799999981, 34.5996775 ], [ 136.253393599999981, 34.5991228 ], [ 136.257404399999984, 34.5962469 ], [ 136.259062199999988, 34.59452 ], [ 136.2582406, 34.5930939 ], [ 136.25591559999998, 34.5914672 ], [ 136.2528853, 34.590579399999989 ], [ 136.25138579999998, 34.5891119 ], [ 136.250895, 34.5872869 ], [ 136.2547569, 34.5868647 ], [ 136.2561919, 34.5849686 ], [ 136.2548003, 34.583455 ], [ 136.2509044, 34.5836258 ], [ 136.248268599999989, 34.5818367 ], [ 136.2453494, 34.5824222 ], [ 136.2389144, 34.5803547 ], [ 136.2377089, 34.5790081 ], [ 136.2313672, 34.5796303 ], [ 136.2300233, 34.5787803 ], [ 136.2266725, 34.5794672 ], [ 136.2259594, 34.5788325 ], [ 136.22443, 34.574095 ], [ 136.2230983, 34.5728592 ], [ 136.222413099999983, 34.5694889 ], [ 136.2195381, 34.5680333 ], [ 136.2195117, 34.5655889 ], [ 136.2184047, 34.5642239 ], [ 136.2194122, 34.5629114 ], [ 136.218716699999987, 34.5615169 ], [ 136.2200469, 34.5580567 ], [ 136.2192158, 34.5577556 ], [ 136.214702499999987, 34.5615853 ], [ 136.2113008, 34.5637206 ], [ 136.2087642, 34.5666592 ], [ 136.2048619, 34.5647494 ], [ 136.203694399999989, 34.5648269 ], [ 136.201286899999985, 34.5668597 ], [ 136.199389699999983, 34.5661197 ], [ 136.1975175, 34.5635978 ], [ 136.1965922, 34.56651 ], [ 136.1954858, 34.5666422 ], [ 136.1939261, 34.5663206 ], [ 136.192231099999987, 34.5680436 ], [ 136.1895633, 34.5688656 ], [ 136.185349699999989, 34.5689169 ], [ 136.1845525, 34.5668331 ], [ 136.1792683, 34.5682078 ], [ 136.17690060000001, 34.568325 ], [ 136.176670299999984, 34.5667458 ], [ 136.1740108, 34.5623411 ], [ 136.170725, 34.5616475 ], [ 136.170035, 34.5592114 ], [ 136.167870599999986, 34.5572222 ], [ 136.167268899999982, 34.5545814 ], [ 136.1653789, 34.5521806 ], [ 136.1640275, 34.5490372 ], [ 136.16168829999998, 34.5482972 ], [ 136.1597739, 34.546711699999989 ], [ 136.1611689, 34.5450303 ], [ 136.165733099999983, 34.5413547 ], [ 136.166927499999986, 34.5396417 ], [ 136.1697194, 34.5388772 ], [ 136.1710003, 34.53745 ], [ 136.1717739, 34.5348192 ], [ 136.169821899999988, 34.5272481 ], [ 136.167831899999982, 34.5261111 ], [ 136.167153899999988, 34.5246542 ], [ 136.1677144, 34.5209125 ], [ 136.1718247, 34.5181506 ], [ 136.1821167, 34.5167511 ], [ 136.18326, 34.5190225 ], [ 136.1866861, 34.5219811 ], [ 136.1897847, 34.5239572 ], [ 136.1936131, 34.5234786 ], [ 136.1963836, 34.5239075 ], [ 136.1979881, 34.5250278 ], [ 136.207447799999983, 34.5278372 ], [ 136.2099414, 34.5290292 ], [ 136.2146142, 34.5287592 ], [ 136.2166292, 34.5279753 ], [ 136.2159792, 34.5232853 ], [ 136.218396899999988, 34.5201525 ], [ 136.2197758, 34.5158856 ], [ 136.2194792, 34.5105333 ], [ 136.215786399999985, 34.5078061 ], [ 136.21466719999998, 34.5013119 ], [ 136.2157172, 34.4994711 ], [ 136.21825640000003, 34.4970206 ], [ 136.2220678, 34.4966317 ], [ 136.2238083, 34.4955367 ], [ 136.2290361, 34.4947222 ], [ 136.2297594, 34.4918625 ], [ 136.2285197, 34.4890653 ], [ 136.223938299999986, 34.486765 ], [ 136.2192014, 34.4852258 ], [ 136.2183817, 34.4835786 ], [ 136.2155597, 34.4811531 ], [ 136.2148286, 34.4796692 ], [ 136.2154464, 34.4779633 ], [ 136.21415829999998, 34.4750261 ], [ 136.214733099999989, 34.4727169 ], [ 136.211649199999982, 34.4704303 ], [ 136.2093231, 34.4670564 ], [ 136.20961029999998, 34.4649625 ], [ 136.2089128, 34.4623639 ], [ 136.207451099999986, 34.4605481 ], [ 136.2086003, 34.4554969 ], [ 136.2062478, 34.4486775 ], [ 136.2080719, 34.4483167 ], [ 136.215431099999989, 34.4499744 ], [ 136.217203899999987, 34.4497286 ], [ 136.2198797, 34.4481222 ], [ 136.2221203, 34.4486122 ], [ 136.228215299999988, 34.4489753 ], [ 136.2398361, 34.4481331 ], [ 136.2421875, 34.4486128 ], [ 136.244206099999985, 34.4474469 ], [ 136.247683599999988, 34.4480225 ], [ 136.2522806, 34.4477325 ], [ 136.255985, 34.4501617 ], [ 136.25870279999998, 34.4501669 ], [ 136.263745299999982, 34.4515303 ], [ 136.2688767, 34.4510933 ], [ 136.2712694, 34.4523689 ], [ 136.2746639, 34.4523447 ], [ 136.279396099999985, 34.4534844 ], [ 136.2811078, 34.4528836 ], [ 136.2861853, 34.455535 ], [ 136.287665600000025, 34.4597706 ], [ 136.293408299999982, 34.462555 ], [ 136.2980603, 34.4622775 ], [ 136.30038, 34.4613889 ], [ 136.305279700000028, 34.4612475 ], [ 136.3065583, 34.4628997 ], [ 136.3098197, 34.4637647 ], [ 136.31113, 34.46588 ], [ 136.3142425, 34.468275 ], [ 136.3137439, 34.4700989 ], [ 136.3162044, 34.4742797 ], [ 136.3212858, 34.4763914 ], [ 136.324305, 34.4792717 ], [ 136.3241578, 34.4814178 ], [ 136.325154699999985, 34.4874839 ], [ 136.324643899999984, 34.4900806 ], [ 136.3291769, 34.4903586 ], [ 136.331105799999989, 34.4914969 ], [ 136.3342233, 34.4905528 ], [ 136.337132199999985, 34.4928239 ], [ 136.338214199999982, 34.4946372 ], [ 136.341557199999983, 34.4972836 ], [ 136.343590799999987, 34.4997992 ], [ 136.344182499999988, 34.5024831 ], [ 136.3455275, 34.5044483 ], [ 136.3461883, 34.5068336 ], [ 136.3482017, 34.5076114 ], [ 136.3477475, 34.5092608 ], [ 136.3456744, 34.5116125 ], [ 136.344491399999981, 34.5153981 ], [ 136.3429047, 34.5167225 ], [ 136.342795, 34.5183653 ], [ 136.341035299999987, 34.5210458 ], [ 136.3382733, 34.5222358 ], [ 136.3379914, 34.5272633 ], [ 136.3371056, 34.5298533 ], [ 136.3384269, 34.5322272 ], [ 136.3417704, 34.5333088 ], [ 136.343574099999984, 34.5328435 ], [ 136.346052899999989, 34.5344644 ], [ 136.346700299999981, 34.5366408 ], [ 136.3495328, 34.5379089 ], [ 136.351891099999989, 34.5412167 ], [ 136.354676399999988, 34.5426253 ], [ 136.354897199999982, 34.5449783 ], [ 136.3541036, 34.5471978 ], [ 136.3568558, 34.5477808 ], [ 136.3598656, 34.5492842 ], [ 136.3612181, 34.5531203 ], [ 136.362846099999985, 34.5553931 ], [ 136.36227359999998, 34.5575389 ], [ 136.3641503, 34.5584928 ], [ 136.365345, 34.5604867 ], [ 136.3688608, 34.5630422 ], [ 136.3695294, 34.5651681 ], [ 136.3683867, 34.5659953 ], [ 136.3714703, 34.5692961 ], [ 136.371065, 34.5717117 ], [ 136.376125, 34.5748208 ], [ 136.3769675, 34.5790272 ], [ 136.376589699999982, 34.5808317 ], [ 136.377278599999983, 34.5842183 ], [ 136.3802119, 34.5859494 ], [ 136.383420799999982, 34.5893794 ], [ 136.38458, 34.5923789 ], [ 136.3867558, 34.5922806 ], [ 136.390438099999983, 34.5949781 ], [ 136.3901856, 34.5974872 ], [ 136.3919175, 34.6006053 ], [ 136.391675599999985, 34.6065789 ], [ 136.3904828, 34.6066867 ], [ 136.391388899999981, 34.61025 ], [ 136.3938217, 34.6106442 ], [ 136.394007499999987, 34.6127625 ], [ 136.396969399999989, 34.6157053 ], [ 136.3992225, 34.6161286 ], [ 136.4018211, 34.6143628 ], [ 136.4048556, 34.6154467 ], [ 136.4053561, 34.6172714 ], [ 136.4081094, 34.6199356 ], [ 136.4104519, 34.6211311 ], [ 136.4123392, 34.6206822 ], [ 136.4144475, 34.6213833 ], [ 136.4153542, 34.6227989 ], [ 136.4176867, 34.6224856 ], [ 136.4181556, 34.6241214 ], [ 136.4206931, 34.6273417 ], [ 136.4225247, 34.6315631 ], [ 136.4265361, 34.6344814 ], [ 136.4302606, 34.6365797 ], [ 136.4367653, 34.6349569 ], [ 136.4388822, 34.6327736 ], [ 136.4396356, 34.6296058 ], [ 136.443367199999983, 34.6290536 ], [ 136.4447122, 34.6277914 ], [ 136.4475353, 34.6276219 ], [ 136.4493444, 34.6312719 ], [ 136.4503306, 34.6373164 ], [ 136.4514542, 34.6395861 ], [ 136.4513292, 34.6415017 ], [ 136.4537592, 34.6414083 ], [ 136.4527989, 34.6377889 ], [ 136.456445299999984, 34.6370031 ], [ 136.4606392, 34.639355 ], [ 136.4629172, 34.6429617 ], [ 136.4627719, 34.646055 ], [ 136.4639583, 34.6474619 ], [ 136.463678099999981, 34.6491736 ], [ 136.4675011, 34.6492989 ], [ 136.4710636, 34.6481192 ], [ 136.473964699999982, 34.6485161 ], [ 136.4765272, 34.6474181 ], [ 136.4791253, 34.648311899999989 ], [ 136.4805539, 34.6466183 ], [ 136.4836281, 34.6452825 ], [ 136.485753599999981, 34.6449975 ], [ 136.489, 34.6455658 ], [ 136.4920583, 34.6470811 ], [ 136.4945217, 34.6491033 ], [ 136.4997378, 34.6511022 ], [ 136.507243599999981, 34.6503378 ], [ 136.5140639, 34.6485733 ], [ 136.5218944, 34.6476969 ], [ 136.5268697, 34.6486858 ], [ 136.5295114, 34.6481811 ], [ 136.5322622, 34.6467178 ], [ 136.534366899999981, 34.6439236 ], [ 136.5357186, 34.6410867 ], [ 136.5382622, 34.6390322 ], [ 136.5426206, 34.6368489 ], [ 136.5495755, 34.6347005 ], [ 136.5499879, 34.6380912 ], [ 136.5479531, 34.645354 ], [ 136.5478455, 34.6522521 ], [ 136.5489007, 34.6618283 ], [ 136.548459399999984, 34.6662643 ], [ 136.554262199999982, 34.6673272 ], [ 136.5576576, 34.6713843 ], [ 136.5541333, 34.6757413 ], [ 136.5530641, 34.6758816 ], [ 136.549327799999986, 34.6708162 ], [ 136.5423554, 34.6746691 ], [ 136.546849, 34.6802134 ], [ 136.541405199999986, 34.6832274 ], [ 136.5366148, 34.6773027 ], [ 136.535023199999983, 34.678182 ], [ 136.5360902, 34.6803002 ], [ 136.5296751, 34.6841458 ], [ 136.5276187, 34.6816156 ], [ 136.525103799999982, 34.682796 ], [ 136.5233534, 34.6850856 ], [ 136.5215766, 34.6895355 ], [ 136.521065099999987, 34.6937361 ], [ 136.521056499999986, 34.698463 ], [ 136.5217763, 34.7028195 ], [ 136.523324, 34.707593 ], [ 136.524273699999981, 34.7087666 ], [ 136.525276, 34.7128898 ], [ 136.5243199, 34.7130693 ], [ 136.5281154, 34.725775 ], [ 136.5290633, 34.7298775 ], [ 136.529627799999986, 34.7349338 ], [ 136.528832599999987, 34.7372467 ], [ 136.5312992, 34.7467524 ], [ 136.5343646, 34.7541872 ], [ 136.5388629, 34.7630479 ], [ 136.538713199999989, 34.7640944 ], [ 136.5446436, 34.7737112 ], [ 136.548463199999986, 34.7792425 ], [ 136.5549139, 34.7880058 ], [ 136.5626302, 34.7966776 ], [ 136.5703987, 34.8045358 ], [ 136.568443299999984, 34.8070436 ], [ 136.565587199999982, 34.8075717 ], [ 136.5616133, 34.8098361 ], [ 136.5589381, 34.8118892 ], [ 136.557391699999982, 34.8104444 ], [ 136.5544236, 34.8122433 ], [ 136.5549642, 34.8136364 ], [ 136.5517725, 34.8144753 ], [ 136.5516303, 34.8116228 ], [ 136.5484333, 34.8103483 ], [ 136.5445822, 34.80977 ], [ 136.541891099999987, 34.8100367 ], [ 136.5413786, 34.8077178 ], [ 136.539568299999985, 34.8082508 ], [ 136.5338442, 34.8077856 ], [ 136.5291747, 34.8079603 ], [ 136.5268414, 34.8121319 ], [ 136.5254075, 34.8131256 ], [ 136.5233964, 34.8124719 ], [ 136.5202339, 34.8094936 ], [ 136.5170828, 34.8090994 ], [ 136.515325599999983, 34.8079894 ], [ 136.5139911, 34.8108953 ], [ 136.51265, 34.8118072 ], [ 136.5114036, 34.8067217 ], [ 136.50971, 34.8045636 ], [ 136.5066133, 34.8055531 ], [ 136.5042436, 34.8051361 ], [ 136.5019639, 34.8060814 ], [ 136.4982717, 34.8041411 ], [ 136.49793, 34.8017736 ], [ 136.4953261, 34.7995586 ], [ 136.491119199999986, 34.798885 ], [ 136.4879522, 34.8023133 ] ] ] ] } },
{ "type": "Feature", "properties": { "hokenjo": "尾鷲" }, "geometry": { "type": "MultiPolygon", "coordinates": [ [ [ [ 136.234497, 34.0857677 ], [ 136.2364299, 34.0867843 ], [ 136.2369148, 34.0892886 ], [ 136.234252699999985, 34.0912409 ], [ 136.2310053, 34.095932 ], [ 136.2274966, 34.0987301 ], [ 136.2280122, 34.1002343 ], [ 136.2305676, 34.1025603 ], [ 136.2430876, 34.105953 ], [ 136.2411095, 34.1081165 ], [ 136.2429747, 34.1094578 ], [ 136.2458423, 34.1095345 ], [ 136.252490699999981, 34.1117447 ], [ 136.2534067, 34.1134952 ], [ 136.2554337, 34.114837 ], [ 136.257912799999986, 34.1198064 ], [ 136.261718299999984, 34.1215988 ], [ 136.2626659, 34.1244395 ], [ 136.2655924, 34.124318599999988 ], [ 136.2682059, 34.1291166 ], [ 136.2730143, 34.12737 ], [ 136.271203, 34.1263352 ], [ 136.272211, 34.1240876 ], [ 136.274445499999985, 34.1226716 ], [ 136.273827, 34.1214375 ], [ 136.2716225, 34.1204209 ], [ 136.2695603, 34.1209068 ], [ 136.2702119, 34.1183057 ], [ 136.2688728, 34.1170872 ], [ 136.2663761, 34.1174339 ], [ 136.2643314, 34.1146123 ], [ 136.2667011, 34.1126936 ], [ 136.2620518, 34.110092 ], [ 136.2615333, 34.1088984 ], [ 136.2584262, 34.1069155 ], [ 136.254799599999984, 34.1063239 ], [ 136.2538548, 34.1044419 ], [ 136.250954399999983, 34.1046843 ], [ 136.2481152, 34.1029476 ], [ 136.2508159, 34.099272 ], [ 136.2512016, 34.0969661 ], [ 136.250225299999983, 34.0953182 ], [ 136.2506994, 34.0932598 ], [ 136.254719, 34.0897669 ], [ 136.2543316, 34.0881418 ], [ 136.259168499999987, 34.0884093 ], [ 136.260672699999986, 34.0901867 ], [ 136.2596729, 34.0924228 ], [ 136.2596954, 34.096583 ], [ 136.2587407, 34.0980414 ], [ 136.2622863, 34.1010519 ], [ 136.266716, 34.1027643 ], [ 136.2728875, 34.0999286 ], [ 136.2708916, 34.0986592 ], [ 136.268020799999988, 34.0986774 ], [ 136.2668356, 34.1000407 ], [ 136.264864499999987, 34.0971157 ], [ 136.266455, 34.0953366 ], [ 136.266050299999989, 34.093009699999989 ], [ 136.2705631, 34.0899948 ], [ 136.269924299999985, 34.0869895 ], [ 136.2719502, 34.0872337 ], [ 136.2724416, 34.0855627 ], [ 136.270678799999985, 34.0826712 ], [ 136.273672, 34.0828333 ], [ 136.2756353, 34.0845079 ], [ 136.278383099999985, 34.0851773 ], [ 136.2790058, 34.0874467 ], [ 136.2811581, 34.0890388 ], [ 136.279832699999986, 34.0915459 ], [ 136.2801073, 34.0942774 ], [ 136.282187599999986, 34.0951631 ], [ 136.2863439, 34.0938085 ], [ 136.288716099999988, 34.0943049 ], [ 136.2891148, 34.0960842 ], [ 136.2906829, 34.097029 ], [ 136.2928398, 34.0967053 ], [ 136.293543100000022, 34.0942585 ], [ 136.2930518, 34.0903441 ], [ 136.2937176, 34.0887146 ], [ 136.2965568, 34.0887544 ], [ 136.298311899999987, 34.0905049 ], [ 136.301682199999988, 34.0967216 ], [ 136.3023732, 34.0988353 ], [ 136.3022307, 34.1007872 ], [ 136.3039767, 34.1025021 ], [ 136.3049876, 34.104675 ], [ 136.307528099999985, 34.1058726 ], [ 136.3055989, 34.1068807 ], [ 136.305951599999986, 34.1087876 ], [ 136.3075574, 34.1095056 ], [ 136.307793, 34.1134241 ], [ 136.3131593, 34.1155075 ], [ 136.3132245, 34.1175327 ], [ 136.308557799999988, 34.1175287 ], [ 136.306497300000018, 34.1181951 ], [ 136.3035768, 34.1169399 ], [ 136.3007719, 34.1183757 ], [ 136.298825900000026, 34.1183218 ], [ 136.2961234, 34.1158843 ], [ 136.2987507, 34.113002 ], [ 136.295710899999989, 34.1121144 ], [ 136.2926334, 34.1124794 ], [ 136.289391699999982, 34.1146459 ], [ 136.2901422, 34.1174033 ], [ 136.287518899999981, 34.1175292 ], [ 136.286241, 34.1168139 ], [ 136.2840098, 34.1180811 ], [ 136.2830031, 34.1208011 ], [ 136.28318969999998, 34.1224819 ], [ 136.287698399999982, 34.1252619 ], [ 136.2905418, 34.1260436 ], [ 136.291775199999989, 34.1271491 ], [ 136.288882, 34.1292216 ], [ 136.2893425, 34.1319729 ], [ 136.2855494, 34.1286894 ], [ 136.284326599999986, 34.1304086 ], [ 136.281196699999981, 34.1300041 ], [ 136.280058199999985, 34.1309578 ], [ 136.280230599999982, 34.133944 ], [ 136.2795518, 34.1356379 ], [ 136.2771069, 34.1366231 ], [ 136.276461100000034, 34.139485 ], [ 136.2775384, 34.1416563 ], [ 136.279125599999986, 34.1429227 ], [ 136.2809838, 34.1427959 ], [ 136.281439799999987, 34.1445204 ], [ 136.2833402, 34.1456243 ], [ 136.2845817, 34.1480021 ], [ 136.282826199999988, 34.1506465 ], [ 136.2812462, 34.1506132 ], [ 136.2792083, 34.1528724 ], [ 136.2790281, 34.1554894 ], [ 136.280661, 34.1572777 ], [ 136.2787956, 34.1578836 ], [ 136.2775805, 34.1604304 ], [ 136.279291, 34.1623579 ], [ 136.28292829999998, 34.163198 ], [ 136.284951799999988, 34.1609962 ], [ 136.2851052, 34.1594985 ], [ 136.28724219999998, 34.1593108 ], [ 136.2874559, 34.1565896 ], [ 136.2888098, 34.1568765 ], [ 136.288631399999986, 34.1625537 ], [ 136.2899271, 34.1650601 ], [ 136.292167799999987, 34.1661273 ], [ 136.295864200000011, 34.1660232 ], [ 136.2970871, 34.16545 ], [ 136.2984066, 34.168685 ], [ 136.2958553, 34.1693156 ], [ 136.296100199999984, 34.1719464 ], [ 136.298804599999983, 34.1755016 ], [ 136.302280599999989, 34.176357 ], [ 136.3022286, 34.1783157 ], [ 136.3031794, 34.1798825 ], [ 136.3058699, 34.1806577 ], [ 136.309918899999985, 34.1795145 ], [ 136.311826199999985, 34.1798878 ], [ 136.313822, 34.1791328 ], [ 136.3172621, 34.1794723 ], [ 136.317812, 34.182448 ], [ 136.320954299999983, 34.1861099 ], [ 136.325322199999988, 34.1857552 ], [ 136.3290158, 34.1832206 ], [ 136.3298359, 34.181407899999989 ], [ 136.331730099999987, 34.1803021 ], [ 136.3343878, 34.1811567 ], [ 136.3350772, 34.1834185 ], [ 136.3325226, 34.1862045 ], [ 136.3321609, 34.1876917 ], [ 136.3336885, 34.1904224 ], [ 136.3361304, 34.190917 ], [ 136.338607599999989, 34.1929006 ], [ 136.337678899999986, 34.1971244 ], [ 136.333108399999986, 34.1967571 ], [ 136.333040499999981, 34.1950997 ], [ 136.3310276, 34.1934448 ], [ 136.329222099999981, 34.1942324 ], [ 136.3299222, 34.1967267 ], [ 136.3241143, 34.1942744 ], [ 136.3221246, 34.1947785 ], [ 136.3220608, 34.1962371 ], [ 136.3253164, 34.1971286 ], [ 136.328326, 34.1993803 ], [ 136.33101259999998, 34.198806 ], [ 136.3324098, 34.1977354 ], [ 136.3368602, 34.1980184 ], [ 136.338632099999984, 34.20188 ], [ 136.3389702, 34.2046737 ], [ 136.3445116, 34.2071013 ], [ 136.349508899999989, 34.2082127 ], [ 136.349300299999982, 34.2099964 ], [ 136.3514324, 34.2105704 ], [ 136.3539398, 34.2081774 ], [ 136.358524, 34.2083568 ], [ 136.3583741, 34.2067918 ], [ 136.3546944, 34.2062891 ], [ 136.351642199999986, 34.2051478 ], [ 136.350828799999988, 34.2036461 ], [ 136.3516273, 34.2017004 ], [ 136.349614299999985, 34.1992992 ], [ 136.350678099999982, 34.1955882 ], [ 136.353648099999987, 34.1951711 ], [ 136.356017799999989, 34.1989363 ], [ 136.357498, 34.1992167 ], [ 136.3598385, 34.1973323 ], [ 136.358867799999985, 34.1957829 ], [ 136.3609746, 34.1943912 ], [ 136.3624917, 34.1924445 ], [ 136.3622829, 34.1894333 ], [ 136.364534599999985, 34.1895261 ], [ 136.3653428, 34.1913956 ], [ 136.3684663, 34.1935083 ], [ 136.370889799999986, 34.1945081 ], [ 136.371008099999983, 34.1965512 ], [ 136.374494, 34.1974714 ], [ 136.371583099999981, 34.2015714 ], [ 136.3704419, 34.2044875 ], [ 136.371171100000026, 34.2064978 ], [ 136.3727336, 34.2080542 ], [ 136.374179699999985, 34.2108442 ], [ 136.373540599999984, 34.213435 ], [ 136.3716375, 34.2162056 ], [ 136.3725158, 34.2181528 ], [ 136.3729428, 34.2225067 ], [ 136.3702983, 34.2233694 ], [ 136.3685553, 34.2248689 ], [ 136.3685725, 34.2267117 ], [ 136.3663511, 34.2290203 ], [ 136.362007799999986, 34.2307342 ], [ 136.36140469999998, 34.2324903 ], [ 136.3578508, 34.23698 ], [ 136.356943299999983, 34.2400644 ], [ 136.351737499999984, 34.2408839 ], [ 136.3505614, 34.2405158 ], [ 136.3470719, 34.2417297 ], [ 136.3461333, 34.2439228 ], [ 136.3428961, 34.2443653 ], [ 136.3407436, 34.2433492 ], [ 136.3385772, 34.2405908 ], [ 136.335449399999987, 34.2404694 ], [ 136.333891699999981, 34.2415442 ], [ 136.326622499999985, 34.2434594 ], [ 136.3223844, 34.2428897 ], [ 136.32017, 34.2433542 ], [ 136.312113899999986, 34.2425944 ], [ 136.3105697, 34.2434461 ], [ 136.3060825, 34.2493414 ], [ 136.303784399999984, 34.2507008 ], [ 136.302136099999984, 34.2503956 ], [ 136.300130599999989, 34.2514547 ], [ 136.299196099999989, 34.2542581 ], [ 136.2958022, 34.2569611 ], [ 136.2958103, 34.2593897 ], [ 136.2996014, 34.2625081 ], [ 136.29767529999998, 34.2646972 ], [ 136.2966006, 34.2670908 ], [ 136.294633299999987, 34.2675306 ], [ 136.2912897, 34.2702519 ], [ 136.2882161, 34.2717164 ], [ 136.280671399999989, 34.2724819 ], [ 136.2781242, 34.2732292 ], [ 136.27538, 34.2716717 ], [ 136.2726422, 34.2720972 ], [ 136.269795599999981, 34.2742658 ], [ 136.2663967, 34.2708656 ], [ 136.263161699999984, 34.2690672 ], [ 136.2577039, 34.2643214 ], [ 136.2542147, 34.2628036 ], [ 136.2501192, 34.2647856 ], [ 136.2475258, 34.2642469 ], [ 136.2429625, 34.2614306 ], [ 136.241039199999989, 34.2585189 ], [ 136.238995, 34.2572422 ], [ 136.23838139999998, 34.2557422 ], [ 136.2411172, 34.2512597 ], [ 136.24011059999998, 34.2491508 ], [ 136.2404956, 34.2477953 ], [ 136.2313997, 34.2465625 ], [ 136.229522799999984, 34.2453131 ], [ 136.2257406, 34.2465978 ], [ 136.217473600000034, 34.2453978 ], [ 136.217590799999982, 34.2409144 ], [ 136.218071399999985, 34.2389958 ], [ 136.2161939, 34.2360464 ], [ 136.2143767, 34.234189199999989 ], [ 136.2137808, 34.2323475 ], [ 136.2079458, 34.2304431 ], [ 136.2058456, 34.2288503 ], [ 136.2057381, 34.2266244 ], [ 136.2067056, 34.22381 ], [ 136.2079094, 34.2228467 ], [ 136.2074086, 34.2207064 ], [ 136.2050353, 34.2183536 ], [ 136.20197, 34.2195706 ], [ 136.19942, 34.2193542 ], [ 136.1973419, 34.22046 ], [ 136.1955678, 34.2200522 ], [ 136.191670599999981, 34.2166511 ], [ 136.1906636, 34.2132044 ], [ 136.1896169, 34.2125344 ], [ 136.188623899999982, 34.2095569 ], [ 136.189891099999983, 34.2064781 ], [ 136.1899019, 34.1997797 ], [ 136.1911883, 34.1977575 ], [ 136.1910758, 34.1960106 ], [ 136.1925008, 34.1937753 ], [ 136.18812029999998, 34.1931597 ], [ 136.1865167, 34.1909339 ], [ 136.1847622, 34.1905867 ], [ 136.1817217, 34.1911006 ], [ 136.176746899999983, 34.18975 ], [ 136.175015799999983, 34.1900594 ], [ 136.172930300000019, 34.1881964 ], [ 136.168205299999983, 34.1876772 ], [ 136.1632856, 34.1863867 ], [ 136.1619408, 34.1864844 ], [ 136.1575719, 34.1846508 ], [ 136.155356399999988, 34.1849525 ], [ 136.1534044, 34.1863444 ], [ 136.1500469, 34.1835414 ], [ 136.1485092, 34.1800392 ], [ 136.1488833, 34.17905 ], [ 136.1461172, 34.1770661 ], [ 136.1464819, 34.1738958 ], [ 136.1459889, 34.172605 ], [ 136.147001099999983, 34.1705808 ], [ 136.142757499999988, 34.1686258 ], [ 136.14193, 34.1666806 ], [ 136.1398058, 34.1679694 ], [ 136.1365017, 34.1670261 ], [ 136.135819699999985, 34.1653753 ], [ 136.1319047, 34.1647056 ], [ 136.129272800000024, 34.1656572 ], [ 136.128055, 34.1693908 ], [ 136.121513599999986, 34.1681933 ], [ 136.1203514, 34.1656581 ], [ 136.117997799999983, 34.1668861 ], [ 136.114420599999988, 34.1668861 ], [ 136.112044699999984, 34.1675578 ], [ 136.111, 34.1652222 ], [ 136.1133836, 34.1638111 ], [ 136.1146922, 34.1608164 ], [ 136.1115647, 34.156805 ], [ 136.110836399999982, 34.1547175 ], [ 136.1071456, 34.1537681 ], [ 136.1056858, 34.1525169 ], [ 136.1064375, 34.1491689 ], [ 136.1066806, 34.1451606 ], [ 136.1062169, 34.1438578 ], [ 136.102557499999989, 34.1422664 ], [ 136.1019492, 34.1413294 ], [ 136.1042639, 34.1370844 ], [ 136.1051381, 34.1341725 ], [ 136.1067864, 34.1309806 ], [ 136.1082061, 34.1295778 ], [ 136.108404400000012, 34.1267844 ], [ 136.1069311, 34.1245292 ], [ 136.105064200000015, 34.1231136 ], [ 136.1016617, 34.1222844 ], [ 136.0996778, 34.1204197 ], [ 136.0994272, 34.1187389 ], [ 136.1002983, 34.1167175 ], [ 136.104060799999985, 34.1151042 ], [ 136.104505, 34.1141578 ], [ 136.105677499999985, 34.1095375 ], [ 136.104073299999982, 34.1087536 ], [ 136.1043019, 34.1059036 ], [ 136.107865799999985, 34.1030933 ], [ 136.103447200000033, 34.0989756 ], [ 136.1038256, 34.0974617 ], [ 136.102360799999985, 34.0960297 ], [ 136.1042175, 34.0937122 ], [ 136.1057256, 34.0933608 ], [ 136.110145300000028, 34.0887658 ], [ 136.1127572, 34.086665 ], [ 136.1172153, 34.0842214 ], [ 136.117675599999984, 34.0829225 ], [ 136.115985599999988, 34.0817583 ], [ 136.112198299999989, 34.0822514 ], [ 136.1083233, 34.0837158 ], [ 136.1033833, 34.0839133 ], [ 136.0992808, 34.0863844 ], [ 136.0960967, 34.0863486 ], [ 136.093308899999982, 34.0828753 ], [ 136.0965917, 34.0790611 ], [ 136.0967942, 34.0760553 ], [ 136.0948208, 34.0748928 ], [ 136.0942014, 34.0719842 ], [ 136.094774199999989, 34.0708225 ], [ 136.0939158, 34.0666139 ], [ 136.0947783, 34.0623564 ], [ 136.0968786, 34.0590314 ], [ 136.097082199999988, 34.0574131 ], [ 136.0922256, 34.0481736 ], [ 136.094168599999989, 34.047531899999989 ], [ 136.097821399999987, 34.0448247 ], [ 136.099457199999989, 34.0406492 ], [ 136.101211399999983, 34.0394011 ], [ 136.1010492, 34.0371394 ], [ 136.1027231, 34.0347622 ], [ 136.10243939999998, 34.032555 ], [ 136.1044694, 34.0269567 ], [ 136.1010622, 34.0257628 ], [ 136.1051286, 34.0232569 ], [ 136.1110219, 34.0234328 ], [ 136.112067199999984, 34.0229583 ], [ 136.1171194, 34.0237381 ], [ 136.1214019, 34.0264281 ], [ 136.1243964, 34.0278417 ], [ 136.1266939, 34.0265314 ], [ 136.1298689, 34.0259828 ], [ 136.132575799999984, 34.0269125 ], [ 136.1434036, 34.0265422 ], [ 136.1480856, 34.0252986 ], [ 136.1517211, 34.0202175 ], [ 136.1515847, 34.0157467 ], [ 136.1509417, 34.0134675 ], [ 136.1480733, 34.0126233 ], [ 136.145546699999983, 34.0100853 ], [ 136.1422072, 34.0105781 ], [ 136.140191099999981, 34.010050299999989 ], [ 136.136576900000023, 34.0078078 ], [ 136.1367986, 33.9997156 ], [ 136.1344478, 33.9975336 ], [ 136.132240599999989, 33.9963153 ], [ 136.1324797, 33.9896033 ], [ 136.1337336, 33.9874669 ], [ 136.133539700000028, 33.9856961 ], [ 136.135584199999983, 33.9845911 ], [ 136.1362533, 33.9832408 ], [ 136.1358294, 33.9777528 ], [ 136.1359775, 33.9740542 ], [ 136.1381867, 33.9707406 ], [ 136.1389572, 33.9660353 ], [ 136.1413586, 33.9635736 ], [ 136.1465208, 33.9621283 ], [ 136.151121099999983, 33.9578006 ], [ 136.1551658, 33.9573728 ], [ 136.1562342, 33.9586242 ], [ 136.1637997, 33.9574278 ], [ 136.1677703, 33.9571256 ], [ 136.1695647, 33.9629322 ], [ 136.171594199999987, 33.9650333 ], [ 136.1765461, 33.9666233 ], [ 136.178407199999981, 33.9654047 ], [ 136.1811875, 33.9647956 ], [ 136.1815153, 33.9625292 ], [ 136.1831967, 33.9593419 ], [ 136.188726699999989, 33.9570289 ], [ 136.1913644, 33.9543956 ], [ 136.1932511, 33.9539347 ], [ 136.1948758, 33.9555314 ], [ 136.2001956, 33.9548936 ], [ 136.202527799999984, 33.9536414 ], [ 136.207623899999987, 33.9524317 ], [ 136.209668099999988, 33.9548756 ], [ 136.2128989, 33.9559497 ], [ 136.2148817, 33.9551239 ], [ 136.2187858, 33.9546261 ], [ 136.2186289, 33.9524825 ], [ 136.2224467, 33.9506678 ], [ 136.2223586, 33.94991 ], [ 136.2255183, 33.9478775 ], [ 136.2290142, 33.9471917 ], [ 136.23195560000002, 33.9476091 ], [ 136.2290308, 33.9485999 ], [ 136.227452199999988, 33.9518219 ], [ 136.228321200000011, 33.9544885 ], [ 136.22773429999998, 33.9560949 ], [ 136.225439, 33.9571256 ], [ 136.224049399999984, 33.9622682 ], [ 136.2265965, 33.9635168 ], [ 136.2248789, 33.966827699999989 ], [ 136.218563499999988, 33.967124 ], [ 136.220261099999988, 33.9701837 ], [ 136.2217187, 33.9714996 ], [ 136.222134499999981, 33.9740484 ], [ 136.2189874, 33.9746197 ], [ 136.2152553, 33.972199 ], [ 136.21402, 33.9697669 ], [ 136.2105956, 33.9691767 ], [ 136.2104124, 33.9681107 ], [ 136.2068036, 33.9668759 ], [ 136.203793, 33.9647425 ], [ 136.1999183, 33.9649836 ], [ 136.1969674, 33.9662201 ], [ 136.1965314, 33.9678892 ], [ 136.194373899999988, 33.9680456 ], [ 136.1929333, 33.9701563 ], [ 136.194871399999982, 33.9730826 ], [ 136.196725499999985, 33.972295599999988 ], [ 136.20191939999998, 33.9711643 ], [ 136.204293799999988, 33.9723326 ], [ 136.206821, 33.9752883 ], [ 136.2105056, 33.9816676 ], [ 136.2154299, 33.9832493 ], [ 136.2152049, 33.9852095 ], [ 136.212994, 33.9897519 ], [ 136.213394599999987, 33.9912441 ], [ 136.2122277, 33.9953344 ], [ 136.2101773, 33.9984976 ], [ 136.2113352, 34.0000635 ], [ 136.2137215, 34.0010636 ], [ 136.2166221, 34.000772 ], [ 136.217099499999989, 33.9975447 ], [ 136.220644099999987, 33.9957319 ], [ 136.220797799999986, 33.9941436 ], [ 136.2269265, 33.9887189 ], [ 136.2312866, 33.9874823 ], [ 136.233863, 33.987999099999989 ], [ 136.235444, 33.987208 ], [ 136.2408524, 33.9864369 ], [ 136.2453256, 33.9847021 ], [ 136.2480932, 33.9854132 ], [ 136.2507738, 33.9827123 ], [ 136.2504317, 33.9800878 ], [ 136.2474521, 33.9810738 ], [ 136.2449249, 33.9808554 ], [ 136.244192699999985, 33.9821341 ], [ 136.2398015, 33.9829256 ], [ 136.2384786, 33.9813539 ], [ 136.236268699999982, 33.9816443 ], [ 136.2355406, 33.9801018 ], [ 136.236636399999981, 33.9766986 ], [ 136.235489799999982, 33.9746384 ], [ 136.2356304, 33.9728336 ], [ 136.2392667, 33.9686932 ], [ 136.2408778, 33.9708356 ], [ 136.244062499999984, 33.9702906 ], [ 136.2455416, 33.9729927 ], [ 136.2490335, 33.9726829 ], [ 136.251424, 33.9701801 ], [ 136.252580599999987, 33.967345699999989 ], [ 136.2547074, 33.9663976 ], [ 136.2558737, 33.9682067 ], [ 136.2624276, 33.9672205 ], [ 136.2642688, 33.9680581 ], [ 136.2635937, 33.9694183 ], [ 136.264515099999983, 33.9707849 ], [ 136.268831899999981, 33.9700538 ], [ 136.2708476, 33.9713171 ], [ 136.271120599999989, 33.9739693 ], [ 136.2721373, 33.9764434 ], [ 136.2696389, 33.9811303 ], [ 136.269551899999982, 33.9825836 ], [ 136.2716481, 33.9844776 ], [ 136.272296, 33.9883564 ], [ 136.269736699999982, 33.9893651 ], [ 136.2653927, 33.9889337 ], [ 136.263618899999983, 33.9896218 ], [ 136.261966699999988, 33.9886002 ], [ 136.2600463, 33.9886266 ], [ 136.2600314, 33.9907956 ], [ 136.2609545, 33.9940049 ], [ 136.256923799999981, 33.9978568 ], [ 136.2591684, 33.9979129 ], [ 136.2621165, 33.996177 ], [ 136.265326, 33.99333 ], [ 136.267242399999986, 33.9946836 ], [ 136.2657098, 33.9964675 ], [ 136.2670422, 33.9977698 ], [ 136.2662043, 34.0002652 ], [ 136.26688, 34.0014925 ], [ 136.269516399999986, 34.0007557 ], [ 136.2712012, 34.0058481 ], [ 136.2683864, 34.0071649 ], [ 136.265397399999983, 34.0067413 ], [ 136.2634933, 34.0039166 ], [ 136.2607993, 34.0052091 ], [ 136.2563922, 34.0053419 ], [ 136.2555514, 34.0064829 ], [ 136.2532387, 34.0067606 ], [ 136.2541015, 34.0097695 ], [ 136.252435, 34.0118496 ], [ 136.250016599999981, 34.0134538 ], [ 136.247617, 34.0133168 ], [ 136.246826, 34.014299 ], [ 136.242331399999983, 34.014273 ], [ 136.2445, 34.0161482 ], [ 136.2461429, 34.0157197 ], [ 136.2477103, 34.0168231 ], [ 136.250371199999989, 34.0171935 ], [ 136.2523711, 34.0144193 ], [ 136.256159699999984, 34.0123034 ], [ 136.261959, 34.0118326 ], [ 136.2633327, 34.0106709 ], [ 136.26620490000002, 34.0126831 ], [ 136.269068299999986, 34.0137306 ], [ 136.2770461, 34.0187577 ], [ 136.2826028, 34.0195975 ], [ 136.2813439, 34.0206514 ], [ 136.280887799999988, 34.0226821 ], [ 136.2781177, 34.023929 ], [ 136.276891899999981, 34.025175 ], [ 136.2737075, 34.0262377 ], [ 136.270265699999982, 34.0297852 ], [ 136.2669783, 34.0301052 ], [ 136.2658724, 34.0316651 ], [ 136.2578361, 34.0324657 ], [ 136.2550393, 34.0363655 ], [ 136.2522191, 34.0362168 ], [ 136.2509383, 34.0377873 ], [ 136.246818499999989, 34.0378004 ], [ 136.244362599999988, 34.0384483 ], [ 136.2441671, 34.0403774 ], [ 136.2454167, 34.0418916 ], [ 136.2453697, 34.0447645 ], [ 136.2433598, 34.0498191 ], [ 136.244342599999982, 34.0523831 ], [ 136.2445979, 34.0558241 ], [ 136.2433469, 34.0574681 ], [ 136.2432339, 34.0597445 ], [ 136.2447592, 34.0605901 ], [ 136.2504849, 34.0603322 ], [ 136.2490148, 34.0634558 ], [ 136.2456305, 34.0638886 ], [ 136.243764699999986, 34.0653802 ], [ 136.24157409999998, 34.0635586 ], [ 136.236967, 34.0646496 ], [ 136.234763499999985, 34.0639166 ], [ 136.23187489999998, 34.0651349 ], [ 136.226566, 34.0653361 ], [ 136.225705799999986, 34.0635841 ], [ 136.2214515, 34.0629874 ], [ 136.2187094, 34.0637101 ], [ 136.2168232, 34.0633136 ], [ 136.2151624, 34.0643188 ], [ 136.2110023, 34.0630303 ], [ 136.2090628, 34.064272599999988 ], [ 136.210917199999983, 34.0654981 ], [ 136.207679500000012, 34.0694399 ], [ 136.2054666, 34.0686392 ], [ 136.204597899999982, 34.0705353 ], [ 136.2017937, 34.0720915 ], [ 136.200952299999983, 34.0753304 ], [ 136.201605199999989, 34.076983399999989 ], [ 136.210755799999987, 34.07771 ], [ 136.213301799999982, 34.0796512 ], [ 136.2155171, 34.0800313 ], [ 136.2167581, 34.0791531 ], [ 136.2203116, 34.0803153 ], [ 136.223385799999988, 34.081864 ], [ 136.225630199999983, 34.0810805 ], [ 136.225789099999986, 34.0832975 ], [ 136.228670599999987, 34.0859232 ], [ 136.234497, 34.0857677 ] ] ], [ [ [ 136.2634474, 34.0584329 ], [ 136.262325299999986, 34.0608988 ], [ 136.2599708, 34.0612354 ], [ 136.2560014, 34.060466 ], [ 136.2595344, 34.0580187 ], [ 136.2610199, 34.0576182 ], [ 136.2634474, 34.0584329 ] ] ], [ [ [ 136.2553269, 34.068951 ], [ 136.256763299999989, 34.0702985 ], [ 136.253022, 34.073207 ], [ 136.2553269, 34.068951 ] ] ], [ [ [ 136.3655234, 34.1494944 ], [ 136.366181499999982, 34.1515236 ], [ 136.363038, 34.1521287 ], [ 136.3635477, 34.1501915 ], [ 136.3655234, 34.1494944 ] ] ], [ [ [ 136.3055814, 34.1587589 ], [ 136.304081699999983, 34.1612039 ], [ 136.304074, 34.1636591 ], [ 136.3001437, 34.1624783 ], [ 136.301338499999986, 34.1593634 ], [ 136.3003534, 34.1573633 ], [ 136.3027516, 34.1570592 ], [ 136.3055814, 34.1587589 ] ] ] ] } },
{ "type": "Feature", "properties": { "hokenjo": "鈴鹿" }, "geometry": { "type": "MultiPolygon", "coordinates": [ [ [ [ 136.4879522, 34.8023133 ], [ 136.491119199999986, 34.798885 ], [ 136.4953261, 34.7995586 ], [ 136.49793, 34.8017736 ], [ 136.4982717, 34.8041411 ], [ 136.5019639, 34.8060814 ], [ 136.5042436, 34.8051361 ], [ 136.5066133, 34.8055531 ], [ 136.50971, 34.8045636 ], [ 136.5114036, 34.8067217 ], [ 136.51265, 34.8118072 ], [ 136.5139911, 34.8108953 ], [ 136.515325599999983, 34.8079894 ], [ 136.5170828, 34.8090994 ], [ 136.5202339, 34.8094936 ], [ 136.5233964, 34.8124719 ], [ 136.5254075, 34.8131256 ], [ 136.5268414, 34.8121319 ], [ 136.5291747, 34.8079603 ], [ 136.5338442, 34.8077856 ], [ 136.539568299999985, 34.8082508 ], [ 136.5413786, 34.8077178 ], [ 136.541891099999987, 34.8100367 ], [ 136.5445822, 34.80977 ], [ 136.5484333, 34.8103483 ], [ 136.5516303, 34.8116228 ], [ 136.5517725, 34.8144753 ], [ 136.5549642, 34.8136364 ], [ 136.5544236, 34.8122433 ], [ 136.557391699999982, 34.8104444 ], [ 136.5589381, 34.8118892 ], [ 136.5616133, 34.8098361 ], [ 136.565587199999982, 34.8075717 ], [ 136.568443299999984, 34.8070436 ], [ 136.5703987, 34.8045358 ], [ 136.5707079, 34.8051162 ], [ 136.582406099999986, 34.8172408 ], [ 136.589463, 34.8247454 ], [ 136.5940646, 34.8281487 ], [ 136.5917935, 34.8281843 ], [ 136.5905254, 34.8295476 ], [ 136.595173599999981, 34.8321863 ], [ 136.6012778, 34.8392818 ], [ 136.6043655, 34.842529899999988 ], [ 136.612851899999981, 34.8505392 ], [ 136.615513, 34.8533354 ], [ 136.615176099999985, 34.854801 ], [ 136.616228399999983, 34.8569488 ], [ 136.6208878, 34.8634684 ], [ 136.625730299999987, 34.8683026 ], [ 136.6255234, 34.8698853 ], [ 136.630287899999985, 34.8766086 ], [ 136.6315702, 34.8778059 ], [ 136.6344053, 34.883823899999989 ], [ 136.6358718, 34.885642 ], [ 136.6331926, 34.8870663 ], [ 136.6350688, 34.8890524 ], [ 136.6361277, 34.8929261 ], [ 136.638765, 34.8973943 ], [ 136.6423346, 34.9005864 ], [ 136.6406797, 34.9015206 ], [ 136.634365799999983, 34.9034792 ], [ 136.6249258, 34.9036789 ], [ 136.624648899999983, 34.9039231 ], [ 136.6154511, 34.9042272 ], [ 136.607441099999988, 34.9050492 ], [ 136.6031975, 34.9063106 ], [ 136.602080799999982, 34.9077167 ], [ 136.599235, 34.9062431 ], [ 136.5961628, 34.9076456 ], [ 136.594042799999983, 34.9104286 ], [ 136.589474199999984, 34.9101569 ], [ 136.58663, 34.9093031 ], [ 136.5840575, 34.9124444 ], [ 136.5822589, 34.9120211 ], [ 136.5812075, 34.9105308 ], [ 136.57803389999998, 34.9117433 ], [ 136.5774567, 34.9146375 ], [ 136.573030599999981, 34.9135567 ], [ 136.569461700000033, 34.9132633 ], [ 136.5668856, 34.91424 ], [ 136.5647639, 34.9137517 ], [ 136.5603008, 34.9144461 ], [ 136.560698299999984, 34.9157686 ], [ 136.558164399999981, 34.9161444 ], [ 136.5565856, 34.9177317 ], [ 136.5530828, 34.9192406 ], [ 136.549722799999984, 34.9214178 ], [ 136.5447025, 34.9229508 ], [ 136.540593299999983, 34.9236339 ], [ 136.5351739, 34.9261356 ], [ 136.5320883, 34.9268722 ], [ 136.5239456, 34.931 ], [ 136.51811, 34.9350286 ], [ 136.511108899999982, 34.9394219 ], [ 136.51276439999998, 34.9410814 ], [ 136.5133061, 34.9434739 ], [ 136.512125800000035, 34.9449389 ], [ 136.5075211, 34.9483739 ], [ 136.5030025, 34.9503847 ], [ 136.49709, 34.9521181 ], [ 136.495843899999983, 34.9508922 ], [ 136.4915153, 34.9546569 ], [ 136.4882317, 34.9537144 ], [ 136.486360599999983, 34.954405799999989 ], [ 136.4803297, 34.9582931 ], [ 136.479816699999986, 34.9573369 ], [ 136.47543109999998, 34.95861 ], [ 136.4767042, 34.960403299999989 ], [ 136.474958099999981, 34.9615817 ], [ 136.4761303, 34.96393 ], [ 136.4735992, 34.9644539 ], [ 136.4725608, 34.9654703 ], [ 136.4704319, 34.9705631 ], [ 136.46434, 34.9759539 ], [ 136.461444199999988, 34.9776994 ], [ 136.4561347, 34.9791411 ], [ 136.4495719, 34.9831614 ], [ 136.445291699999984, 34.9846603 ], [ 136.4440281, 34.987053599999989 ], [ 136.4416647, 34.9880922 ], [ 136.439216400000021, 34.9873475 ], [ 136.4370825, 34.987498599999988 ], [ 136.43465, 34.9863533 ], [ 136.428201699999988, 34.9874089 ], [ 136.42493, 34.9845608 ], [ 136.4216142, 34.9849603 ], [ 136.419238899999982, 34.9842808 ], [ 136.4151947, 34.9846194 ], [ 136.4158744, 34.9808011 ], [ 136.413548099999986, 34.9779378 ], [ 136.4089189, 34.9750564 ], [ 136.4074492, 34.9721519 ], [ 136.4047431, 34.9707397 ], [ 136.403146099999987, 34.9691525 ], [ 136.4033781, 34.9664333 ], [ 136.399121899999983, 34.9631433 ], [ 136.3995564, 34.9611061 ], [ 136.396471099999985, 34.9574186 ], [ 136.3963675, 34.9544842 ], [ 136.395259399999986, 34.9518819 ], [ 136.3931594, 34.9510594 ], [ 136.3903908, 34.9516842 ], [ 136.3877094, 34.9530814 ], [ 136.3857808, 34.9526789 ], [ 136.384188599999987, 34.9506519 ], [ 136.380564199999981, 34.9480631 ], [ 136.3788256, 34.9460058 ], [ 136.3773069, 34.9455669 ], [ 136.3726897, 34.9422575 ], [ 136.37535280000003, 34.9398919 ], [ 136.37492469999998, 34.9376486 ], [ 136.3719031, 34.9345883 ], [ 136.371826100000021, 34.9315511 ], [ 136.372955599999983, 34.9285069 ], [ 136.3716914, 34.9275958 ], [ 136.3737683, 34.9254044 ], [ 136.373913099999982, 34.9237792 ], [ 136.370757199999986, 34.9234947 ], [ 136.3678122, 34.9219008 ], [ 136.3680314, 34.9192928 ], [ 136.3672728, 34.9166306 ], [ 136.3684997, 34.9149669 ], [ 136.365152199999983, 34.9126861 ], [ 136.3650806, 34.9090031 ], [ 136.3659744, 34.9083364 ], [ 136.3660975, 34.9050064 ], [ 136.362079699999981, 34.9049525 ], [ 136.360192499999982, 34.9041161 ], [ 136.359208599999988, 34.9020422 ], [ 136.3573567, 34.9004817 ], [ 136.3503306, 34.8989656 ], [ 136.3495039, 34.8970556 ], [ 136.3460456, 34.8947281 ], [ 136.3437425, 34.8957536 ], [ 136.3394092, 34.8954719 ], [ 136.3354311, 34.8932853 ], [ 136.3307294, 34.8924344 ], [ 136.326341899999989, 34.8886422 ], [ 136.3242239, 34.8899242 ], [ 136.322193299999981, 34.8893919 ], [ 136.3190567, 34.8895664 ], [ 136.3170608, 34.8881744 ], [ 136.31322609999998, 34.8869722 ], [ 136.3137122, 34.8840214 ], [ 136.31291779999998, 34.8806275 ], [ 136.310370299999988, 34.8800375 ], [ 136.310069699999985, 34.87904 ], [ 136.3050194, 34.8751822 ], [ 136.30234, 34.8762792 ], [ 136.298765799999984, 34.8753664 ], [ 136.297098299999988, 34.8727569 ], [ 136.28906139999998, 34.8695728 ], [ 136.2852414, 34.8704914 ], [ 136.2837217, 34.8702922 ], [ 136.2831228, 34.8677019 ], [ 136.28093579999998, 34.8657636 ], [ 136.281378599999982, 34.8643147 ], [ 136.2777103, 34.8594636 ], [ 136.2798903, 34.8569164 ], [ 136.2828753, 34.8566789 ], [ 136.28436, 34.8556653 ], [ 136.2839908, 34.8543128 ], [ 136.287599199999988, 34.8453308 ], [ 136.2897314, 34.8446942 ], [ 136.289882200000022, 34.8409131 ], [ 136.2873467, 34.8394086 ], [ 136.285747499999985, 34.8375831 ], [ 136.2836289, 34.8377633 ], [ 136.2825292, 34.8365161 ], [ 136.2804267, 34.8362269 ], [ 136.2784603, 34.8349261 ], [ 136.2774944, 34.8327808 ], [ 136.2777214, 34.8309992 ], [ 136.27684, 34.828875599999989 ], [ 136.2789922, 34.8266314 ], [ 136.27765, 34.8217931 ], [ 136.2755764, 34.821105 ], [ 136.2749264, 34.8194528 ], [ 136.27088329999998, 34.8194847 ], [ 136.2699697, 34.8187056 ], [ 136.2671253, 34.8185867 ], [ 136.267553599999985, 34.8158208 ], [ 136.2720722, 34.8153756 ], [ 136.2735822, 34.8120578 ], [ 136.278541099999984, 34.8104047 ], [ 136.2816353, 34.8105358 ], [ 136.282615599999986, 34.8119197 ], [ 136.2874272, 34.8125381 ], [ 136.2895436, 34.8117008 ], [ 136.293807500000014, 34.8129233 ], [ 136.297851399999985, 34.8108911 ], [ 136.302902499999988, 34.8098769 ], [ 136.30496, 34.8080556 ], [ 136.3065747, 34.8083369 ], [ 136.312240799999984, 34.8068483 ], [ 136.3130711, 34.8076489 ], [ 136.3129181, 34.8106533 ], [ 136.3140478, 34.8126806 ], [ 136.31786, 34.8116542 ], [ 136.32228, 34.8122589 ], [ 136.322575799999981, 34.8158297 ], [ 136.3233142, 34.8173017 ], [ 136.3227019, 34.8191494 ], [ 136.3262267, 34.8220189 ], [ 136.327123299999982, 34.8204314 ], [ 136.3308022, 34.8190592 ], [ 136.332840299999987, 34.8192589 ], [ 136.3342697, 34.81819 ], [ 136.3372153, 34.8197139 ], [ 136.3433392, 34.8184008 ], [ 136.348486399999985, 34.8194164 ], [ 136.3531853, 34.82145 ], [ 136.3565803, 34.8214808 ], [ 136.3592564, 34.822625 ], [ 136.364866899999981, 34.8229075 ], [ 136.3665747, 34.8210394 ], [ 136.3711069, 34.8196675 ], [ 136.375522499999988, 34.8205247 ], [ 136.3757167, 34.8215528 ], [ 136.3783092, 34.8225136 ], [ 136.379652199999981, 34.8239839 ], [ 136.381353300000029, 34.8278908 ], [ 136.3871289, 34.8328786 ], [ 136.3884967, 34.8347506 ], [ 136.3936067, 34.8359369 ], [ 136.3968156, 34.8355994 ], [ 136.3981894, 34.8367208 ], [ 136.4016497, 34.8369633 ], [ 136.4041694, 34.8382022 ], [ 136.4026528, 34.8416028 ], [ 136.407610299999988, 34.8433531 ], [ 136.410316699999981, 34.8434358 ], [ 136.414094399999982, 34.842375 ], [ 136.4174456, 34.83965 ], [ 136.4218253, 34.8411933 ], [ 136.4224025, 34.8444764 ], [ 136.428830299999987, 34.8413692 ], [ 136.4328492, 34.8411792 ], [ 136.4346558, 34.8398642 ], [ 136.435503899999986, 34.8360517 ], [ 136.4334881, 34.8355358 ], [ 136.4338658, 34.8322414 ], [ 136.436028099999987, 34.8285933 ], [ 136.4343503, 34.8279106 ], [ 136.4369333, 34.8241619 ], [ 136.4356956, 34.8226967 ], [ 136.4383703, 34.8204386 ], [ 136.440782499999983, 34.8206083 ], [ 136.4468856, 34.8158817 ], [ 136.449153599999988, 34.8146456 ], [ 136.4502331, 34.8109383 ], [ 136.4513653, 34.8105053 ], [ 136.454376699999983, 34.8114356 ], [ 136.4546253, 34.8133228 ], [ 136.4577367, 34.8117592 ], [ 136.459562799999986, 34.8139894 ], [ 136.4612586, 34.8138733 ], [ 136.4621397, 34.8113103 ], [ 136.4661936, 34.8122025 ], [ 136.4668117, 34.8107714 ], [ 136.469013100000012, 34.8090058 ], [ 136.470376099999982, 34.8113342 ], [ 136.4726547, 34.8087547 ], [ 136.475067500000023, 34.8098286 ], [ 136.4775114, 34.8075561 ], [ 136.4772147, 34.8027164 ], [ 136.4796714, 34.8040192 ], [ 136.4793764, 34.8058517 ], [ 136.483147799999983, 34.8068219 ], [ 136.4833983, 34.8050231 ], [ 136.4850256, 34.8043619 ], [ 136.485773099999989, 34.8027442 ], [ 136.4879522, 34.8023133 ] ] ] ] } }
]
}
