{
"type": "FeatureCollection",
"name": "miyagi",
"crs": { "type": "name", "properties": { "name": "urn:ogc:def:crs:OGC:1.3:CRS84" } },
"features": [
{ "type": "Feature", "properties": { "hokenjo": "塩釜" }, "geometry": { "type": "MultiPolygon", "coordinates": [ [ [ [ 140.9146155, 37.9813953 ], [ 140.915309799999989, 37.9897211 ], [ 140.914737, 37.9901815 ], [ 140.9151077, 37.9935576 ], [ 140.9153747, 37.9958736 ], [ 140.916155, 37.9969391 ], [ 140.916332, 37.9991615 ], [ 140.915332899999981, 38.0003354 ], [ 140.91645029999998, 38.0026537 ], [ 140.9159353, 38.0059537 ], [ 140.916965399999981, 38.0125204 ], [ 140.918035299999985, 38.0150129 ], [ 140.9183509, 38.0170705 ], [ 140.917408699999982, 38.0184082 ], [ 140.917631299999982, 38.0203666 ], [ 140.919204, 38.026729499999988 ], [ 140.922745099999986, 38.0345452 ], [ 140.9220161, 38.0376845 ], [ 140.9218282, 38.0417543 ], [ 140.9219755, 38.0469865 ], [ 140.922064, 38.0501334 ], [ 140.922852399999982, 38.0525938 ], [ 140.9230479, 38.0594631 ], [ 140.9251735, 38.0738586 ], [ 140.9278578, 38.0875345 ], [ 140.9304515, 38.0995572 ], [ 140.9348683, 38.1137807 ], [ 140.9388429, 38.1256197 ], [ 140.9414299, 38.1317702 ], [ 140.9437558, 38.1372885 ], [ 140.9460346, 38.1416667 ], [ 140.9492147, 38.1487281 ], [ 140.952489899999989, 38.1551859 ], [ 140.9563642, 38.1620618 ], [ 140.9590052, 38.1663649 ], [ 140.961785599999985, 38.1692683 ], [ 140.960776399999986, 38.1697561 ], [ 140.963171499999987, 38.1735591 ], [ 140.961420299999986, 38.1738177 ], [ 140.9601869, 38.1754274 ], [ 140.959103199999987, 38.176168 ], [ 140.951401799999985, 38.1798761 ], [ 140.948206699999986, 38.1830839 ], [ 140.9415007, 38.1852756 ], [ 140.9402623, 38.1860226 ], [ 140.937095299999982, 38.189287 ], [ 140.9359111, 38.1976376 ], [ 140.935075, 38.1986734 ], [ 140.933287400000012, 38.1976465 ], [ 140.9309367, 38.1960579 ], [ 140.9279819, 38.1930677 ], [ 140.928335799999985, 38.1912827 ], [ 140.9297239, 38.1894621 ], [ 140.93197619999998, 38.1878026 ], [ 140.9350206, 38.1863428 ], [ 140.935310499999986, 38.1843905 ], [ 140.9334915, 38.1825265 ], [ 140.9299557, 38.1828867 ], [ 140.917570499999982, 38.1836968 ], [ 140.9151515, 38.1853486 ], [ 140.912329699999987, 38.1850259 ], [ 140.9073584, 38.1856236 ], [ 140.906935799999985, 38.1845526 ], [ 140.903895399999982, 38.1845821 ], [ 140.904181, 38.1870993 ], [ 140.90712, 38.1884146 ], [ 140.901139799999982, 38.1894141 ], [ 140.9010476, 38.1883871 ], [ 140.9037971, 38.188047399999988 ], [ 140.9034532, 38.1846007 ], [ 140.8985624, 38.1847447 ], [ 140.899671399999988, 38.1863533 ], [ 140.899952, 38.1896185 ], [ 140.894190900000012, 38.1903713 ], [ 140.89026, 38.1897986 ], [ 140.8883185, 38.1883173 ], [ 140.8848859, 38.188997 ], [ 140.8841356, 38.1904384 ], [ 140.881824099999989, 38.1902279 ], [ 140.8797727, 38.1889568 ], [ 140.877544500000027, 38.1892115 ], [ 140.8728022, 38.1888591 ], [ 140.8723641, 38.1876141 ], [ 140.8669856, 38.1877517 ], [ 140.867192499999987, 38.1892058 ], [ 140.8664378, 38.1912116 ], [ 140.8634083, 38.1940122 ], [ 140.8636242, 38.1953278 ], [ 140.8595976, 38.194952 ], [ 140.8626869, 38.1985894 ], [ 140.8635428, 38.2005941 ], [ 140.86334979999998, 38.2019472 ], [ 140.8610833, 38.2040297 ], [ 140.855133099999989, 38.203812299999989 ], [ 140.8515147, 38.2048206 ], [ 140.8477216, 38.2066926 ], [ 140.8448429, 38.2072963 ], [ 140.8431642, 38.2084896 ], [ 140.837773199999987, 38.2110419 ], [ 140.830571599999985, 38.2139433 ], [ 140.8266937, 38.2169289 ], [ 140.8222633, 38.2175664 ], [ 140.8202499, 38.2171967 ], [ 140.8170098, 38.2187373 ], [ 140.8157678, 38.2186562 ], [ 140.8131319, 38.2170946 ], [ 140.8125646, 38.2146868 ], [ 140.8096904, 38.2137221 ], [ 140.8079648, 38.2136829 ], [ 140.8085709, 38.2105488 ], [ 140.8063497, 38.2106886 ], [ 140.8025226, 38.2126297 ], [ 140.7982678, 38.2128044 ], [ 140.7975041, 38.2142844 ], [ 140.7977433, 38.2182436 ], [ 140.7953416, 38.2192033 ], [ 140.788173, 38.2180484 ], [ 140.783927299999988, 38.214374 ], [ 140.784502, 38.2130226 ], [ 140.7846037, 38.2093757 ], [ 140.7853304, 38.2072732 ], [ 140.786764299999987, 38.2061568 ], [ 140.7860929, 38.205251 ], [ 140.7879924, 38.2023691 ], [ 140.790640199999984, 38.2030254 ], [ 140.7938873, 38.2025615 ], [ 140.794719499999985, 38.2007976 ], [ 140.7968004, 38.1996173 ], [ 140.7946306, 38.1941402 ], [ 140.797974, 38.194641 ], [ 140.8004049, 38.1942287 ], [ 140.8004647, 38.1933376 ], [ 140.8032617, 38.1926309 ], [ 140.8061985, 38.1926493 ], [ 140.8075141, 38.1903698 ], [ 140.8103099, 38.188492 ], [ 140.813256199999984, 38.1872984 ], [ 140.815210399999984, 38.1873167 ], [ 140.813417, 38.1850962 ], [ 140.8106263, 38.1851279 ], [ 140.808212, 38.1841079 ], [ 140.8062448, 38.1853582 ], [ 140.8026855, 38.1838924 ], [ 140.800320699999986, 38.1822024 ], [ 140.7967502, 38.1802469 ], [ 140.7958066, 38.1753192 ], [ 140.7919684, 38.174397 ], [ 140.7898769, 38.1735046 ], [ 140.7904011, 38.1710904 ], [ 140.7918359, 38.1702693 ], [ 140.790913599999982, 38.1689276 ], [ 140.7910564, 38.165713499999988 ], [ 140.7927128, 38.164766 ], [ 140.794591699999984, 38.1623137 ], [ 140.7941095, 38.1611646 ], [ 140.7939356, 38.1558935 ], [ 140.7963009, 38.1533052 ], [ 140.794634699999989, 38.1516027 ], [ 140.795523299999985, 38.1489871 ], [ 140.7965978, 38.1480581 ], [ 140.7944933, 38.1476152 ], [ 140.790634, 38.1456269 ], [ 140.7890889, 38.1437428 ], [ 140.789099199999981, 38.1423445 ], [ 140.7866675, 38.140152 ], [ 140.7876317, 38.1375595 ], [ 140.7864174, 38.1368265 ], [ 140.783226, 38.1354479 ], [ 140.782824, 38.1342576 ], [ 140.7798559, 38.1337499 ], [ 140.7797175, 38.1313621 ], [ 140.7772405, 38.1296786 ], [ 140.7774272, 38.1283727 ], [ 140.7790881, 38.1283155 ], [ 140.780498900000026, 38.1273683 ], [ 140.7807812, 38.1258333 ], [ 140.78455409999998, 38.1260299 ], [ 140.7871197, 38.1251649 ], [ 140.789073299999984, 38.1253871 ], [ 140.7899353, 38.1239965 ], [ 140.793513499999989, 38.1234037 ], [ 140.7959521, 38.1215404 ], [ 140.7999939, 38.1215906 ], [ 140.801887, 38.1223233 ], [ 140.805768, 38.1269102 ], [ 140.8088914, 38.1267891 ], [ 140.811660099999983, 38.1273037 ], [ 140.816645800000032, 38.1267354 ], [ 140.8190095, 38.1268356 ], [ 140.820871399999987, 38.1258523 ], [ 140.8227996, 38.123287 ], [ 140.8242596, 38.1221645 ], [ 140.8271394, 38.1219858 ], [ 140.827197700000028, 38.1198809 ], [ 140.8252635, 38.1191323 ], [ 140.824991, 38.1174731 ], [ 140.8258485, 38.1163873 ], [ 140.8243215, 38.1147004 ], [ 140.8249424, 38.1127956 ], [ 140.8269641, 38.1115743 ], [ 140.8257176, 38.1094609 ], [ 140.8253918, 38.1071099 ], [ 140.8262837, 38.1050393 ], [ 140.8250429, 38.104199 ], [ 140.8255876, 38.1012388 ], [ 140.8245134, 38.0993688 ], [ 140.825375399999984, 38.0972033 ], [ 140.827147599999989, 38.0972927 ], [ 140.829373300000015, 38.0962918 ], [ 140.8290207, 38.0918835 ], [ 140.8318194, 38.0904579 ], [ 140.8316989, 38.0894677 ], [ 140.8333964, 38.0874085 ], [ 140.834852, 38.0865041 ], [ 140.8347353, 38.0836971 ], [ 140.8318922, 38.0830224 ], [ 140.8286776, 38.0813614 ], [ 140.8247992, 38.0787289 ], [ 140.823125, 38.0771487 ], [ 140.8262862, 38.0753789 ], [ 140.8269276, 38.0716645 ], [ 140.8266467, 38.0673409 ], [ 140.8260884, 38.0663648 ], [ 140.828314800000015, 38.0635834 ], [ 140.8289479, 38.0615165 ], [ 140.8301401, 38.0602193 ], [ 140.8302746, 38.0544179 ], [ 140.830998699999981, 38.0514763 ], [ 140.8299629, 38.0507935 ], [ 140.8299362, 38.0485991 ], [ 140.830874, 38.0477016 ], [ 140.830364799999984, 38.0452063 ], [ 140.8281481, 38.0423114 ], [ 140.82885779999998, 38.0390419 ], [ 140.828609199999988, 38.0370947 ], [ 140.830413099999987, 38.0350442 ], [ 140.8297076, 38.0338553 ], [ 140.829461399999985, 38.0312547 ], [ 140.831856499999986, 38.0252986 ], [ 140.8332585, 38.0236792 ], [ 140.8346929, 38.0234934 ], [ 140.8352832, 38.0215159 ], [ 140.8365246, 38.0209011 ], [ 140.8392533, 38.0183436 ], [ 140.838847499999986, 38.0142742 ], [ 140.8396778, 38.0117494 ], [ 140.8390661, 38.0102981 ], [ 140.8410692, 38.0070822 ], [ 140.839827, 38.0006636 ], [ 140.841480599999983, 37.9993817 ], [ 140.8402489, 37.9967173 ], [ 140.8413517, 37.9936389 ], [ 140.8429684, 37.9917248 ], [ 140.8433401, 37.9895134 ], [ 140.845387, 37.9866712 ], [ 140.84702489999998, 37.9854701 ], [ 140.8477346, 37.983732 ], [ 140.8478901, 37.9803173 ], [ 140.849964299999982, 37.9786701 ], [ 140.8506552, 37.9770193 ], [ 140.8499646, 37.9761351 ], [ 140.8510512, 37.9734965 ], [ 140.8508943, 37.971474 ], [ 140.852356, 37.9699479 ], [ 140.8530788, 37.967311 ], [ 140.8525665, 37.965909 ], [ 140.853523699999982, 37.9610041 ], [ 140.851491400000015, 37.9570413 ], [ 140.852844799999986, 37.9547569 ], [ 140.8515433, 37.9510464 ], [ 140.851955799999985, 37.94991 ], [ 140.8537164, 37.9487669 ], [ 140.8528969, 37.9467833 ], [ 140.8528452, 37.9434628 ], [ 140.851446899999985, 37.9421773 ], [ 140.8525463, 37.9393387 ], [ 140.850734, 37.9378817 ], [ 140.852481499999982, 37.936202 ], [ 140.852310400000022, 37.9346598 ], [ 140.8549199, 37.9308479 ], [ 140.8561082, 37.9299054 ], [ 140.856682399999983, 37.9278926 ], [ 140.8557609, 37.9253157 ], [ 140.8540587, 37.9220304 ], [ 140.855363399999987, 37.9202343 ], [ 140.8545967, 37.917753 ], [ 140.851957699999986, 37.9169924 ], [ 140.850771, 37.9143972 ], [ 140.850921199999988, 37.9122339 ], [ 140.8528849, 37.9116283 ], [ 140.8544924, 37.9099997 ], [ 140.8548669, 37.9080108 ], [ 140.8563102, 37.9076722 ], [ 140.857140499999986, 37.9057905 ], [ 140.8561713, 37.9047105 ], [ 140.856574099999989, 37.9033031 ], [ 140.858196099999986, 37.9018241 ], [ 140.857444099999981, 37.8988775 ], [ 140.857756, 37.8971603 ], [ 140.85933129999998, 37.8956886 ], [ 140.8589179, 37.8944945 ], [ 140.85638419999998, 37.8923062 ], [ 140.8562514, 37.8909001 ], [ 140.8618491, 37.89281 ], [ 140.864118599999983, 37.8929653 ], [ 140.868309899999986, 37.8951316 ], [ 140.8701557, 37.8964174 ], [ 140.8749934, 37.8966855 ], [ 140.8810072, 37.8978671 ], [ 140.888069299999984, 37.9005006 ], [ 140.890517499999987, 37.9022961 ], [ 140.894049, 37.9020547 ], [ 140.898147699999981, 37.9029889 ], [ 140.8999758, 37.9042572 ], [ 140.9004919, 37.9015561 ], [ 140.899698, 37.8998606 ], [ 140.90111970000001, 37.8976378 ], [ 140.904703399999988, 37.8969214 ], [ 140.9075985, 37.8973119 ], [ 140.912184699999983, 37.8965913 ], [ 140.9151764, 37.8978393 ], [ 140.919521299999985, 37.8945985 ], [ 140.9198635, 37.8926093 ], [ 140.9235639, 37.8920376 ], [ 140.923966399999983, 37.8949123 ], [ 140.9257384, 37.8955971 ], [ 140.928021199999989, 37.8955367 ], [ 140.9304855, 37.896120599999989 ], [ 140.9303325, 37.8984702 ], [ 140.9293524, 37.9004334 ], [ 140.9266643, 37.9035507 ], [ 140.924246899999986, 37.90992 ], [ 140.9249139, 37.9114533 ], [ 140.9235679, 37.9127509 ], [ 140.9197632, 37.9360396 ], [ 140.919230199999987, 37.9406874 ], [ 140.9177273, 37.9488 ], [ 140.915423299999986, 37.9628371 ], [ 140.915575599999983, 37.9653144 ], [ 140.915024099999982, 37.9664069 ], [ 140.914994399999983, 37.9729837 ], [ 140.9146988, 37.9751264 ], [ 140.9146155, 37.9813953 ] ] ], [ [ [ 141.025537, 38.2831408 ], [ 141.0269176, 38.2821433 ], [ 141.0285226, 38.2822558 ], [ 141.0309483, 38.2820144 ], [ 141.031127699999985, 38.2809104 ], [ 141.0313132, 38.2807085 ], [ 141.0321966, 38.2803699 ], [ 141.0342253, 38.2810543 ], [ 141.035013099999986, 38.2823388 ], [ 141.0374587, 38.2829176 ], [ 141.0397987, 38.2819351 ], [ 141.0415116, 38.2799462 ], [ 141.04346289999998, 38.2768145 ], [ 141.0453858, 38.2778976 ], [ 141.050975199999982, 38.2789892 ], [ 141.054103699999985, 38.280615 ], [ 141.0599124, 38.2814109 ], [ 141.06043, 38.282226 ], [ 141.0633913, 38.2829891 ], [ 141.063358, 38.2851961 ], [ 141.064428599999985, 38.2876027 ], [ 141.0678627, 38.290685 ], [ 141.069376, 38.292589199999988 ], [ 141.0738086, 38.2951506 ], [ 141.077270699999985, 38.2957454 ], [ 141.078945, 38.2947754 ], [ 141.084657, 38.2928649 ], [ 141.08557, 38.293345 ], [ 141.085300099999984, 38.2957491 ], [ 141.0872427, 38.2965316 ], [ 141.0873882, 38.2989185 ], [ 141.0898137, 38.300411499999989 ], [ 141.088023, 38.3028516 ], [ 141.0852821, 38.3033675 ], [ 141.0813977, 38.3058211 ], [ 141.08027389999998, 38.3094832 ], [ 141.079120099999983, 38.3113127 ], [ 141.0795446, 38.3150653 ], [ 141.076396499999987, 38.3195742 ], [ 141.0730624, 38.3198732 ], [ 141.0702619, 38.3208509 ], [ 141.069154699999984, 38.3204917 ], [ 141.0671318, 38.3217032 ], [ 141.0654457, 38.3217178 ], [ 141.0643192, 38.3181424 ], [ 141.060921, 38.315256 ], [ 141.059862900000013, 38.313427 ], [ 141.058044599999988, 38.312681 ], [ 141.056930599999987, 38.3143787 ], [ 141.052646899999985, 38.3130899 ], [ 141.051808099999988, 38.3139399 ], [ 141.049743400000011, 38.3133957 ], [ 141.0488743, 38.3120927 ], [ 141.05007329999998, 38.3090388 ], [ 141.0484978, 38.3095327 ], [ 141.0463766, 38.3116395 ], [ 141.0441889, 38.3117149 ], [ 141.041491799999989, 38.3083093 ], [ 141.036330599999985, 38.306468 ], [ 141.0359144, 38.3070183 ], [ 141.0373308, 38.308525 ], [ 141.0412488, 38.3113114 ], [ 141.0446839, 38.31619 ], [ 141.0455641, 38.318635199999989 ], [ 141.0426631, 38.318356 ], [ 141.041629, 38.318907 ], [ 141.0395639, 38.3165233 ], [ 141.038412099999988, 38.3168501 ], [ 141.0397193, 38.3190353 ], [ 141.037749099999985, 38.3192435 ], [ 141.036315699999989, 38.3181885 ], [ 141.03523389999998, 38.3195556 ], [ 141.027380599999987, 38.3198569 ], [ 141.028941, 38.3220502 ], [ 141.035035, 38.3235919 ], [ 141.038042, 38.3236687 ], [ 141.0396225, 38.3248155 ], [ 141.0406401, 38.3232718 ], [ 141.0434423, 38.3235 ], [ 141.0426938, 38.3248477 ], [ 141.0450873, 38.3252223 ], [ 141.0521762, 38.3318049 ], [ 141.0516558, 38.3340787 ], [ 141.048364599999985, 38.3366974 ], [ 141.0462894, 38.3373198 ], [ 141.0435759, 38.3345914 ], [ 141.0417831, 38.3357846 ], [ 141.040426599999989, 38.334643199999988 ], [ 141.038864599999982, 38.3352432 ], [ 141.0401683, 38.3371461 ], [ 141.0378708, 38.337586 ], [ 141.0364909, 38.3396456 ], [ 141.0375765, 38.3434187 ], [ 141.0393482, 38.3436692 ], [ 141.0418468, 38.3460074 ], [ 141.0431572, 38.3464015 ], [ 141.0427051, 38.3489731 ], [ 141.0441947, 38.3494126 ], [ 141.0451189, 38.3477318 ], [ 141.0483678, 38.3474214 ], [ 141.0480651, 38.3456814 ], [ 141.0532234, 38.3471453 ], [ 141.0550491, 38.3467225 ], [ 141.057167099999987, 38.3490476 ], [ 141.05456239999998, 38.3501666 ], [ 141.0536664, 38.3513223 ], [ 141.0571453, 38.3512304 ], [ 141.05943019999998, 38.3505744 ], [ 141.0595521, 38.3528943 ], [ 141.062932, 38.3512614 ], [ 141.065121799999986, 38.3508497 ], [ 141.0662476, 38.3521693 ], [ 141.0626131, 38.3555687 ], [ 141.063291099999986, 38.3572275 ], [ 141.062599399999982, 38.3599477 ], [ 141.0612749, 38.36178 ], [ 141.0613702, 38.3638574 ], [ 141.0621935, 38.3649712 ], [ 141.061019, 38.3673486 ], [ 141.0619778, 38.3693933 ], [ 141.0639919, 38.370021 ], [ 141.0685025, 38.3699645 ], [ 141.0713855, 38.3725145 ], [ 141.074358099999984, 38.3778634 ], [ 141.076065699999987, 38.3782712 ], [ 141.077800199999984, 38.3778132 ], [ 141.0815323, 38.3785767 ], [ 141.082808799999981, 38.380606199999988 ], [ 141.087535, 38.3816833 ], [ 141.0889143, 38.3813666 ], [ 141.0909737, 38.3788974 ], [ 141.0966707, 38.3779376 ], [ 141.098809100000011, 38.3784161 ], [ 141.1001848, 38.3763398 ], [ 141.0989788, 38.374884 ], [ 141.101003599999984, 38.3745792 ], [ 141.10375639999998, 38.3726629 ], [ 141.105059, 38.3698208 ], [ 141.107727399999987, 38.3704797 ], [ 141.1070693, 38.3727627 ], [ 141.107196099999982, 38.3749714 ], [ 141.1085975, 38.3760896 ], [ 141.1104746, 38.3765167 ], [ 141.1133466, 38.3745613 ], [ 141.1163115, 38.3761438 ], [ 141.114195699999982, 38.3765208 ], [ 141.113885399999987, 38.3777478 ], [ 141.1078474, 38.3801123 ], [ 141.106592399999982, 38.3842585 ], [ 141.1055236, 38.3853274 ], [ 141.107157199999989, 38.3862023 ], [ 141.11050419999998, 38.3840203 ], [ 141.1148499, 38.3820208 ], [ 141.119813599999986, 38.3806255 ], [ 141.121281399999987, 38.3793754 ], [ 141.122413599999987, 38.3802212 ], [ 141.1241876, 38.3796731 ], [ 141.1263922, 38.3799335 ], [ 141.1269929, 38.3819566 ], [ 141.126002, 38.3840386 ], [ 141.1233133, 38.3859927 ], [ 141.1231252, 38.3871958 ], [ 141.1244235, 38.3890016 ], [ 141.123984299999989, 38.3908671 ], [ 141.1225954, 38.3914277 ], [ 141.122368699999981, 38.3929597 ], [ 141.1211792, 38.3936708 ], [ 141.1189669, 38.393655 ], [ 141.1195874, 38.3958789 ], [ 141.1165086, 38.3987844 ], [ 141.1143783, 38.3989684 ], [ 141.1120201, 38.3972128 ], [ 141.110985699999986, 38.3932248 ], [ 141.1083347, 38.3953798 ], [ 141.1075386, 38.3987943 ], [ 141.1067563, 38.4001682 ], [ 141.1033294, 38.4028287 ], [ 141.1016124, 38.4035943 ], [ 141.100546, 38.4029568 ], [ 141.0989142, 38.4050966 ], [ 141.100178699999987, 38.4056007 ], [ 141.0990517, 38.4083843 ], [ 141.09469009999998, 38.4080016 ], [ 141.094984899999986, 38.4101146 ], [ 141.097633799999983, 38.4122599 ], [ 141.099334699999986, 38.4128693 ], [ 141.0998011, 38.4143207 ], [ 141.103152400000027, 38.4132267 ], [ 141.1042957, 38.4122006 ], [ 141.1075687, 38.4129928 ], [ 141.109254599999986, 38.4124711 ], [ 141.1108293, 38.4140589 ], [ 141.1133436, 38.4145277 ], [ 141.1144153, 38.4155621 ], [ 141.120753799999989, 38.4186715 ], [ 141.123845599999981, 38.4193825 ], [ 141.127251299999983, 38.4219269 ], [ 141.1251318, 38.4227236 ], [ 141.123746399999987, 38.4246611 ], [ 141.123217399999987, 38.4290708 ], [ 141.1209351, 38.4323036 ], [ 141.116350399999988, 38.4355792 ], [ 141.1152572, 38.4367997 ], [ 141.116693699999985, 38.4394964 ], [ 141.117208399999981, 38.4426272 ], [ 141.1162783, 38.4433411 ], [ 141.114993, 38.4419156 ], [ 141.1123696, 38.441849499999989 ], [ 141.110945, 38.4436178 ], [ 141.1086441, 38.4423184 ], [ 141.1056848, 38.4433126 ], [ 141.1030139, 38.4423399 ], [ 141.0993688, 38.4422849 ], [ 141.0991185, 38.4436352 ], [ 141.0974503, 38.4450552 ], [ 141.0926146, 38.4448644 ], [ 141.0870794, 38.4460381 ], [ 141.0847076, 38.4481995 ], [ 141.081373, 38.4488676 ], [ 141.081314099999986, 38.4496815 ], [ 141.0732688, 38.449336 ], [ 141.0733366, 38.4483741 ], [ 141.068743399999988, 38.4481725 ], [ 141.067523100000017, 38.4470706 ], [ 141.060673100000031, 38.4454847 ], [ 141.0598417, 38.4443631 ], [ 141.060528799999986, 38.4413748 ], [ 141.0530774, 38.4427049 ], [ 141.0479178, 38.4432969 ], [ 141.043261799999982, 38.4432481 ], [ 141.0380355, 38.4448153 ], [ 141.0353532, 38.4459556 ], [ 141.031192200000021, 38.4458129 ], [ 141.02904909999998, 38.4450191 ], [ 141.025917599999985, 38.4447371 ], [ 141.0275963, 38.4470382 ], [ 141.0310532, 38.4526134 ], [ 141.0342805, 38.4538517 ], [ 141.0336629, 38.4583939 ], [ 141.0347046, 38.4584908 ], [ 141.034443200000027, 38.4609989 ], [ 141.0361919, 38.462238299999989 ], [ 141.0347559, 38.4648191 ], [ 141.0312558, 38.4648205 ], [ 141.027312099999989, 38.4667053 ], [ 141.0262515, 38.4680361 ], [ 141.0232255, 38.4686773 ], [ 141.022391299999981, 38.4699126 ], [ 141.020659, 38.4706423 ], [ 141.0184195, 38.4725356 ], [ 141.0188489, 38.4748731 ], [ 141.015447099999989, 38.4773698 ], [ 141.014186, 38.4767006 ], [ 141.0135046, 38.4750167 ], [ 141.009906, 38.4731485 ], [ 141.0088221, 38.4743564 ], [ 141.0068876, 38.4733924 ], [ 141.0060555, 38.4752362 ], [ 141.003450099999981, 38.4758666 ], [ 141.002375299999983, 38.4779316 ], [ 141.0010797, 38.4786152 ], [ 141.0006799, 38.4826188 ], [ 141.0012849, 38.4834968 ], [ 140.998654499999986, 38.4889657 ], [ 140.997798099999983, 38.4901185 ], [ 140.997815299999985, 38.4919926 ], [ 140.9965838, 38.4922193 ], [ 140.9953735, 38.4939651 ], [ 140.993789, 38.4940632 ], [ 140.99069609999998, 38.4965032 ], [ 140.9873043, 38.496951 ], [ 140.986555399999986, 38.4980821 ], [ 140.9842865, 38.4986586 ], [ 140.9790104, 38.502373 ], [ 140.9779959, 38.5036325 ], [ 140.9742344, 38.50425 ], [ 140.9691415, 38.505752 ], [ 140.9668848, 38.5044893 ], [ 140.96485, 38.5047634 ], [ 140.962576499999983, 38.5059023 ], [ 140.9586237, 38.5051493 ], [ 140.956955, 38.505636 ], [ 140.954293299999989, 38.5023388 ], [ 140.9532319, 38.5004061 ], [ 140.949007699999981, 38.4982319 ], [ 140.949007699999981, 38.4965444 ], [ 140.9478383, 38.4958411 ], [ 140.947568599999983, 38.4932564 ], [ 140.9490759, 38.4898825 ], [ 140.945703399999985, 38.4875134 ], [ 140.9428853, 38.4864329 ], [ 140.94216849999998, 38.487549 ], [ 140.936961699999983, 38.4913101 ], [ 140.9352753, 38.4880546 ], [ 140.9328602, 38.4869941 ], [ 140.924932499999983, 38.4869339 ], [ 140.9247541, 38.4878644 ], [ 140.922758, 38.4890111 ], [ 140.9205212, 38.4890203 ], [ 140.917516899999981, 38.4897656 ], [ 140.917036599999989, 38.4912828 ], [ 140.9102953, 38.4933976 ], [ 140.9093452, 38.494532899999989 ], [ 140.906139199999984, 38.4952015 ], [ 140.9042344, 38.4963401 ], [ 140.9055653, 38.4978893 ], [ 140.9031154, 38.5000168 ], [ 140.9000658, 38.5011991 ], [ 140.89876049999998, 38.5029346 ], [ 140.8953047, 38.5047791 ], [ 140.8945808, 38.506533 ], [ 140.8926349, 38.509021 ], [ 140.893458399999986, 38.5120427 ], [ 140.890613299999984, 38.5133596 ], [ 140.889460499999984, 38.5135999 ], [ 140.8837959, 38.5125694 ], [ 140.883386699999988, 38.5114292 ], [ 140.8855236, 38.5060334 ], [ 140.8844327, 38.5044195 ], [ 140.8737332, 38.5015088 ], [ 140.8705867, 38.5014672 ], [ 140.868453, 38.5024666 ], [ 140.8645256, 38.5025808 ], [ 140.8556069, 38.5067898 ], [ 140.854817199999985, 38.506169 ], [ 140.850322800000015, 38.508226799999989 ], [ 140.84945, 38.5071418 ], [ 140.8443349, 38.5074344 ], [ 140.839258299999983, 38.5055944 ], [ 140.8369146, 38.5058372 ], [ 140.8330001, 38.5051987 ], [ 140.831192, 38.5040906 ], [ 140.8276921, 38.5035021 ], [ 140.8227987, 38.5032279 ], [ 140.818376299999983, 38.5023913 ], [ 140.8141426, 38.5001503 ], [ 140.8088066, 38.4981098 ], [ 140.806102399999986, 38.4965832 ], [ 140.8022834, 38.4951235 ], [ 140.794121599999983, 38.4944449 ], [ 140.7918215, 38.4947263 ], [ 140.788395, 38.4941958 ], [ 140.7867841, 38.4942305 ], [ 140.784313199999985, 38.4952953 ], [ 140.77608410000002, 38.4957856 ], [ 140.7731326, 38.4967003 ], [ 140.771214499999985, 38.4967862 ], [ 140.7705684, 38.4956856 ], [ 140.7674534, 38.4956006 ], [ 140.7648697, 38.494619799999988 ], [ 140.7622996, 38.4952337 ], [ 140.759025399999985, 38.4948282 ], [ 140.7551058, 38.4951371 ], [ 140.751803, 38.4948744 ], [ 140.748105399999986, 38.4968149 ], [ 140.7441847, 38.4964055 ], [ 140.742537199999987, 38.4954255 ], [ 140.739171, 38.4952981 ], [ 140.733413899999988, 38.4967897 ], [ 140.7328522, 38.4962559 ], [ 140.7299711, 38.4965417 ], [ 140.723614, 38.4953509 ], [ 140.7205801, 38.4942415 ], [ 140.719549799999982, 38.4927404 ], [ 140.7177764, 38.491613199999989 ], [ 140.7152855, 38.4910487 ], [ 140.71385, 38.4896446 ], [ 140.7072818, 38.4852852 ], [ 140.704891799999984, 38.486027199999988 ], [ 140.7014864, 38.4863666 ], [ 140.6982822, 38.4852919 ], [ 140.6927829, 38.4822431 ], [ 140.6922065, 38.4815109 ], [ 140.6859489, 38.4789329 ], [ 140.685625, 38.4780712 ], [ 140.683439099999987, 38.4769043 ], [ 140.6808241, 38.4767824 ], [ 140.673809, 38.4738349 ], [ 140.6721537, 38.472716 ], [ 140.669962, 38.469268 ], [ 140.6636105, 38.4669592 ], [ 140.6617077, 38.4653561 ], [ 140.659488399999987, 38.4649595 ], [ 140.6494424, 38.4597404 ], [ 140.625846199999984, 38.4472786 ], [ 140.626914, 38.4436003 ], [ 140.6303244, 38.4430436 ], [ 140.6329475, 38.4434022 ], [ 140.633728599999984, 38.4417319 ], [ 140.6371129, 38.4393528 ], [ 140.638865399999986, 38.4389486 ], [ 140.6427947, 38.4368722 ], [ 140.645956899999987, 38.4368608 ], [ 140.648456399999986, 38.4375366 ], [ 140.6517729, 38.4378433 ], [ 140.653816299999988, 38.4371722 ], [ 140.659172499999983, 38.4322127 ], [ 140.664696, 38.4327152 ], [ 140.6705481, 38.4327346 ], [ 140.6732537, 38.4321818 ], [ 140.676878, 38.4307982 ], [ 140.6797252, 38.4289899 ], [ 140.68250279999998, 38.4265601 ], [ 140.685794, 38.426445699999988 ], [ 140.6895841, 38.4255848 ], [ 140.6924847, 38.4259165 ], [ 140.695889199999982, 38.4252851 ], [ 140.69704729999998, 38.4222948 ], [ 140.697981, 38.4214407 ], [ 140.6968987, 38.4196065 ], [ 140.696874899999983, 38.4156385 ], [ 140.702754699999986, 38.4170084 ], [ 140.7064239, 38.420317 ], [ 140.7069703, 38.4219287 ], [ 140.7085337, 38.4232378 ], [ 140.7102112, 38.4235259 ], [ 140.7112943, 38.4248303 ], [ 140.711596499999985, 38.4279575 ], [ 140.7130421, 38.4286836 ], [ 140.714513499999981, 38.4305408 ], [ 140.713867599999986, 38.432014099999989 ], [ 140.7162449, 38.4338908 ], [ 140.7185383, 38.4335477 ], [ 140.7216967, 38.4339235 ], [ 140.723448099999985, 38.4325016 ], [ 140.7261268, 38.4324944 ], [ 140.7266902, 38.4295044 ], [ 140.7283191, 38.4288677 ], [ 140.7313926, 38.426788 ], [ 140.731752, 38.4247544 ], [ 140.7363652, 38.4241183 ], [ 140.738267799999988, 38.4227485 ], [ 140.7381039, 38.4205421 ], [ 140.739063099999981, 38.4191591 ], [ 140.7417534, 38.4170457 ], [ 140.744406, 38.4155869 ], [ 140.744509099999988, 38.413858 ], [ 140.7435366, 38.412037399999988 ], [ 140.7466056, 38.4124566 ], [ 140.7497181, 38.4123616 ], [ 140.751698799999986, 38.4115202 ], [ 140.754518, 38.4114291 ], [ 140.7610082, 38.4078485 ], [ 140.76185049999998, 38.4066543 ], [ 140.764027199999987, 38.406311 ], [ 140.7651128, 38.407009 ], [ 140.7689296, 38.4048026 ], [ 140.7707682, 38.4052412 ], [ 140.7748164, 38.4042979 ], [ 140.7773884, 38.4023837 ], [ 140.7793385, 38.4001209 ], [ 140.7816436, 38.4020425 ], [ 140.783938299999988, 38.4015906 ], [ 140.7863243, 38.3993981 ], [ 140.78968519999998, 38.3977606 ], [ 140.7951376, 38.3955939 ], [ 140.796652099999989, 38.3945527 ], [ 140.7996469, 38.3938947 ], [ 140.8013756, 38.3944057 ], [ 140.8054057, 38.3938071 ], [ 140.8084719, 38.3921249 ], [ 140.8112476, 38.3882954 ], [ 140.811361799999986, 38.3859432 ], [ 140.8137955, 38.3848071 ], [ 140.8131052, 38.3831454 ], [ 140.814976699999988, 38.3830918 ], [ 140.8169237, 38.3811946 ], [ 140.8202957, 38.3800506 ], [ 140.8218475, 38.3789559 ], [ 140.822780599999987, 38.377389 ], [ 140.8253651, 38.3749445 ], [ 140.824813799999987, 38.3710304 ], [ 140.8268139, 38.3688723 ], [ 140.8262091, 38.3672979 ], [ 140.824593, 38.3661296 ], [ 140.822645199999982, 38.3626313 ], [ 140.8244311, 38.3622346 ], [ 140.8282012, 38.362784 ], [ 140.8350776, 38.3600762 ], [ 140.8342678, 38.3589098 ], [ 140.8314383, 38.3566959 ], [ 140.833920399999982, 38.3544943 ], [ 140.8318678, 38.3514924 ], [ 140.8340265, 38.3494796 ], [ 140.8341246, 38.3470024 ], [ 140.8359633, 38.3465868 ], [ 140.838440599999984, 38.3477431 ], [ 140.8407504, 38.3468853 ], [ 140.8417876, 38.3485745 ], [ 140.8429456, 38.3541194 ], [ 140.84515829999998, 38.3578267 ], [ 140.846613499999989, 38.3587463 ], [ 140.849618599999985, 38.3579304 ], [ 140.853035399999982, 38.3587346 ], [ 140.853030599999983, 38.360519 ], [ 140.8546715, 38.3616618 ], [ 140.85852, 38.3615206 ], [ 140.8601942, 38.3606939 ], [ 140.861699, 38.3621314 ], [ 140.863428199999987, 38.362025 ], [ 140.8665403, 38.3612369 ], [ 140.8664258, 38.3603525 ], [ 140.869712, 38.359933 ], [ 140.8706168, 38.3603257 ], [ 140.876394799999986, 38.3576493 ], [ 140.8765823, 38.3566152 ], [ 140.8789816, 38.3555024 ], [ 140.879602399999982, 38.3542175 ], [ 140.8789846, 38.3527855 ], [ 140.8836949, 38.3510975 ], [ 140.8824562, 38.3491731 ], [ 140.8842584, 38.3472379 ], [ 140.8853814, 38.3475884 ], [ 140.892943299999985, 38.3438806 ], [ 140.8935009, 38.3420767 ], [ 140.897128, 38.3409773 ], [ 140.900855899999982, 38.3408666 ], [ 140.903394599999984, 38.3369225 ], [ 140.9051902, 38.3366058 ], [ 140.910631, 38.3341666 ], [ 140.9114521, 38.335383199999988 ], [ 140.913080799999989, 38.3350054 ], [ 140.9174826, 38.3360123 ], [ 140.9189563, 38.3334215 ], [ 140.92298839999998, 38.3329717 ], [ 140.924702599999989, 38.3322284 ], [ 140.925402099999985, 38.3335894 ], [ 140.9272641, 38.3330903 ], [ 140.9274116, 38.335485 ], [ 140.9265407, 38.3377666 ], [ 140.929780199999982, 38.3398313 ], [ 140.932508899999988, 38.3400068 ], [ 140.934145699999988, 38.3408024 ], [ 140.9356985, 38.3393893 ], [ 140.936163599999986, 38.3379399 ], [ 140.937624699999986, 38.3364649 ], [ 140.939263899999986, 38.3376157 ], [ 140.9405131, 38.3374032 ], [ 140.9395356, 38.3353548 ], [ 140.937753099999981, 38.3337904 ], [ 140.93686169999998, 38.3317243 ], [ 140.9375531, 38.3301524 ], [ 140.9392326, 38.3291129 ], [ 140.9390665, 38.3269543 ], [ 140.9361092, 38.326066 ], [ 140.935967799999986, 38.3238069 ], [ 140.9366123, 38.3223999 ], [ 140.936197599999986, 38.3201311 ], [ 140.936407299999985, 38.316888 ], [ 140.941273599999988, 38.3148077 ], [ 140.9426943, 38.3121866 ], [ 140.9448571, 38.3108499 ], [ 140.9463658, 38.3108424 ], [ 140.9475989, 38.3086394 ], [ 140.949448099999984, 38.3098238 ], [ 140.951104, 38.3098629 ], [ 140.9535674, 38.3084754 ], [ 140.9572269, 38.3118531 ], [ 140.957499899999988, 38.310081 ], [ 140.9589236, 38.3096132 ], [ 140.962699, 38.3096019 ], [ 140.959843899999981, 38.30605 ], [ 140.961401699999982, 38.3048627 ], [ 140.9583078, 38.3018919 ], [ 140.956445699999989, 38.2962549 ], [ 140.9581746, 38.2949493 ], [ 140.9595869, 38.2948447 ], [ 140.9607978, 38.2928834 ], [ 140.9589078, 38.2914193 ], [ 140.959278899999987, 38.2900784 ], [ 140.9608695, 38.2896573 ], [ 140.9635087, 38.2859371 ], [ 140.9661988, 38.285401799999988 ], [ 140.96682629999998, 38.2865471 ], [ 140.970906700000029, 38.2860354 ], [ 140.9736609, 38.2843079 ], [ 140.975867599999987, 38.2836006 ], [ 140.9868237, 38.2839067 ], [ 140.988678, 38.2841842 ], [ 140.9957273, 38.2829912 ], [ 140.9959335, 38.2818937 ], [ 140.998130299999985, 38.2820111 ], [ 141.002265199999982, 38.2809267 ], [ 141.004784199999989, 38.2814854 ], [ 141.0072107, 38.2787975 ], [ 141.010174399999983, 38.2795729 ], [ 141.0111913, 38.2772332 ], [ 141.0128828, 38.2764029 ], [ 141.0145475, 38.2775004 ], [ 141.0205329, 38.2804095 ], [ 141.025537, 38.2831408 ] ] ], [ [ [ 141.0702459, 38.3250944 ], [ 141.0717157, 38.3249724 ], [ 141.0725367, 38.3266225 ], [ 141.073515499999985, 38.3266518 ], [ 141.0751056, 38.327963 ], [ 141.073332, 38.3269553 ], [ 141.070249099999984, 38.3272757 ], [ 141.0674144, 38.3263352 ], [ 141.0689159, 38.3236658 ], [ 141.0702459, 38.3250944 ] ] ], [ [ [ 141.095339, 38.3361741 ], [ 141.092899599999981, 38.3364601 ], [ 141.0909189, 38.3354504 ], [ 141.0894265, 38.3376515 ], [ 141.0908316, 38.3382644 ], [ 141.088799599999987, 38.3374182 ], [ 141.088290799999982, 38.3357022 ], [ 141.0853013, 38.3350808 ], [ 141.08578559999998, 38.3329794 ], [ 141.0876893, 38.330753799999989 ], [ 141.0935331, 38.3330018 ], [ 141.096382799999986, 38.3326637 ], [ 141.1002935, 38.3313265 ], [ 141.102923799999985, 38.329559599999989 ], [ 141.1034224, 38.3285659 ], [ 141.105553499999985, 38.3286501 ], [ 141.1046402, 38.3322694 ], [ 141.1010585, 38.3339666 ], [ 141.0989739, 38.3338282 ], [ 141.095339, 38.3361741 ] ] ], [ [ [ 141.1272372, 38.3423711 ], [ 141.128327899999988, 38.3426988 ], [ 141.1310633, 38.3452118 ], [ 141.130113199999982, 38.3475531 ], [ 141.1289272, 38.3471548 ], [ 141.1294135, 38.3450632 ], [ 141.1265884, 38.3434227 ], [ 141.12472, 38.3413325 ], [ 141.1238629, 38.3395407 ], [ 141.1219668, 38.3393193 ], [ 141.123385899999988, 38.3359364 ], [ 141.119883499999986, 38.3394806 ], [ 141.1178576, 38.3381473 ], [ 141.115604, 38.3349767 ], [ 141.116471599999983, 38.3343783 ], [ 141.1168338, 38.332298 ], [ 141.118082900000019, 38.330834 ], [ 141.1217107, 38.3298455 ], [ 141.1230435, 38.3269622 ], [ 141.1278853, 38.3263882 ], [ 141.128464799999989, 38.3279282 ], [ 141.1261739, 38.3295611 ], [ 141.1258009, 38.331273599999989 ], [ 141.127202499999981, 38.3321219 ], [ 141.1294878, 38.3322161 ], [ 141.126886899999988, 38.3356274 ], [ 141.1295656, 38.3367039 ], [ 141.131604399999986, 38.3411934 ], [ 141.1290353, 38.3406486 ], [ 141.127474399999983, 38.3396169 ], [ 141.1272372, 38.3423711 ] ] ], [ [ [ 141.115743, 38.3363093 ], [ 141.1157624, 38.3379263 ], [ 141.1177213, 38.3403966 ], [ 141.120916599999987, 38.3426552 ], [ 141.121433, 38.3438571 ], [ 141.1191895, 38.3432821 ], [ 141.1189248, 38.3415836 ], [ 141.1173717, 38.3410446 ], [ 141.1158771, 38.3395278 ], [ 141.1127641, 38.3387282 ], [ 141.1114872, 38.3396567 ], [ 141.1096215, 38.3395663 ], [ 141.1077818, 38.3385325 ], [ 141.1051105, 38.3404755 ], [ 141.1053442, 38.3420738 ], [ 141.103969399999983, 38.3428629 ], [ 141.1049505, 38.338370499999989 ], [ 141.106279799999982, 38.3376822 ], [ 141.1068321, 38.3340885 ], [ 141.1084435, 38.3334429 ], [ 141.111152799999985, 38.3362828 ], [ 141.1132787, 38.3368058 ], [ 141.115743, 38.3363093 ] ] ], [ [ [ 141.115396, 38.3435531 ], [ 141.1128454, 38.3418233 ], [ 141.113962, 38.3409346 ], [ 141.1162929, 38.3419719 ], [ 141.115396, 38.3435531 ] ] ], [ [ [ 141.116633, 38.3463386 ], [ 141.1165872, 38.3481036 ], [ 141.114925699999986, 38.3505845 ], [ 141.1150551, 38.3527429 ], [ 141.114112899999981, 38.352169 ], [ 141.1137972, 38.3487377 ], [ 141.112181599999985, 38.3479585 ], [ 141.113809, 38.3462133 ], [ 141.116633, 38.3463386 ] ] ], [ [ [ 141.119377899999989, 38.3528327 ], [ 141.1183523, 38.3501999 ], [ 141.119990199999989, 38.3486249 ], [ 141.1209766, 38.3504562 ], [ 141.119377899999989, 38.3528327 ] ] ], [ [ [ 141.124579399999988, 38.3486534 ], [ 141.1254204, 38.3508028 ], [ 141.126704499999988, 38.3517133 ], [ 141.1228485, 38.3530251 ], [ 141.121363299999985, 38.3540818 ], [ 141.121856, 38.3520523 ], [ 141.1230903, 38.3507451 ], [ 141.122873, 38.3488608 ], [ 141.124579399999988, 38.3486534 ] ] ], [ [ [ 141.0703475, 38.3656104 ], [ 141.072551, 38.365988699999988 ], [ 141.0731711, 38.3671293 ], [ 141.0703876, 38.3677739 ], [ 141.069242299999985, 38.3673532 ], [ 141.0703475, 38.3656104 ] ] ], [ [ [ 141.0773149, 38.3771534 ], [ 141.0758363, 38.375866699999989 ], [ 141.0795493, 38.3749335 ], [ 141.0801586, 38.3763671 ], [ 141.0773149, 38.3771534 ] ] ] ] } },
{ "type": "Feature", "properties": { "hokenjo": "気仙沼" }, "geometry": { "type": "MultiPolygon", "coordinates": [ [ [ [ 141.4906642, 38.6510356 ], [ 141.4891873, 38.652834399999989 ], [ 141.487051399999984, 38.6514728 ], [ 141.486995, 38.6503175 ], [ 141.4906642, 38.6510356 ] ] ], [ [ [ 141.523042799999985, 38.6324237 ], [ 141.526034899999985, 38.6318179 ], [ 141.5284647, 38.6302691 ], [ 141.528370199999983, 38.6328268 ], [ 141.529742699999986, 38.6359132 ], [ 141.5284843, 38.637473 ], [ 141.5254459, 38.6371785 ], [ 141.523506, 38.6361679 ], [ 141.522390299999984, 38.6375976 ], [ 141.520048799999984, 38.6371217 ], [ 141.516862799999984, 38.6378397 ], [ 141.513438, 38.6378321 ], [ 141.5130771, 38.6368451 ], [ 141.5103461, 38.6363231 ], [ 141.507921899999985, 38.638791 ], [ 141.5069693, 38.6372477 ], [ 141.5050201, 38.637212 ], [ 141.503278, 38.6381338 ], [ 141.5045465, 38.640044 ], [ 141.503695199999981, 38.6411198 ], [ 141.501634699999983, 38.6405426 ], [ 141.4993298, 38.6405994 ], [ 141.4971481, 38.6414912 ], [ 141.4961573, 38.6450335 ], [ 141.4943346, 38.6430875 ], [ 141.4918868, 38.6419286 ], [ 141.4899351, 38.6426386 ], [ 141.4901711, 38.6440996 ], [ 141.488342599999982, 38.6446268 ], [ 141.4864699, 38.6430831 ], [ 141.4854978, 38.641411 ], [ 141.483586200000019, 38.6415337 ], [ 141.4817648, 38.6432414 ], [ 141.479027, 38.6438223 ], [ 141.4767185, 38.6451535 ], [ 141.4745771, 38.6442362 ], [ 141.4692832, 38.6451391 ], [ 141.4642479, 38.6479148 ], [ 141.462442399999986, 38.6464233 ], [ 141.461248700000027, 38.6422046 ], [ 141.459230099999985, 38.6421693 ], [ 141.458515899999981, 38.6400507 ], [ 141.45733629999998, 38.6398565 ], [ 141.456748399999981, 38.6425377 ], [ 141.4553904, 38.6423406 ], [ 141.4520571, 38.6439413 ], [ 141.4508026, 38.6430404 ], [ 141.4482835, 38.6427761 ], [ 141.442908499999987, 38.6436812 ], [ 141.4411716, 38.6464515 ], [ 141.443527599999982, 38.6492947 ], [ 141.443539499999986, 38.6508944 ], [ 141.4452938, 38.6527096 ], [ 141.4457768, 38.654034 ], [ 141.4501493, 38.6574457 ], [ 141.4481829, 38.6593351 ], [ 141.446134699999988, 38.6625311 ], [ 141.4455743, 38.6642422 ], [ 141.4461925, 38.6688381 ], [ 141.444784299999981, 38.6710707 ], [ 141.444256, 38.6735365 ], [ 141.447990799999985, 38.6733325 ], [ 141.449008599999985, 38.67397 ], [ 141.4536965, 38.6738195 ], [ 141.4556585, 38.6728858 ], [ 141.4577372, 38.6701048 ], [ 141.4612291, 38.6702172 ], [ 141.4636545, 38.6716095 ], [ 141.4648159, 38.6738486 ], [ 141.4665358, 38.6744326 ], [ 141.467631, 38.6734599 ], [ 141.4691401, 38.6742479 ], [ 141.471411, 38.6763571 ], [ 141.473207799999983, 38.6773908 ], [ 141.4732358, 38.6791926 ], [ 141.4760171, 38.6798357 ], [ 141.480798, 38.6774609 ], [ 141.481815, 38.6753264 ], [ 141.4836924, 38.6759347 ], [ 141.4866381, 38.675996 ], [ 141.4883716, 38.677901 ], [ 141.489993299999981, 38.6761855 ], [ 141.4930331, 38.6762048 ], [ 141.492980099999983, 38.6736228 ], [ 141.4946912, 38.6740115 ], [ 141.495269899999982, 38.6756854 ], [ 141.494497699999982, 38.6765216 ], [ 141.4951791, 38.6784306 ], [ 141.497095, 38.6804334 ], [ 141.4958743, 38.6809411 ], [ 141.4934237, 38.6841322 ], [ 141.491188199999982, 38.6863228 ], [ 141.490061, 38.6895955 ], [ 141.4911481, 38.690531 ], [ 141.4948891, 38.6895687 ], [ 141.49699769999998, 38.6901829 ], [ 141.49914339999998, 38.6953538 ], [ 141.500958, 38.692957 ], [ 141.50123929999998, 38.6907926 ], [ 141.5051599, 38.690929 ], [ 141.5079839, 38.6897397 ], [ 141.5082112, 38.6882353 ], [ 141.50945489999998, 38.6875682 ], [ 141.5088371, 38.6858483 ], [ 141.5109746, 38.6861773 ], [ 141.5105101, 38.6874113 ], [ 141.512742799999984, 38.6875877 ], [ 141.5149327, 38.6891038 ], [ 141.5163485, 38.6893341 ], [ 141.5188353, 38.6931742 ], [ 141.518516299999987, 38.6951164 ], [ 141.51714149999998, 38.6950541 ], [ 141.5172891, 38.6978593 ], [ 141.5188245, 38.6981047 ], [ 141.520107199999984, 38.7013217 ], [ 141.5217088, 38.7040814 ], [ 141.522923, 38.7041987 ], [ 141.523158599999988, 38.7063955 ], [ 141.520593, 38.7074596 ], [ 141.5220903, 38.7100384 ], [ 141.5251771, 38.7099759 ], [ 141.524034299999983, 38.7135994 ], [ 141.5222628, 38.715878 ], [ 141.5257671, 38.7171701 ], [ 141.52808109999998, 38.7170249 ], [ 141.529955, 38.7161632 ], [ 141.531090399999982, 38.716669 ], [ 141.5322718, 38.7150301 ], [ 141.5336594, 38.7145236 ], [ 141.5359096, 38.7105267 ], [ 141.534829299999984, 38.7090799 ], [ 141.536166399999985, 38.7054473 ], [ 141.537711, 38.707364 ], [ 141.538232099999988, 38.7095373 ], [ 141.541734, 38.7084542 ], [ 141.5450069, 38.711252 ], [ 141.548698299999984, 38.711616 ], [ 141.5543563, 38.7084924 ], [ 141.5577322, 38.7057464 ], [ 141.5584213, 38.7043882 ], [ 141.5570309, 38.7033883 ], [ 141.5589396, 38.7015325 ], [ 141.5568165, 38.6990679 ], [ 141.5548107, 38.6979316 ], [ 141.5542553, 38.6954241 ], [ 141.5575799, 38.6937492 ], [ 141.557643499999983, 38.6918751 ], [ 141.5603121, 38.69009 ], [ 141.5617835, 38.6916076 ], [ 141.5612949, 38.6939905 ], [ 141.559655099999986, 38.6954536 ], [ 141.5613606, 38.6966975 ], [ 141.563986799999981, 38.6977016 ], [ 141.5635284, 38.6984651 ], [ 141.564671299999986, 38.7003294 ], [ 141.562836399999981, 38.7036726 ], [ 141.564376899999985, 38.7053166 ], [ 141.5658053, 38.7054606 ], [ 141.5661278, 38.7073471 ], [ 141.5655037, 38.709383 ], [ 141.5662496, 38.711326299999989 ], [ 141.5654276, 38.7123771 ], [ 141.563339, 38.713034 ], [ 141.561697399999986, 38.7128204 ], [ 141.560758199999981, 38.7138948 ], [ 141.5586562, 38.7145836 ], [ 141.5567223, 38.7190869 ], [ 141.5576955, 38.7200205 ], [ 141.5586629, 38.7233324 ], [ 141.5629729, 38.7247955 ], [ 141.564005899999984, 38.7257151 ], [ 141.566093099999989, 38.7251549 ], [ 141.565862899999985, 38.7283371 ], [ 141.5634857, 38.7289378 ], [ 141.5616339, 38.7313806 ], [ 141.5642015, 38.7331293 ], [ 141.5655976, 38.7333066 ], [ 141.5649819, 38.7352497 ], [ 141.565824599999985, 38.7372445 ], [ 141.5644625, 38.7379266 ], [ 141.5653992, 38.7395195 ], [ 141.5643787, 38.7402822 ], [ 141.5626613, 38.7388017 ], [ 141.559245100000027, 38.7371406 ], [ 141.5559831, 38.7382656 ], [ 141.5529871, 38.7387202 ], [ 141.551474, 38.7373151 ], [ 141.552290299999981, 38.7362811 ], [ 141.5481598, 38.7333423 ], [ 141.546011599999986, 38.73352 ], [ 141.5449745, 38.7355536 ], [ 141.5470903, 38.736168 ], [ 141.546517099999988, 38.7390753 ], [ 141.5431308, 38.7398046 ], [ 141.5418034, 38.7391635 ], [ 141.539857499999982, 38.7395946 ], [ 141.5393286, 38.7409267 ], [ 141.5373889, 38.739762299999988 ], [ 141.536532099999988, 38.7410654 ], [ 141.537266, 38.7436139 ], [ 141.53989, 38.7432304 ], [ 141.5406189, 38.7456972 ], [ 141.539897699999983, 38.7472823 ], [ 141.5374754, 38.7482168 ], [ 141.5311079, 38.7479251 ], [ 141.530228599999987, 38.7485737 ], [ 141.5278993, 38.7541589 ], [ 141.52864409999998, 38.7566739 ], [ 141.527177199999983, 38.757694099999988 ], [ 141.5292634, 38.7585474 ], [ 141.5277276, 38.7597286 ], [ 141.526348400000018, 38.7588632 ], [ 141.523661, 38.7602168 ], [ 141.5207614, 38.7595693 ], [ 141.519151199999982, 38.7605599 ], [ 141.519874500000014, 38.7624541 ], [ 141.52114659999998, 38.763434599999989 ], [ 141.5203572, 38.7645554 ], [ 141.5180843, 38.7652768 ], [ 141.514487699999989, 38.7651837 ], [ 141.5129489, 38.7670708 ], [ 141.512867199999988, 38.7687451 ], [ 141.5147877, 38.7730602 ], [ 141.518525499999981, 38.7761734 ], [ 141.5177737, 38.7805783 ], [ 141.5189567, 38.7836125 ], [ 141.519141599999983, 38.785784 ], [ 141.520414, 38.788462 ], [ 141.523739899999981, 38.7904836 ], [ 141.5256196, 38.7903781 ], [ 141.528663199999983, 38.79148 ], [ 141.5295601, 38.7938792 ], [ 141.5346051, 38.794823 ], [ 141.5371954, 38.7958173 ], [ 141.5393943, 38.7982997 ], [ 141.541706, 38.7971208 ], [ 141.544015699999989, 38.7975271 ], [ 141.546802499999984, 38.8004358 ], [ 141.549375, 38.7993819 ], [ 141.551379199999985, 38.8004537 ], [ 141.551207, 38.8021214 ], [ 141.5551581, 38.8014154 ], [ 141.557057, 38.8030987 ], [ 141.5562731, 38.804229 ], [ 141.5582296, 38.8064554 ], [ 141.555704599999984, 38.8062623 ], [ 141.5551041, 38.8094272 ], [ 141.5590588, 38.8125167 ], [ 141.5643063, 38.8136516 ], [ 141.5675149, 38.8136264 ], [ 141.5697669, 38.8126162 ], [ 141.572525399999989, 38.8102967 ], [ 141.5776625, 38.8135713 ], [ 141.577198, 38.815459 ], [ 141.5752038, 38.8156607 ], [ 141.5748902, 38.8195508 ], [ 141.577401899999984, 38.823047 ], [ 141.580367, 38.8244738 ], [ 141.5835016, 38.8252114 ], [ 141.5857775, 38.8252168 ], [ 141.589755, 38.8233822 ], [ 141.591192299999989, 38.8233151 ], [ 141.5916107, 38.8250764 ], [ 141.593879099999981, 38.8274997 ], [ 141.5967694, 38.8293814 ], [ 141.6000185, 38.829335199999989 ], [ 141.603191900000013, 38.8278913 ], [ 141.6033854, 38.829848 ], [ 141.601931899999983, 38.83094 ], [ 141.602264099999985, 38.8327274 ], [ 141.599349599999982, 38.8352825 ], [ 141.5974665, 38.8358308 ], [ 141.5928271, 38.8332934 ], [ 141.591177, 38.8350726 ], [ 141.5895653, 38.8377693 ], [ 141.5890365, 38.8403531 ], [ 141.586172600000026, 38.8447654 ], [ 141.5849069, 38.8457882 ], [ 141.583539, 38.8482883 ], [ 141.583578099999983, 38.8508163 ], [ 141.5823269, 38.8535908 ], [ 141.583295, 38.8567238 ], [ 141.5855574, 38.860052 ], [ 141.5852997, 38.8641732 ], [ 141.585862099999986, 38.8672074 ], [ 141.5880421, 38.8695414 ], [ 141.590748, 38.8697619 ], [ 141.5889975, 38.8713016 ], [ 141.588512899999984, 38.8743346 ], [ 141.588762, 38.8760575 ], [ 141.591017099999988, 38.8772952 ], [ 141.59167309999998, 38.8793251 ], [ 141.590334899999988, 38.8821715 ], [ 141.5902611, 38.8854096 ], [ 141.590852899999987, 38.8860666 ], [ 141.59340229999998, 38.8850091 ], [ 141.594076, 38.8858187 ], [ 141.593714299999988, 38.8897488 ], [ 141.5875964, 38.8927602 ], [ 141.586031599999984, 38.8929123 ], [ 141.585113299999989, 38.8941187 ], [ 141.581271099999981, 38.9006811 ], [ 141.5795142, 38.901011499999989 ], [ 141.580463, 38.9038755 ], [ 141.5797043, 38.9048846 ], [ 141.57652, 38.9054398 ], [ 141.5750069, 38.906178 ], [ 141.5775093, 38.9073739 ], [ 141.5805461, 38.9077413 ], [ 141.5818947, 38.9101328 ], [ 141.584265599999981, 38.9092212 ], [ 141.586758799999984, 38.9093575 ], [ 141.5864487, 38.9065991 ], [ 141.587799499999988, 38.9049892 ], [ 141.587341, 38.903833399999989 ], [ 141.5886405, 38.9020351 ], [ 141.5877573, 38.8989807 ], [ 141.5897396, 38.896768099999989 ], [ 141.588168199999984, 38.8965894 ], [ 141.588097399999981, 38.8948197 ], [ 141.5915458, 38.8948852 ], [ 141.5958391, 38.8934718 ], [ 141.596911399999982, 38.8938611 ], [ 141.598734, 38.889951 ], [ 141.5998674, 38.8885565 ], [ 141.6007883, 38.8856184 ], [ 141.6024416, 38.8845982 ], [ 141.6045058, 38.8799795 ], [ 141.6084074, 38.880065 ], [ 141.608989799999989, 38.8821533 ], [ 141.6111401, 38.8838971 ], [ 141.610196, 38.8855941 ], [ 141.611615, 38.8860932 ], [ 141.6130991, 38.8827932 ], [ 141.615439700000024, 38.8820669 ], [ 141.6155201, 38.8838217 ], [ 141.6146693, 38.8879205 ], [ 141.6210946, 38.8903092 ], [ 141.621033899999986, 38.8929055 ], [ 141.6238617, 38.8926838 ], [ 141.6271121, 38.8936925 ], [ 141.626195700000011, 38.8950934 ], [ 141.62406009999998, 38.8950172 ], [ 141.624688599999985, 38.8966591 ], [ 141.623434, 38.8998334 ], [ 141.624888, 38.8999621 ], [ 141.626021, 38.8979566 ], [ 141.6301957, 38.8960803 ], [ 141.6321836, 38.900172 ], [ 141.6312024, 38.9010305 ], [ 141.6331466, 38.9023722 ], [ 141.6375445, 38.9023234 ], [ 141.6344307, 38.8996633 ], [ 141.635386, 38.8960301 ], [ 141.637299399999989, 38.8937107 ], [ 141.635350499999987, 38.890439 ], [ 141.6361518, 38.8888305 ], [ 141.6384392, 38.8887885 ], [ 141.6410564, 38.8906183 ], [ 141.6409045, 38.8880602 ], [ 141.638174099999986, 38.8868113 ], [ 141.6380307, 38.8850981 ], [ 141.6389945, 38.8841777 ], [ 141.645175, 38.8828243 ], [ 141.642593399999981, 38.8798347 ], [ 141.6430629, 38.8787657 ], [ 141.647485599999982, 38.8800202 ], [ 141.6485765, 38.8791028 ], [ 141.6478577, 38.8773154 ], [ 141.6493064, 38.8741353 ], [ 141.6508881, 38.8732817 ], [ 141.649991799999981, 38.8702285 ], [ 141.652454299999988, 38.8681173 ], [ 141.6559155, 38.8662939 ], [ 141.6572908, 38.8667656 ], [ 141.65850039999998, 38.8651487 ], [ 141.657058899999981, 38.8639516 ], [ 141.6582908, 38.8617599 ], [ 141.660546899999986, 38.8616497 ], [ 141.661264599999981, 38.8636774 ], [ 141.6661942, 38.8625992 ], [ 141.66853519999998, 38.8614163 ], [ 141.669220199999984, 38.8595862 ], [ 141.6707154, 38.8583034 ], [ 141.67361219999998, 38.8570553 ], [ 141.674635, 38.8581717 ], [ 141.674665399999981, 38.8649132 ], [ 141.6730904, 38.8681805 ], [ 141.669987500000019, 38.8686134 ], [ 141.6704942, 38.8707152 ], [ 141.6691133, 38.8726599 ], [ 141.670774, 38.8739634 ], [ 141.667021799999986, 38.875625299999989 ], [ 141.6675694, 38.8765534 ], [ 141.6664241, 38.8781934 ], [ 141.663932599999981, 38.8785063 ], [ 141.6644867, 38.8808832 ], [ 141.662584899999985, 38.8817226 ], [ 141.664440399999989, 38.8846607 ], [ 141.6631314, 38.885535 ], [ 141.6624535, 38.8885739 ], [ 141.665036, 38.8905854 ], [ 141.6678039, 38.8891523 ], [ 141.667104099999989, 38.8929341 ], [ 141.6631136, 38.8927102 ], [ 141.662929, 38.8936307 ], [ 141.6651867, 38.8957703 ], [ 141.662587299999984, 38.8972533 ], [ 141.66066619999998, 38.896163699999988 ], [ 141.6570274, 38.8995296 ], [ 141.6540426, 38.9003398 ], [ 141.651878300000021, 38.9016616 ], [ 141.6510203, 38.9030232 ], [ 141.652368, 38.9067162 ], [ 141.649421099999984, 38.9087378 ], [ 141.6476102, 38.9116623 ], [ 141.6503303, 38.9120482 ], [ 141.6506398, 38.9170903 ], [ 141.653130299999987, 38.9190669 ], [ 141.651871900000032, 38.9198938 ], [ 141.649150500000019, 38.9203435 ], [ 141.6490996, 38.921691 ], [ 141.646374, 38.923009 ], [ 141.6444885, 38.9227546 ], [ 141.644242099999985, 38.9240895 ], [ 141.6450141, 38.9258815 ], [ 141.641356299999984, 38.9284 ], [ 141.6405805, 38.9271028 ], [ 141.6379456, 38.9272981 ], [ 141.6365586, 38.9292679 ], [ 141.635100599999987, 38.9293318 ], [ 141.634577299999989, 38.9313395 ], [ 141.6370187, 38.9321507 ], [ 141.6396583, 38.9315797 ], [ 141.640267599999987, 38.9330321 ], [ 141.6429843, 38.9331632 ], [ 141.643263599999983, 38.9348036 ], [ 141.642192099999988, 38.9362443 ], [ 141.6418414, 38.9389361 ], [ 141.6430283, 38.9389143 ], [ 141.6444785, 38.9414687 ], [ 141.6433396, 38.9421699 ], [ 141.6402301, 38.9420223 ], [ 141.6388269, 38.9433117 ], [ 141.639393899999988, 38.9459165 ], [ 141.6378575, 38.9460548 ], [ 141.637425399999984, 38.9474732 ], [ 141.6340456, 38.9505287 ], [ 141.6313477, 38.9542587 ], [ 141.6319326, 38.9576604 ], [ 141.6340851, 38.9580052 ], [ 141.6354691, 38.9560712 ], [ 141.6400414, 38.9555547 ], [ 141.641775599999988, 38.9560373 ], [ 141.6414778, 38.9586948 ], [ 141.6391437, 38.9604113 ], [ 141.639278, 38.9619205 ], [ 141.6368565, 38.9628749 ], [ 141.6331327, 38.9624312 ], [ 141.6320498, 38.9633852 ], [ 141.6347778, 38.9653552 ], [ 141.6346002, 38.967613 ], [ 141.6321572, 38.9696342 ], [ 141.631722699999983, 38.9707043 ], [ 141.6292091, 38.9702476 ], [ 141.624489499999981, 38.9714505 ], [ 141.619234799999987, 38.9741092 ], [ 141.6169035, 38.9768581 ], [ 141.6141628, 38.9780259 ], [ 141.6059773, 38.9838691 ], [ 141.6050453, 38.9851358 ], [ 141.6013854, 38.9862753 ], [ 141.5974655, 38.9863237 ], [ 141.5951604, 38.986927 ], [ 141.5922692, 38.9868562 ], [ 141.5869387, 38.9886932 ], [ 141.584041899999988, 38.9887038 ], [ 141.5802233, 38.9867761 ], [ 141.5761856, 38.9867922 ], [ 141.5745384, 38.9872925 ], [ 141.5711351, 38.9910507 ], [ 141.568841099999986, 38.9948729 ], [ 141.5669943, 38.9959833 ], [ 141.5633115, 38.9944055 ], [ 141.5602754, 38.9938228 ], [ 141.557130199999989, 38.9957943 ], [ 141.5553519, 38.9950346 ], [ 141.552903499999985, 38.9948354 ], [ 141.5498409, 38.9954544 ], [ 141.548165900000015, 38.9963061 ], [ 141.5438484, 38.9952289 ], [ 141.5429361, 38.9956856 ], [ 141.540701100000035, 38.994754799999988 ], [ 141.5369063, 38.9953857 ], [ 141.53247589999998, 38.9945407 ], [ 141.523134199999987, 38.9913459 ], [ 141.5210769, 38.9937623 ], [ 141.5193854, 38.9949971 ], [ 141.516624399999984, 38.9982263 ], [ 141.5184382, 39.0007416 ], [ 141.5178785, 39.001658 ], [ 141.5122556, 39.0021436 ], [ 141.508553, 39.0027187 ], [ 141.5068389, 38.999822 ], [ 141.502597399999985, 39.0001932 ], [ 141.500346799999988, 38.999196 ], [ 141.4965159, 38.998570799999989 ], [ 141.492382, 38.9989597 ], [ 141.489775, 38.9973495 ], [ 141.4888923, 38.9947747 ], [ 141.4872829, 38.9935323 ], [ 141.4869469, 38.9910381 ], [ 141.4858841, 38.9899284 ], [ 141.486332799999985, 38.9882973 ], [ 141.4843362, 38.9857847 ], [ 141.4841604, 38.9847681 ], [ 141.4853886, 38.9826981 ], [ 141.48355429999998, 38.9783153 ], [ 141.4851938, 38.976003 ], [ 141.486489299999988, 38.9712327 ], [ 141.4881297, 38.9698821 ], [ 141.488881099999986, 38.9683052 ], [ 141.490242699999982, 38.9624523 ], [ 141.489292799999987, 38.9605796 ], [ 141.4903457, 38.9570876 ], [ 141.4919188, 38.9569106 ], [ 141.493963399999984, 38.9553497 ], [ 141.490183, 38.9499756 ], [ 141.491531700000024, 38.9487334 ], [ 141.490456, 38.9431647 ], [ 141.4871145, 38.9386373 ], [ 141.4855723, 38.9357284 ], [ 141.4855605, 38.9322847 ], [ 141.4880646, 38.9281208 ], [ 141.488332499999984, 38.9267641 ], [ 141.4898478, 38.9253524 ], [ 141.489916199999982, 38.9240205 ], [ 141.492109699999986, 38.9216243 ], [ 141.4914584, 38.9194513 ], [ 141.489384, 38.9174483 ], [ 141.492126899999988, 38.9147921 ], [ 141.4919147, 38.9130399 ], [ 141.49038539999998, 38.9108815 ], [ 141.4890888, 38.9070337 ], [ 141.485028799999981, 38.904641 ], [ 141.482776699999988, 38.9023155 ], [ 141.4802994, 38.901834699999988 ], [ 141.4782803, 38.8998494 ], [ 141.475836099999981, 38.8991375 ], [ 141.472710799999987, 38.8975114 ], [ 141.4705428, 38.8949389 ], [ 141.4673769, 38.8945023 ], [ 141.4661872, 38.8936629 ], [ 141.4654756, 38.8910387 ], [ 141.4673027, 38.8882198 ], [ 141.4660384, 38.8854384 ], [ 141.4609906, 38.8835773 ], [ 141.459028599999982, 38.8815257 ], [ 141.4536769, 38.8789416 ], [ 141.4511076, 38.8763171 ], [ 141.4506931, 38.8751435 ], [ 141.4512669, 38.8710946 ], [ 141.45201, 38.8701929 ], [ 141.4528815, 38.8667724 ], [ 141.4540816, 38.8655473 ], [ 141.4526694, 38.8625523 ], [ 141.455706, 38.8603001 ], [ 141.4637759, 38.8584383 ], [ 141.465739899999988, 38.8573883 ], [ 141.4660178, 38.855965499999989 ], [ 141.463890599999985, 38.8530111 ], [ 141.461628599999983, 38.8515558 ], [ 141.459263, 38.851075 ], [ 141.4569952, 38.8497806 ], [ 141.4545966, 38.8472509 ], [ 141.4530211, 38.8431939 ], [ 141.449834899999985, 38.8373898 ], [ 141.4501075, 38.8327003 ], [ 141.4519235, 38.8312006 ], [ 141.452058599999987, 38.8279736 ], [ 141.4538301, 38.8246581 ], [ 141.454546, 38.8214025 ], [ 141.453075499999983, 38.8187447 ], [ 141.454028699999981, 38.8168036 ], [ 141.455401199999983, 38.81604 ], [ 141.4590914, 38.8152413 ], [ 141.4586725, 38.8139602 ], [ 141.4570383, 38.8124244 ], [ 141.454345, 38.8108977 ], [ 141.4515046, 38.8118747 ], [ 141.4464309, 38.8104709 ], [ 141.442846799999984, 38.8113926 ], [ 141.4409607, 38.8113332 ], [ 141.437348, 38.8128399 ], [ 141.4354736, 38.8115938 ], [ 141.4329932, 38.8111372 ], [ 141.4318629, 38.8121874 ], [ 141.4294151, 38.8106011 ], [ 141.431453, 38.8065597 ], [ 141.4332392, 38.8076061 ], [ 141.436159299999986, 38.8057799 ], [ 141.4367053, 38.801426 ], [ 141.43464419999998, 38.7985588 ], [ 141.4341331, 38.7965627 ], [ 141.4326787, 38.7940055 ], [ 141.4332518, 38.7928149 ], [ 141.432532399999985, 38.7915852 ], [ 141.433991700000036, 38.7900116 ], [ 141.4357771, 38.7867507 ], [ 141.4386916, 38.7869804 ], [ 141.439795, 38.7856187 ], [ 141.4379639, 38.7830798 ], [ 141.434992699999981, 38.7825315 ], [ 141.4315004, 38.7832896 ], [ 141.4297129, 38.7823363 ], [ 141.4295429, 38.7810158 ], [ 141.4253142, 38.7813153 ], [ 141.421387399999986, 38.7795364 ], [ 141.4211353, 38.7778559 ], [ 141.4222892, 38.776547 ], [ 141.422910100000024, 38.774603899999988 ], [ 141.423056299999985, 38.7718395 ], [ 141.420738799999981, 38.7708548 ], [ 141.4174562, 38.7708943 ], [ 141.4146204, 38.768344 ], [ 141.4101325, 38.7678144 ], [ 141.407636599999989, 38.7654724 ], [ 141.4064942, 38.7626647 ], [ 141.404133, 38.7616441 ], [ 141.40231559999998, 38.7589903 ], [ 141.4004414, 38.7586761 ], [ 141.3988244, 38.7566812 ], [ 141.4019499, 38.7542197 ], [ 141.4033168, 38.754395 ], [ 141.40418360000001, 38.7520783 ], [ 141.403567899999985, 38.7487075 ], [ 141.4069595, 38.7432997 ], [ 141.411336399999982, 38.7417502 ], [ 141.4140684, 38.7396313 ], [ 141.4144229, 38.7389076 ], [ 141.4118943, 38.7359105 ], [ 141.4107468, 38.7361899 ], [ 141.405838099999983, 38.7359156 ], [ 141.4020449, 38.7344953 ], [ 141.4001388, 38.7343962 ], [ 141.398868, 38.7333701 ], [ 141.396339, 38.7328237 ], [ 141.3920726, 38.7309971 ], [ 141.3934735, 38.7282693 ], [ 141.3933308, 38.7258407 ], [ 141.39108109999998, 38.7254544 ], [ 141.389408299999985, 38.7237805 ], [ 141.384940699999987, 38.7236356 ], [ 141.3836632, 38.7221625 ], [ 141.3803628, 38.7215473 ], [ 141.3779313, 38.7223731 ], [ 141.3778989, 38.7201454 ], [ 141.374268, 38.7188065 ], [ 141.372452399999986, 38.7191771 ], [ 141.3686773, 38.7188099 ], [ 141.369407100000018, 38.716063 ], [ 141.3686921, 38.7148074 ], [ 141.371773499999989, 38.7106577 ], [ 141.3718144, 38.7092671 ], [ 141.369968299999982, 38.7071349 ], [ 141.37045089999998, 38.7049986 ], [ 141.3698571, 38.7035694 ], [ 141.371208599999989, 38.7017113 ], [ 141.370151199999981, 38.6987024 ], [ 141.3716958, 38.6953438 ], [ 141.371033899999986, 38.6926377 ], [ 141.3677291, 38.6898581 ], [ 141.3712204, 38.6893586 ], [ 141.372240200000022, 38.6880238 ], [ 141.3743197, 38.6891819 ], [ 141.3747481, 38.685708 ], [ 141.373294, 38.6820686 ], [ 141.3721184, 38.6820686 ], [ 141.372669, 38.6791855 ], [ 141.3725068, 38.6767058 ], [ 141.374806400000011, 38.6770663 ], [ 141.37552, 38.6763899 ], [ 141.378999599999986, 38.6764835 ], [ 141.380644, 38.6769974 ], [ 141.3821188, 38.6759162 ], [ 141.383668, 38.6758232 ], [ 141.3841708, 38.6743537 ], [ 141.3857409, 38.6737443 ], [ 141.38570009999998, 38.6719523 ], [ 141.383695599999982, 38.6704432 ], [ 141.3821328, 38.6701235 ], [ 141.3796245, 38.6678166 ], [ 141.37675969999998, 38.6677877 ], [ 141.376195, 38.6660222 ], [ 141.3772756, 38.6633577 ], [ 141.3762854, 38.6611588 ], [ 141.375450699999988, 38.6574124 ], [ 141.3761385, 38.6561636 ], [ 141.3758111, 38.6540803 ], [ 141.3781195, 38.6508733 ], [ 141.379314599999987, 38.6508283 ], [ 141.380485199999981, 38.6478813 ], [ 141.3861413, 38.6459071 ], [ 141.387827499999986, 38.6434448 ], [ 141.388597, 38.6405946 ], [ 141.3904224, 38.6384984 ], [ 141.3896536, 38.6363504 ], [ 141.3919209, 38.6330601 ], [ 141.392223699999988, 38.6315417 ], [ 141.3940819, 38.6306173 ], [ 141.393934699999988, 38.6291373 ], [ 141.395620900000011, 38.6268484 ], [ 141.3973971, 38.6256125 ], [ 141.403470699999986, 38.6243316 ], [ 141.4024312, 38.620855 ], [ 141.39995159999998, 38.6162675 ], [ 141.4001975, 38.6127972 ], [ 141.3993547, 38.6106786 ], [ 141.40148259999998, 38.6093944 ], [ 141.4067456, 38.6096994 ], [ 141.40934009999998, 38.6110255 ], [ 141.4101996, 38.6098121 ], [ 141.4159376, 38.6056454 ], [ 141.41331839999998, 38.6049454 ], [ 141.4089233, 38.6031252 ], [ 141.4071308, 38.6018252 ], [ 141.4062961, 38.5996966 ], [ 141.4067053, 38.5979824 ], [ 141.4088337, 38.5970035 ], [ 141.4106343, 38.5969488 ], [ 141.411903, 38.5977835 ], [ 141.4148906, 38.5965863 ], [ 141.415169, 38.5954113 ], [ 141.4168716, 38.5939315 ], [ 141.4200308, 38.5940504 ], [ 141.426063299999981, 38.5931033 ], [ 141.4317681, 38.5965836 ], [ 141.436629899999986, 38.5975338 ], [ 141.4371946, 38.5992896 ], [ 141.438880499999982, 38.6004068 ], [ 141.4402883, 38.6003171 ], [ 141.4439309, 38.6018287 ], [ 141.4437589, 38.6028048 ], [ 141.4462471, 38.6031356 ], [ 141.448022899999984, 38.6041437 ], [ 141.446173, 38.6083617 ], [ 141.4474658, 38.6094598 ], [ 141.4518287, 38.6096297 ], [ 141.4530646, 38.6104453 ], [ 141.456772199999989, 38.6097488 ], [ 141.457852799999984, 38.6100377 ], [ 141.4587942, 38.6123457 ], [ 141.4609625, 38.6149433 ], [ 141.4632873, 38.6151229 ], [ 141.4672324, 38.6166351 ], [ 141.4694666, 38.618044 ], [ 141.470137699999981, 38.6193956 ], [ 141.474303599999985, 38.6208498 ], [ 141.48192419999998, 38.6196494 ], [ 141.4847235, 38.6195469 ], [ 141.4857302, 38.6186447 ], [ 141.4884475, 38.6205485 ], [ 141.4900845, 38.6205677 ], [ 141.493497599999984, 38.6229274 ], [ 141.4950283, 38.6208054 ], [ 141.497267, 38.6195384 ], [ 141.498490799999985, 38.617279 ], [ 141.5003992, 38.6170654 ], [ 141.5039788, 38.6154723 ], [ 141.5084531, 38.6147869 ], [ 141.5090681, 38.6169231 ], [ 141.5141295, 38.6220338 ], [ 141.514136399999984, 38.6231308 ], [ 141.5161219, 38.6262621 ], [ 141.518715600000036, 38.6276527 ], [ 141.5211761, 38.6311541 ], [ 141.523042799999985, 38.6324237 ] ] ], [ [ [ 141.6440863, 38.8419411 ], [ 141.6420981, 38.8452899 ], [ 141.6413235, 38.8453803 ], [ 141.640451, 38.8447581 ], [ 141.641104600000034, 38.8422742 ], [ 141.642327199999983, 38.8411803 ], [ 141.6440863, 38.8419411 ] ] ], [ [ [ 141.6397528, 38.8514743 ], [ 141.6389529, 38.8519301 ], [ 141.6382372, 38.8494023 ], [ 141.639913799999988, 38.8485737 ], [ 141.6397528, 38.8514743 ] ] ], [ [ [ 141.627601799999979, 38.8828217 ], [ 141.624400399999985, 38.8843846 ], [ 141.624302699999987, 38.8854066 ], [ 141.6222004, 38.8847662 ], [ 141.622734799999989, 38.8826094 ], [ 141.6185427, 38.8787096 ], [ 141.613880699999982, 38.8777782 ], [ 141.611386399999986, 38.8783318 ], [ 141.606455899999986, 38.8770752 ], [ 141.6048131, 38.8774538 ], [ 141.603823399999982, 38.8751482 ], [ 141.602099399999986, 38.8739067 ], [ 141.6031486, 38.8705588 ], [ 141.6047657, 38.8701005 ], [ 141.6057207, 38.8679815 ], [ 141.6070916, 38.8668794 ], [ 141.6109885, 38.8661895 ], [ 141.6129292, 38.8653921 ], [ 141.6128823, 38.8641266 ], [ 141.608574399999981, 38.8642496 ], [ 141.6062844, 38.8636712 ], [ 141.6050806, 38.8624464 ], [ 141.6047054, 38.8604043 ], [ 141.606665099999987, 38.8582912 ], [ 141.6067089, 38.8554015 ], [ 141.6093103, 38.8542714 ], [ 141.611172499999981, 38.8522894 ], [ 141.6113145, 38.8510635 ], [ 141.613358100000028, 38.8497146 ], [ 141.6140998, 38.8476436 ], [ 141.611222, 38.8470031 ], [ 141.6116978, 38.8457666 ], [ 141.614015599999988, 38.8448588 ], [ 141.6174993, 38.8415048 ], [ 141.61765459999998, 38.8400748 ], [ 141.6162965, 38.8396346 ], [ 141.6173781, 38.8374247 ], [ 141.6193063, 38.8378234 ], [ 141.6213919, 38.8357083 ], [ 141.623582299999981, 38.8348439 ], [ 141.6226953, 38.8331564 ], [ 141.6241956, 38.8302432 ], [ 141.6252212, 38.8310863 ], [ 141.6241622, 38.8324391 ], [ 141.6263298, 38.8350448 ], [ 141.6282334, 38.8397378 ], [ 141.629194, 38.8402858 ], [ 141.633098599999983, 38.8394316 ], [ 141.6362471, 38.839188 ], [ 141.637367899999987, 38.8408678 ], [ 141.6346668, 38.8426582 ], [ 141.633466699999985, 38.846763599999989 ], [ 141.636331399999989, 38.8484903 ], [ 141.6322027, 38.8487959 ], [ 141.628232699999984, 38.847819799999989 ], [ 141.626189499999981, 38.8482262 ], [ 141.625067699999988, 38.849591599999989 ], [ 141.6228332, 38.8505263 ], [ 141.622255599999988, 38.8521133 ], [ 141.62302, 38.8541966 ], [ 141.6274867, 38.8552597 ], [ 141.627081799999985, 38.8563711 ], [ 141.6246472, 38.8581951 ], [ 141.623131699999988, 38.8582626 ], [ 141.6222267, 38.8598792 ], [ 141.6222851, 38.8615424 ], [ 141.62486149999998, 38.8639321 ], [ 141.6304726, 38.8647163 ], [ 141.6330307, 38.8654901 ], [ 141.6335033, 38.8672339 ], [ 141.6312733, 38.8724118 ], [ 141.6322022, 38.8738143 ], [ 141.634512799999982, 38.8742603 ], [ 141.63371429999998, 38.8756226 ], [ 141.631927499999989, 38.8756249 ], [ 141.6313647, 38.8775647 ], [ 141.6268206, 38.8794572 ], [ 141.628389, 38.8807261 ], [ 141.627601799999979, 38.8828217 ] ] ] ] } },
{ "type": "Feature", "properties": { "hokenjo": "石巻" }, "geometry": { "type": "MultiPolygon", "coordinates": [ [ [ [ 141.4749444, 38.2806941 ], [ 141.474424199999987, 38.2820706 ], [ 141.4716747, 38.2823748 ], [ 141.4702662, 38.2836405 ], [ 141.4688143, 38.2828321 ], [ 141.4685246, 38.2813685 ], [ 141.4667478, 38.2804624 ], [ 141.463638, 38.2822469 ], [ 141.4604852, 38.2832208 ], [ 141.4597603, 38.2810135 ], [ 141.4630589, 38.2783638 ], [ 141.463335699999988, 38.2768437 ], [ 141.4616202, 38.2753538 ], [ 141.45951789999998, 38.2744707 ], [ 141.4593304, 38.2720451 ], [ 141.4576074, 38.270132 ], [ 141.4574696, 38.2684869 ], [ 141.4586186, 38.2678103 ], [ 141.4643269, 38.2690373 ], [ 141.4665037, 38.2686266 ], [ 141.4669216, 38.2673641 ], [ 141.4647781, 38.2656469 ], [ 141.465816499999988, 38.2649129 ], [ 141.4671866, 38.2666136 ], [ 141.469350099999986, 38.2655959 ], [ 141.4724367, 38.2634774 ], [ 141.4738343, 38.2576742 ], [ 141.475475099999983, 38.2559237 ], [ 141.474896, 38.2551308 ], [ 141.475723099999982, 38.2525819 ], [ 141.4783789, 38.2516594 ], [ 141.479038, 38.2506305 ], [ 141.4812126, 38.251844 ], [ 141.4836076, 38.2510666 ], [ 141.4850339, 38.2497511 ], [ 141.488192699999985, 38.2510899 ], [ 141.4899936, 38.2493483 ], [ 141.493784399999981, 38.2511906 ], [ 141.495735699999983, 38.2501308 ], [ 141.495117, 38.2487607 ], [ 141.498765099999986, 38.2461169 ], [ 141.5006386, 38.2460347 ], [ 141.5010012, 38.2475184 ], [ 141.496668699999987, 38.2506964 ], [ 141.4981756, 38.2535116 ], [ 141.4971621, 38.2553951 ], [ 141.4955099, 38.255376 ], [ 141.493842199999989, 38.2564783 ], [ 141.492136, 38.2594606 ], [ 141.489583899999985, 38.2596686 ], [ 141.4892734, 38.261553 ], [ 141.490204899999981, 38.2634596 ], [ 141.4889746, 38.2656512 ], [ 141.48904109999998, 38.267202 ], [ 141.487423799999988, 38.2681103 ], [ 141.487136, 38.2705227 ], [ 141.4856996, 38.2717641 ], [ 141.4839055, 38.2722163 ], [ 141.4833612, 38.2744268 ], [ 141.481759399999987, 38.2757008 ], [ 141.481682799999987, 38.2778011 ], [ 141.4795272, 38.2793994 ], [ 141.4772888, 38.2795301 ], [ 141.4749444, 38.2806941 ] ] ], [ [ [ 141.4204533, 38.3106263 ], [ 141.4188565, 38.3107535 ], [ 141.418071800000035, 38.3119045 ], [ 141.41623, 38.3122097 ], [ 141.415321299999988, 38.3101662 ], [ 141.4133071, 38.3097171 ], [ 141.411232399999989, 38.3085326 ], [ 141.409535, 38.3049494 ], [ 141.4102677, 38.3016051 ], [ 141.411447, 38.3013441 ], [ 141.412815099999989, 38.2993233 ], [ 141.410509099999985, 38.2959288 ], [ 141.4093743, 38.2953475 ], [ 141.4065185, 38.290387 ], [ 141.406465699999984, 38.288844 ], [ 141.4078652, 38.2879007 ], [ 141.4090956, 38.2858001 ], [ 141.4123668, 38.2865317 ], [ 141.41523140000001, 38.2886129 ], [ 141.417446899999987, 38.2892609 ], [ 141.420772200000016, 38.2887263 ], [ 141.4227515, 38.2889386 ], [ 141.4240116, 38.2915184 ], [ 141.426611899999983, 38.2924039 ], [ 141.4289349, 38.2923583 ], [ 141.4284295, 38.2941847 ], [ 141.4266309, 38.2934341 ], [ 141.424283799999984, 38.2945736 ], [ 141.423955899999982, 38.2970676 ], [ 141.4229114, 38.2983968 ], [ 141.422779099999985, 38.3005213 ], [ 141.421488399999987, 38.300974 ], [ 141.420243699999986, 38.3030752 ], [ 141.4209913, 38.3048316 ], [ 141.4195881, 38.3060732 ], [ 141.4221901, 38.3071855 ], [ 141.4209022, 38.3082109 ], [ 141.4216619, 38.3094854 ], [ 141.4204533, 38.3106263 ] ] ], [ [ [ 141.160496099999989, 38.3185906 ], [ 141.1590861, 38.3190451 ], [ 141.158992899999987, 38.3208258 ], [ 141.1579739, 38.3212559 ], [ 141.155312899999984, 38.3207207 ], [ 141.156026, 38.3178818 ], [ 141.157562899999988, 38.3170679 ], [ 141.1613056, 38.3172214 ], [ 141.160496099999989, 38.3185906 ] ] ], [ [ [ 141.1578347, 38.3477539 ], [ 141.156466, 38.349452 ], [ 141.1582637, 38.3532182 ], [ 141.155622, 38.3541575 ], [ 141.1502518, 38.356676 ], [ 141.1480578, 38.3557074 ], [ 141.1464, 38.3567575 ], [ 141.1448002, 38.354593 ], [ 141.1414461, 38.3550109 ], [ 141.140569199999987, 38.3538702 ], [ 141.142199800000014, 38.3522636 ], [ 141.141608, 38.3509143 ], [ 141.142893, 38.3486868 ], [ 141.1463678, 38.3463174 ], [ 141.1460186, 38.3451113 ], [ 141.14939339999998, 38.3421799 ], [ 141.1482081, 38.3404088 ], [ 141.147996, 38.3386972 ], [ 141.145430399999981, 38.3385753 ], [ 141.143364599999984, 38.3401831 ], [ 141.1411975, 38.3389463 ], [ 141.1383004, 38.3395854 ], [ 141.1362862, 38.3393255 ], [ 141.1362332, 38.3406093 ], [ 141.13339449999998, 38.3400784 ], [ 141.131508, 38.3386967 ], [ 141.1342137, 38.3357242 ], [ 141.13484889999998, 38.3335401 ], [ 141.136631599999987, 38.3305549 ], [ 141.136282199999982, 38.3290233 ], [ 141.1383836, 38.328556899999988 ], [ 141.1396761, 38.3272877 ], [ 141.1409587, 38.3247651 ], [ 141.1464799, 38.3250292 ], [ 141.1450836, 38.3267248 ], [ 141.142215599999986, 38.3288718 ], [ 141.1390609, 38.3295527 ], [ 141.1437243, 38.3318854 ], [ 141.1462687, 38.3337936 ], [ 141.1487754, 38.3340977 ], [ 141.1495884, 38.3331915 ], [ 141.1483673, 38.3314714 ], [ 141.1456546, 38.3304957 ], [ 141.1488381, 38.3267217 ], [ 141.151006599999988, 38.3260319 ], [ 141.150881199999986, 38.3246434 ], [ 141.154161099999982, 38.3227298 ], [ 141.156106199999982, 38.3221802 ], [ 141.1561965, 38.3245635 ], [ 141.158320299999986, 38.3250226 ], [ 141.159874299999984, 38.3269831 ], [ 141.1614794, 38.3277649 ], [ 141.1665146, 38.3273542 ], [ 141.1667344, 38.3258904 ], [ 141.169252700000015, 38.3259153 ], [ 141.169364299999984, 38.3240309 ], [ 141.17378, 38.3235489 ], [ 141.1761885, 38.3218304 ], [ 141.177845499999989, 38.3243527 ], [ 141.175846299999989, 38.3253405 ], [ 141.17404449999998, 38.3250973 ], [ 141.17167809999998, 38.3259551 ], [ 141.1700768, 38.3286723 ], [ 141.166834, 38.3319863 ], [ 141.166595699999988, 38.3332988 ], [ 141.168171299999983, 38.3371111 ], [ 141.168374699999987, 38.3391889 ], [ 141.167616899999985, 38.3423547 ], [ 141.1641847, 38.3449903 ], [ 141.164110599999987, 38.3495309 ], [ 141.162364, 38.352436 ], [ 141.161312, 38.3503249 ], [ 141.162311599999981, 38.3492498 ], [ 141.1599373, 38.3472461 ], [ 141.160058, 38.3458928 ], [ 141.1619466, 38.3417441 ], [ 141.1609899, 38.341368 ], [ 141.157855899999987, 38.3452599 ], [ 141.1578347, 38.3477539 ] ] ], [ [ [ 141.1657057, 38.3538975 ], [ 141.163164600000016, 38.3557676 ], [ 141.163197699999984, 38.3538669 ], [ 141.1657057, 38.3538975 ] ] ], [ [ [ 141.423223799999988, 38.3766546 ], [ 141.427097799999984, 38.3799543 ], [ 141.424381399999987, 38.3794928 ], [ 141.4206623, 38.3808137 ], [ 141.419573899999989, 38.3802673 ], [ 141.418022, 38.3767961 ], [ 141.4216069, 38.3775473 ], [ 141.423223799999988, 38.3766546 ] ] ], [ [ [ 141.377167499999985, 38.38327 ], [ 141.375942, 38.3812125 ], [ 141.3788179, 38.3813717 ], [ 141.377167499999985, 38.38327 ] ] ], [ [ [ 141.2162472, 38.3957453 ], [ 141.2302645, 38.4009497 ], [ 141.2428238, 38.4044286 ], [ 141.2483401, 38.4056702 ], [ 141.258325899999988, 38.408261 ], [ 141.261055299999981, 38.4085314 ], [ 141.266532499999983, 38.4079797 ], [ 141.2661784, 38.4093892 ], [ 141.2687632, 38.4100428 ], [ 141.2660243, 38.4123423 ], [ 141.2657026, 38.4149483 ], [ 141.267237699999981, 38.4148882 ], [ 141.2666026, 38.4193867 ], [ 141.2734369, 38.4199489 ], [ 141.2738607, 38.4165212 ], [ 141.2755664, 38.4169581 ], [ 141.2753576, 38.4184784 ], [ 141.277732499999985, 38.418849 ], [ 141.285328199999981, 38.419428499999988 ], [ 141.2857042, 38.4162137 ], [ 141.2779751, 38.4155334 ], [ 141.2748454, 38.4144447 ], [ 141.275139699999983, 38.4122571 ], [ 141.273468, 38.4110284 ], [ 141.274053899999984, 38.4092079 ], [ 141.2795141, 38.4097957 ], [ 141.2798197, 38.4079147 ], [ 141.2822328, 38.4086315 ], [ 141.2860532, 38.4089974 ], [ 141.285574699999984, 38.4065455 ], [ 141.286785, 38.399633 ], [ 141.2947696, 38.4001336 ], [ 141.292893099999986, 38.4137385 ], [ 141.2934851, 38.4141284 ], [ 141.2991681, 38.4141959 ], [ 141.306315, 38.4148007 ], [ 141.3089588, 38.4146044 ], [ 141.310599199999984, 38.413176 ], [ 141.3137305, 38.4132041 ], [ 141.3150573, 38.411320499999988 ], [ 141.3165674, 38.407455 ], [ 141.317194199999989, 38.4115117 ], [ 141.324905199999989, 38.4119096 ], [ 141.3251167, 38.4092172 ], [ 141.3272528, 38.4095338 ], [ 141.327056199999987, 38.4120028 ], [ 141.3410548, 38.412656 ], [ 141.344607599999989, 38.4138963 ], [ 141.348577399999982, 38.4143441 ], [ 141.35657519999998, 38.414160599999988 ], [ 141.3634722, 38.4117251 ], [ 141.3639389, 38.4096353 ], [ 141.367215400000021, 38.4091723 ], [ 141.3689838, 38.4074142 ], [ 141.368260099999986, 38.4058567 ], [ 141.3677463, 38.4024174 ], [ 141.370180299999987, 38.4004006 ], [ 141.370161699999983, 38.3989725 ], [ 141.368013, 38.3944206 ], [ 141.368627799999985, 38.3935737 ], [ 141.3666297, 38.3905086 ], [ 141.3664843, 38.3894033 ], [ 141.364117599999986, 38.3894042 ], [ 141.3665533, 38.3860957 ], [ 141.369830399999984, 38.3843283 ], [ 141.371806099999986, 38.3845427 ], [ 141.3731785, 38.3832652 ], [ 141.3805987, 38.3851632 ], [ 141.380602499999981, 38.383617199999989 ], [ 141.385320600000028, 38.3847519 ], [ 141.3865, 38.3841207 ], [ 141.3881117, 38.38557 ], [ 141.390186200000016, 38.3863137 ], [ 141.391201199999983, 38.3888721 ], [ 141.392300799999987, 38.390226 ], [ 141.3946056, 38.3906479 ], [ 141.3952237, 38.3914939 ], [ 141.3973906, 38.3913307 ], [ 141.397530099999983, 38.3926562 ], [ 141.3999091, 38.3957171 ], [ 141.4016406, 38.395762 ], [ 141.4024164, 38.3969557 ], [ 141.402453899999983, 38.399289599999989 ], [ 141.407341799999983, 38.4028094 ], [ 141.4083953, 38.4040043 ], [ 141.410280199999988, 38.403111 ], [ 141.4104142, 38.3998823 ], [ 141.41157, 38.395444 ], [ 141.4136648, 38.3959568 ], [ 141.4136595, 38.3934859 ], [ 141.4146293, 38.3914793 ], [ 141.4156749, 38.3916677 ], [ 141.417418199999986, 38.394926 ], [ 141.41915, 38.3970201 ], [ 141.422128099999981, 38.3958638 ], [ 141.4261299, 38.3963298 ], [ 141.4300882, 38.3988811 ], [ 141.433065699999986, 38.3967085 ], [ 141.432721499999985, 38.3947451 ], [ 141.4311233, 38.3937337 ], [ 141.430676799999986, 38.3918969 ], [ 141.4288402, 38.3911992 ], [ 141.428233899999981, 38.3894504 ], [ 141.4267829, 38.3898066 ], [ 141.424960400000032, 38.3886013 ], [ 141.422706799999986, 38.3846804 ], [ 141.4255546, 38.3822829 ], [ 141.427650799999981, 38.3827517 ], [ 141.4285208, 38.3816174 ], [ 141.4307404, 38.3805651 ], [ 141.4328935, 38.3830436 ], [ 141.4373618, 38.3821367 ], [ 141.438758, 38.3798118 ], [ 141.4366102, 38.3780073 ], [ 141.4365066, 38.3767221 ], [ 141.4334742, 38.3760748 ], [ 141.433862, 38.3751884 ], [ 141.4320975, 38.3740424 ], [ 141.435578, 38.3734663 ], [ 141.436915699999986, 38.3720356 ], [ 141.4382407, 38.3741297 ], [ 141.4399582, 38.3754555 ], [ 141.4446758, 38.3757683 ], [ 141.4465735, 38.376366 ], [ 141.4505619, 38.3757618 ], [ 141.4539134, 38.3747854 ], [ 141.4550654, 38.3750873 ], [ 141.4579857, 38.3738604 ], [ 141.4585629, 38.3728334 ], [ 141.4546713, 38.3723342 ], [ 141.454024799999985, 38.371411 ], [ 141.4493565, 38.3712769 ], [ 141.4436144, 38.3705013 ], [ 141.4420539, 38.3690697 ], [ 141.4428504, 38.3675898 ], [ 141.4406162, 38.3650967 ], [ 141.4390233, 38.3650716 ], [ 141.4369499, 38.3660469 ], [ 141.435236299999985, 38.3659428 ], [ 141.432754099999983, 38.3641332 ], [ 141.4298785, 38.3647651 ], [ 141.4256335, 38.3590467 ], [ 141.4236213, 38.3557421 ], [ 141.4186377, 38.3545624 ], [ 141.4169081, 38.3559191 ], [ 141.416064899999981, 38.3539788 ], [ 141.4179939, 38.3531688 ], [ 141.418066399999987, 38.3504919 ], [ 141.420312699999982, 38.3495321 ], [ 141.4163624, 38.347401 ], [ 141.417575699999986, 38.3467969 ], [ 141.4198216, 38.3477813 ], [ 141.421878100000015, 38.3478387 ], [ 141.4209578, 38.3459968 ], [ 141.422333, 38.3442577 ], [ 141.4244689, 38.3464594 ], [ 141.427102599999984, 38.346894 ], [ 141.427869099999981, 38.3460846 ], [ 141.430110500000012, 38.3472211 ], [ 141.4316125, 38.3472497 ], [ 141.4335242, 38.3447649 ], [ 141.431269, 38.3418215 ], [ 141.4366138, 38.3415024 ], [ 141.4393483, 38.3441733 ], [ 141.4392813, 38.3458816 ], [ 141.4401454, 38.3476897 ], [ 141.442237, 38.3484064 ], [ 141.44150209999998, 38.34991 ], [ 141.444974699999989, 38.351677 ], [ 141.4450177, 38.353567 ], [ 141.4466064, 38.353847 ], [ 141.4482285, 38.3506519 ], [ 141.449627, 38.349544 ], [ 141.449210599999986, 38.3477345 ], [ 141.4503564, 38.3445791 ], [ 141.4491279, 38.3417415 ], [ 141.4505802, 38.340551 ], [ 141.452121, 38.3409459 ], [ 141.4532533, 38.3438847 ], [ 141.4546698, 38.3448075 ], [ 141.4534258, 38.346651799999989 ], [ 141.4537973, 38.3479434 ], [ 141.4569567, 38.3481062 ], [ 141.457354399999986, 38.3509807 ], [ 141.4621989, 38.3512515 ], [ 141.4622603, 38.3491257 ], [ 141.4633332, 38.3478013 ], [ 141.463436, 38.3441537 ], [ 141.4645909, 38.3430651 ], [ 141.465144, 38.3411776 ], [ 141.463303, 38.3355198 ], [ 141.465474, 38.335747 ], [ 141.4671203, 38.3342775 ], [ 141.4686011, 38.335439 ], [ 141.4731085, 38.3341687 ], [ 141.474294499999985, 38.3319844 ], [ 141.474098199999986, 38.3292933 ], [ 141.472172299999983, 38.3281782 ], [ 141.468411799999984, 38.3269275 ], [ 141.469389899999982, 38.325 ], [ 141.4674565, 38.3242507 ], [ 141.467446199999983, 38.3229852 ], [ 141.465237699999989, 38.322999 ], [ 141.4606511, 38.3219401 ], [ 141.458396599999986, 38.3222263 ], [ 141.454434099999986, 38.3199445 ], [ 141.453753399999982, 38.3185426 ], [ 141.4511513, 38.3175169 ], [ 141.449525199999982, 38.3157668 ], [ 141.450893399999984, 38.3148896 ], [ 141.455984699999988, 38.3151971 ], [ 141.45964619999998, 38.3125794 ], [ 141.4601045, 38.3104314 ], [ 141.4615109, 38.3088913 ], [ 141.4652446, 38.3073449 ], [ 141.4670198, 38.3059548 ], [ 141.4701125, 38.307994799999989 ], [ 141.470109600000029, 38.3102666 ], [ 141.469107799999989, 38.3137373 ], [ 141.4701403, 38.3153591 ], [ 141.4725248, 38.3127424 ], [ 141.474336699999981, 38.3121133 ], [ 141.474835899999988, 38.3083901 ], [ 141.479409300000015, 38.3066644 ], [ 141.484082, 38.3083491 ], [ 141.4873173, 38.3074926 ], [ 141.4895031, 38.3088373 ], [ 141.494035599999989, 38.3076952 ], [ 141.4971799, 38.304501 ], [ 141.4964434, 38.3029257 ], [ 141.4940383, 38.3013668 ], [ 141.495357499999983, 38.300494 ], [ 141.493777200000011, 38.2978061 ], [ 141.493440599999985, 38.2960093 ], [ 141.492073399999981, 38.2953685 ], [ 141.492285399999986, 38.2935314 ], [ 141.4960754, 38.2917194 ], [ 141.4978987, 38.2923583 ], [ 141.498653099999984, 38.2941056 ], [ 141.502174699999983, 38.2954165 ], [ 141.50386229999998, 38.2947975 ], [ 141.5066171, 38.298043 ], [ 141.509021099999984, 38.2967136 ], [ 141.5090413, 38.2936908 ], [ 141.5102379, 38.2913628 ], [ 141.5091808, 38.2894068 ], [ 141.5097413, 38.2859609 ], [ 141.509755899999988, 38.2834004 ], [ 141.5105394, 38.2827447 ], [ 141.509594099999987, 38.2809679 ], [ 141.5107411, 38.2799169 ], [ 141.5103068, 38.2781493 ], [ 141.5129896, 38.2745628 ], [ 141.5153713, 38.2751729 ], [ 141.516006899999979, 38.2736024 ], [ 141.519183, 38.2715304 ], [ 141.520742899999988, 38.2726895 ], [ 141.521713399999982, 38.2714477 ], [ 141.523375, 38.2716006 ], [ 141.5249226, 38.2732795 ], [ 141.523639799999984, 38.2750825 ], [ 141.5259759, 38.2752625 ], [ 141.5254946, 38.2767299 ], [ 141.5237708, 38.2786409 ], [ 141.525688799999983, 38.2798807 ], [ 141.5246439, 38.2820833 ], [ 141.5252462, 38.2846669 ], [ 141.5245478, 38.2853501 ], [ 141.5248369, 38.2887707 ], [ 141.5262122, 38.2898543 ], [ 141.5263286, 38.2943226 ], [ 141.5256196, 38.2959329 ], [ 141.528417499999989, 38.2966098 ], [ 141.528113599999983, 38.2985769 ], [ 141.530482299999989, 38.3011539 ], [ 141.536949099999987, 38.3008068 ], [ 141.538765399999988, 38.3023278 ], [ 141.5399142, 38.3045976 ], [ 141.5410142, 38.3080619 ], [ 141.5406501, 38.309711 ], [ 141.5413485, 38.3126512 ], [ 141.540373599999981, 38.3137124 ], [ 141.540631100000013, 38.316677 ], [ 141.53959949999998, 38.317092 ], [ 141.5396307, 38.319223699999988 ], [ 141.5380002, 38.3188349 ], [ 141.532761099999988, 38.3188157 ], [ 141.530987, 38.3195133 ], [ 141.5319083, 38.3210825 ], [ 141.5282329, 38.3215203 ], [ 141.526852099999985, 38.3237375 ], [ 141.525132499999984, 38.3243012 ], [ 141.524655699999983, 38.3257356 ], [ 141.5262209, 38.3286863 ], [ 141.5275749, 38.3293622 ], [ 141.5310505, 38.3294592 ], [ 141.529869, 38.332538 ], [ 141.5316335, 38.3336886 ], [ 141.5328192, 38.3384673 ], [ 141.534359099999989, 38.339351 ], [ 141.532407799999987, 38.3422916 ], [ 141.5308172, 38.3424456 ], [ 141.5288103, 38.3438528 ], [ 141.5272482, 38.345736 ], [ 141.5258433, 38.3459281 ], [ 141.5244141, 38.3474369 ], [ 141.523902, 38.3495963 ], [ 141.522786699999983, 38.3511162 ], [ 141.5241346, 38.3530644 ], [ 141.522835, 38.3543831 ], [ 141.523812599999985, 38.3557042 ], [ 141.5226477, 38.3574217 ], [ 141.5204483, 38.3579878 ], [ 141.5194028, 38.3592496 ], [ 141.521493, 38.3623874 ], [ 141.518321499999985, 38.3627139 ], [ 141.519705099999982, 38.366531 ], [ 141.518426, 38.3676956 ], [ 141.514897, 38.3687717 ], [ 141.5143117, 38.370816 ], [ 141.5129552, 38.3707772 ], [ 141.509194399999984, 38.3694674 ], [ 141.5064868, 38.370826099999988 ], [ 141.5056075, 38.3705291 ], [ 141.5021406, 38.3711827 ], [ 141.5019115, 38.3699754 ], [ 141.499586699999981, 38.3685601 ], [ 141.497516499999989, 38.3686377 ], [ 141.494130499999983, 38.3708317 ], [ 141.4900207, 38.3674928 ], [ 141.487505699999986, 38.3680425 ], [ 141.485892, 38.3690482 ], [ 141.484205799999984, 38.371299 ], [ 141.4834381, 38.3732611 ], [ 141.4817612, 38.3731668 ], [ 141.481324299999983, 38.3754959 ], [ 141.484595499999983, 38.3800019 ], [ 141.4866265, 38.3802917 ], [ 141.4886286, 38.3794489 ], [ 141.489786800000019, 38.3804562 ], [ 141.49175, 38.3799418 ], [ 141.4945562, 38.3821027 ], [ 141.497479699999985, 38.3822979 ], [ 141.5009832, 38.3830861 ], [ 141.5024175, 38.3820436 ], [ 141.504798099999988, 38.3843714 ], [ 141.5064693, 38.3837596 ], [ 141.5058967, 38.3863424 ], [ 141.507197599999984, 38.3876197 ], [ 141.508508299999988, 38.3873288 ], [ 141.5094249, 38.389002 ], [ 141.507702699999982, 38.389697 ], [ 141.5093961, 38.3910428 ], [ 141.5118522, 38.3915656 ], [ 141.5153775, 38.3905961 ], [ 141.5167669, 38.3895806 ], [ 141.515887099999986, 38.3869529 ], [ 141.5170502, 38.3869432 ], [ 141.5192745, 38.3885436 ], [ 141.523131399999983, 38.3894257 ], [ 141.5241044, 38.3900228 ], [ 141.526574, 38.3891539 ], [ 141.5260908, 38.3861907 ], [ 141.5266602, 38.3845037 ], [ 141.528596099999987, 38.3836184 ], [ 141.528998, 38.3816705 ], [ 141.530610199999984, 38.3814885 ], [ 141.531889299999989, 38.3834917 ], [ 141.5334374, 38.3840807 ], [ 141.5331357, 38.3867824 ], [ 141.5362002, 38.3872369 ], [ 141.5405568, 38.3896558 ], [ 141.538470599999982, 38.3900086 ], [ 141.5377446, 38.3913909 ], [ 141.5377933, 38.3942691 ], [ 141.539949299999989, 38.394818 ], [ 141.5384502, 38.3964439 ], [ 141.5382984, 38.3998347 ], [ 141.5387101, 38.4008098 ], [ 141.5346635, 38.4019997 ], [ 141.533391699999981, 38.4016861 ], [ 141.5323214, 38.4001822 ], [ 141.532217799999984, 38.3981363 ], [ 141.5302011, 38.397006 ], [ 141.5285534, 38.3983177 ], [ 141.5269003, 38.396636699999988 ], [ 141.5237838, 38.3972376 ], [ 141.5234154, 38.3955541 ], [ 141.5218971, 38.3942315 ], [ 141.513892799999979, 38.3929237 ], [ 141.512498, 38.3942097 ], [ 141.5129952, 38.3959206 ], [ 141.511933299999981, 38.3963214 ], [ 141.5116629, 38.3984401 ], [ 141.5091591, 38.3984739 ], [ 141.5083005, 38.3971377 ], [ 141.506178799999986, 38.3975772 ], [ 141.505395099999987, 38.3995294 ], [ 141.5069096, 38.4008758 ], [ 141.506147199999987, 38.4024359 ], [ 141.504355799999985, 38.4006517 ], [ 141.500874, 38.4034021 ], [ 141.5014692, 38.404933 ], [ 141.500990799999983, 38.4064654 ], [ 141.5019443, 38.408165 ], [ 141.5040655, 38.409509 ], [ 141.503402099999988, 38.4113156 ], [ 141.503034, 38.4143932 ], [ 141.5012537, 38.4152466 ], [ 141.4993763, 38.4152138 ], [ 141.496763499999986, 38.4114324 ], [ 141.4939823, 38.4113747 ], [ 141.491868499999981, 38.4094145 ], [ 141.4909101, 38.4058108 ], [ 141.488460799999984, 38.404923 ], [ 141.487034699999981, 38.4054599 ], [ 141.48019, 38.3985043 ], [ 141.477390899999989, 38.3988296 ], [ 141.475597099999987, 38.3979191 ], [ 141.474487399999987, 38.3953317 ], [ 141.4730069, 38.3940338 ], [ 141.4700082, 38.3941751 ], [ 141.466498299999984, 38.3970904 ], [ 141.4655046, 38.3987857 ], [ 141.466257, 38.400315 ], [ 141.469103599999983, 38.4023313 ], [ 141.4707249, 38.4044472 ], [ 141.4697483, 38.4059553 ], [ 141.4722903, 38.4079032 ], [ 141.4733561, 38.4093077 ], [ 141.4744895, 38.4134067 ], [ 141.4735456, 38.4144578 ], [ 141.4719796, 38.4140273 ], [ 141.470316699999984, 38.4152162 ], [ 141.4713969, 38.4165498 ], [ 141.4727239, 38.416534299999988 ], [ 141.4747386, 38.4187327 ], [ 141.4749746, 38.4197521 ], [ 141.471733299999983, 38.4255155 ], [ 141.4684454, 38.4245946 ], [ 141.467646799999983, 38.4236078 ], [ 141.4650494, 38.4241963 ], [ 141.4635671, 38.4238416 ], [ 141.4639465, 38.4268876 ], [ 141.4658231, 38.4284812 ], [ 141.4654635, 38.4307351 ], [ 141.4633299, 38.4333006 ], [ 141.459012699999988, 38.4348324 ], [ 141.458916599999981, 38.4359169 ], [ 141.4554354, 38.4389283 ], [ 141.4546212, 38.4412115 ], [ 141.4520025, 38.4409528 ], [ 141.448091, 38.4412819 ], [ 141.447387900000024, 38.4438934 ], [ 141.4485066, 38.445756 ], [ 141.452851899999985, 38.4435851 ], [ 141.4542521, 38.4438335 ], [ 141.453774399999986, 38.4455009 ], [ 141.455323599999986, 38.4458485 ], [ 141.4557968, 38.4441823 ], [ 141.457595199999986, 38.4443793 ], [ 141.4598447, 38.4454549 ], [ 141.4625347, 38.4442335 ], [ 141.464747, 38.4417666 ], [ 141.466135799999989, 38.440969699999989 ], [ 141.4669534, 38.4389718 ], [ 141.4682927, 38.4385873 ], [ 141.4712831, 38.4393519 ], [ 141.471695499999981, 38.440441 ], [ 141.474738699999989, 38.4406261 ], [ 141.4754164, 38.4387144 ], [ 141.477065399999987, 38.4404823 ], [ 141.479301199999981, 38.4403545 ], [ 141.4799506, 38.438832 ], [ 141.4824288, 38.4369305 ], [ 141.4855088, 38.4377106 ], [ 141.4847562, 38.4385366 ], [ 141.4870402, 38.4398308 ], [ 141.487293599999987, 38.442344 ], [ 141.489949, 38.4430646 ], [ 141.4897901, 38.4409843 ], [ 141.493651, 38.4405756 ], [ 141.494752799999986, 38.4397343 ], [ 141.496325499999983, 38.44068 ], [ 141.4942863, 38.442116 ], [ 141.496229699999986, 38.4441608 ], [ 141.497356699999983, 38.4433155 ], [ 141.5016675, 38.4435704 ], [ 141.5020855, 38.444926 ], [ 141.5051723, 38.445075 ], [ 141.5077638, 38.4463082 ], [ 141.5099899, 38.4494165 ], [ 141.512676199999987, 38.4500077 ], [ 141.5110731, 38.4525248 ], [ 141.5089352, 38.4494411 ], [ 141.507382899999982, 38.4482609 ], [ 141.5054915, 38.4479763 ], [ 141.5029465, 38.4467707 ], [ 141.501466599999986, 38.4475166 ], [ 141.502119099999987, 38.4489185 ], [ 141.501965499999983, 38.4507568 ], [ 141.4993298, 38.4500485 ], [ 141.4979234, 38.4486913 ], [ 141.4965957, 38.4493407 ], [ 141.4970209, 38.4526868 ], [ 141.4950598, 38.4527477 ], [ 141.494177399999984, 38.453728 ], [ 141.4946736, 38.4561893 ], [ 141.500189399999982, 38.4578136 ], [ 141.5003207, 38.4593984 ], [ 141.5014564, 38.4605877 ], [ 141.498843699999981, 38.4611776 ], [ 141.4977168, 38.4603973 ], [ 141.49536089999998, 38.4607004 ], [ 141.492882, 38.4600984 ], [ 141.4922723, 38.46241 ], [ 141.4896669, 38.4620383 ], [ 141.488507199999987, 38.4608236 ], [ 141.4856055, 38.4608026 ], [ 141.4823893, 38.462397 ], [ 141.47698, 38.4631661 ], [ 141.4757294, 38.4663854 ], [ 141.4760723, 38.4678174 ], [ 141.479631499999982, 38.4690409 ], [ 141.480033599999985, 38.4697586 ], [ 141.483626499999986, 38.4712484 ], [ 141.485014, 38.4702856 ], [ 141.48889269999998, 38.4690169 ], [ 141.4902544, 38.4714854 ], [ 141.494254899999987, 38.4736562 ], [ 141.4948455, 38.4759354 ], [ 141.4965413, 38.4763914 ], [ 141.4985906, 38.4785738 ], [ 141.4973511, 38.4798667 ], [ 141.497221699999983, 38.4799261 ], [ 141.4960283, 38.480049 ], [ 141.495051499999988, 38.4848048 ], [ 141.4922718, 38.4851689 ], [ 141.4924029, 38.4866699 ], [ 141.4908728, 38.4890161 ], [ 141.493050499999981, 38.4904768 ], [ 141.493951399999986, 38.4923605 ], [ 141.4957408, 38.4928753 ], [ 141.4968357, 38.4953057 ], [ 141.4964301, 38.4991234 ], [ 141.4934424, 38.4996518 ], [ 141.4905039, 38.4984118 ], [ 141.4889284, 38.500462 ], [ 141.4868812, 38.5018764 ], [ 141.4870661, 38.5029495 ], [ 141.489240199999983, 38.5045044 ], [ 141.4877956, 38.505295 ], [ 141.4883074, 38.5068621 ], [ 141.4829636, 38.5116449 ], [ 141.4787744, 38.5134457 ], [ 141.4775023, 38.5151852 ], [ 141.4755476, 38.5165491 ], [ 141.4751046, 38.5177349 ], [ 141.4726607, 38.5180333 ], [ 141.4704003, 38.5155647 ], [ 141.4672924, 38.5134147 ], [ 141.4647352, 38.5121409 ], [ 141.4642815, 38.5134239 ], [ 141.4670007, 38.5154699 ], [ 141.466647699999982, 38.5170975 ], [ 141.468328600000035, 38.5200643 ], [ 141.4695762, 38.5212076 ], [ 141.4753565, 38.5204957 ], [ 141.478449399999988, 38.5207184 ], [ 141.480006299999985, 38.5194886 ], [ 141.4817526, 38.5202348 ], [ 141.4836872, 38.5195326 ], [ 141.4857321, 38.5160986 ], [ 141.4888726, 38.5143807 ], [ 141.4907316, 38.5141102 ], [ 141.494108899999986, 38.511448 ], [ 141.493386499999986, 38.5099148 ], [ 141.4949868, 38.5089795 ], [ 141.4981982, 38.5112785 ], [ 141.501851099999982, 38.5106366 ], [ 141.5034709, 38.5096239 ], [ 141.5045643, 38.5116984 ], [ 141.509118500000028, 38.5120798 ], [ 141.5119027, 38.5131272 ], [ 141.514402599999983, 38.5116173 ], [ 141.5135746, 38.5103575 ], [ 141.513925699999987, 38.5088179 ], [ 141.515829699999983, 38.5067418 ], [ 141.515823499999982, 38.5042148 ], [ 141.5152012, 38.5019613 ], [ 141.5163072, 38.5009352 ], [ 141.5154116, 38.4984781 ], [ 141.5162182, 38.4968726 ], [ 141.515222199999982, 38.4944395 ], [ 141.516852799999981, 38.4925833 ], [ 141.5199766, 38.494902 ], [ 141.52335, 38.4959689 ], [ 141.5252112, 38.4942417 ], [ 141.523525299999989, 38.4912612 ], [ 141.524215699999985, 38.4897983 ], [ 141.5273766, 38.4902082 ], [ 141.5279146, 38.4886779 ], [ 141.5305306, 38.48881 ], [ 141.5338858, 38.4904753 ], [ 141.535146199999986, 38.4898578 ], [ 141.5373195, 38.4903877 ], [ 141.534646899999984, 38.4933255 ], [ 141.53540959999998, 38.496405 ], [ 141.5366661, 38.4977374 ], [ 141.536197099999981, 38.4990374 ], [ 141.5399965, 38.4990501 ], [ 141.5424763, 38.5037573 ], [ 141.5408337, 38.5046937 ], [ 141.540207399999986, 38.5024817 ], [ 141.5388231, 38.5026516 ], [ 141.5381961, 38.5047853 ], [ 141.536676699999987, 38.5059957 ], [ 141.536619, 38.5079596 ], [ 141.534783899999979, 38.5081797 ], [ 141.5359996, 38.5110746 ], [ 141.538816199999985, 38.5118076 ], [ 141.53902979999998, 38.5132418 ], [ 141.537979, 38.5150899 ], [ 141.539959899999985, 38.5170599 ], [ 141.54068, 38.5186369 ], [ 141.5446739, 38.5206817 ], [ 141.5462822, 38.5237296 ], [ 141.5444319, 38.524771 ], [ 141.5416471, 38.5250998 ], [ 141.538649, 38.528581 ], [ 141.5372056, 38.5315574 ], [ 141.533922499999989, 38.532689 ], [ 141.5331539, 38.5315807 ], [ 141.530204699999985, 38.5326585 ], [ 141.5302069, 38.5363189 ], [ 141.5322946, 38.5378877 ], [ 141.5318476, 38.539457 ], [ 141.533790399999987, 38.5405083 ], [ 141.5346054, 38.5464095 ], [ 141.5326637, 38.5464764 ], [ 141.5324752, 38.548981 ], [ 141.5290162, 38.5468144 ], [ 141.524973099999983, 38.546091 ], [ 141.5233556, 38.5416805 ], [ 141.521977599999985, 38.5410314 ], [ 141.521299299999981, 38.5394282 ], [ 141.518993, 38.5392638 ], [ 141.51664839999998, 38.540213099999988 ], [ 141.5144781, 38.544508 ], [ 141.5125914, 38.5411892 ], [ 141.509208699999988, 38.5383823 ], [ 141.5088562, 38.5371391 ], [ 141.5110927, 38.5343205 ], [ 141.5064109, 38.5332412 ], [ 141.5020423, 38.5351697 ], [ 141.499925499999989, 38.5350048 ], [ 141.499775199999988, 38.5328948 ], [ 141.496522700000014, 38.532345 ], [ 141.493092, 38.5332502 ], [ 141.4917393, 38.5342544 ], [ 141.4916785, 38.5356895 ], [ 141.4891332, 38.5371943 ], [ 141.488156299999986, 38.5390885 ], [ 141.485782699999987, 38.5407561 ], [ 141.4856461, 38.542436599999988 ], [ 141.486811499999988, 38.5451817 ], [ 141.4852546, 38.5466289 ], [ 141.486646799999988, 38.5481718 ], [ 141.486641900000023, 38.5511444 ], [ 141.487773, 38.5530924 ], [ 141.4847479, 38.5533315 ], [ 141.4823452, 38.5548834 ], [ 141.4809512, 38.5588817 ], [ 141.4790275, 38.5587063 ], [ 141.478267099999982, 38.556956 ], [ 141.4766582, 38.5572396 ], [ 141.475853, 38.5594111 ], [ 141.477018099999981, 38.5600226 ], [ 141.478453799999983, 38.5626063 ], [ 141.47674619999998, 38.5628577 ], [ 141.476357899999982, 38.5603157 ], [ 141.4748605, 38.5607595 ], [ 141.4715004, 38.5606122 ], [ 141.468655899999987, 38.5615488 ], [ 141.4677083, 38.5607713 ], [ 141.465290899999985, 38.5603486 ], [ 141.4628702, 38.5613403 ], [ 141.461587899999984, 38.5657756 ], [ 141.4604156, 38.5678305 ], [ 141.4595564, 38.5714883 ], [ 141.458567599999981, 38.5784653 ], [ 141.461771100000021, 38.5797983 ], [ 141.465586, 38.5826012 ], [ 141.4674972, 38.5818237 ], [ 141.470330099999984, 38.5819389 ], [ 141.4742804, 38.5847414 ], [ 141.477406500000029, 38.5848923 ], [ 141.478941, 38.5828934 ], [ 141.480856, 38.582249399999988 ], [ 141.4829512, 38.5827148 ], [ 141.4850912, 38.583975 ], [ 141.487543599999981, 38.5835468 ], [ 141.4879297, 38.5856548 ], [ 141.489388, 38.5876892 ], [ 141.4925202, 38.5892001 ], [ 141.49246789999998, 38.5907376 ], [ 141.4947947, 38.5919528 ], [ 141.497172399999982, 38.5912935 ], [ 141.5003999, 38.5941349 ], [ 141.501636, 38.5936525 ], [ 141.5046309, 38.5952054 ], [ 141.503825, 38.5971722 ], [ 141.501971900000029, 38.5999131 ], [ 141.5008613, 38.602771 ], [ 141.5035198, 38.6035627 ], [ 141.5042446, 38.6017914 ], [ 141.5059996, 38.6022204 ], [ 141.5068724, 38.6009228 ], [ 141.509522299999986, 38.6003 ], [ 141.5101477, 38.6014205 ], [ 141.508583499999986, 38.6021381 ], [ 141.5085039, 38.6039462 ], [ 141.510321399999981, 38.6051581 ], [ 141.5178295, 38.6048509 ], [ 141.5192724, 38.6066438 ], [ 141.519056399999982, 38.6074496 ], [ 141.5232001, 38.609505399999989 ], [ 141.525027699999981, 38.6109303 ], [ 141.5256865, 38.6165416 ], [ 141.527784, 38.617409 ], [ 141.526576799999987, 38.6195029 ], [ 141.527580199999989, 38.6208161 ], [ 141.527200599999986, 38.6220557 ], [ 141.528332899999981, 38.6241694 ], [ 141.528737299999989, 38.626637 ], [ 141.5269514, 38.6288247 ], [ 141.5284647, 38.6302691 ], [ 141.526034899999985, 38.6318179 ], [ 141.523042799999985, 38.6324237 ], [ 141.5211761, 38.6311541 ], [ 141.518715600000036, 38.6276527 ], [ 141.5161219, 38.6262621 ], [ 141.514136399999984, 38.6231308 ], [ 141.5141295, 38.6220338 ], [ 141.5090681, 38.6169231 ], [ 141.5084531, 38.6147869 ], [ 141.5039788, 38.6154723 ], [ 141.5003992, 38.6170654 ], [ 141.498490799999985, 38.617279 ], [ 141.497267, 38.6195384 ], [ 141.4950283, 38.6208054 ], [ 141.493497599999984, 38.6229274 ], [ 141.4900845, 38.6205677 ], [ 141.4884475, 38.6205485 ], [ 141.4857302, 38.6186447 ], [ 141.4847235, 38.6195469 ], [ 141.48192419999998, 38.6196494 ], [ 141.474303599999985, 38.6208498 ], [ 141.470137699999981, 38.6193956 ], [ 141.4694666, 38.618044 ], [ 141.4672324, 38.6166351 ], [ 141.4632873, 38.6151229 ], [ 141.4609625, 38.6149433 ], [ 141.4587942, 38.6123457 ], [ 141.457852799999984, 38.6100377 ], [ 141.456772199999989, 38.6097488 ], [ 141.4530646, 38.6104453 ], [ 141.4518287, 38.6096297 ], [ 141.4474658, 38.6094598 ], [ 141.446173, 38.6083617 ], [ 141.448022899999984, 38.6041437 ], [ 141.4462471, 38.6031356 ], [ 141.4437589, 38.6028048 ], [ 141.4439309, 38.6018287 ], [ 141.4402883, 38.6003171 ], [ 141.438880499999982, 38.6004068 ], [ 141.4371946, 38.5992896 ], [ 141.436629899999986, 38.5975338 ], [ 141.4317681, 38.5965836 ], [ 141.426063299999981, 38.5931033 ], [ 141.4200308, 38.5940504 ], [ 141.4168716, 38.5939315 ], [ 141.415169, 38.5954113 ], [ 141.4148906, 38.5965863 ], [ 141.411903, 38.5977835 ], [ 141.4106343, 38.5969488 ], [ 141.4088337, 38.5970035 ], [ 141.4067053, 38.5979824 ], [ 141.4062961, 38.5996966 ], [ 141.4071308, 38.6018252 ], [ 141.4089233, 38.6031252 ], [ 141.41331839999998, 38.6049454 ], [ 141.4159376, 38.6056454 ], [ 141.4101996, 38.6098121 ], [ 141.40934009999998, 38.6110255 ], [ 141.4067456, 38.6096994 ], [ 141.40148259999998, 38.6093944 ], [ 141.3993547, 38.6106786 ], [ 141.4001975, 38.6127972 ], [ 141.39995159999998, 38.6162675 ], [ 141.4024312, 38.620855 ], [ 141.403470699999986, 38.6243316 ], [ 141.3973971, 38.6256125 ], [ 141.395620900000011, 38.6268484 ], [ 141.393934699999988, 38.6291373 ], [ 141.3940819, 38.6306173 ], [ 141.392223699999988, 38.6315417 ], [ 141.3919209, 38.6330601 ], [ 141.3896536, 38.6363504 ], [ 141.3904224, 38.6384984 ], [ 141.388597, 38.6405946 ], [ 141.387827499999986, 38.6434448 ], [ 141.3861413, 38.6459071 ], [ 141.380485199999981, 38.6478813 ], [ 141.379314599999987, 38.6508283 ], [ 141.3781195, 38.6508733 ], [ 141.3758111, 38.6540803 ], [ 141.3761385, 38.6561636 ], [ 141.375450699999988, 38.6574124 ], [ 141.3762854, 38.6611588 ], [ 141.3772756, 38.6633577 ], [ 141.376195, 38.6660222 ], [ 141.37675969999998, 38.6677877 ], [ 141.3796245, 38.6678166 ], [ 141.3821328, 38.6701235 ], [ 141.383695599999982, 38.6704432 ], [ 141.38570009999998, 38.6719523 ], [ 141.3857409, 38.6737443 ], [ 141.3841708, 38.6743537 ], [ 141.383668, 38.6758232 ], [ 141.3821188, 38.6759162 ], [ 141.380644, 38.6769974 ], [ 141.378999599999986, 38.6764835 ], [ 141.37552, 38.6763899 ], [ 141.374806400000011, 38.6770663 ], [ 141.3725068, 38.6767058 ], [ 141.372669, 38.6791855 ], [ 141.3721184, 38.6820686 ], [ 141.373294, 38.6820686 ], [ 141.3747481, 38.685708 ], [ 141.3743197, 38.6891819 ], [ 141.372240200000022, 38.6880238 ], [ 141.3712204, 38.6893586 ], [ 141.3677291, 38.6898581 ], [ 141.371033899999986, 38.6926377 ], [ 141.3716958, 38.6953438 ], [ 141.370151199999981, 38.6987024 ], [ 141.371208599999989, 38.7017113 ], [ 141.3698571, 38.7035694 ], [ 141.37045089999998, 38.7049986 ], [ 141.369968299999982, 38.7071349 ], [ 141.3718144, 38.7092671 ], [ 141.371773499999989, 38.7106577 ], [ 141.3686921, 38.7148074 ], [ 141.369407100000018, 38.716063 ], [ 141.3686773, 38.7188099 ], [ 141.372452399999986, 38.7191771 ], [ 141.374268, 38.7188065 ], [ 141.3778989, 38.7201454 ], [ 141.3779313, 38.7223731 ], [ 141.3803628, 38.7215473 ], [ 141.3836632, 38.7221625 ], [ 141.384940699999987, 38.7236356 ], [ 141.389408299999985, 38.7237805 ], [ 141.39108109999998, 38.7254544 ], [ 141.3933308, 38.7258407 ], [ 141.3934735, 38.7282693 ], [ 141.3920726, 38.7309971 ], [ 141.396339, 38.7328237 ], [ 141.398868, 38.7333701 ], [ 141.4001388, 38.7343962 ], [ 141.4020449, 38.7344953 ], [ 141.405838099999983, 38.7359156 ], [ 141.4107468, 38.7361899 ], [ 141.4118943, 38.7359105 ], [ 141.4144229, 38.7389076 ], [ 141.4140684, 38.7396313 ], [ 141.411336399999982, 38.7417502 ], [ 141.4069595, 38.7432997 ], [ 141.403567899999985, 38.7487075 ], [ 141.40418360000001, 38.7520783 ], [ 141.4033168, 38.754395 ], [ 141.4019499, 38.7542197 ], [ 141.3988244, 38.7566812 ], [ 141.4004414, 38.7586761 ], [ 141.40231559999998, 38.7589903 ], [ 141.404133, 38.7616441 ], [ 141.4064942, 38.7626647 ], [ 141.407636599999989, 38.7654724 ], [ 141.4101325, 38.7678144 ], [ 141.4099057, 38.769116 ], [ 141.4109613, 38.7709296 ], [ 141.4098304, 38.7725252 ], [ 141.412689799999981, 38.7749301 ], [ 141.414520899999985, 38.7784568 ], [ 141.4156242, 38.779659 ], [ 141.415636, 38.7844737 ], [ 141.414864, 38.7862021 ], [ 141.412827, 38.7864268 ], [ 141.4105011, 38.7856533 ], [ 141.407794, 38.7869005 ], [ 141.40655289999998, 38.7880333 ], [ 141.4043341, 38.7888917 ], [ 141.4007718, 38.7894736 ], [ 141.3981114, 38.7895026 ], [ 141.3965202, 38.7906262 ], [ 141.3980836, 38.7923709 ], [ 141.397389, 38.795282 ], [ 141.395665799999989, 38.7981634 ], [ 141.393812699999984, 38.7998399 ], [ 141.38933590000002, 38.7984296 ], [ 141.388546099999985, 38.7998216 ], [ 141.3866366, 38.7998444 ], [ 141.38536019999998, 38.7988852 ], [ 141.382724599999989, 38.7981341 ], [ 141.3803193, 38.7961192 ], [ 141.3779634, 38.7971197 ], [ 141.375823699999984, 38.8006248 ], [ 141.3752984, 38.8024376 ], [ 141.372397700000022, 38.8041873 ], [ 141.371383400000013, 38.8074346 ], [ 141.3686089, 38.8079549 ], [ 141.3659509, 38.8094757 ], [ 141.3645976, 38.808431 ], [ 141.3617645, 38.8083322 ], [ 141.3596641, 38.8091539 ], [ 141.3597191, 38.8106122 ], [ 141.358226799999983, 38.8111428 ], [ 141.3555692, 38.8108531 ], [ 141.353068, 38.8124039 ], [ 141.349626699999988, 38.8122943 ], [ 141.347727099999986, 38.8099359 ], [ 141.344238100000013, 38.8087741 ], [ 141.3409527, 38.8083602 ], [ 141.3415578, 38.8068421 ], [ 141.338676, 38.8061974 ], [ 141.3370596, 38.8070183 ], [ 141.334661399999987, 38.8069086 ], [ 141.3336022, 38.808735 ], [ 141.3322933, 38.8095567 ], [ 141.3325202, 38.8112128 ], [ 141.3310579, 38.8127075 ], [ 141.328256899999985, 38.8143273 ], [ 141.3241109, 38.815644 ], [ 141.323817, 38.8169712 ], [ 141.320452099999983, 38.8185032 ], [ 141.3168483, 38.8232749 ], [ 141.313816299999985, 38.8221172 ], [ 141.3122209, 38.8224574 ], [ 141.3089625, 38.8221639 ], [ 141.3091351, 38.8208628 ], [ 141.306587799999988, 38.818957 ], [ 141.307679799999988, 38.8166075 ], [ 141.307672699999983, 38.81377 ], [ 141.3063238, 38.8105228 ], [ 141.3072728, 38.8087109 ], [ 141.3030027, 38.8048756 ], [ 141.3024389, 38.8033443 ], [ 141.303578400000021, 38.8018456 ], [ 141.302354799999989, 38.8002334 ], [ 141.3022868, 38.798599 ], [ 141.304133, 38.7975154 ], [ 141.3045498, 38.7934604 ], [ 141.3023594, 38.7930529 ], [ 141.3004229, 38.7934974 ], [ 141.2975451, 38.7934082 ], [ 141.29531, 38.7940152 ], [ 141.292696799999987, 38.7953927 ], [ 141.285182599999985, 38.7976212 ], [ 141.28385369999998, 38.7971123 ], [ 141.2820532, 38.7952951 ], [ 141.282335099999983, 38.7937256 ], [ 141.279760899999985, 38.7927068 ], [ 141.278447200000016, 38.7936279 ], [ 141.2747163, 38.7943038 ], [ 141.275239299999981, 38.7956804 ], [ 141.272482, 38.7969652 ], [ 141.271347599999984, 38.7949783 ], [ 141.2690653, 38.7934489 ], [ 141.2692013, 38.78862 ], [ 141.2668357, 38.7873539 ], [ 141.2644128, 38.7881795 ], [ 141.2634095, 38.7863098 ], [ 141.2627321, 38.7820867 ], [ 141.263262699999984, 38.7802987 ], [ 141.260949899999986, 38.7779865 ], [ 141.258173199999987, 38.776399 ], [ 141.2582399, 38.7739582 ], [ 141.2565524, 38.7721371 ], [ 141.2559464, 38.7706213 ], [ 141.2559137, 38.7667307 ], [ 141.256927599999983, 38.7646646 ], [ 141.2573352, 38.7623882 ], [ 141.2568086, 38.7609385 ], [ 141.2547563, 38.7596788 ], [ 141.2528126, 38.7608477 ], [ 141.247659699999986, 38.7604545 ], [ 141.2479256, 38.758374499999988 ], [ 141.2413832, 38.7578279 ], [ 141.241614699999985, 38.7557512 ], [ 141.236539199999982, 38.7553321 ], [ 141.2352345, 38.7561352 ], [ 141.228844399999986, 38.7525677 ], [ 141.229001899999986, 38.7515244 ], [ 141.2368788, 38.7520182 ], [ 141.237110299999983, 38.7491439 ], [ 141.2325492, 38.7476514 ], [ 141.2229389, 38.7486194 ], [ 141.217113899999987, 38.7487439 ], [ 141.215838599999984, 38.7484706 ], [ 141.2145482, 38.7506549 ], [ 141.2112249, 38.7536841 ], [ 141.209179299999988, 38.754103 ], [ 141.2072733, 38.7568063 ], [ 141.207122699999985, 38.7580877 ], [ 141.2082316, 38.7613919 ], [ 141.2071551, 38.7620499 ], [ 141.207531499999988, 38.7653819 ], [ 141.206061299999988, 38.7694844 ], [ 141.2034665, 38.7699038 ], [ 141.2007844, 38.7714444 ], [ 141.197749, 38.7739036 ], [ 141.1971781, 38.7755566 ], [ 141.1956002, 38.7768108 ], [ 141.191809299999989, 38.7772159 ], [ 141.1896884, 38.7784903 ], [ 141.1860921, 38.7799117 ], [ 141.1848043, 38.7813881 ], [ 141.1821611, 38.7831259 ], [ 141.180971, 38.784525699999989 ], [ 141.179048, 38.7821251 ], [ 141.1763618, 38.7810766 ], [ 141.1736803, 38.7810421 ], [ 141.1728087, 38.7782227 ], [ 141.171203599999984, 38.7789872 ], [ 141.1695619, 38.7776677 ], [ 141.1674899, 38.7784644 ], [ 141.163586399999986, 38.7819573 ], [ 141.1609143, 38.7813334 ], [ 141.1592623, 38.7825342 ], [ 141.157243099999988, 38.7826684 ], [ 141.157310599999988, 38.7794295 ], [ 141.1580624, 38.7784504 ], [ 141.157160399999981, 38.7767012 ], [ 141.155259, 38.7757951 ], [ 141.1545597, 38.770464 ], [ 141.1535778, 38.767574 ], [ 141.1538811, 38.7660893 ], [ 141.1528925, 38.7649479 ], [ 141.1542526, 38.7632671 ], [ 141.1517979, 38.7611252 ], [ 141.152531, 38.7598579 ], [ 141.153647, 38.7529093 ], [ 141.1538042, 38.7492958 ], [ 141.1552561, 38.7459364 ], [ 141.15981, 38.7438714 ], [ 141.1595139, 38.7428633 ], [ 141.1637341, 38.7424086 ], [ 141.1599334, 38.7329168 ], [ 141.1632031, 38.7324157 ], [ 141.164683599999989, 38.7329732 ], [ 141.1661736, 38.7313881 ], [ 141.1615636, 38.7306133 ], [ 141.1578678, 38.7306169 ], [ 141.156764700000025, 38.7297569 ], [ 141.1529931, 38.7299203 ], [ 141.148785799999985, 38.727985 ], [ 141.1487889, 38.7258092 ], [ 141.1458903, 38.7250411 ], [ 141.143857199999985, 38.7263022 ], [ 141.1419656, 38.7267489 ], [ 141.139066899999989, 38.7256467 ], [ 141.136685, 38.7270867 ], [ 141.134433799999982, 38.7276621 ], [ 141.132995099999988, 38.7304181 ], [ 141.1251513, 38.7300519 ], [ 141.1265373, 38.7282548 ], [ 141.1158668, 38.7242243 ], [ 141.0928724, 38.7156706 ], [ 141.091456199999982, 38.7152817 ], [ 141.0879645, 38.7123084 ], [ 141.0861339, 38.7125271 ], [ 141.082451599999985, 38.7114877 ], [ 141.078757199999984, 38.7054475 ], [ 141.0749736, 38.6996864 ], [ 141.0748087, 38.6975675 ], [ 141.0726756, 38.6943023 ], [ 141.0702767, 38.6931837 ], [ 141.0673672, 38.6910493 ], [ 141.065199399999983, 38.6909877 ], [ 141.064106, 38.6899052 ], [ 141.0657639, 38.6865699 ], [ 141.063856099999981, 38.6845846 ], [ 141.06180550000002, 38.6835536 ], [ 141.058528199999984, 38.6825969 ], [ 141.057881899999984, 38.6813806 ], [ 141.0599181, 38.6810019 ], [ 141.06144089999998, 38.6794902 ], [ 141.06087789999998, 38.677299399999988 ], [ 141.064022199999982, 38.6760394 ], [ 141.066342599999984, 38.6744402 ], [ 141.068892, 38.6757257 ], [ 141.0715099, 38.6748984 ], [ 141.0739567, 38.6748198 ], [ 141.0758016, 38.6714601 ], [ 141.0774619, 38.671172 ], [ 141.0787492, 38.667822 ], [ 141.076740900000033, 38.6636906 ], [ 141.0783571, 38.6624356 ], [ 141.0792836, 38.6595293 ], [ 141.081953700000014, 38.6581028 ], [ 141.0828349, 38.6570331 ], [ 141.0814691, 38.654132 ], [ 141.0837903, 38.6525014 ], [ 141.082767, 38.650027 ], [ 141.080694699999981, 38.6490954 ], [ 141.0836687, 38.6469139 ], [ 141.0828315, 38.6454295 ], [ 141.0947531, 38.6407866 ], [ 141.0988577, 38.6411174 ], [ 141.100636899999984, 38.6405754 ], [ 141.104318899999981, 38.6424815 ], [ 141.109158799999989, 38.6440101 ], [ 141.110836299999988, 38.643845 ], [ 141.110505, 38.6398137 ], [ 141.11075230000003, 38.6366426 ], [ 141.1097829, 38.6324773 ], [ 141.1086004, 38.6293965 ], [ 141.1128881, 38.6290812 ], [ 141.1147626, 38.6269089 ], [ 141.1154733, 38.6244878 ], [ 141.1176361, 38.6240153 ], [ 141.1198164, 38.6242161 ], [ 141.124457799999988, 38.6228402 ], [ 141.1271578, 38.6204269 ], [ 141.13215169999998, 38.617625 ], [ 141.1338767, 38.6155006 ], [ 141.136626899999982, 38.6135828 ], [ 141.1372658, 38.6115022 ], [ 141.138292200000024, 38.610385 ], [ 141.1426361, 38.6088969 ], [ 141.1453775, 38.6084461 ], [ 141.1498894, 38.608395 ], [ 141.15141, 38.6076153 ], [ 141.153134199999982, 38.6056397 ], [ 141.1546697, 38.6052992 ], [ 141.1569547, 38.6029514 ], [ 141.160492799999986, 38.6009008 ], [ 141.161844699999989, 38.5983781 ], [ 141.1684075, 38.5983192 ], [ 141.174575299999987, 38.5962583 ], [ 141.179242499999987, 38.6036253 ], [ 141.19110329999998, 38.5991356 ], [ 141.193275, 38.5967539 ], [ 141.196515, 38.5961956 ], [ 141.2008686, 38.5939689 ], [ 141.2006514, 38.5892803 ], [ 141.1963242, 38.5883594 ], [ 141.1959861, 38.5876881 ], [ 141.1955572, 38.5815564 ], [ 141.1926617, 38.5818211 ], [ 141.1993939, 38.5771461 ], [ 141.2012303, 38.5764042 ], [ 141.203601099999986, 38.5720244 ], [ 141.206393599999984, 38.5719353 ], [ 141.208486099999988, 38.5709192 ], [ 141.2102903, 38.569137499999989 ], [ 141.21447329999998, 38.5685008 ], [ 141.2169312, 38.5691665 ], [ 141.2203188, 38.566992899999988 ], [ 141.2233843, 38.565907 ], [ 141.2246586, 38.5624709 ], [ 141.22615140000002, 38.5612804 ], [ 141.226544499999989, 38.5596206 ], [ 141.229159700000025, 38.5569695 ], [ 141.2288628, 38.5531756 ], [ 141.229444299999983, 38.5500409 ], [ 141.2310535, 38.5472679 ], [ 141.2292919, 38.541571 ], [ 141.229001399999987, 38.5385457 ], [ 141.2265467, 38.5340794 ], [ 141.2238452, 38.5342563 ], [ 141.219348599999989, 38.535474199999989 ], [ 141.2165755, 38.5342497 ], [ 141.2073776, 38.5371887 ], [ 141.206220799999983, 38.5384959 ], [ 141.203510699999981, 38.5390046 ], [ 141.2012153, 38.5404796 ], [ 141.197974599999981, 38.5415119 ], [ 141.1965334, 38.5414399 ], [ 141.1921544, 38.5392603 ], [ 141.1887482, 38.5371278 ], [ 141.1866743, 38.5353854 ], [ 141.184581799999989, 38.5319938 ], [ 141.178794899999986, 38.5316883 ], [ 141.17786959999998, 38.5309353 ], [ 141.1765663, 38.5237098 ], [ 141.176628, 38.5199923 ], [ 141.177302, 38.5185048 ], [ 141.1762708, 38.5168329 ], [ 141.174082200000015, 38.5146318 ], [ 141.172546899999986, 38.5139168 ], [ 141.172492399999982, 38.5125016 ], [ 141.17014039999998, 38.5111133 ], [ 141.1677925, 38.5071952 ], [ 141.1665744, 38.5061985 ], [ 141.1638509, 38.5014904 ], [ 141.163937299999986, 38.4990929 ], [ 141.165111199999984, 38.4973104 ], [ 141.1686145, 38.4944981 ], [ 141.170268199999981, 38.4901081 ], [ 141.170381599999985, 38.4878773 ], [ 141.1712125, 38.4853778 ], [ 141.165948, 38.4848091 ], [ 141.166906499999982, 38.47932 ], [ 141.1621979, 38.4771784 ], [ 141.161180799999983, 38.4760724 ], [ 141.1624989, 38.4724457 ], [ 141.165888400000028, 38.4703881 ], [ 141.1639432, 38.4674007 ], [ 141.165187799999984, 38.4665754 ], [ 141.166427199999987, 38.4629064 ], [ 141.1657999, 38.4608229 ], [ 141.167235399999981, 38.4601772 ], [ 141.1701014, 38.4599314 ], [ 141.1740174, 38.4584219 ], [ 141.175400199999984, 38.4570226 ], [ 141.1757662, 38.4550359 ], [ 141.173892199999983, 38.4540905 ], [ 141.171758, 38.4553859 ], [ 141.1706959, 38.4537694 ], [ 141.1682664, 38.4527147 ], [ 141.1670076, 38.4533268 ], [ 141.1633491, 38.451645 ], [ 141.159974399999982, 38.452544599999989 ], [ 141.156654399999979, 38.4502039 ], [ 141.1539847, 38.4510654 ], [ 141.1495257, 38.4491966 ], [ 141.147839799999986, 38.4505011 ], [ 141.1407184, 38.4449535 ], [ 141.1354325, 38.4421129 ], [ 141.1305614, 38.4420943 ], [ 141.1320604, 38.4388445 ], [ 141.1288116, 38.4382476 ], [ 141.123854199999982, 38.4412694 ], [ 141.1248636, 38.4434551 ], [ 141.1307564, 38.446407 ], [ 141.127932, 38.4498945 ], [ 141.1188817, 38.4452141 ], [ 141.1153366, 38.4443211 ], [ 141.1162783, 38.4433411 ], [ 141.117208399999981, 38.4426272 ], [ 141.116693699999985, 38.4394964 ], [ 141.1152572, 38.4367997 ], [ 141.116350399999988, 38.4355792 ], [ 141.1209351, 38.4323036 ], [ 141.123217399999987, 38.4290708 ], [ 141.123746399999987, 38.4246611 ], [ 141.1251318, 38.4227236 ], [ 141.127251299999983, 38.4219269 ], [ 141.123845599999981, 38.4193825 ], [ 141.120753799999989, 38.4186715 ], [ 141.1144153, 38.4155621 ], [ 141.1133436, 38.4145277 ], [ 141.1108293, 38.4140589 ], [ 141.109254599999986, 38.4124711 ], [ 141.1075687, 38.4129928 ], [ 141.1042957, 38.4122006 ], [ 141.103152400000027, 38.4132267 ], [ 141.0998011, 38.4143207 ], [ 141.099334699999986, 38.4128693 ], [ 141.097633799999983, 38.4122599 ], [ 141.094984899999986, 38.4101146 ], [ 141.09469009999998, 38.4080016 ], [ 141.0990517, 38.4083843 ], [ 141.100178699999987, 38.4056007 ], [ 141.0989142, 38.4050966 ], [ 141.100546, 38.4029568 ], [ 141.1016124, 38.4035943 ], [ 141.1033294, 38.4028287 ], [ 141.1067563, 38.4001682 ], [ 141.1075386, 38.3987943 ], [ 141.1083347, 38.3953798 ], [ 141.110985699999986, 38.3932248 ], [ 141.1120201, 38.3972128 ], [ 141.1143783, 38.3989684 ], [ 141.1165086, 38.3987844 ], [ 141.1195874, 38.3958789 ], [ 141.1189669, 38.393655 ], [ 141.1211792, 38.3936708 ], [ 141.122368699999981, 38.3929597 ], [ 141.1225954, 38.3914277 ], [ 141.123984299999989, 38.3908671 ], [ 141.1244235, 38.3890016 ], [ 141.1231252, 38.3871958 ], [ 141.1233133, 38.3859927 ], [ 141.126002, 38.3840386 ], [ 141.1269929, 38.3819566 ], [ 141.1263922, 38.3799335 ], [ 141.131675699999988, 38.3782234 ], [ 141.133358099999981, 38.3769975 ], [ 141.135510899999986, 38.3737709 ], [ 141.137777199999988, 38.3716206 ], [ 141.1369502, 38.3688193 ], [ 141.135168, 38.3647605 ], [ 141.133577799999983, 38.3623929 ], [ 141.1321998, 38.3614762 ], [ 141.132221499999986, 38.3601838 ], [ 141.137250099999989, 38.3601194 ], [ 141.14097289999998, 38.359319 ], [ 141.1444501, 38.3601214 ], [ 141.1445328, 38.3593153 ], [ 141.1489942, 38.3584443 ], [ 141.1558418, 38.354613 ], [ 141.1584705, 38.3535907 ], [ 141.1586426, 38.3597154 ], [ 141.1602767, 38.3639509 ], [ 141.162841, 38.3674111 ], [ 141.1665071, 38.3704077 ], [ 141.1722404, 38.3741511 ], [ 141.17391379999998, 38.375569 ], [ 141.1785394, 38.3779275 ], [ 141.1804325, 38.3784362 ], [ 141.184940499999982, 38.3810788 ], [ 141.1912233, 38.3843676 ], [ 141.2014594, 38.3893586 ], [ 141.2162472, 38.3957453 ] ] ], [ [ [ 141.577447799999987, 38.2719294 ], [ 141.5806719, 38.2731434 ], [ 141.580784199999982, 38.2739525 ], [ 141.585153599999984, 38.2764485 ], [ 141.586119, 38.277441 ], [ 141.5832512, 38.2781836 ], [ 141.5810984, 38.2799795 ], [ 141.5829492, 38.2814541 ], [ 141.5827033, 38.2827713 ], [ 141.5791059, 38.2868983 ], [ 141.581844, 38.2879627 ], [ 141.5819047, 38.2898675 ], [ 141.583181599999989, 38.2905346 ], [ 141.5827965, 38.2939238 ], [ 141.586005699999987, 38.2960713 ], [ 141.58884089999998, 38.2986847 ], [ 141.588763700000015, 38.3020429 ], [ 141.5862103, 38.3023537 ], [ 141.584827099999984, 38.3040097 ], [ 141.582607, 38.3042803 ], [ 141.581510899999984, 38.3056144 ], [ 141.5787756, 38.3054991 ], [ 141.572291899999982, 38.3077348 ], [ 141.568464400000011, 38.3082745 ], [ 141.567981399999979, 38.3094119 ], [ 141.571157, 38.3119483 ], [ 141.5695146, 38.3131938 ], [ 141.5668814, 38.3135502 ], [ 141.5636077, 38.3120127 ], [ 141.5604674, 38.3090331 ], [ 141.5557313, 38.3076898 ], [ 141.5521148, 38.306331 ], [ 141.5486215, 38.3037832 ], [ 141.5478453, 38.3024379 ], [ 141.5497211, 38.2996548 ], [ 141.5495559, 38.2982216 ], [ 141.551012499999985, 38.2963256 ], [ 141.552795799999984, 38.291084 ], [ 141.5526353, 38.2873612 ], [ 141.5566537, 38.2851008 ], [ 141.556608, 38.2836114 ], [ 141.558039899999983, 38.2820736 ], [ 141.561078899999984, 38.2804044 ], [ 141.5626153, 38.2802462 ], [ 141.5635034, 38.2785824 ], [ 141.5674291, 38.2769106 ], [ 141.569267699999983, 38.2754492 ], [ 141.57021469999998, 38.273302099999988 ], [ 141.5732257, 38.2717821 ], [ 141.572851, 38.2703699 ], [ 141.574365299999982, 38.2694763 ], [ 141.576083, 38.2692702 ], [ 141.577552199999985, 38.2701834 ], [ 141.577447799999987, 38.2719294 ] ] ], [ [ [ 141.5273751, 38.3583833 ], [ 141.5252386, 38.3570596 ], [ 141.526655399999981, 38.3563802 ], [ 141.5273751, 38.3583833 ] ] ], [ [ [ 141.6010949, 38.3853739 ], [ 141.6028983, 38.3853298 ], [ 141.6045301, 38.38647 ], [ 141.6063418, 38.3891218 ], [ 141.6063327, 38.3920047 ], [ 141.603586399999983, 38.3900663 ], [ 141.6017745, 38.3894166 ], [ 141.6030265, 38.3875532 ], [ 141.600869099999983, 38.3868231 ], [ 141.6010949, 38.3853739 ] ] ], [ [ [ 141.595177299999989, 38.3970724 ], [ 141.598756, 38.3972494 ], [ 141.598113499999982, 38.3999165 ], [ 141.594161899999989, 38.4008367 ], [ 141.59223, 38.4026477 ], [ 141.5938107, 38.4009902 ], [ 141.5934433, 38.3997113 ], [ 141.59093009999998, 38.4007667 ], [ 141.589782099999979, 38.3999607 ], [ 141.589683, 38.3978571 ], [ 141.5933368, 38.3957128 ], [ 141.595177299999989, 38.3970724 ] ] ], [ [ [ 141.580649699999981, 38.3999093 ], [ 141.5823101, 38.4024691 ], [ 141.58389, 38.4039533 ], [ 141.58330239999998, 38.4046608 ], [ 141.582507, 38.4044152 ], [ 141.579844399999985, 38.4006557 ], [ 141.580649699999981, 38.3999093 ] ] ], [ [ [ 141.550854499999986, 38.4028117 ], [ 141.5493401, 38.4043579 ], [ 141.548966899999982, 38.4022802 ], [ 141.550854499999986, 38.4028117 ] ] ], [ [ [ 141.5534351, 38.4031922 ], [ 141.554098900000014, 38.4058089 ], [ 141.551910099999986, 38.4044644 ], [ 141.5534351, 38.4031922 ] ] ], [ [ [ 141.592516099999983, 38.4230723 ], [ 141.594460699999985, 38.4223691 ], [ 141.5946892, 38.424023 ], [ 141.5932925, 38.4243315 ], [ 141.592516099999983, 38.4230723 ] ] ], [ [ [ 141.5269298, 38.4576878 ], [ 141.5233194, 38.4608609 ], [ 141.523595, 38.4625972 ], [ 141.522116399999987, 38.4639272 ], [ 141.5179638, 38.4655717 ], [ 141.515631, 38.4627513 ], [ 141.5177022, 38.4609715 ], [ 141.5165915, 38.4603688 ], [ 141.5162464, 38.4586354 ], [ 141.5169036, 38.4573015 ], [ 141.5185793, 38.4576711 ], [ 141.5193506, 38.4565865 ], [ 141.5190919, 38.4545733 ], [ 141.5179018, 38.4511183 ], [ 141.5179703, 38.4494298 ], [ 141.5189025, 38.4477401 ], [ 141.5185098, 38.4461832 ], [ 141.5186023, 38.4428486 ], [ 141.5196839, 38.4429243 ], [ 141.521554899999984, 38.4397054 ], [ 141.523856, 38.4393728 ], [ 141.524146, 38.4406111 ], [ 141.5260094, 38.4409803 ], [ 141.527485, 38.4398804 ], [ 141.5261309, 38.4376332 ], [ 141.5301864, 38.4376808 ], [ 141.5300828, 38.4394087 ], [ 141.5318447, 38.4413134 ], [ 141.5318149, 38.4422441 ], [ 141.534375, 38.4441703 ], [ 141.534666800000025, 38.4453323 ], [ 141.532399, 38.4460495 ], [ 141.531364699999983, 38.4497021 ], [ 141.529436799999985, 38.4501171 ], [ 141.529994099999982, 38.4524127 ], [ 141.5316493, 38.4534763 ], [ 141.530285099999986, 38.4547782 ], [ 141.528173, 38.4546058 ], [ 141.527623, 38.4533498 ], [ 141.524435499999981, 38.4540936 ], [ 141.5267218, 38.4560425 ], [ 141.5269298, 38.4576878 ] ] ], [ [ [ 141.511793399999988, 38.5523434 ], [ 141.5105849, 38.5509642 ], [ 141.511637, 38.5498 ], [ 141.516751, 38.5555105 ], [ 141.5146327, 38.5560135 ], [ 141.5134487, 38.5555481 ], [ 141.513446499999986, 38.5529618 ], [ 141.511793399999988, 38.5523434 ] ] ] ] } },
{ "type": "Feature", "properties": { "hokenjo": "仙台市" }, "geometry": { "type": "MultiPolygon", "coordinates": [ [ [ [ 140.995319199999983, 38.229715 ], [ 141.001349, 38.2371263 ], [ 141.014679199999989, 38.2539296 ], [ 141.0161521, 38.2552958 ], [ 141.0207992, 38.2628907 ], [ 141.022277699999989, 38.2643267 ], [ 141.0261561, 38.264092 ], [ 141.027932, 38.2656254 ], [ 141.0267436, 38.267578 ], [ 140.9985063, 38.269989599999988 ], [ 140.99891839999998, 38.2731088 ], [ 141.003703299999984, 38.2727056 ], [ 141.003455699999989, 38.2738594 ], [ 141.0101688, 38.2729655 ], [ 141.012144, 38.2719702 ], [ 141.0215361, 38.2711742 ], [ 141.0249695, 38.271073 ], [ 141.02589039999998, 38.2763891 ], [ 141.0285226, 38.2822558 ], [ 141.0269176, 38.2821433 ], [ 141.025537, 38.2831408 ], [ 141.0205329, 38.2804095 ], [ 141.0145475, 38.2775004 ], [ 141.0128828, 38.2764029 ], [ 141.0111913, 38.2772332 ], [ 141.010174399999983, 38.2795729 ], [ 141.0072107, 38.2787975 ], [ 141.004784199999989, 38.2814854 ], [ 141.002265199999982, 38.2809267 ], [ 140.998130299999985, 38.2820111 ], [ 140.9959335, 38.2818937 ], [ 140.9957273, 38.2829912 ], [ 140.988678, 38.2841842 ], [ 140.9868237, 38.2839067 ], [ 140.975867599999987, 38.2836006 ], [ 140.9736609, 38.2843079 ], [ 140.970906700000029, 38.2860354 ], [ 140.96682629999998, 38.2865471 ], [ 140.9661988, 38.285401799999988 ], [ 140.9635087, 38.2859371 ], [ 140.9608695, 38.2896573 ], [ 140.959278899999987, 38.2900784 ], [ 140.9589078, 38.2914193 ], [ 140.9607978, 38.2928834 ], [ 140.9595869, 38.2948447 ], [ 140.9581746, 38.2949493 ], [ 140.956445699999989, 38.2962549 ], [ 140.9583078, 38.3018919 ], [ 140.961401699999982, 38.3048627 ], [ 140.959843899999981, 38.30605 ], [ 140.962699, 38.3096019 ], [ 140.9589236, 38.3096132 ], [ 140.957499899999988, 38.310081 ], [ 140.9572269, 38.3118531 ], [ 140.9535674, 38.3084754 ], [ 140.951104, 38.3098629 ], [ 140.949448099999984, 38.3098238 ], [ 140.9475989, 38.3086394 ], [ 140.9463658, 38.3108424 ], [ 140.9448571, 38.3108499 ], [ 140.9426943, 38.3121866 ], [ 140.941273599999988, 38.3148077 ], [ 140.936407299999985, 38.316888 ], [ 140.936197599999986, 38.3201311 ], [ 140.9366123, 38.3223999 ], [ 140.935967799999986, 38.3238069 ], [ 140.9361092, 38.326066 ], [ 140.9390665, 38.3269543 ], [ 140.9392326, 38.3291129 ], [ 140.9375531, 38.3301524 ], [ 140.93686169999998, 38.3317243 ], [ 140.937753099999981, 38.3337904 ], [ 140.9395356, 38.3353548 ], [ 140.9405131, 38.3374032 ], [ 140.939263899999986, 38.3376157 ], [ 140.937624699999986, 38.3364649 ], [ 140.936163599999986, 38.3379399 ], [ 140.9356985, 38.3393893 ], [ 140.934145699999988, 38.3408024 ], [ 140.932508899999988, 38.3400068 ], [ 140.929780199999982, 38.3398313 ], [ 140.9265407, 38.3377666 ], [ 140.9274116, 38.335485 ], [ 140.9272641, 38.3330903 ], [ 140.925402099999985, 38.3335894 ], [ 140.924702599999989, 38.3322284 ], [ 140.92298839999998, 38.3329717 ], [ 140.9189563, 38.3334215 ], [ 140.9174826, 38.3360123 ], [ 140.913080799999989, 38.3350054 ], [ 140.9114521, 38.335383199999988 ], [ 140.910631, 38.3341666 ], [ 140.9051902, 38.3366058 ], [ 140.903394599999984, 38.3369225 ], [ 140.900855899999982, 38.3408666 ], [ 140.897128, 38.3409773 ], [ 140.8935009, 38.3420767 ], [ 140.892943299999985, 38.3438806 ], [ 140.8853814, 38.3475884 ], [ 140.8842584, 38.3472379 ], [ 140.8824562, 38.3491731 ], [ 140.8836949, 38.3510975 ], [ 140.8789846, 38.3527855 ], [ 140.879602399999982, 38.3542175 ], [ 140.8789816, 38.3555024 ], [ 140.8765823, 38.3566152 ], [ 140.876394799999986, 38.3576493 ], [ 140.8706168, 38.3603257 ], [ 140.869712, 38.359933 ], [ 140.8664258, 38.3603525 ], [ 140.8665403, 38.3612369 ], [ 140.863428199999987, 38.362025 ], [ 140.861699, 38.3621314 ], [ 140.8601942, 38.3606939 ], [ 140.85852, 38.3615206 ], [ 140.8546715, 38.3616618 ], [ 140.853030599999983, 38.360519 ], [ 140.853035399999982, 38.3587346 ], [ 140.849618599999985, 38.3579304 ], [ 140.846613499999989, 38.3587463 ], [ 140.84515829999998, 38.3578267 ], [ 140.8429456, 38.3541194 ], [ 140.8417876, 38.3485745 ], [ 140.8407504, 38.3468853 ], [ 140.838440599999984, 38.3477431 ], [ 140.8359633, 38.3465868 ], [ 140.8341246, 38.3470024 ], [ 140.8340265, 38.3494796 ], [ 140.8318678, 38.3514924 ], [ 140.833920399999982, 38.3544943 ], [ 140.8314383, 38.3566959 ], [ 140.8342678, 38.3589098 ], [ 140.8350776, 38.3600762 ], [ 140.8282012, 38.362784 ], [ 140.8244311, 38.3622346 ], [ 140.822645199999982, 38.3626313 ], [ 140.824593, 38.3661296 ], [ 140.8262091, 38.3672979 ], [ 140.8268139, 38.3688723 ], [ 140.824813799999987, 38.3710304 ], [ 140.8253651, 38.3749445 ], [ 140.822780599999987, 38.377389 ], [ 140.8218475, 38.3789559 ], [ 140.8202957, 38.3800506 ], [ 140.8169237, 38.3811946 ], [ 140.814976699999988, 38.3830918 ], [ 140.8131052, 38.3831454 ], [ 140.8137955, 38.3848071 ], [ 140.811361799999986, 38.3859432 ], [ 140.8112476, 38.3882954 ], [ 140.8084719, 38.3921249 ], [ 140.8054057, 38.3938071 ], [ 140.8013756, 38.3944057 ], [ 140.7996469, 38.3938947 ], [ 140.796652099999989, 38.3945527 ], [ 140.7951376, 38.3955939 ], [ 140.78968519999998, 38.3977606 ], [ 140.7863243, 38.3993981 ], [ 140.783938299999988, 38.4015906 ], [ 140.7816436, 38.4020425 ], [ 140.7793385, 38.4001209 ], [ 140.7773884, 38.4023837 ], [ 140.7748164, 38.4042979 ], [ 140.7707682, 38.4052412 ], [ 140.7689296, 38.4048026 ], [ 140.7651128, 38.407009 ], [ 140.764027199999987, 38.406311 ], [ 140.76185049999998, 38.4066543 ], [ 140.7610082, 38.4078485 ], [ 140.754518, 38.4114291 ], [ 140.751698799999986, 38.4115202 ], [ 140.7497181, 38.4123616 ], [ 140.7466056, 38.4124566 ], [ 140.7435366, 38.412037399999988 ], [ 140.744509099999988, 38.413858 ], [ 140.744406, 38.4155869 ], [ 140.7417534, 38.4170457 ], [ 140.739063099999981, 38.4191591 ], [ 140.7381039, 38.4205421 ], [ 140.738267799999988, 38.4227485 ], [ 140.7363652, 38.4241183 ], [ 140.731752, 38.4247544 ], [ 140.7313926, 38.426788 ], [ 140.7283191, 38.4288677 ], [ 140.7266902, 38.4295044 ], [ 140.7261268, 38.4324944 ], [ 140.723448099999985, 38.4325016 ], [ 140.7216967, 38.4339235 ], [ 140.7185383, 38.4335477 ], [ 140.7162449, 38.4338908 ], [ 140.713867599999986, 38.432014099999989 ], [ 140.714513499999981, 38.4305408 ], [ 140.7130421, 38.4286836 ], [ 140.711596499999985, 38.4279575 ], [ 140.7112943, 38.4248303 ], [ 140.7102112, 38.4235259 ], [ 140.7085337, 38.4232378 ], [ 140.7069703, 38.4219287 ], [ 140.7064239, 38.420317 ], [ 140.702754699999986, 38.4170084 ], [ 140.696874899999983, 38.4156385 ], [ 140.6968987, 38.4196065 ], [ 140.697981, 38.4214407 ], [ 140.69704729999998, 38.4222948 ], [ 140.695889199999982, 38.4252851 ], [ 140.6924847, 38.4259165 ], [ 140.6895841, 38.4255848 ], [ 140.685794, 38.426445699999988 ], [ 140.68250279999998, 38.4265601 ], [ 140.6797252, 38.4289899 ], [ 140.676878, 38.4307982 ], [ 140.6732537, 38.4321818 ], [ 140.6705481, 38.4327346 ], [ 140.664696, 38.4327152 ], [ 140.659172499999983, 38.4322127 ], [ 140.653816299999988, 38.4371722 ], [ 140.6517729, 38.4378433 ], [ 140.648456399999986, 38.4375366 ], [ 140.645956899999987, 38.4368608 ], [ 140.6427947, 38.4368722 ], [ 140.638865399999986, 38.4389486 ], [ 140.6371129, 38.4393528 ], [ 140.633728599999984, 38.4417319 ], [ 140.6329475, 38.4434022 ], [ 140.6303244, 38.4430436 ], [ 140.626914, 38.4436003 ], [ 140.625846199999984, 38.4472786 ], [ 140.6247128, 38.4476178 ], [ 140.6238022, 38.449402 ], [ 140.623883299999989, 38.4509861 ], [ 140.62250659999998, 38.4525417 ], [ 140.62089659999998, 38.4524531 ], [ 140.619679099999985, 38.454692 ], [ 140.6149643, 38.4542731 ], [ 140.6125801, 38.4527017 ], [ 140.6096186, 38.4464421 ], [ 140.6073625, 38.4441868 ], [ 140.60443189999998, 38.4440443 ], [ 140.6030572, 38.4429991 ], [ 140.6021091, 38.4410482 ], [ 140.600600499999985, 38.4406996 ], [ 140.5991977, 38.4392771 ], [ 140.5977646, 38.4365288 ], [ 140.5964454, 38.4374602 ], [ 140.594211700000017, 38.4402413 ], [ 140.5923575, 38.4417211 ], [ 140.591130599999985, 38.4399586 ], [ 140.589767199999983, 38.4391675 ], [ 140.587288299999983, 38.4402391 ], [ 140.5853252, 38.4404189 ], [ 140.583152899999988, 38.4393031 ], [ 140.581954, 38.4377644 ], [ 140.5806268, 38.4374356 ], [ 140.5805432, 38.4348886 ], [ 140.5816974, 38.4334442 ], [ 140.580409299999985, 38.4283506 ], [ 140.5805346, 38.4269676 ], [ 140.5792185, 38.4248412 ], [ 140.579396799999984, 38.4231756 ], [ 140.578044299999988, 38.4223668 ], [ 140.5783065, 38.4203504 ], [ 140.573273699999987, 38.4155963 ], [ 140.5720389, 38.4151596 ], [ 140.571300899999983, 38.4131141 ], [ 140.5713012, 38.410572099999989 ], [ 140.573716499999989, 38.407721 ], [ 140.5733543, 38.4057035 ], [ 140.5744143, 38.4041794 ], [ 140.5740207, 38.4031586 ], [ 140.574531, 38.3966811 ], [ 140.577085499999981, 38.3953047 ], [ 140.5782261, 38.3929566 ], [ 140.575707699999981, 38.3913055 ], [ 140.574504599999983, 38.3899572 ], [ 140.5718521, 38.3886723 ], [ 140.571435899999983, 38.3873659 ], [ 140.5675714, 38.3853312 ], [ 140.5653484, 38.3803917 ], [ 140.5632372, 38.3771954 ], [ 140.556554299999988, 38.3775966 ], [ 140.5538392, 38.3764099 ], [ 140.5525778, 38.3765296 ], [ 140.5507931, 38.3745899 ], [ 140.5495541, 38.3722066 ], [ 140.5503372, 38.3709005 ], [ 140.5476711, 38.3686897 ], [ 140.546906299999989, 38.3658839 ], [ 140.5454035, 38.3640745 ], [ 140.543149, 38.3635464 ], [ 140.5408634, 38.3620853 ], [ 140.5379692, 38.3623067 ], [ 140.5337422, 38.3620851 ], [ 140.5292915, 38.359934 ], [ 140.526312599999983, 38.357526 ], [ 140.524903699999982, 38.3551493 ], [ 140.522752199999985, 38.3531816 ], [ 140.52167, 38.349633 ], [ 140.521580799999981, 38.34757 ], [ 140.522166699999985, 38.3450389 ], [ 140.523777199999984, 38.3427155 ], [ 140.523777199999984, 38.3393428 ], [ 140.5250364, 38.3362789 ], [ 140.5251089, 38.3326847 ], [ 140.5272645, 38.3304186 ], [ 140.5280065, 38.3273145 ], [ 140.530660899999987, 38.3252042 ], [ 140.52932149999998, 38.3242626 ], [ 140.528583699999984, 38.3226198 ], [ 140.529742, 38.3206976 ], [ 140.5278831, 38.3201912 ], [ 140.527912, 38.3188662 ], [ 140.523914099999985, 38.3168013 ], [ 140.5219113, 38.3139896 ], [ 140.5218041, 38.3117035 ], [ 140.5202835, 38.3095152 ], [ 140.51550229999998, 38.3111061 ], [ 140.51173559999998, 38.3111647 ], [ 140.509423, 38.3132424 ], [ 140.5064022, 38.3141127 ], [ 140.5043124, 38.314145 ], [ 140.504741, 38.3112166 ], [ 140.5042796, 38.3080736 ], [ 140.5025568, 38.30545 ], [ 140.500694, 38.3038136 ], [ 140.496197, 38.3040242 ], [ 140.494594399999983, 38.3027081 ], [ 140.4925936, 38.3026876 ], [ 140.493100199999986, 38.3003398 ], [ 140.4919205, 38.2968559 ], [ 140.492825, 38.2954621 ], [ 140.492528, 38.2927629 ], [ 140.492925499999984, 38.2906668 ], [ 140.4942144, 38.2876888 ], [ 140.4955819, 38.2860746 ], [ 140.495276099999984, 38.2851452 ], [ 140.496948300000014, 38.2831435 ], [ 140.495145, 38.2816271 ], [ 140.4919861, 38.280116 ], [ 140.4905924, 38.2764155 ], [ 140.487879, 38.2745047 ], [ 140.4817228, 38.2733308 ], [ 140.4797614, 38.2736233 ], [ 140.4758161, 38.2723803 ], [ 140.4748591, 38.2715645 ], [ 140.47300629999998, 38.2718192 ], [ 140.4711802, 38.2693614 ], [ 140.4715474, 38.2660292 ], [ 140.472805699999981, 38.2613962 ], [ 140.472316299999989, 38.2601981 ], [ 140.470442099999985, 38.2594718 ], [ 140.4694982, 38.2564082 ], [ 140.472533200000015, 38.2522304 ], [ 140.4763677, 38.2513879 ], [ 140.478139100000021, 38.2519468 ], [ 140.4788508, 38.2533912 ], [ 140.4811597, 38.2552034 ], [ 140.485511699999989, 38.2557509 ], [ 140.4862915, 38.2564792 ], [ 140.4896493, 38.2563639 ], [ 140.4915804, 38.2552556 ], [ 140.495491099999981, 38.2566497 ], [ 140.4997383, 38.2561297 ], [ 140.5016426, 38.2554611 ], [ 140.5030729, 38.2563378 ], [ 140.504354299999989, 38.258325299999989 ], [ 140.507631, 38.2593253 ], [ 140.515565, 38.260053 ], [ 140.5188748, 38.2597541 ], [ 140.5207418, 38.2611374 ], [ 140.5227696, 38.2617285 ], [ 140.5240102, 38.259949399999989 ], [ 140.534091499999988, 38.2596963 ], [ 140.5358268, 38.2604821 ], [ 140.537846299999984, 38.2633132 ], [ 140.541345299999989, 38.2638265 ], [ 140.5445973, 38.2624109 ], [ 140.5483438, 38.2613137 ], [ 140.551393599999983, 38.2640606 ], [ 140.5545134, 38.2657817 ], [ 140.5576993, 38.2668142 ], [ 140.5625669, 38.2675286 ], [ 140.5662639, 38.2657753 ], [ 140.5690957, 38.2657497 ], [ 140.5703321, 38.2663211 ], [ 140.5768459, 38.2650499 ], [ 140.5810524, 38.2636785 ], [ 140.5832738, 38.2640355 ], [ 140.5852442, 38.2631591 ], [ 140.588694, 38.2640032 ], [ 140.5925744, 38.2640099 ], [ 140.594183, 38.2646174 ], [ 140.600158199999981, 38.2642176 ], [ 140.604672699999981, 38.2633934 ], [ 140.607898399999982, 38.2651898 ], [ 140.6120626, 38.2628092 ], [ 140.6122604, 38.261387 ], [ 140.613814099999985, 38.2608156 ], [ 140.6160027, 38.2612767 ], [ 140.618875299999985, 38.2594976 ], [ 140.621618399999988, 38.2585734 ], [ 140.6301331, 38.2582461 ], [ 140.634259, 38.2565273 ], [ 140.636173, 38.254949499999988 ], [ 140.6395219, 38.2539242 ], [ 140.642494199999987, 38.252486399999988 ], [ 140.643275599999981, 38.2515964 ], [ 140.65000329999998, 38.2488353 ], [ 140.6551337, 38.2457761 ], [ 140.6516867, 38.2445856 ], [ 140.650762499999985, 38.2429514 ], [ 140.65066, 38.2403803 ], [ 140.6529995, 38.240427 ], [ 140.655174, 38.2398573 ], [ 140.656607399999984, 38.2405659 ], [ 140.6579065, 38.2394431 ], [ 140.662398599999989, 38.2387784 ], [ 140.666812599999986, 38.2396723 ], [ 140.6717921, 38.2397756 ], [ 140.6705954, 38.2385134 ], [ 140.670345199999986, 38.2362706 ], [ 140.6725324, 38.2346003 ], [ 140.6770898, 38.2327895 ], [ 140.6775451, 38.23118 ], [ 140.6798626, 38.2293853 ], [ 140.6842096, 38.2297286 ], [ 140.6863353, 38.229182 ], [ 140.685884099999981, 38.2281009 ], [ 140.683116, 38.2259751 ], [ 140.683736499999981, 38.2250278 ], [ 140.687218299999984, 38.224872 ], [ 140.68971, 38.2233956 ], [ 140.691891699999985, 38.2229103 ], [ 140.693137299999989, 38.2237506 ], [ 140.6957754, 38.223082 ], [ 140.698311599999982, 38.2229928 ], [ 140.702325, 38.2199956 ], [ 140.7073974, 38.2191578 ], [ 140.707723499999986, 38.2186928 ], [ 140.7139497, 38.2175275 ], [ 140.7169537, 38.2175991 ], [ 140.7186551, 38.2169197 ], [ 140.7222841, 38.2165538 ], [ 140.723668299999986, 38.2148236 ], [ 140.7260597, 38.214803 ], [ 140.728403899999989, 38.2140166 ], [ 140.730556799999988, 38.2118913 ], [ 140.732329599999986, 38.2118411 ], [ 140.735731099999981, 38.2107052 ], [ 140.738389499999982, 38.2079163 ], [ 140.7374011, 38.2061708 ], [ 140.7418803, 38.1997333 ], [ 140.7435548, 38.1991397 ], [ 140.7422731, 38.1964828 ], [ 140.7438004, 38.1947556 ], [ 140.7419947, 38.1940834 ], [ 140.7432047, 38.1897123 ], [ 140.745757, 38.1875868 ], [ 140.745198599999981, 38.1850093 ], [ 140.743667499999987, 38.1828704 ], [ 140.746615, 38.1808243 ], [ 140.7483373, 38.1805913 ], [ 140.7497004, 38.1790402 ], [ 140.750682899999987, 38.180889 ], [ 140.753003299999989, 38.1798871 ], [ 140.7543758, 38.1804198 ], [ 140.7553489, 38.1789279 ], [ 140.7565789, 38.178664 ], [ 140.756707500000033, 38.1767054 ], [ 140.7597874, 38.1775645 ], [ 140.762779099999989, 38.1774578 ], [ 140.766886199999988, 38.1785164 ], [ 140.768401, 38.1775611 ], [ 140.7703424, 38.1776419 ], [ 140.7764963, 38.1795002 ], [ 140.778198799999984, 38.1781883 ], [ 140.779943299999985, 38.1783646 ], [ 140.7823998, 38.1771107 ], [ 140.786516, 38.1772837 ], [ 140.7878849, 38.1751968 ], [ 140.7919684, 38.174397 ], [ 140.7958066, 38.1753192 ], [ 140.7967502, 38.1802469 ], [ 140.800320699999986, 38.1822024 ], [ 140.8026855, 38.1838924 ], [ 140.8062448, 38.1853582 ], [ 140.808212, 38.1841079 ], [ 140.8106263, 38.1851279 ], [ 140.813417, 38.1850962 ], [ 140.815210399999984, 38.1873167 ], [ 140.813256199999984, 38.1872984 ], [ 140.8103099, 38.188492 ], [ 140.8075141, 38.1903698 ], [ 140.8061985, 38.1926493 ], [ 140.8032617, 38.1926309 ], [ 140.8004647, 38.1933376 ], [ 140.8004049, 38.1942287 ], [ 140.797974, 38.194641 ], [ 140.7946306, 38.1941402 ], [ 140.7968004, 38.1996173 ], [ 140.794719499999985, 38.2007976 ], [ 140.7938873, 38.2025615 ], [ 140.790640199999984, 38.2030254 ], [ 140.7879924, 38.2023691 ], [ 140.7860929, 38.205251 ], [ 140.786764299999987, 38.2061568 ], [ 140.7853304, 38.2072732 ], [ 140.7846037, 38.2093757 ], [ 140.784502, 38.2130226 ], [ 140.783927299999988, 38.214374 ], [ 140.788173, 38.2180484 ], [ 140.7953416, 38.2192033 ], [ 140.7977433, 38.2182436 ], [ 140.7975041, 38.2142844 ], [ 140.7982678, 38.2128044 ], [ 140.8025226, 38.2126297 ], [ 140.8063497, 38.2106886 ], [ 140.8085709, 38.2105488 ], [ 140.8079648, 38.2136829 ], [ 140.8096904, 38.2137221 ], [ 140.8125646, 38.2146868 ], [ 140.8131319, 38.2170946 ], [ 140.8157678, 38.2186562 ], [ 140.8170098, 38.2187373 ], [ 140.8202499, 38.2171967 ], [ 140.8222633, 38.2175664 ], [ 140.8266937, 38.2169289 ], [ 140.830571599999985, 38.2139433 ], [ 140.837773199999987, 38.2110419 ], [ 140.8431642, 38.2084896 ], [ 140.8448429, 38.2072963 ], [ 140.8477216, 38.2066926 ], [ 140.8515147, 38.2048206 ], [ 140.855133099999989, 38.203812299999989 ], [ 140.8610833, 38.2040297 ], [ 140.86334979999998, 38.2019472 ], [ 140.8635428, 38.2005941 ], [ 140.8626869, 38.1985894 ], [ 140.8595976, 38.194952 ], [ 140.8636242, 38.1953278 ], [ 140.8634083, 38.1940122 ], [ 140.8664378, 38.1912116 ], [ 140.867192499999987, 38.1892058 ], [ 140.8669856, 38.1877517 ], [ 140.8723641, 38.1876141 ], [ 140.8728022, 38.1888591 ], [ 140.877544500000027, 38.1892115 ], [ 140.8797727, 38.1889568 ], [ 140.881824099999989, 38.1902279 ], [ 140.8841356, 38.1904384 ], [ 140.8848859, 38.188997 ], [ 140.8883185, 38.1883173 ], [ 140.89026, 38.1897986 ], [ 140.894190900000012, 38.1903713 ], [ 140.899952, 38.1896185 ], [ 140.899671399999988, 38.1863533 ], [ 140.8985624, 38.1847447 ], [ 140.9034532, 38.1846007 ], [ 140.9037971, 38.188047399999988 ], [ 140.9010476, 38.1883871 ], [ 140.901139799999982, 38.1894141 ], [ 140.90712, 38.1884146 ], [ 140.904181, 38.1870993 ], [ 140.903895399999982, 38.1845821 ], [ 140.906935799999985, 38.1845526 ], [ 140.9073584, 38.1856236 ], [ 140.912329699999987, 38.1850259 ], [ 140.9151515, 38.1853486 ], [ 140.917570499999982, 38.1836968 ], [ 140.9299557, 38.1828867 ], [ 140.9334915, 38.1825265 ], [ 140.935310499999986, 38.1843905 ], [ 140.9350206, 38.1863428 ], [ 140.93197619999998, 38.1878026 ], [ 140.9297239, 38.1894621 ], [ 140.928335799999985, 38.1912827 ], [ 140.9279819, 38.1930677 ], [ 140.9309367, 38.1960579 ], [ 140.933287400000012, 38.1976465 ], [ 140.935075, 38.1986734 ], [ 140.9359111, 38.1976376 ], [ 140.937095299999982, 38.189287 ], [ 140.9402623, 38.1860226 ], [ 140.9415007, 38.1852756 ], [ 140.948206699999986, 38.1830839 ], [ 140.951401799999985, 38.1798761 ], [ 140.959103199999987, 38.176168 ], [ 140.9601869, 38.1754274 ], [ 140.9640995, 38.1831864 ], [ 140.967718499999989, 38.1909781 ], [ 140.969105899999988, 38.1920439 ], [ 140.9743037, 38.2006799 ], [ 140.98119939999998, 38.2107288 ], [ 140.985731099999981, 38.2153208 ], [ 140.987736, 38.2190356 ], [ 140.9885107, 38.2195916 ], [ 140.9908475, 38.2240175 ], [ 140.995319199999983, 38.229715 ] ] ], [ [ [ 141.040309, 38.272696 ], [ 141.044350799999989, 38.274776 ], [ 141.04346289999998, 38.2768145 ], [ 141.0415116, 38.2799462 ], [ 141.0397987, 38.2819351 ], [ 141.0374587, 38.2829176 ], [ 141.035013099999986, 38.2823388 ], [ 141.0342253, 38.2810543 ], [ 141.0321966, 38.2803699 ], [ 141.0313132, 38.2807085 ], [ 141.0294668, 38.2766472 ], [ 141.0295729, 38.2755653 ], [ 141.040309, 38.272696 ] ] ] ] } },
{ "type": "Feature", "properties": { "hokenjo": "仙南" }, "geometry": { "type": "MultiPolygon", "coordinates": [ [ [ [ 140.8544924, 37.9099997 ], [ 140.8528849, 37.9116283 ], [ 140.850921199999988, 37.9122339 ], [ 140.850771, 37.9143972 ], [ 140.851957699999986, 37.9169924 ], [ 140.8545967, 37.917753 ], [ 140.855363399999987, 37.9202343 ], [ 140.8540587, 37.9220304 ], [ 140.8557609, 37.9253157 ], [ 140.856682399999983, 37.9278926 ], [ 140.8561082, 37.9299054 ], [ 140.8549199, 37.9308479 ], [ 140.852310400000022, 37.9346598 ], [ 140.852481499999982, 37.936202 ], [ 140.850734, 37.9378817 ], [ 140.8525463, 37.9393387 ], [ 140.851446899999985, 37.9421773 ], [ 140.8528452, 37.9434628 ], [ 140.8528969, 37.9467833 ], [ 140.8537164, 37.9487669 ], [ 140.851955799999985, 37.94991 ], [ 140.8515433, 37.9510464 ], [ 140.852844799999986, 37.9547569 ], [ 140.851491400000015, 37.9570413 ], [ 140.853523699999982, 37.9610041 ], [ 140.8525665, 37.965909 ], [ 140.8530788, 37.967311 ], [ 140.852356, 37.9699479 ], [ 140.8508943, 37.971474 ], [ 140.8510512, 37.9734965 ], [ 140.8499646, 37.9761351 ], [ 140.8506552, 37.9770193 ], [ 140.849964299999982, 37.9786701 ], [ 140.8478901, 37.9803173 ], [ 140.8477346, 37.983732 ], [ 140.84702489999998, 37.9854701 ], [ 140.845387, 37.9866712 ], [ 140.8433401, 37.9895134 ], [ 140.8429684, 37.9917248 ], [ 140.8413517, 37.9936389 ], [ 140.8402489, 37.9967173 ], [ 140.841480599999983, 37.9993817 ], [ 140.839827, 38.0006636 ], [ 140.8410692, 38.0070822 ], [ 140.8390661, 38.0102981 ], [ 140.8396778, 38.0117494 ], [ 140.838847499999986, 38.0142742 ], [ 140.8392533, 38.0183436 ], [ 140.8365246, 38.0209011 ], [ 140.8352832, 38.0215159 ], [ 140.8346929, 38.0234934 ], [ 140.8332585, 38.0236792 ], [ 140.831856499999986, 38.0252986 ], [ 140.829461399999985, 38.0312547 ], [ 140.8297076, 38.0338553 ], [ 140.830413099999987, 38.0350442 ], [ 140.828609199999988, 38.0370947 ], [ 140.82885779999998, 38.0390419 ], [ 140.8281481, 38.0423114 ], [ 140.830364799999984, 38.0452063 ], [ 140.830874, 38.0477016 ], [ 140.8299362, 38.0485991 ], [ 140.8299629, 38.0507935 ], [ 140.830998699999981, 38.0514763 ], [ 140.8302746, 38.0544179 ], [ 140.8301401, 38.0602193 ], [ 140.8289479, 38.0615165 ], [ 140.828314800000015, 38.0635834 ], [ 140.8260884, 38.0663648 ], [ 140.8266467, 38.0673409 ], [ 140.8269276, 38.0716645 ], [ 140.8262862, 38.0753789 ], [ 140.823125, 38.0771487 ], [ 140.8247992, 38.0787289 ], [ 140.8286776, 38.0813614 ], [ 140.8318922, 38.0830224 ], [ 140.8347353, 38.0836971 ], [ 140.834852, 38.0865041 ], [ 140.8333964, 38.0874085 ], [ 140.8316989, 38.0894677 ], [ 140.8318194, 38.0904579 ], [ 140.8290207, 38.0918835 ], [ 140.829373300000015, 38.0962918 ], [ 140.827147599999989, 38.0972927 ], [ 140.825375399999984, 38.0972033 ], [ 140.8245134, 38.0993688 ], [ 140.8255876, 38.1012388 ], [ 140.8250429, 38.104199 ], [ 140.8262837, 38.1050393 ], [ 140.8253918, 38.1071099 ], [ 140.8257176, 38.1094609 ], [ 140.8269641, 38.1115743 ], [ 140.8249424, 38.1127956 ], [ 140.8243215, 38.1147004 ], [ 140.8258485, 38.1163873 ], [ 140.824991, 38.1174731 ], [ 140.8252635, 38.1191323 ], [ 140.827197700000028, 38.1198809 ], [ 140.8271394, 38.1219858 ], [ 140.8242596, 38.1221645 ], [ 140.8227996, 38.123287 ], [ 140.820871399999987, 38.1258523 ], [ 140.8190095, 38.1268356 ], [ 140.816645800000032, 38.1267354 ], [ 140.811660099999983, 38.1273037 ], [ 140.8088914, 38.1267891 ], [ 140.805768, 38.1269102 ], [ 140.801887, 38.1223233 ], [ 140.7999939, 38.1215906 ], [ 140.7959521, 38.1215404 ], [ 140.793513499999989, 38.1234037 ], [ 140.7899353, 38.1239965 ], [ 140.789073299999984, 38.1253871 ], [ 140.7871197, 38.1251649 ], [ 140.78455409999998, 38.1260299 ], [ 140.7807812, 38.1258333 ], [ 140.780498900000026, 38.1273683 ], [ 140.7790881, 38.1283155 ], [ 140.7774272, 38.1283727 ], [ 140.7772405, 38.1296786 ], [ 140.7797175, 38.1313621 ], [ 140.7798559, 38.1337499 ], [ 140.782824, 38.1342576 ], [ 140.783226, 38.1354479 ], [ 140.7864174, 38.1368265 ], [ 140.7876317, 38.1375595 ], [ 140.7866675, 38.140152 ], [ 140.789099199999981, 38.1423445 ], [ 140.7890889, 38.1437428 ], [ 140.790634, 38.1456269 ], [ 140.7944933, 38.1476152 ], [ 140.7965978, 38.1480581 ], [ 140.795523299999985, 38.1489871 ], [ 140.794634699999989, 38.1516027 ], [ 140.7963009, 38.1533052 ], [ 140.7939356, 38.1558935 ], [ 140.7941095, 38.1611646 ], [ 140.794591699999984, 38.1623137 ], [ 140.7927128, 38.164766 ], [ 140.7910564, 38.165713499999988 ], [ 140.790913599999982, 38.1689276 ], [ 140.7918359, 38.1702693 ], [ 140.7904011, 38.1710904 ], [ 140.7898769, 38.1735046 ], [ 140.7919684, 38.174397 ], [ 140.7878849, 38.1751968 ], [ 140.786516, 38.1772837 ], [ 140.7823998, 38.1771107 ], [ 140.779943299999985, 38.1783646 ], [ 140.778198799999984, 38.1781883 ], [ 140.7764963, 38.1795002 ], [ 140.7703424, 38.1776419 ], [ 140.768401, 38.1775611 ], [ 140.766886199999988, 38.1785164 ], [ 140.762779099999989, 38.1774578 ], [ 140.7597874, 38.1775645 ], [ 140.756707500000033, 38.1767054 ], [ 140.7565789, 38.178664 ], [ 140.7553489, 38.1789279 ], [ 140.7543758, 38.1804198 ], [ 140.753003299999989, 38.1798871 ], [ 140.750682899999987, 38.180889 ], [ 140.7497004, 38.1790402 ], [ 140.7483373, 38.1805913 ], [ 140.746615, 38.1808243 ], [ 140.743667499999987, 38.1828704 ], [ 140.745198599999981, 38.1850093 ], [ 140.745757, 38.1875868 ], [ 140.7432047, 38.1897123 ], [ 140.7419947, 38.1940834 ], [ 140.7438004, 38.1947556 ], [ 140.7422731, 38.1964828 ], [ 140.7435548, 38.1991397 ], [ 140.7418803, 38.1997333 ], [ 140.7374011, 38.2061708 ], [ 140.738389499999982, 38.2079163 ], [ 140.735731099999981, 38.2107052 ], [ 140.732329599999986, 38.2118411 ], [ 140.730556799999988, 38.2118913 ], [ 140.728403899999989, 38.2140166 ], [ 140.7260597, 38.214803 ], [ 140.723668299999986, 38.2148236 ], [ 140.7222841, 38.2165538 ], [ 140.7186551, 38.2169197 ], [ 140.7169537, 38.2175991 ], [ 140.7139497, 38.2175275 ], [ 140.707723499999986, 38.2186928 ], [ 140.7073974, 38.2191578 ], [ 140.702325, 38.2199956 ], [ 140.698311599999982, 38.2229928 ], [ 140.6957754, 38.223082 ], [ 140.693137299999989, 38.2237506 ], [ 140.691891699999985, 38.2229103 ], [ 140.68971, 38.2233956 ], [ 140.687218299999984, 38.224872 ], [ 140.683736499999981, 38.2250278 ], [ 140.683116, 38.2259751 ], [ 140.685884099999981, 38.2281009 ], [ 140.6863353, 38.229182 ], [ 140.6842096, 38.2297286 ], [ 140.6798626, 38.2293853 ], [ 140.6775451, 38.23118 ], [ 140.6770898, 38.2327895 ], [ 140.6725324, 38.2346003 ], [ 140.670345199999986, 38.2362706 ], [ 140.6705954, 38.2385134 ], [ 140.6717921, 38.2397756 ], [ 140.666812599999986, 38.2396723 ], [ 140.662398599999989, 38.2387784 ], [ 140.6579065, 38.2394431 ], [ 140.656607399999984, 38.2405659 ], [ 140.655174, 38.2398573 ], [ 140.6529995, 38.240427 ], [ 140.65066, 38.2403803 ], [ 140.650762499999985, 38.2429514 ], [ 140.6516867, 38.2445856 ], [ 140.6551337, 38.2457761 ], [ 140.65000329999998, 38.2488353 ], [ 140.643275599999981, 38.2515964 ], [ 140.642494199999987, 38.252486399999988 ], [ 140.6395219, 38.2539242 ], [ 140.636173, 38.254949499999988 ], [ 140.634259, 38.2565273 ], [ 140.6301331, 38.2582461 ], [ 140.621618399999988, 38.2585734 ], [ 140.618875299999985, 38.2594976 ], [ 140.6160027, 38.2612767 ], [ 140.613814099999985, 38.2608156 ], [ 140.6122604, 38.261387 ], [ 140.6120626, 38.2628092 ], [ 140.607898399999982, 38.2651898 ], [ 140.604672699999981, 38.2633934 ], [ 140.600158199999981, 38.2642176 ], [ 140.594183, 38.2646174 ], [ 140.5925744, 38.2640099 ], [ 140.588694, 38.2640032 ], [ 140.5852442, 38.2631591 ], [ 140.5832738, 38.2640355 ], [ 140.5810524, 38.2636785 ], [ 140.5768459, 38.2650499 ], [ 140.5703321, 38.2663211 ], [ 140.5690957, 38.2657497 ], [ 140.5662639, 38.2657753 ], [ 140.5625669, 38.2675286 ], [ 140.5576993, 38.2668142 ], [ 140.5545134, 38.2657817 ], [ 140.551393599999983, 38.2640606 ], [ 140.5483438, 38.2613137 ], [ 140.5445973, 38.2624109 ], [ 140.541345299999989, 38.2638265 ], [ 140.537846299999984, 38.2633132 ], [ 140.5358268, 38.2604821 ], [ 140.534091499999988, 38.2596963 ], [ 140.5240102, 38.259949399999989 ], [ 140.5227696, 38.2617285 ], [ 140.5207418, 38.2611374 ], [ 140.5188748, 38.2597541 ], [ 140.515565, 38.260053 ], [ 140.507631, 38.2593253 ], [ 140.504354299999989, 38.258325299999989 ], [ 140.5030729, 38.2563378 ], [ 140.5016426, 38.2554611 ], [ 140.4997383, 38.2561297 ], [ 140.495491099999981, 38.2566497 ], [ 140.4915804, 38.2552556 ], [ 140.4896493, 38.2563639 ], [ 140.4862915, 38.2564792 ], [ 140.485511699999989, 38.2557509 ], [ 140.4811597, 38.2552034 ], [ 140.4788508, 38.2533912 ], [ 140.478139100000021, 38.2519468 ], [ 140.4763677, 38.2513879 ], [ 140.472533200000015, 38.2522304 ], [ 140.4711207, 38.2508579 ], [ 140.470925099999988, 38.2492915 ], [ 140.469614299999989, 38.2476004 ], [ 140.4698904, 38.2452793 ], [ 140.469207, 38.2429249 ], [ 140.469521499999985, 38.2409549 ], [ 140.4707618, 38.2378336 ], [ 140.471066500000035, 38.2347838 ], [ 140.4685001, 38.2332461 ], [ 140.4693323, 38.2283275 ], [ 140.4728107, 38.2265181 ], [ 140.4742884, 38.2244794 ], [ 140.473542899999984, 38.222275 ], [ 140.4723529, 38.2208075 ], [ 140.471387599999986, 38.2177373 ], [ 140.4709478, 38.2145681 ], [ 140.4719876, 38.2112779 ], [ 140.4732995, 38.2099256 ], [ 140.472328399999981, 38.2062015 ], [ 140.474135099999984, 38.2036374 ], [ 140.4752384, 38.2031132 ], [ 140.4773037, 38.2007868 ], [ 140.478348499999981, 38.198376 ], [ 140.477969, 38.1957902 ], [ 140.479019, 38.1945363 ], [ 140.477629799999988, 38.191838 ], [ 140.479505099999983, 38.1858744 ], [ 140.4801507, 38.182135 ], [ 140.4795748, 38.180682 ], [ 140.476392, 38.1779184 ], [ 140.475205, 38.1758667 ], [ 140.469648299999989, 38.1706415 ], [ 140.4694566, 38.1667635 ], [ 140.4688591, 38.1651002 ], [ 140.469149099999981, 38.1630016 ], [ 140.46700210000003, 38.1607744 ], [ 140.467658199999988, 38.1569758 ], [ 140.464008399999983, 38.1557797 ], [ 140.46167, 38.1555369 ], [ 140.4602428, 38.1542264 ], [ 140.453489099999985, 38.1518984 ], [ 140.452009299999986, 38.1510601 ], [ 140.4499673, 38.1470187 ], [ 140.445911699999982, 38.1436049 ], [ 140.443753099999981, 38.1409288 ], [ 140.442743899999982, 38.1390044 ], [ 140.4426277, 38.1357605 ], [ 140.4443741, 38.1334833 ], [ 140.44568529999998, 38.1298548 ], [ 140.4410957, 38.1298037 ], [ 140.4370868, 38.1284059 ], [ 140.431040599999989, 38.1268571 ], [ 140.4266836, 38.1237457 ], [ 140.4251577, 38.121908 ], [ 140.423869599999989, 38.1193877 ], [ 140.4257844, 38.1165561 ], [ 140.425610200000023, 38.1149159 ], [ 140.4239393, 38.1131926 ], [ 140.423312899999985, 38.1111856 ], [ 140.4211487, 38.1088076 ], [ 140.4174059, 38.1029194 ], [ 140.419037, 38.0991483 ], [ 140.4182592, 38.0965914 ], [ 140.4186364, 38.0946256 ], [ 140.419599799999986, 38.0933612 ], [ 140.4195709, 38.090432899999989 ], [ 140.421312, 38.0884535 ], [ 140.4206648, 38.0852585 ], [ 140.4176742, 38.0803353 ], [ 140.4140366, 38.0783739 ], [ 140.4132688, 38.0773309 ], [ 140.409612399999986, 38.0767421 ], [ 140.40418649999998, 38.0737316 ], [ 140.4034457, 38.0707244 ], [ 140.4000651, 38.0703358 ], [ 140.396552499999984, 38.0693581 ], [ 140.393466599999982, 38.0698842 ], [ 140.3918372, 38.0710108 ], [ 140.389934899999986, 38.0707209 ], [ 140.387677699999983, 38.0711961 ], [ 140.3839379, 38.0710195 ], [ 140.3830154, 38.07151 ], [ 140.3801642, 38.0694709 ], [ 140.3818584, 38.0671754 ], [ 140.3823993, 38.0643565 ], [ 140.3801573, 38.0621774 ], [ 140.3769886, 38.0604136 ], [ 140.3749808, 38.0574392 ], [ 140.3680296, 38.0563467 ], [ 140.3645415, 38.0563131 ], [ 140.360327499999983, 38.0579389 ], [ 140.3556441, 38.0584755 ], [ 140.351516, 38.0570214 ], [ 140.350045400000027, 38.0539875 ], [ 140.347364, 38.0543339 ], [ 140.3445975, 38.0533736 ], [ 140.34277, 38.0546283 ], [ 140.3403758, 38.0551836 ], [ 140.336111599999981, 38.055205 ], [ 140.3346799, 38.0561653 ], [ 140.3317037, 38.056241899999989 ], [ 140.3288167, 38.0551864 ], [ 140.3249755, 38.0550147 ], [ 140.322364099999987, 38.0558641 ], [ 140.3199118, 38.0553733 ], [ 140.317595399999988, 38.0560572 ], [ 140.3168001, 38.0579807 ], [ 140.314999600000021, 38.0583916 ], [ 140.3121323, 38.0569957 ], [ 140.30843059999998, 38.0576768 ], [ 140.3044769, 38.0540169 ], [ 140.302711599999981, 38.053566 ], [ 140.300531, 38.054013499999989 ], [ 140.296608099999986, 38.0571518 ], [ 140.2921189, 38.0558113 ], [ 140.2911217, 38.0578204 ], [ 140.289084699999989, 38.0593387 ], [ 140.28520469999998, 38.0584612 ], [ 140.281926, 38.0595195 ], [ 140.2770904, 38.0561607 ], [ 140.2785504, 38.0554454 ], [ 140.2787251, 38.0542523 ], [ 140.2806732, 38.0518963 ], [ 140.2832999, 38.0502182 ], [ 140.282046799999989, 38.0490988 ], [ 140.282450399999988, 38.0470494 ], [ 140.281876, 38.0441227 ], [ 140.2791095, 38.0433341 ], [ 140.2786829, 38.0401377 ], [ 140.2776509, 38.0380391 ], [ 140.2759206, 38.0359775 ], [ 140.2770147, 38.0330939 ], [ 140.2757267, 38.0309036 ], [ 140.2765881, 38.0285722 ], [ 140.279106399999989, 38.0279617 ], [ 140.279979199999985, 38.0260014 ], [ 140.281193699999989, 38.0258817 ], [ 140.2817451, 38.0200287 ], [ 140.2833903, 38.0178323 ], [ 140.2832584, 38.015930399999988 ], [ 140.284504199999986, 38.0148965 ], [ 140.2867004, 38.0108596 ], [ 140.2869178, 38.0084668 ], [ 140.2895445, 38.0070955 ], [ 140.2864098, 38.0045063 ], [ 140.2850742, 38.0028744 ], [ 140.2827369, 38.0014602 ], [ 140.2791446, 37.9955127 ], [ 140.27687880000002, 37.9941794 ], [ 140.2761951, 37.9927733 ], [ 140.276307299999985, 37.9903169 ], [ 140.275001400000036, 37.9838683 ], [ 140.275368899999989, 37.9816216 ], [ 140.276848699999988, 37.9811694 ], [ 140.2777367, 37.9796583 ], [ 140.279676199999983, 37.9782039 ], [ 140.280002599999989, 37.9766444 ], [ 140.2844585, 37.9729911 ], [ 140.2900127, 37.9723122 ], [ 140.2916497, 37.970355 ], [ 140.2961314, 37.9703461 ], [ 140.2981184, 37.9696939 ], [ 140.302261499999986, 37.9690951 ], [ 140.302780899999988, 37.9678976 ], [ 140.3067207, 37.966342 ], [ 140.309791499999989, 37.9641614 ], [ 140.3137652, 37.9645012 ], [ 140.3156166, 37.9623829 ], [ 140.3148716, 37.9601217 ], [ 140.3166441, 37.9580931 ], [ 140.3199516, 37.9588795 ], [ 140.3217803, 37.958200399999988 ], [ 140.3246251, 37.9579593 ], [ 140.3260812, 37.9587459 ], [ 140.3287568, 37.9582273 ], [ 140.329964599999983, 37.9562076 ], [ 140.3313757, 37.9549923 ], [ 140.3323015, 37.9527217 ], [ 140.334266, 37.951417 ], [ 140.3358121, 37.9549923 ], [ 140.3409939, 37.9530439 ], [ 140.3420097, 37.9517034 ], [ 140.3455994, 37.9511584 ], [ 140.3485909, 37.9501573 ], [ 140.351198700000026, 37.9502559 ], [ 140.3539754, 37.9510781 ], [ 140.355770399999983, 37.9521326 ], [ 140.3535579, 37.9547781 ], [ 140.355149399999988, 37.9578528 ], [ 140.359088899999989, 37.9589703 ], [ 140.3642026, 37.9587289 ], [ 140.3666748, 37.9569506 ], [ 140.3705582, 37.9569686 ], [ 140.3725776, 37.9553114 ], [ 140.383058600000027, 37.9531111 ], [ 140.3843875, 37.9522286 ], [ 140.3856298, 37.9537199 ], [ 140.3859104, 37.9601133 ], [ 140.3853312, 37.9620524 ], [ 140.3856379, 37.9648949 ], [ 140.388407199999989, 37.9691158 ], [ 140.392523100000034, 37.9711619 ], [ 140.39364089999998, 37.9727824 ], [ 140.3985698, 37.9744207 ], [ 140.407524099999989, 37.9736231 ], [ 140.4080669, 37.9698034 ], [ 140.40789239999998, 37.9667004 ], [ 140.4092119, 37.9637423 ], [ 140.4146203, 37.9632881 ], [ 140.4155978, 37.9621506 ], [ 140.4206668, 37.9604697 ], [ 140.4216088, 37.9589497 ], [ 140.4241621, 37.9569519 ], [ 140.4283447, 37.9552727 ], [ 140.434087, 37.9537996 ], [ 140.4382368, 37.9540357 ], [ 140.444713899999982, 37.9569546 ], [ 140.4469753, 37.9536315 ], [ 140.447813699999983, 37.9511268 ], [ 140.451131799999985, 37.9510706 ], [ 140.4560664, 37.9503734 ], [ 140.4576339, 37.9513256 ], [ 140.4614995, 37.9525767 ], [ 140.461933099999982, 37.9516756 ], [ 140.466023799999988, 37.949135 ], [ 140.4683149, 37.9490109 ], [ 140.4709222, 37.9474514 ], [ 140.4748798, 37.9467822 ], [ 140.472729499999986, 37.9446647 ], [ 140.4711211, 37.942 ], [ 140.4685005, 37.9400253 ], [ 140.4674791, 37.9378184 ], [ 140.468721599999981, 37.9360525 ], [ 140.4678949, 37.9336403 ], [ 140.4678907, 37.9317053 ], [ 140.4693632, 37.9295539 ], [ 140.468451, 37.9271306 ], [ 140.4691827, 37.9256353 ], [ 140.468342899999982, 37.923997 ], [ 140.469685699999985, 37.9211914 ], [ 140.4700632, 37.9193656 ], [ 140.469531, 37.9178687 ], [ 140.4710926, 37.9149736 ], [ 140.4744624, 37.9107389 ], [ 140.4766622, 37.9069164 ], [ 140.4794186, 37.9057747 ], [ 140.4829334, 37.9037053 ], [ 140.483018099999981, 37.9018469 ], [ 140.4845032, 37.9015464 ], [ 140.4883491, 37.8996047 ], [ 140.490855, 37.9004016 ], [ 140.4944184, 37.899746 ], [ 140.498347699999982, 37.9003599 ], [ 140.5006172, 37.9026865 ], [ 140.502049699999986, 37.9027699 ], [ 140.502173, 37.9045749 ], [ 140.504596099999986, 37.9054924 ], [ 140.5074081, 37.9045232 ], [ 140.5089676, 37.9051829 ], [ 140.5116749, 37.9035332 ], [ 140.513773, 37.9030829 ], [ 140.5157922, 37.9034934 ], [ 140.51578809999998, 37.9057609 ], [ 140.517257799999982, 37.9074729 ], [ 140.520597399999986, 37.9074698 ], [ 140.5218199, 37.9087992 ], [ 140.5244227, 37.9078656 ], [ 140.526139100000023, 37.9078906 ], [ 140.5295122, 37.9067142 ], [ 140.531325899999985, 37.9052456 ], [ 140.5334646, 37.9066492 ], [ 140.5355741, 37.9064314 ], [ 140.53688630000002, 37.907590299999988 ], [ 140.5403753, 37.9076408 ], [ 140.5445259, 37.908551 ], [ 140.5475999, 37.9086163 ], [ 140.549439899999982, 37.9098641 ], [ 140.5532019, 37.9098374 ], [ 140.5545778, 37.9094226 ], [ 140.5572479, 37.9101726 ], [ 140.5584446, 37.9098793 ], [ 140.5630291, 37.9114354 ], [ 140.5637994, 37.9129265 ], [ 140.562356099999988, 37.9140231 ], [ 140.5632383, 37.9164865 ], [ 140.5625578, 37.917912 ], [ 140.563952199999989, 37.9202503 ], [ 140.5654012, 37.9211273 ], [ 140.5663792, 37.9227909 ], [ 140.5696654, 37.9210023 ], [ 140.570169599999986, 37.9186225 ], [ 140.573982400000034, 37.9176606 ], [ 140.574208, 37.916 ], [ 140.5753147, 37.9144806 ], [ 140.5807481, 37.9122733 ], [ 140.5813511, 37.9111053 ], [ 140.584293699999989, 37.9089189 ], [ 140.5867218, 37.9100766 ], [ 140.5881171, 37.9079505 ], [ 140.5918144, 37.9061694 ], [ 140.59483, 37.9070485 ], [ 140.5958056, 37.9061796 ], [ 140.5989104, 37.9077407 ], [ 140.6003263, 37.910156 ], [ 140.6018421, 37.909944 ], [ 140.6050677, 37.9110081 ], [ 140.6102076, 37.911093699999988 ], [ 140.6100815, 37.9136023 ], [ 140.6116498, 37.9151634 ], [ 140.6157302, 37.9147683 ], [ 140.6186227, 37.9125158 ], [ 140.620697200000023, 37.9088908 ], [ 140.6224464, 37.9026361 ], [ 140.62423579999998, 37.900378 ], [ 140.627342299999981, 37.8990733 ], [ 140.633391, 37.8979557 ], [ 140.644672, 37.8954487 ], [ 140.645359, 37.8970826 ], [ 140.6468621, 37.898637 ], [ 140.6522522, 37.8998117 ], [ 140.6571554, 37.9002374 ], [ 140.6600044, 37.9008844 ], [ 140.6626028, 37.9002205 ], [ 140.6640344, 37.8979174 ], [ 140.6663931, 37.8961502 ], [ 140.66697640000001, 37.8950577 ], [ 140.670108199999987, 37.8943743 ], [ 140.6722843, 37.8929671 ], [ 140.6762216, 37.8924962 ], [ 140.6807351, 37.8915686 ], [ 140.6823387, 37.890513399999989 ], [ 140.688544899999982, 37.8891347 ], [ 140.6900805, 37.888213 ], [ 140.6896616, 37.8858158 ], [ 140.6908894, 37.8836742 ], [ 140.6891535, 37.8828881 ], [ 140.6857498, 37.8804567 ], [ 140.682882799999987, 37.8795121 ], [ 140.6818989, 37.8760032 ], [ 140.6827614, 37.874071 ], [ 140.6852706, 37.8726274 ], [ 140.6868772, 37.8723407 ], [ 140.6875287, 37.871206 ], [ 140.685818, 37.867938 ], [ 140.6862797, 37.8661194 ], [ 140.6886744, 37.8631438 ], [ 140.690525, 37.8625622 ], [ 140.6928514, 37.8570475 ], [ 140.6908008, 37.8528351 ], [ 140.691888799999987, 37.8512745 ], [ 140.6915774, 37.8495073 ], [ 140.688696, 37.8487554 ], [ 140.687937299999987, 37.8473823 ], [ 140.685607299999987, 37.8468857 ], [ 140.685797, 37.8441029 ], [ 140.6869386, 37.8422449 ], [ 140.6844658, 37.8408291 ], [ 140.6839108, 37.8389258 ], [ 140.679504799999989, 37.8368519 ], [ 140.6796156, 37.8350853 ], [ 140.682589, 37.8334617 ], [ 140.684244899999982, 37.8308897 ], [ 140.68356559999998, 37.8284576 ], [ 140.685020399999985, 37.8260964 ], [ 140.684641699999986, 37.8238837 ], [ 140.6862165, 37.8223762 ], [ 140.685669499999989, 37.8210171 ], [ 140.686447, 37.8195234 ], [ 140.685253099999983, 37.817689 ], [ 140.6855014, 37.8153463 ], [ 140.687651099999982, 37.8135535 ], [ 140.6897989, 37.8127468 ], [ 140.6915998, 37.8104205 ], [ 140.69136469999998, 37.8093657 ], [ 140.692398600000018, 37.807043 ], [ 140.69527979999998, 37.804663 ], [ 140.6943733, 37.803265 ], [ 140.6973789, 37.8027069 ], [ 140.701312699999988, 37.8032802 ], [ 140.7057941, 37.8023774 ], [ 140.711524500000024, 37.8006621 ], [ 140.7132073, 37.7994602 ], [ 140.7148454, 37.7970516 ], [ 140.7162698, 37.7964841 ], [ 140.7172496, 37.7948719 ], [ 140.719671799999986, 37.7933405 ], [ 140.723001899999986, 37.7925352 ], [ 140.7254182, 37.7866736 ], [ 140.726241499999986, 37.7822044 ], [ 140.7269698, 37.7814792 ], [ 140.732943299999988, 37.7834735 ], [ 140.7367812, 37.7859129 ], [ 140.7380282, 37.7872324 ], [ 140.745679199999984, 37.7883001 ], [ 140.748988699999984, 37.7852995 ], [ 140.7571472, 37.7854742 ], [ 140.7604484, 37.7851286 ], [ 140.765764599999983, 37.7836339 ], [ 140.775219599999986, 37.7818166 ], [ 140.779099299999984, 37.7793182 ], [ 140.7830233, 37.7779013 ], [ 140.78735469999998, 37.7748132 ], [ 140.790195899999986, 37.774285399999989 ], [ 140.792087, 37.7732729 ], [ 140.795529099999982, 37.7735482 ], [ 140.79929, 37.7761087 ], [ 140.7998212, 37.778216199999989 ], [ 140.8029271, 37.7799773 ], [ 140.794487799999985, 37.7812709 ], [ 140.794487799999985, 37.7821856 ], [ 140.786776, 37.7891776 ], [ 140.7831234, 37.7898423 ], [ 140.7824046, 37.7915459 ], [ 140.779407, 37.7909487 ], [ 140.778969499999988, 37.7931329 ], [ 140.77646, 37.7943545 ], [ 140.774493600000028, 37.7939715 ], [ 140.7730794, 37.7956451 ], [ 140.7725302, 37.7973656 ], [ 140.768383199999988, 37.7977568 ], [ 140.765848399999982, 37.7959632 ], [ 140.7644353, 37.7973588 ], [ 140.7653062, 37.798534 ], [ 140.769873, 37.8003956 ], [ 140.7727798, 37.8010431 ], [ 140.773738399999985, 37.8024926 ], [ 140.773813499999989, 37.8046481 ], [ 140.7749815, 37.8063114 ], [ 140.778314699999981, 37.8061883 ], [ 140.7795997, 37.8051611 ], [ 140.7832395, 37.8044886 ], [ 140.786721799999981, 37.8025766 ], [ 140.7878393, 37.8015275 ], [ 140.7895379, 37.8019438 ], [ 140.7922902, 37.8001219 ], [ 140.7935736, 37.8006569 ], [ 140.800757299999987, 37.7978333 ], [ 140.806003800000013, 37.7980038 ], [ 140.8079491, 37.7973346 ], [ 140.809257799999983, 37.7959277 ], [ 140.8107542, 37.7956244 ], [ 140.8133976, 37.7962396 ], [ 140.81407059999998, 37.7971899 ], [ 140.8163882, 37.798246 ], [ 140.8214467, 37.7988649 ], [ 140.823587, 37.7987421 ], [ 140.8271809, 37.7960734 ], [ 140.829545699999983, 37.7956651 ], [ 140.8303735, 37.794823199999989 ], [ 140.834423099999981, 37.7956584 ], [ 140.8361803, 37.7950037 ], [ 140.8406607, 37.7960301 ], [ 140.846286099999986, 37.7951697 ], [ 140.847551399999986, 37.7956506 ], [ 140.8517168, 37.7953081 ], [ 140.8547499, 37.7973361 ], [ 140.8545758, 37.798685 ], [ 140.85791039999998, 37.8028538 ], [ 140.8558673, 37.8044836 ], [ 140.8537159, 37.8070291 ], [ 140.8541281, 37.8083705 ], [ 140.8539537, 37.8117407 ], [ 140.855182899999988, 37.8131935 ], [ 140.8581441, 37.8144152 ], [ 140.8577828, 37.8168743 ], [ 140.8544091, 37.8194913 ], [ 140.853638599999982, 37.8213604 ], [ 140.854304499999984, 37.8260715 ], [ 140.8559334, 37.8286309 ], [ 140.8555571, 37.8293762 ], [ 140.852342, 37.8297337 ], [ 140.8526934, 37.8318632 ], [ 140.8550218, 37.8338667 ], [ 140.8534665, 37.8351715 ], [ 140.8540596, 37.8364048 ], [ 140.854263799999984, 37.8417689 ], [ 140.8531197, 37.8433906 ], [ 140.850538799999981, 37.849232 ], [ 140.851308599999982, 37.8512242 ], [ 140.8535364, 37.8515306 ], [ 140.8551187, 37.8529064 ], [ 140.8563446, 37.8552158 ], [ 140.858636599999983, 37.8562711 ], [ 140.8615623, 37.8628288 ], [ 140.860739, 37.867176799999989 ], [ 140.8578268, 37.8694754 ], [ 140.8565079, 37.872401599999989 ], [ 140.8545795, 37.8745182 ], [ 140.860688399999987, 37.8791515 ], [ 140.856486099999984, 37.8829829 ], [ 140.8566731, 37.8864826 ], [ 140.85987369999998, 37.8883537 ], [ 140.8575176, 37.8895084 ], [ 140.8562514, 37.8909001 ], [ 140.85638419999998, 37.8923062 ], [ 140.8589179, 37.8944945 ], [ 140.85933129999998, 37.8956886 ], [ 140.857756, 37.8971603 ], [ 140.857444099999981, 37.8988775 ], [ 140.858196099999986, 37.9018241 ], [ 140.856574099999989, 37.9033031 ], [ 140.8561713, 37.9047105 ], [ 140.857140499999986, 37.9057905 ], [ 140.8563102, 37.9076722 ], [ 140.8548669, 37.9080108 ], [ 140.8544924, 37.9099997 ] ] ] ] } },
{ "type": "Feature", "properties": { "hokenjo": "大崎" }, "geometry": { "type": "MultiPolygon", "coordinates": [ [ [ [ 140.6247128, 38.4476178 ], [ 140.625846199999984, 38.4472786 ], [ 140.6494424, 38.4597404 ], [ 140.659488399999987, 38.4649595 ], [ 140.6617077, 38.4653561 ], [ 140.6636105, 38.4669592 ], [ 140.669962, 38.469268 ], [ 140.6721537, 38.472716 ], [ 140.673809, 38.4738349 ], [ 140.6808241, 38.4767824 ], [ 140.683439099999987, 38.4769043 ], [ 140.685625, 38.4780712 ], [ 140.6859489, 38.4789329 ], [ 140.6922065, 38.4815109 ], [ 140.6927829, 38.4822431 ], [ 140.6982822, 38.4852919 ], [ 140.7014864, 38.4863666 ], [ 140.704891799999984, 38.486027199999988 ], [ 140.7072818, 38.4852852 ], [ 140.71385, 38.4896446 ], [ 140.7152855, 38.4910487 ], [ 140.7177764, 38.491613199999989 ], [ 140.719549799999982, 38.4927404 ], [ 140.7205801, 38.4942415 ], [ 140.723614, 38.4953509 ], [ 140.7299711, 38.4965417 ], [ 140.7328522, 38.4962559 ], [ 140.733413899999988, 38.4967897 ], [ 140.739171, 38.4952981 ], [ 140.742537199999987, 38.4954255 ], [ 140.7441847, 38.4964055 ], [ 140.748105399999986, 38.4968149 ], [ 140.751803, 38.4948744 ], [ 140.7551058, 38.4951371 ], [ 140.759025399999985, 38.4948282 ], [ 140.7622996, 38.4952337 ], [ 140.7648697, 38.494619799999988 ], [ 140.7674534, 38.4956006 ], [ 140.7705684, 38.4956856 ], [ 140.771214499999985, 38.4967862 ], [ 140.7731326, 38.4967003 ], [ 140.77608410000002, 38.4957856 ], [ 140.784313199999985, 38.4952953 ], [ 140.7867841, 38.4942305 ], [ 140.788395, 38.4941958 ], [ 140.7918215, 38.4947263 ], [ 140.794121599999983, 38.4944449 ], [ 140.8022834, 38.4951235 ], [ 140.806102399999986, 38.4965832 ], [ 140.8088066, 38.4981098 ], [ 140.8141426, 38.5001503 ], [ 140.818376299999983, 38.5023913 ], [ 140.8227987, 38.5032279 ], [ 140.8276921, 38.5035021 ], [ 140.831192, 38.5040906 ], [ 140.8330001, 38.5051987 ], [ 140.8369146, 38.5058372 ], [ 140.839258299999983, 38.5055944 ], [ 140.8443349, 38.5074344 ], [ 140.84945, 38.5071418 ], [ 140.850322800000015, 38.508226799999989 ], [ 140.854817199999985, 38.506169 ], [ 140.8556069, 38.5067898 ], [ 140.8645256, 38.5025808 ], [ 140.868453, 38.5024666 ], [ 140.8705867, 38.5014672 ], [ 140.8737332, 38.5015088 ], [ 140.8844327, 38.5044195 ], [ 140.8855236, 38.5060334 ], [ 140.883386699999988, 38.5114292 ], [ 140.8837959, 38.5125694 ], [ 140.889460499999984, 38.5135999 ], [ 140.890613299999984, 38.5133596 ], [ 140.893458399999986, 38.5120427 ], [ 140.8926349, 38.509021 ], [ 140.8945808, 38.506533 ], [ 140.8953047, 38.5047791 ], [ 140.89876049999998, 38.5029346 ], [ 140.9000658, 38.5011991 ], [ 140.9031154, 38.5000168 ], [ 140.9055653, 38.4978893 ], [ 140.9042344, 38.4963401 ], [ 140.906139199999984, 38.4952015 ], [ 140.9093452, 38.494532899999989 ], [ 140.9102953, 38.4933976 ], [ 140.917036599999989, 38.4912828 ], [ 140.917516899999981, 38.4897656 ], [ 140.9205212, 38.4890203 ], [ 140.922758, 38.4890111 ], [ 140.9247541, 38.4878644 ], [ 140.924932499999983, 38.4869339 ], [ 140.9328602, 38.4869941 ], [ 140.9352753, 38.4880546 ], [ 140.936961699999983, 38.4913101 ], [ 140.94216849999998, 38.487549 ], [ 140.9428853, 38.4864329 ], [ 140.945703399999985, 38.4875134 ], [ 140.9490759, 38.4898825 ], [ 140.947568599999983, 38.4932564 ], [ 140.9478383, 38.4958411 ], [ 140.949007699999981, 38.4965444 ], [ 140.949007699999981, 38.4982319 ], [ 140.9532319, 38.5004061 ], [ 140.954293299999989, 38.5023388 ], [ 140.956955, 38.505636 ], [ 140.9586237, 38.5051493 ], [ 140.962576499999983, 38.5059023 ], [ 140.96485, 38.5047634 ], [ 140.9668848, 38.5044893 ], [ 140.9691415, 38.505752 ], [ 140.9742344, 38.50425 ], [ 140.9779959, 38.5036325 ], [ 140.9790104, 38.502373 ], [ 140.9842865, 38.4986586 ], [ 140.986555399999986, 38.4980821 ], [ 140.9873043, 38.496951 ], [ 140.99069609999998, 38.4965032 ], [ 140.993789, 38.4940632 ], [ 140.9953735, 38.4939651 ], [ 140.9965838, 38.4922193 ], [ 140.997815299999985, 38.4919926 ], [ 140.997798099999983, 38.4901185 ], [ 140.998654499999986, 38.4889657 ], [ 141.0012849, 38.4834968 ], [ 141.0006799, 38.4826188 ], [ 141.0010797, 38.4786152 ], [ 141.002375299999983, 38.4779316 ], [ 141.003450099999981, 38.4758666 ], [ 141.0060555, 38.4752362 ], [ 141.0068876, 38.4733924 ], [ 141.0088221, 38.4743564 ], [ 141.009906, 38.4731485 ], [ 141.0135046, 38.4750167 ], [ 141.014186, 38.4767006 ], [ 141.015447099999989, 38.4773698 ], [ 141.0188489, 38.4748731 ], [ 141.0184195, 38.4725356 ], [ 141.020659, 38.4706423 ], [ 141.022391299999981, 38.4699126 ], [ 141.0232255, 38.4686773 ], [ 141.0262515, 38.4680361 ], [ 141.027312099999989, 38.4667053 ], [ 141.0312558, 38.4648205 ], [ 141.0347559, 38.4648191 ], [ 141.0361919, 38.462238299999989 ], [ 141.034443200000027, 38.4609989 ], [ 141.0347046, 38.4584908 ], [ 141.0336629, 38.4583939 ], [ 141.0342805, 38.4538517 ], [ 141.0310532, 38.4526134 ], [ 141.0275963, 38.4470382 ], [ 141.025917599999985, 38.4447371 ], [ 141.02904909999998, 38.4450191 ], [ 141.031192200000021, 38.4458129 ], [ 141.0353532, 38.4459556 ], [ 141.0380355, 38.4448153 ], [ 141.043261799999982, 38.4432481 ], [ 141.0479178, 38.4432969 ], [ 141.0530774, 38.4427049 ], [ 141.060528799999986, 38.4413748 ], [ 141.0598417, 38.4443631 ], [ 141.060673100000031, 38.4454847 ], [ 141.067523100000017, 38.4470706 ], [ 141.068743399999988, 38.4481725 ], [ 141.0733366, 38.4483741 ], [ 141.0732688, 38.449336 ], [ 141.081314099999986, 38.4496815 ], [ 141.081373, 38.4488676 ], [ 141.0847076, 38.4481995 ], [ 141.0870794, 38.4460381 ], [ 141.0926146, 38.4448644 ], [ 141.0974503, 38.4450552 ], [ 141.0991185, 38.4436352 ], [ 141.0993688, 38.4422849 ], [ 141.1030139, 38.4423399 ], [ 141.1056848, 38.4433126 ], [ 141.1086441, 38.4423184 ], [ 141.110945, 38.4436178 ], [ 141.1123696, 38.441849499999989 ], [ 141.114993, 38.4419156 ], [ 141.1162783, 38.4433411 ], [ 141.1153366, 38.4443211 ], [ 141.1188817, 38.4452141 ], [ 141.127932, 38.4498945 ], [ 141.1307564, 38.446407 ], [ 141.1248636, 38.4434551 ], [ 141.123854199999982, 38.4412694 ], [ 141.1288116, 38.4382476 ], [ 141.1320604, 38.4388445 ], [ 141.1305614, 38.4420943 ], [ 141.1354325, 38.4421129 ], [ 141.1407184, 38.4449535 ], [ 141.147839799999986, 38.4505011 ], [ 141.1495257, 38.4491966 ], [ 141.1539847, 38.4510654 ], [ 141.156654399999979, 38.4502039 ], [ 141.159974399999982, 38.452544599999989 ], [ 141.1633491, 38.451645 ], [ 141.1670076, 38.4533268 ], [ 141.1682664, 38.4527147 ], [ 141.1706959, 38.4537694 ], [ 141.171758, 38.4553859 ], [ 141.173892199999983, 38.4540905 ], [ 141.1757662, 38.4550359 ], [ 141.175400199999984, 38.4570226 ], [ 141.1740174, 38.4584219 ], [ 141.1701014, 38.4599314 ], [ 141.167235399999981, 38.4601772 ], [ 141.1657999, 38.4608229 ], [ 141.166427199999987, 38.4629064 ], [ 141.165187799999984, 38.4665754 ], [ 141.1639432, 38.4674007 ], [ 141.165888400000028, 38.4703881 ], [ 141.1624989, 38.4724457 ], [ 141.161180799999983, 38.4760724 ], [ 141.1621979, 38.4771784 ], [ 141.166906499999982, 38.47932 ], [ 141.165948, 38.4848091 ], [ 141.1712125, 38.4853778 ], [ 141.170381599999985, 38.4878773 ], [ 141.170268199999981, 38.4901081 ], [ 141.1686145, 38.4944981 ], [ 141.165111199999984, 38.4973104 ], [ 141.163937299999986, 38.4990929 ], [ 141.1638509, 38.5014904 ], [ 141.1665744, 38.5061985 ], [ 141.1677925, 38.5071952 ], [ 141.17014039999998, 38.5111133 ], [ 141.172492399999982, 38.5125016 ], [ 141.172546899999986, 38.5139168 ], [ 141.174082200000015, 38.5146318 ], [ 141.1762708, 38.5168329 ], [ 141.177302, 38.5185048 ], [ 141.176628, 38.5199923 ], [ 141.1765663, 38.5237098 ], [ 141.17786959999998, 38.5309353 ], [ 141.178794899999986, 38.5316883 ], [ 141.184581799999989, 38.5319938 ], [ 141.1866743, 38.5353854 ], [ 141.1887482, 38.5371278 ], [ 141.1921544, 38.5392603 ], [ 141.1965334, 38.5414399 ], [ 141.197974599999981, 38.5415119 ], [ 141.2012153, 38.5404796 ], [ 141.203510699999981, 38.5390046 ], [ 141.206220799999983, 38.5384959 ], [ 141.2073776, 38.5371887 ], [ 141.2165755, 38.5342497 ], [ 141.219348599999989, 38.535474199999989 ], [ 141.2238452, 38.5342563 ], [ 141.2265467, 38.5340794 ], [ 141.229001399999987, 38.5385457 ], [ 141.2292919, 38.541571 ], [ 141.2310535, 38.5472679 ], [ 141.229444299999983, 38.5500409 ], [ 141.2288628, 38.5531756 ], [ 141.229159700000025, 38.5569695 ], [ 141.226544499999989, 38.5596206 ], [ 141.22615140000002, 38.5612804 ], [ 141.2246586, 38.5624709 ], [ 141.2233843, 38.565907 ], [ 141.2203188, 38.566992899999988 ], [ 141.2169312, 38.5691665 ], [ 141.21447329999998, 38.5685008 ], [ 141.2102903, 38.569137499999989 ], [ 141.208486099999988, 38.5709192 ], [ 141.206393599999984, 38.5719353 ], [ 141.203601099999986, 38.5720244 ], [ 141.2012303, 38.5764042 ], [ 141.1993939, 38.5771461 ], [ 141.1926617, 38.5818211 ], [ 141.1955572, 38.5815564 ], [ 141.1959861, 38.5876881 ], [ 141.1963242, 38.5883594 ], [ 141.2006514, 38.5892803 ], [ 141.2008686, 38.5939689 ], [ 141.196515, 38.5961956 ], [ 141.193275, 38.5967539 ], [ 141.19110329999998, 38.5991356 ], [ 141.179242499999987, 38.6036253 ], [ 141.174575299999987, 38.5962583 ], [ 141.1684075, 38.5983192 ], [ 141.161844699999989, 38.5983781 ], [ 141.160492799999986, 38.6009008 ], [ 141.1569547, 38.6029514 ], [ 141.1546697, 38.6052992 ], [ 141.153134199999982, 38.6056397 ], [ 141.15141, 38.6076153 ], [ 141.1498894, 38.608395 ], [ 141.1453775, 38.6084461 ], [ 141.1426361, 38.6088969 ], [ 141.138292200000024, 38.610385 ], [ 141.1372658, 38.6115022 ], [ 141.136626899999982, 38.6135828 ], [ 141.1338767, 38.6155006 ], [ 141.13215169999998, 38.617625 ], [ 141.1271578, 38.6204269 ], [ 141.124457799999988, 38.6228402 ], [ 141.1198164, 38.6242161 ], [ 141.1176361, 38.6240153 ], [ 141.1154733, 38.6244878 ], [ 141.1147626, 38.6269089 ], [ 141.1128881, 38.6290812 ], [ 141.1086004, 38.6293965 ], [ 141.1097829, 38.6324773 ], [ 141.11075230000003, 38.6366426 ], [ 141.110505, 38.6398137 ], [ 141.110836299999988, 38.643845 ], [ 141.109158799999989, 38.6440101 ], [ 141.104318899999981, 38.6424815 ], [ 141.100636899999984, 38.6405754 ], [ 141.0988577, 38.6411174 ], [ 141.0947531, 38.6407866 ], [ 141.0828315, 38.6454295 ], [ 141.0836687, 38.6469139 ], [ 141.080694699999981, 38.6490954 ], [ 141.082767, 38.650027 ], [ 141.0837903, 38.6525014 ], [ 141.0814691, 38.654132 ], [ 141.0828349, 38.6570331 ], [ 141.081953700000014, 38.6581028 ], [ 141.0792836, 38.6595293 ], [ 141.0783571, 38.6624356 ], [ 141.076740900000033, 38.6636906 ], [ 141.0787492, 38.667822 ], [ 141.0774619, 38.671172 ], [ 141.0758016, 38.6714601 ], [ 141.0739567, 38.6748198 ], [ 141.0715099, 38.6748984 ], [ 141.068892, 38.6757257 ], [ 141.066342599999984, 38.6744402 ], [ 141.064022199999982, 38.6760394 ], [ 141.06087789999998, 38.677299399999988 ], [ 141.06144089999998, 38.6794902 ], [ 141.0599181, 38.6810019 ], [ 141.057881899999984, 38.6813806 ], [ 141.058528199999984, 38.6825969 ], [ 141.06180550000002, 38.6835536 ], [ 141.063856099999981, 38.6845846 ], [ 141.0657639, 38.6865699 ], [ 141.064106, 38.6899052 ], [ 141.065199399999983, 38.6909877 ], [ 141.0673672, 38.6910493 ], [ 141.0702767, 38.6931837 ], [ 141.0726756, 38.6943023 ], [ 141.0748087, 38.6975675 ], [ 141.0749736, 38.6996864 ], [ 141.078757199999984, 38.7054475 ], [ 141.082451599999985, 38.7114877 ], [ 141.0861339, 38.7125271 ], [ 141.0879645, 38.7123084 ], [ 141.091456199999982, 38.7152817 ], [ 141.0928724, 38.7156706 ], [ 141.1158668, 38.7242243 ], [ 141.1265373, 38.7282548 ], [ 141.1251513, 38.7300519 ], [ 141.132995099999988, 38.7304181 ], [ 141.134433799999982, 38.7276621 ], [ 141.136685, 38.7270867 ], [ 141.139066899999989, 38.7256467 ], [ 141.1419656, 38.7267489 ], [ 141.143857199999985, 38.7263022 ], [ 141.1458903, 38.7250411 ], [ 141.1487889, 38.7258092 ], [ 141.148785799999985, 38.727985 ], [ 141.1529931, 38.7299203 ], [ 141.156764700000025, 38.7297569 ], [ 141.1578678, 38.7306169 ], [ 141.1615636, 38.7306133 ], [ 141.1661736, 38.7313881 ], [ 141.164683599999989, 38.7329732 ], [ 141.1632031, 38.7324157 ], [ 141.1599334, 38.7329168 ], [ 141.1637341, 38.7424086 ], [ 141.1595139, 38.7428633 ], [ 141.15981, 38.7438714 ], [ 141.1552561, 38.7459364 ], [ 141.1538042, 38.7492958 ], [ 141.153647, 38.7529093 ], [ 141.152531, 38.7598579 ], [ 141.1517979, 38.7611252 ], [ 141.1542526, 38.7632671 ], [ 141.1528925, 38.7649479 ], [ 141.1538811, 38.7660893 ], [ 141.1535778, 38.767574 ], [ 141.1545597, 38.770464 ], [ 141.155259, 38.7757951 ], [ 141.157160399999981, 38.7767012 ], [ 141.1580624, 38.7784504 ], [ 141.157310599999988, 38.7794295 ], [ 141.157243099999988, 38.7826684 ], [ 141.156355599999983, 38.7835029 ], [ 141.15274549999998, 38.7844862 ], [ 141.151637199999982, 38.785257 ], [ 141.1474098, 38.7858385 ], [ 141.1480719, 38.7842566 ], [ 141.142080199999981, 38.7873963 ], [ 141.1401491, 38.788642 ], [ 141.1405628, 38.7898121 ], [ 141.138579599999986, 38.7908127 ], [ 141.139673099999982, 38.7943894 ], [ 141.1405881, 38.795746099999988 ], [ 141.141153299999985, 38.8000974 ], [ 141.1408467, 38.8042538 ], [ 141.1411158, 38.808878 ], [ 141.142503799999986, 38.8119019 ], [ 141.1399204, 38.8143027 ], [ 141.1374864, 38.8139158 ], [ 141.135611399999988, 38.8127056 ], [ 141.129915900000015, 38.8128228 ], [ 141.128370499999988, 38.8159237 ], [ 141.1254851, 38.8166348 ], [ 141.123617, 38.8165484 ], [ 141.1239828, 38.8197615 ], [ 141.1260711, 38.8218506 ], [ 141.1237351, 38.8254634 ], [ 141.1204372, 38.826067099999989 ], [ 141.1177811, 38.8246763 ], [ 141.116100200000034, 38.8223819 ], [ 141.1139018, 38.8234472 ], [ 141.1115448, 38.8237725 ], [ 141.1086899, 38.8251986 ], [ 141.1045154, 38.8232653 ], [ 141.105029800000011, 38.8280259 ], [ 141.1035564, 38.8283503 ], [ 141.1027796, 38.8306289 ], [ 141.103421, 38.8332848 ], [ 141.104712399999983, 38.8349664 ], [ 141.1048237, 38.8373473 ], [ 141.106080099999986, 38.8379175 ], [ 141.1093678, 38.8372964 ], [ 141.1133451, 38.8380133 ], [ 141.1141571, 38.8370197 ], [ 141.1165847, 38.8359827 ], [ 141.118918399999984, 38.8358854 ], [ 141.1204476, 38.8350913 ], [ 141.125336299999987, 38.8368612 ], [ 141.130165299999987, 38.8400042 ], [ 141.1301714, 38.8420839 ], [ 141.1325036, 38.8450144 ], [ 141.1358826, 38.8462991 ], [ 141.138015700000011, 38.8475224 ], [ 141.1397912, 38.8505094 ], [ 141.146782699999989, 38.8562668 ], [ 141.145810399999988, 38.8579384 ], [ 141.147121799999979, 38.8598123 ], [ 141.146657799999986, 38.8629279 ], [ 141.1456157, 38.8656059 ], [ 141.1461924, 38.8665546 ], [ 141.14613319999998, 38.8692748 ], [ 141.1436017, 38.8704376 ], [ 141.1429163, 38.8726224 ], [ 141.141489799999988, 38.8739996 ], [ 141.1404753, 38.8767424 ], [ 141.139479699999981, 38.8774885 ], [ 141.135662599999989, 38.8768027 ], [ 141.1331492, 38.8782292 ], [ 141.1282784, 38.8795595 ], [ 141.125299499999983, 38.8794723 ], [ 141.1237902, 38.8804671 ], [ 141.119506199999989, 38.8800663 ], [ 141.116825, 38.8804805 ], [ 141.1162209, 38.8791319 ], [ 141.1140289, 38.8780219 ], [ 141.1110363, 38.878563 ], [ 141.1079834, 38.8776584 ], [ 141.102449299999989, 38.8807054 ], [ 141.102737, 38.8833812 ], [ 141.1022625, 38.8845034 ], [ 141.0986857, 38.8847496 ], [ 141.0950737, 38.8863438 ], [ 141.0933494, 38.887861 ], [ 141.0916952, 38.8874286 ], [ 141.0887458, 38.8835414 ], [ 141.0850409, 38.883765 ], [ 141.081874699999986, 38.8826445 ], [ 141.081154199999986, 38.8813023 ], [ 141.079283299999986, 38.881314 ], [ 141.0747721, 38.879466 ], [ 141.072769, 38.8804821 ], [ 141.0712964, 38.8819941 ], [ 141.069299699999988, 38.8813785 ], [ 141.065762899999982, 38.882813 ], [ 141.0650846, 38.8824497 ], [ 141.0614828, 38.8838772 ], [ 141.0577705, 38.8821062 ], [ 141.0547101, 38.8822043 ], [ 141.0538171, 38.8817284 ], [ 141.0519256, 38.8832676 ], [ 141.047617799999983, 38.8811441 ], [ 141.045952199999988, 38.8788763 ], [ 141.0435063, 38.8765652 ], [ 141.0401057, 38.8773831 ], [ 141.0368489, 38.8767342 ], [ 141.032525699999979, 38.8779187 ], [ 141.032697399999989, 38.8804054 ], [ 141.031532, 38.880789 ], [ 141.029609199999982, 38.8834709 ], [ 141.026843, 38.882826799999989 ], [ 141.0251027, 38.8829668 ], [ 141.023733800000031, 38.880816 ], [ 141.0224901, 38.8810746 ], [ 141.021665899999988, 38.8827641 ], [ 141.021567, 38.886131 ], [ 141.0206997, 38.8863966 ], [ 141.0163488, 38.8843939 ], [ 141.013448, 38.8810245 ], [ 141.0114165, 38.8806826 ], [ 141.009890899999988, 38.8815342 ], [ 141.007907, 38.8808365 ], [ 141.005867, 38.8787468 ], [ 141.0046317, 38.8786979 ], [ 141.002498299999985, 38.880919899999988 ], [ 141.0007296, 38.8815474 ], [ 140.998894299999989, 38.8805991 ], [ 140.9963359, 38.8806852 ], [ 140.995050599999985, 38.8800911 ], [ 140.9938754, 38.8768077 ], [ 140.9898131, 38.8743175 ], [ 140.9873261, 38.8752545 ], [ 140.9854791, 38.8752764 ], [ 140.984298, 38.876192 ], [ 140.9826615, 38.8792017 ], [ 140.9844565, 38.8799348 ], [ 140.9807681, 38.8814104 ], [ 140.979959700000023, 38.8837048 ], [ 140.9776654, 38.8839379 ], [ 140.977279, 38.8856529 ], [ 140.975377899999984, 38.8859451 ], [ 140.9744867, 38.8872515 ], [ 140.971773899999988, 38.8873757 ], [ 140.9706199, 38.8880143 ], [ 140.972543800000011, 38.8904718 ], [ 140.971357399999988, 38.8921874 ], [ 140.970837, 38.8949132 ], [ 140.969612, 38.8950999 ], [ 140.966098, 38.8986715 ], [ 140.9665263, 38.9004085 ], [ 140.9644518, 38.9021641 ], [ 140.9617642, 38.902491 ], [ 140.961519399999986, 38.9057277 ], [ 140.9547901, 38.9093538 ], [ 140.9519, 38.9092672 ], [ 140.9492521, 38.9110747 ], [ 140.947191799999985, 38.9100658 ], [ 140.9455946, 38.9116239 ], [ 140.9434281, 38.9150186 ], [ 140.9390477, 38.9161481 ], [ 140.937835399999983, 38.9148817 ], [ 140.9343773, 38.9153006 ], [ 140.934214, 38.9162573 ], [ 140.9307442, 38.9178131 ], [ 140.931393, 38.9204101 ], [ 140.928217099999983, 38.9206593 ], [ 140.9265354, 38.9214109 ], [ 140.9246923, 38.9208887 ], [ 140.9223662, 38.9183332 ], [ 140.9221613, 38.9143424 ], [ 140.92039459999998, 38.9162171 ], [ 140.9163403, 38.9162224 ], [ 140.9144042, 38.9175821 ], [ 140.915099699999985, 38.9204085 ], [ 140.912944399999986, 38.9205102 ], [ 140.913451899999984, 38.9224324 ], [ 140.912347899999986, 38.9239483 ], [ 140.912792599999989, 38.9250388 ], [ 140.9103742, 38.9274444 ], [ 140.90655049999998, 38.9275605 ], [ 140.90541829999998, 38.9286024 ], [ 140.902652400000022, 38.9292672 ], [ 140.9001118, 38.9289125 ], [ 140.898188399999981, 38.9280127 ], [ 140.89319279999998, 38.9274294 ], [ 140.887699400000031, 38.9289723 ], [ 140.8866649, 38.9288761 ], [ 140.8854311, 38.9270312 ], [ 140.881698799999981, 38.9278689 ], [ 140.881452599999989, 38.9295528 ], [ 140.875725, 38.9309867 ], [ 140.873997799999984, 38.932312 ], [ 140.8729749, 38.9349509 ], [ 140.871989899999988, 38.9353893 ], [ 140.8691465, 38.9382212 ], [ 140.8663267, 38.9395323 ], [ 140.864409199999983, 38.9414146 ], [ 140.8617313, 38.9416387 ], [ 140.8579102, 38.9430609 ], [ 140.8555237, 38.9431993 ], [ 140.848719099999983, 38.9473766 ], [ 140.8436835, 38.9488374 ], [ 140.840693099999982, 38.9505755 ], [ 140.838100199999985, 38.9553186 ], [ 140.8370846, 38.9577997 ], [ 140.8343643, 38.9581989 ], [ 140.828937699999983, 38.9617109 ], [ 140.8240581, 38.9641198 ], [ 140.8187883, 38.9636568 ], [ 140.813021, 38.9641113 ], [ 140.8113165, 38.964588 ], [ 140.8098673, 38.9633764 ], [ 140.807481199999984, 38.9629244 ], [ 140.8050589, 38.9633209 ], [ 140.8002933, 38.9619376 ], [ 140.7989866, 38.962927 ], [ 140.7940357, 38.9639999 ], [ 140.79066229999998, 38.9618071 ], [ 140.7865923, 38.9605399 ], [ 140.782167499999986, 38.9582083 ], [ 140.7762655, 38.9589789 ], [ 140.775022399999983, 38.9582417 ], [ 140.7720965, 38.9583939 ], [ 140.7676076, 38.9578201 ], [ 140.7652709, 38.957052 ], [ 140.763168399999984, 38.9570771 ], [ 140.7586655, 38.9585157 ], [ 140.756804599999981, 38.9580777 ], [ 140.7497376, 38.9573011 ], [ 140.7452511, 38.9563719 ], [ 140.7433067, 38.9536783 ], [ 140.74105, 38.9530886 ], [ 140.736779399999989, 38.9508423 ], [ 140.732092099999988, 38.9492665 ], [ 140.730269099999987, 38.9476504 ], [ 140.729514099999989, 38.9453907 ], [ 140.7277521, 38.9450721 ], [ 140.726484699999986, 38.9429137 ], [ 140.7273008, 38.9402913 ], [ 140.725729699999988, 38.9397015 ], [ 140.7255216, 38.9385396 ], [ 140.723221099999989, 38.9375229 ], [ 140.723342799999983, 38.9343718 ], [ 140.7206175, 38.9312919 ], [ 140.7188036, 38.9303738 ], [ 140.7176317, 38.9279444 ], [ 140.7159131, 38.9270364 ], [ 140.7137689, 38.9273072 ], [ 140.7118161, 38.926877 ], [ 140.7121286, 38.9251253 ], [ 140.711590299999983, 38.9232381 ], [ 140.7087172, 38.9228992 ], [ 140.7073883, 38.9203556 ], [ 140.7036305, 38.920547899999988 ], [ 140.703231, 38.922564 ], [ 140.700392599999986, 38.9238174 ], [ 140.6989862, 38.9228857 ], [ 140.6946984, 38.9211272 ], [ 140.6941601, 38.9195469 ], [ 140.6902239, 38.9183936 ], [ 140.685648, 38.9176047 ], [ 140.6833336, 38.9147609 ], [ 140.680175199999979, 38.9133337 ], [ 140.679081100000019, 38.9082004 ], [ 140.677179099999989, 38.9057004 ], [ 140.6730163, 38.9036072 ], [ 140.6719039, 38.8984983 ], [ 140.6711147, 38.8971308 ], [ 140.6668708, 38.8948375 ], [ 140.6604738, 38.8942168 ], [ 140.6560771, 38.8921443 ], [ 140.6533407, 38.8916044 ], [ 140.654569899999984, 38.8892724 ], [ 140.650317299999983, 38.8884064 ], [ 140.648747, 38.8888903 ], [ 140.6450145, 38.8886345 ], [ 140.641928299999989, 38.8867304 ], [ 140.6403403, 38.8839007 ], [ 140.63797169999998, 38.8830593 ], [ 140.636913, 38.8834657 ], [ 140.63549519999998, 38.8862885 ], [ 140.6311526, 38.8877997 ], [ 140.6300043, 38.8892794 ], [ 140.628622600000028, 38.8889216 ], [ 140.626056399999982, 38.8895072 ], [ 140.6247914, 38.8904678 ], [ 140.6203602, 38.8903862 ], [ 140.615641499999981, 38.8936957 ], [ 140.613589499999989, 38.8939124 ], [ 140.609552799999989, 38.8924294 ], [ 140.6084715, 38.8889649 ], [ 140.6071445, 38.8866027 ], [ 140.604407, 38.8864386 ], [ 140.598675, 38.8851656 ], [ 140.5965947, 38.8853112 ], [ 140.5931521, 38.8870049 ], [ 140.590501499999988, 38.8891627 ], [ 140.589661799999988, 38.8863452 ], [ 140.586341799999985, 38.88411 ], [ 140.5855343, 38.8800294 ], [ 140.580752, 38.8814195 ], [ 140.578545599999984, 38.8808962 ], [ 140.5741598, 38.8785213 ], [ 140.572873099999981, 38.8784371 ], [ 140.5697903, 38.8747844 ], [ 140.5667756, 38.8749794 ], [ 140.564125, 38.8745736 ], [ 140.562168, 38.8731556 ], [ 140.5607774, 38.8745147 ], [ 140.557667399999985, 38.8758553 ], [ 140.5542643, 38.8762109 ], [ 140.5530555, 38.8828147 ], [ 140.5496918, 38.8861056 ], [ 140.5471164, 38.8892078 ], [ 140.5455556, 38.8859881 ], [ 140.5458054, 38.8836195 ], [ 140.5476952, 38.8811893 ], [ 140.546269099999989, 38.8792756 ], [ 140.544094299999983, 38.8779229 ], [ 140.543171, 38.8763343 ], [ 140.5415788, 38.8762974 ], [ 140.540421800000018, 38.8743282 ], [ 140.5401804, 38.8724735 ], [ 140.538781799999981, 38.8713869 ], [ 140.5386235, 38.8686069 ], [ 140.53972109999998, 38.867941 ], [ 140.5398916, 38.8656036 ], [ 140.5392697, 38.8639411 ], [ 140.5400464, 38.8618916 ], [ 140.5413223, 38.8613094 ], [ 140.5475341, 38.8611669 ], [ 140.5530172, 38.8591302 ], [ 140.554606399999983, 38.8568052 ], [ 140.556551499999983, 38.8556257 ], [ 140.5571301, 38.8534835 ], [ 140.5572532, 38.8503037 ], [ 140.5591313, 38.8472509 ], [ 140.5630414, 38.848542 ], [ 140.566302, 38.8480439 ], [ 140.569293099999982, 38.8468025 ], [ 140.5696695, 38.845635 ], [ 140.573520699999989, 38.8424836 ], [ 140.5766147, 38.8410252 ], [ 140.5783341, 38.8416754 ], [ 140.580025799999987, 38.8413813 ], [ 140.583472799999981, 38.839183399999989 ], [ 140.584938699999981, 38.8369915 ], [ 140.5862779, 38.8363351 ], [ 140.5907282, 38.8360442 ], [ 140.5905027, 38.83411 ], [ 140.592522699999989, 38.8318319 ], [ 140.592940299999981, 38.8277881 ], [ 140.5953778, 38.8272669 ], [ 140.5985484, 38.8259647 ], [ 140.5988984, 38.8249933 ], [ 140.5987068, 38.8211124 ], [ 140.5997224, 38.8188344 ], [ 140.59940659999998, 38.8173908 ], [ 140.597240199999987, 38.8160839 ], [ 140.5953902, 38.8128697 ], [ 140.595141899999987, 38.8109227 ], [ 140.5972294, 38.809828 ], [ 140.5977483, 38.808733 ], [ 140.596665299999984, 38.8069361 ], [ 140.5964961, 38.8042208 ], [ 140.59574, 38.8021944 ], [ 140.5988768, 38.7997355 ], [ 140.598944599999982, 38.7964333 ], [ 140.600050399999986, 38.7949147 ], [ 140.599103, 38.7916783 ], [ 140.602691099999987, 38.7894135 ], [ 140.6035262, 38.7837052 ], [ 140.606821199999985, 38.7823629 ], [ 140.609122899999988, 38.7829899 ], [ 140.6130157, 38.781414 ], [ 140.6135913, 38.778650399999989 ], [ 140.6153291, 38.777414 ], [ 140.6204517, 38.7756615 ], [ 140.6231915, 38.7754362 ], [ 140.6274349, 38.7738759 ], [ 140.629028500000032, 38.7742634 ], [ 140.631263499999989, 38.7757286 ], [ 140.632967400000013, 38.7757719 ], [ 140.636846099999985, 38.7774303 ], [ 140.6415989, 38.7757569 ], [ 140.6424951, 38.7748544 ], [ 140.643447, 38.7718433 ], [ 140.645112, 38.7712763 ], [ 140.6464624, 38.7695163 ], [ 140.644387599999988, 38.7658347 ], [ 140.6433915, 38.7648453 ], [ 140.6409462, 38.7643061 ], [ 140.6363595, 38.7621567 ], [ 140.6343679, 38.7595114 ], [ 140.6345007, 38.7575848 ], [ 140.63297369999998, 38.7543767 ], [ 140.6312857, 38.7522631 ], [ 140.6320893, 38.7495187 ], [ 140.6313393, 38.747114 ], [ 140.6287682, 38.746199 ], [ 140.6287146, 38.7441215 ], [ 140.6268179, 38.742959 ], [ 140.624653699999982, 38.7426316 ], [ 140.6230362, 38.7416871 ], [ 140.620355599999982, 38.7386583 ], [ 140.6220674, 38.7364135 ], [ 140.62088989999998, 38.7315486 ], [ 140.6153026, 38.7267425 ], [ 140.6123237, 38.7255342 ], [ 140.6101831, 38.7232914 ], [ 140.608418699999987, 38.7229378 ], [ 140.6070389, 38.7213131 ], [ 140.607542, 38.7188462 ], [ 140.6068548, 38.718167 ], [ 140.6075612, 38.715952 ], [ 140.6078779, 38.7115776 ], [ 140.609104299999984, 38.7095623 ], [ 140.608825699999983, 38.7074343 ], [ 140.6074935, 38.7064165 ], [ 140.606546, 38.704264599999988 ], [ 140.607002099999988, 38.7033001 ], [ 140.6124169, 38.7015832 ], [ 140.6140825, 38.701844 ], [ 140.61636009999998, 38.700482 ], [ 140.6199465, 38.6998495 ], [ 140.622350400000016, 38.7002878 ], [ 140.623634899999985, 38.6997848 ], [ 140.6227357, 38.6979448 ], [ 140.620728500000013, 38.6962909 ], [ 140.623525199999989, 38.6928706 ], [ 140.623986299999984, 38.6914381 ], [ 140.6230847, 38.6900459 ], [ 140.6244428, 38.6876743 ], [ 140.62292, 38.6854679 ], [ 140.621315, 38.6848918 ], [ 140.621253599999989, 38.6825343 ], [ 140.621991899999983, 38.6812348 ], [ 140.620393899999982, 38.6799729 ], [ 140.619529199999988, 38.6776599 ], [ 140.620762499999984, 38.676139 ], [ 140.6188917, 38.672956 ], [ 140.6172617, 38.6713679 ], [ 140.615220199999982, 38.6704796 ], [ 140.614369399999987, 38.6693338 ], [ 140.613606900000036, 38.6652969 ], [ 140.61205, 38.664103 ], [ 140.612435299999987, 38.6622574 ], [ 140.6116522, 38.6609708 ], [ 140.609877499999982, 38.660693 ], [ 140.608360299999987, 38.6580022 ], [ 140.6060564, 38.6554886 ], [ 140.605818299999981, 38.652958 ], [ 140.6044661, 38.6511806 ], [ 140.6047386, 38.6495428 ], [ 140.605798099999987, 38.6487806 ], [ 140.6044425, 38.6472442 ], [ 140.602262500000023, 38.6432059 ], [ 140.6020198, 38.6406039 ], [ 140.6004753, 38.6395234 ], [ 140.5964325, 38.6388412 ], [ 140.595472699999988, 38.6371939 ], [ 140.5918877, 38.6358012 ], [ 140.589941, 38.6338181 ], [ 140.5878621, 38.6339426 ], [ 140.583636499999983, 38.6354521 ], [ 140.579786399999989, 38.6356746 ], [ 140.578172, 38.6366918 ], [ 140.57803, 38.6380107 ], [ 140.575943599999988, 38.6392129 ], [ 140.5734074, 38.6376277 ], [ 140.5711241, 38.6383618 ], [ 140.5694038, 38.6382127 ], [ 140.5677962, 38.6420694 ], [ 140.565832, 38.6453669 ], [ 140.5627522, 38.6480624 ], [ 140.557388799999984, 38.6478339 ], [ 140.5545402, 38.6471205 ], [ 140.5513254, 38.6474678 ], [ 140.5499754, 38.6486733 ], [ 140.5466547, 38.6497033 ], [ 140.5441381, 38.6481373 ], [ 140.542875, 38.6456447 ], [ 140.540137499999986, 38.6382289 ], [ 140.5374692, 38.6356759 ], [ 140.53764, 38.6338395 ], [ 140.5424171, 38.6292717 ], [ 140.5417937, 38.6269262 ], [ 140.543264099999988, 38.6240484 ], [ 140.5468711, 38.6219561 ], [ 140.5478047, 38.6203217 ], [ 140.549876399999988, 38.6196786 ], [ 140.5488661, 38.6184406 ], [ 140.549773099999982, 38.6163103 ], [ 140.552217899999988, 38.6133439 ], [ 140.5541165, 38.6121911 ], [ 140.55653460000002, 38.6119589 ], [ 140.5603439, 38.609455 ], [ 140.562122, 38.607253 ], [ 140.5622831, 38.6049075 ], [ 140.5596367, 38.6035489 ], [ 140.558272499999987, 38.602275 ], [ 140.559253899999987, 38.6007278 ], [ 140.558445899999981, 38.5976367 ], [ 140.56113449999998, 38.5970778 ], [ 140.5624282, 38.5961216 ], [ 140.5669591, 38.5946219 ], [ 140.569549900000027, 38.5942177 ], [ 140.567888, 38.5900063 ], [ 140.5719959, 38.5866169 ], [ 140.5721206, 38.5840694 ], [ 140.570964799999985, 38.5824399 ], [ 140.5710042, 38.5802569 ], [ 140.572888399999982, 38.5790513 ], [ 140.5736412, 38.5763155 ], [ 140.5754949, 38.5746524 ], [ 140.5751143, 38.5721722 ], [ 140.576873, 38.5703977 ], [ 140.578345499999983, 38.5703541 ], [ 140.578643299999982, 38.5680713 ], [ 140.575509399999987, 38.5665949 ], [ 140.5716046, 38.5634419 ], [ 140.568617599999982, 38.5624861 ], [ 140.566631799999982, 38.5595625 ], [ 140.5686296, 38.5584683 ], [ 140.56993989999998, 38.5565205 ], [ 140.5698519, 38.555178 ], [ 140.567809899999986, 38.5525172 ], [ 140.5663396, 38.5516581 ], [ 140.566804400000024, 38.5500422 ], [ 140.5653016, 38.5481256 ], [ 140.5647371, 38.5458586 ], [ 140.5624771, 38.5450578 ], [ 140.560221499999983, 38.5429148 ], [ 140.5561145, 38.5428015 ], [ 140.554084499999988, 38.540759 ], [ 140.5548537, 38.5370765 ], [ 140.5544243, 38.5351229 ], [ 140.556198699999982, 38.5335804 ], [ 140.5551462, 38.5313023 ], [ 140.5557387, 38.5299546 ], [ 140.558370699999983, 38.5297926 ], [ 140.5625244, 38.5266956 ], [ 140.565637, 38.5269842 ], [ 140.568345599999986, 38.5277903 ], [ 140.5702923, 38.5262073 ], [ 140.5719557, 38.5256381 ], [ 140.568404, 38.5224556 ], [ 140.567784, 38.5191709 ], [ 140.5704182, 38.5176714 ], [ 140.5703021, 38.5153042 ], [ 140.568620399999986, 38.5140273 ], [ 140.5660187, 38.5135095 ], [ 140.5634612, 38.5106407 ], [ 140.5665579, 38.5073596 ], [ 140.569150400000012, 38.5059626 ], [ 140.569333799999981, 38.5043482 ], [ 140.567866, 38.5031662 ], [ 140.5674085, 38.5013026 ], [ 140.5733536, 38.4971821 ], [ 140.5736886, 38.4949112 ], [ 140.577319499999987, 38.4937145 ], [ 140.5788646, 38.4942756 ], [ 140.579849, 38.493076699999989 ], [ 140.5837196, 38.491012 ], [ 140.5894475, 38.4903897 ], [ 140.5976513, 38.4873692 ], [ 140.5990041, 38.4846842 ], [ 140.601616899999982, 38.483845 ], [ 140.6043526, 38.4820455 ], [ 140.602715599999982, 38.4788564 ], [ 140.6036081, 38.4766339 ], [ 140.6057834, 38.4748189 ], [ 140.608156799999989, 38.4688245 ], [ 140.607883499999986, 38.4667292 ], [ 140.606291299999981, 38.4632903 ], [ 140.606851899999981, 38.4608684 ], [ 140.6082102, 38.4584026 ], [ 140.6112133, 38.4579884 ], [ 140.6142614, 38.4570436 ], [ 140.616690399999982, 38.4569714 ], [ 140.620039599999984, 38.4551983 ], [ 140.619679099999985, 38.454692 ], [ 140.62089659999998, 38.4524531 ], [ 140.62250659999998, 38.4525417 ], [ 140.623883299999989, 38.4509861 ], [ 140.6238022, 38.449402 ], [ 140.6247128, 38.4476178 ] ] ] ] } }
]
}
