{
"type": "FeatureCollection",
"name": "nagasaki",
"crs": { "type": "name", "properties": { "name": "urn:ogc:def:crs:OGC:1.3:CRS84" } },
"features": [
{ "type": "Feature", "properties": { "hokenjo": "壱岐" }, "geometry": { "type": "MultiPolygon", "coordinates": [ [ [ [ 129.6538036, 33.7252156 ], [ 129.648437, 33.7285187 ], [ 129.6481756, 33.7306636 ], [ 129.647635399999984, 33.7300102 ], [ 129.6487186, 33.7273273 ], [ 129.6480771, 33.7259321 ], [ 129.644092199999989, 33.7248449 ], [ 129.6443466, 33.7228968 ], [ 129.6468255, 33.7228071 ], [ 129.646296799999988, 33.7195024 ], [ 129.647202199999981, 33.7179969 ], [ 129.6504573, 33.7191254 ], [ 129.6502165, 33.7206404 ], [ 129.6538036, 33.7252156 ] ] ], [ [ [ 129.6348284, 33.7296327 ], [ 129.630863299999987, 33.7298935 ], [ 129.628737799999982, 33.7305829 ], [ 129.625333, 33.727918099999989 ], [ 129.627566699999988, 33.7271413 ], [ 129.6289976, 33.7245549 ], [ 129.6284731, 33.722976 ], [ 129.630984399999988, 33.7227893 ], [ 129.6328892, 33.7253214 ], [ 129.635256, 33.7262899 ], [ 129.6370306, 33.7280808 ], [ 129.6348284, 33.7296327 ] ] ], [ [ [ 129.7612843, 33.7320761 ], [ 129.761455100000035, 33.7351844 ], [ 129.758861500000023, 33.7367746 ], [ 129.755210799999986, 33.7339952 ], [ 129.7550185, 33.7317973 ], [ 129.7578466, 33.7296113 ], [ 129.7612843, 33.7320761 ] ] ], [ [ [ 129.638921, 33.7416427 ], [ 129.6387839, 33.7437919 ], [ 129.6366276, 33.7453572 ], [ 129.636490399999985, 33.7426695 ], [ 129.632993699999986, 33.7421417 ], [ 129.6295686, 33.7441631 ], [ 129.62806089999998, 33.7418848 ], [ 129.6287854, 33.7394259 ], [ 129.6303893, 33.7367461 ], [ 129.6294368, 33.7340807 ], [ 129.6304202, 33.7330301 ], [ 129.6336187, 33.7339804 ], [ 129.634540099999981, 33.7331386 ], [ 129.6375577, 33.7344057 ], [ 129.6380619, 33.7362067 ], [ 129.640829199999985, 33.7391781 ], [ 129.6431488, 33.7385437 ], [ 129.6438129, 33.7417062 ], [ 129.638921, 33.7416427 ] ] ], [ [ [ 129.7761003, 33.7797069 ], [ 129.7775308, 33.7780611 ], [ 129.78052, 33.7811217 ], [ 129.776943599999981, 33.7817022 ], [ 129.7761003, 33.7797069 ] ] ], [ [ [ 129.709026599999987, 33.8618246 ], [ 129.7072929, 33.8630474 ], [ 129.704261799999983, 33.8635193 ], [ 129.702383199999986, 33.8627466 ], [ 129.70188779999998, 33.860856 ], [ 129.6977464, 33.8599496 ], [ 129.695585400000027, 33.8573628 ], [ 129.702328599999987, 33.8557829 ], [ 129.6992081, 33.8550349 ], [ 129.6960839, 33.8556348 ], [ 129.6950673, 33.8530283 ], [ 129.693151, 33.8513228 ], [ 129.6921166, 33.8538589 ], [ 129.6921175, 33.8560535 ], [ 129.689276299999989, 33.8560344 ], [ 129.6858784, 33.8544069 ], [ 129.6860917, 33.8519301 ], [ 129.6833757, 33.8505164 ], [ 129.6794684, 33.8474347 ], [ 129.6796526, 33.8464752 ], [ 129.6829257, 33.8457067 ], [ 129.6793117, 33.8436135 ], [ 129.6780322, 33.8414043 ], [ 129.6763776, 33.8454021 ], [ 129.674373799999984, 33.8410196 ], [ 129.6714239, 33.838074 ], [ 129.6727254, 33.8358414 ], [ 129.673265, 33.8332419 ], [ 129.6716611, 33.8319461 ], [ 129.67177, 33.8291175 ], [ 129.6704489, 33.8264447 ], [ 129.6752241, 33.824935 ], [ 129.6765418, 33.8220356 ], [ 129.672703899999988, 33.8199932 ], [ 129.673788299999984, 33.8179214 ], [ 129.675559199999981, 33.8191612 ], [ 129.679483, 33.8135703 ], [ 129.6809293, 33.8132519 ], [ 129.68116120000002, 33.8111253 ], [ 129.6838644, 33.81152 ], [ 129.6857398, 33.80855 ], [ 129.6881702, 33.8073396 ], [ 129.685056299999985, 33.8063216 ], [ 129.6837217, 33.8049643 ], [ 129.6807325, 33.8056088 ], [ 129.6771951, 33.8049607 ], [ 129.676926899999984, 33.8028348 ], [ 129.6736606, 33.8010602 ], [ 129.6730719, 33.7998113 ], [ 129.676871399999982, 33.7981718 ], [ 129.675715699999984, 33.7968961 ], [ 129.6729571, 33.7982757 ], [ 129.671712499999984, 33.7996294 ], [ 129.6710072, 33.8032958 ], [ 129.6715142, 33.8050353 ], [ 129.669414, 33.8051605 ], [ 129.6681046, 33.8028817 ], [ 129.666864, 33.8036989 ], [ 129.6672576, 33.8085094 ], [ 129.665380299999981, 33.8102608 ], [ 129.6621831, 33.8107928 ], [ 129.6615806, 33.8133841 ], [ 129.6581697, 33.8121253 ], [ 129.6575674, 33.8140563 ], [ 129.6542201, 33.8126801 ], [ 129.653538, 33.8110209 ], [ 129.6496419, 33.8068934 ], [ 129.6528451, 33.8065199 ], [ 129.657683599999984, 33.8042134 ], [ 129.6586807, 33.803187 ], [ 129.662714599999987, 33.8022413 ], [ 129.6645014, 33.8025479 ], [ 129.6670421, 33.8000026 ], [ 129.6641961, 33.798624599999989 ], [ 129.661768, 33.7993393 ], [ 129.6580313, 33.7991509 ], [ 129.655546099999981, 33.7976091 ], [ 129.650570099999982, 33.7999957 ], [ 129.653514199999989, 33.7966092 ], [ 129.6576528, 33.7942232 ], [ 129.6587197, 33.7914906 ], [ 129.660652299999981, 33.7903525 ], [ 129.6604293, 33.7880812 ], [ 129.6572371, 33.7891656 ], [ 129.6558217, 33.7832465 ], [ 129.655719399999981, 33.7808967 ], [ 129.6601269, 33.775680699999988 ], [ 129.6607248, 33.7769818 ], [ 129.663345, 33.7773249 ], [ 129.666224199999988, 33.7760222 ], [ 129.6703613, 33.776419 ], [ 129.6729523, 33.7756776 ], [ 129.676201, 33.7775343 ], [ 129.678257699999989, 33.7772024 ], [ 129.6762736, 33.77426 ], [ 129.6739637, 33.7735256 ], [ 129.6762254, 33.7720147 ], [ 129.678198399999985, 33.7725305 ], [ 129.6801604, 33.7719679 ], [ 129.6803593, 33.7685855 ], [ 129.6821721, 33.7680891 ], [ 129.6810744, 33.7657244 ], [ 129.6818754, 33.7609351 ], [ 129.6851672, 33.7609869 ], [ 129.685217099999988, 33.7595671 ], [ 129.6814416, 33.7580631 ], [ 129.6799361, 33.7593759 ], [ 129.678696799999983, 33.762636 ], [ 129.677017399999983, 33.7647498 ], [ 129.673919499999982, 33.765438 ], [ 129.6735763, 33.7680619 ], [ 129.6711257, 33.7677291 ], [ 129.6699817, 33.7660389 ], [ 129.668336899999986, 33.7672875 ], [ 129.663533, 33.7659074 ], [ 129.6634928, 33.7671887 ], [ 129.6615324, 33.7706368 ], [ 129.6583354, 33.7699872 ], [ 129.6566772, 33.767919 ], [ 129.6545606, 33.7686142 ], [ 129.6542835, 33.7710624 ], [ 129.652235499999989, 33.7726425 ], [ 129.649474, 33.773805 ], [ 129.6448848, 33.7724722 ], [ 129.6430399, 33.769112 ], [ 129.644072400000027, 33.7678692 ], [ 129.644658099999987, 33.7647087 ], [ 129.6489508, 33.7630644 ], [ 129.6509494, 33.7617623 ], [ 129.6541546, 33.7622437 ], [ 129.654551699999985, 33.7606825 ], [ 129.6500111, 33.7601132 ], [ 129.650711299999983, 33.7569674 ], [ 129.6494925, 33.7547177 ], [ 129.6472578, 33.7530793 ], [ 129.647560199999987, 33.7507993 ], [ 129.649189899999982, 33.7509296 ], [ 129.6512481, 33.7494572 ], [ 129.652066499999989, 33.7477288 ], [ 129.6537243, 33.7466861 ], [ 129.653273899999988, 33.7440698 ], [ 129.6544188, 33.7398844 ], [ 129.657332599999989, 33.7386179 ], [ 129.6579984, 33.7413169 ], [ 129.657243199999982, 33.745926 ], [ 129.6594481, 33.7469627 ], [ 129.661835199999985, 33.7462992 ], [ 129.6629383, 33.7477217 ], [ 129.6672859, 33.7482314 ], [ 129.6653791, 33.7509036 ], [ 129.668084599999986, 33.7535385 ], [ 129.6688134, 33.7570851 ], [ 129.672370799999982, 33.7578458 ], [ 129.671305499999988, 33.7544984 ], [ 129.674073099999987, 33.7539476 ], [ 129.6761821, 33.7525839 ], [ 129.6763627, 33.7504919 ], [ 129.6793657, 33.7489181 ], [ 129.6804768, 33.7472262 ], [ 129.683652199999983, 33.7460606 ], [ 129.682672199999985, 33.7443806 ], [ 129.6838784, 33.7423644 ], [ 129.6829247, 33.7406684 ], [ 129.6845912, 33.7383335 ], [ 129.6806512, 33.7357978 ], [ 129.681804699999986, 33.7339357 ], [ 129.6794655, 33.7329475 ], [ 129.6765939, 33.7282916 ], [ 129.6789915, 33.727438 ], [ 129.6792006, 33.7263097 ], [ 129.683494199999984, 33.7253586 ], [ 129.6837174, 33.7236957 ], [ 129.6855756, 33.7235346 ], [ 129.6890435, 33.7213054 ], [ 129.6910617, 33.7215516 ], [ 129.6917683, 33.7243117 ], [ 129.6947519, 33.7241265 ], [ 129.6943154, 33.7264991 ], [ 129.695549299999982, 33.7269168 ], [ 129.6974744, 33.725599599999988 ], [ 129.6962036, 33.7222077 ], [ 129.692810899999984, 33.7206027 ], [ 129.691516, 33.719273699999988 ], [ 129.6880156, 33.7182172 ], [ 129.689112, 33.7166645 ], [ 129.6922638, 33.7164929 ], [ 129.6934362, 33.7141416 ], [ 129.6965856, 33.7122496 ], [ 129.6962481, 33.7102233 ], [ 129.69772039999998, 33.7097703 ], [ 129.699847799999986, 33.711543399999989 ], [ 129.7042906, 33.7109905 ], [ 129.706767499999984, 33.7099889 ], [ 129.7089249, 33.7106185 ], [ 129.711675499999984, 33.7087136 ], [ 129.7151668, 33.7070243 ], [ 129.7156343, 33.7042759 ], [ 129.717003799999986, 33.7045366 ], [ 129.7163367, 33.7087829 ], [ 129.7173154, 33.7113034 ], [ 129.7193371, 33.71016 ], [ 129.7197368, 33.7137117 ], [ 129.7182867, 33.7152807 ], [ 129.7186547, 33.7165578 ], [ 129.7210282, 33.7169633 ], [ 129.721503499999983, 33.7190052 ], [ 129.723683099999988, 33.7194469 ], [ 129.7266232, 33.7213417 ], [ 129.727894599999985, 33.723668 ], [ 129.7272001, 33.7247032 ], [ 129.7286331, 33.7262391 ], [ 129.731254899999982, 33.7261215 ], [ 129.733768699999985, 33.7284613 ], [ 129.7329545, 33.7300819 ], [ 129.7340187, 33.7313967 ], [ 129.7324815, 33.7328253 ], [ 129.7336247, 33.7352527 ], [ 129.7333006, 33.7372556 ], [ 129.7344508, 33.7393038 ], [ 129.7384736, 33.7380252 ], [ 129.7472646, 33.739558 ], [ 129.749410899999987, 33.7408156 ], [ 129.7511772, 33.7394264 ], [ 129.7530485, 33.7402114 ], [ 129.753865099999985, 33.7430947 ], [ 129.7573073, 33.7434325 ], [ 129.7623979, 33.7384089 ], [ 129.7644977, 33.7396657 ], [ 129.769171699999987, 33.7406777 ], [ 129.770393899999988, 33.7398897 ], [ 129.7737357, 33.7394697 ], [ 129.7747056, 33.740747399999989 ], [ 129.7787026, 33.7403856 ], [ 129.7800226, 33.7423532 ], [ 129.7815493, 33.7431109 ], [ 129.7864715, 33.7423323 ], [ 129.7860911, 33.7441034 ], [ 129.787622199999987, 33.7491645 ], [ 129.7878963, 33.7549852 ], [ 129.791365899999988, 33.7566163 ], [ 129.7940064, 33.755778 ], [ 129.7958764, 33.7536927 ], [ 129.7972542, 33.7561113 ], [ 129.7962384, 33.7565989 ], [ 129.7968483, 33.7592452 ], [ 129.79894969999998, 33.7609067 ], [ 129.796522899999985, 33.7637064 ], [ 129.790461099999987, 33.7629471 ], [ 129.789170399999989, 33.7638475 ], [ 129.7892061, 33.7656601 ], [ 129.7870806, 33.769099 ], [ 129.7797655, 33.7725091 ], [ 129.7762055, 33.7718969 ], [ 129.7754057, 33.7733371 ], [ 129.7720864, 33.7727121 ], [ 129.77274509999998, 33.7698483 ], [ 129.7720181, 33.7684068 ], [ 129.765956499999987, 33.7673058 ], [ 129.7643263, 33.7702748 ], [ 129.7615826, 33.7719357 ], [ 129.7614419, 33.7736158 ], [ 129.7586789, 33.7738775 ], [ 129.757933899999983, 33.7756898 ], [ 129.7599739, 33.7773688 ], [ 129.758768, 33.7788455 ], [ 129.7638728, 33.781949 ], [ 129.764697399999989, 33.7846389 ], [ 129.7697964, 33.7844005 ], [ 129.7727998, 33.7861858 ], [ 129.7747752, 33.784138 ], [ 129.7769787, 33.7857244 ], [ 129.7792749, 33.7855449 ], [ 129.781396299999983, 33.7844054 ], [ 129.7845035, 33.7859467 ], [ 129.787651899999986, 33.7846266 ], [ 129.787528899999984, 33.7836907 ], [ 129.7934759, 33.7834343 ], [ 129.7920929, 33.7818781 ], [ 129.7960776, 33.7793725 ], [ 129.7978765, 33.7809826 ], [ 129.7992992, 33.7859646 ], [ 129.7988475, 33.7886854 ], [ 129.7962856, 33.7878729 ], [ 129.7942239, 33.7884392 ], [ 129.792927099999986, 33.7873124 ], [ 129.7901943, 33.7879413 ], [ 129.786281299999985, 33.7876441 ], [ 129.7835371, 33.7889241 ], [ 129.780961, 33.791386 ], [ 129.7803044, 33.7935675 ], [ 129.7782573, 33.7947944 ], [ 129.775552, 33.7945863 ], [ 129.770378, 33.7961671 ], [ 129.766086299999984, 33.7988609 ], [ 129.7641549, 33.8006157 ], [ 129.7639184, 33.8031194 ], [ 129.760071399999987, 33.8049286 ], [ 129.7573649, 33.8038223 ], [ 129.755612499999984, 33.80635 ], [ 129.7486357, 33.8066704 ], [ 129.748641099999986, 33.8087542 ], [ 129.753250399999985, 33.8086841 ], [ 129.7546302, 33.8108607 ], [ 129.7578241, 33.8119134 ], [ 129.759806699999984, 33.8096627 ], [ 129.764033, 33.8109302 ], [ 129.763625499999989, 33.8131247 ], [ 129.7610474, 33.8141014 ], [ 129.7601569, 33.8161834 ], [ 129.761666, 33.818984 ], [ 129.7642181, 33.8195675 ], [ 129.7645234, 33.8220237 ], [ 129.763748099999987, 33.8254451 ], [ 129.766496099999983, 33.8290024 ], [ 129.765148, 33.831135599999989 ], [ 129.7648887, 33.8341034 ], [ 129.766808, 33.8344999 ], [ 129.7685895, 33.8380233 ], [ 129.7704268, 33.839209 ], [ 129.773081, 33.842249099999989 ], [ 129.768338299999982, 33.8464593 ], [ 129.7642486, 33.8446658 ], [ 129.7620387, 33.8447808 ], [ 129.7593718, 33.8458947 ], [ 129.757010399999984, 33.8455381 ], [ 129.7536395, 33.8472149 ], [ 129.7518067, 33.846859 ], [ 129.74768, 33.847842 ], [ 129.7429507, 33.8474398 ], [ 129.732205099999987, 33.8491186 ], [ 129.730768499999982, 33.8500628 ], [ 129.726836599999984, 33.8499387 ], [ 129.7243143, 33.8505376 ], [ 129.722891299999986, 33.85352 ], [ 129.721127699999982, 33.8556932 ], [ 129.7190331, 33.8567851 ], [ 129.7165544, 33.856907 ], [ 129.7113683, 33.8551111 ], [ 129.708194599999985, 33.8570188 ], [ 129.7067918, 33.8587849 ], [ 129.7067784, 33.8605593 ], [ 129.709026599999987, 33.8618246 ] ] ], [ [ [ 129.690893499999987, 33.8701762 ], [ 129.6870232, 33.869885 ], [ 129.6860359, 33.8710122 ], [ 129.682774, 33.8703266 ], [ 129.6826106, 33.8679036 ], [ 129.6844796, 33.8669729 ], [ 129.6830076, 33.8650384 ], [ 129.6841488, 33.8623701 ], [ 129.6869992, 33.8613584 ], [ 129.689588900000018, 33.8612604 ], [ 129.690853, 33.8627494 ], [ 129.6890905, 33.8642231 ], [ 129.688794699999988, 33.8664645 ], [ 129.6910361, 33.8685953 ], [ 129.690893499999987, 33.8701762 ] ] ], [ [ [ 129.6995119, 33.8650417 ], [ 129.7037536, 33.8653069 ], [ 129.7039428, 33.8675503 ], [ 129.7012681, 33.8687675 ], [ 129.6987083, 33.8685419 ], [ 129.695209399999982, 33.8669072 ], [ 129.6981544, 33.8642806 ], [ 129.6995119, 33.8650417 ] ] ], [ [ [ 129.6788, 33.8664733 ], [ 129.6803482, 33.8645637 ], [ 129.681828, 33.866243 ], [ 129.6808294, 33.8707515 ], [ 129.6794501, 33.8710223 ], [ 129.6764191, 33.8697971 ], [ 129.6757244, 33.8684971 ], [ 129.673629, 33.86873 ], [ 129.675046399999985, 33.8655914 ], [ 129.6775436, 33.8655073 ], [ 129.6788, 33.8664733 ] ] ] ] } },
{ "type": "Feature", "properties": { "hokenjo": "県央" }, "geometry": { "type": "MultiPolygon", "coordinates": [ [ [ [ 130.0391228, 32.7611347 ], [ 130.0390228, 32.7596917 ], [ 130.0411694, 32.7593525 ], [ 130.0400036, 32.7636553 ], [ 130.037815599999988, 32.7633558 ], [ 130.0391228, 32.7611347 ] ] ], [ [ [ 129.989405299999987, 32.7640872 ], [ 129.9908658, 32.7630325 ], [ 129.9877209, 32.7591055 ], [ 129.988772, 32.7561431 ], [ 129.9909069, 32.753687 ], [ 129.9940786, 32.7556518 ], [ 129.995619399999981, 32.7595453 ], [ 129.9988667, 32.7619325 ], [ 130.002366199999983, 32.761221299999988 ], [ 130.004444899999982, 32.7598805 ], [ 130.005051399999985, 32.7579197 ], [ 130.010140799999988, 32.7580287 ], [ 130.0114839, 32.7596175 ], [ 130.019629399999985, 32.7599842 ], [ 130.0240258, 32.7583672 ], [ 130.025695, 32.7589222 ], [ 130.0297764, 32.7615683 ], [ 130.030127599999986, 32.7632233 ], [ 130.0317689, 32.7655233 ], [ 130.0344446, 32.7663424 ], [ 130.0407701, 32.7673361 ], [ 130.044995299999982, 32.7706684 ], [ 130.0502477, 32.7762852 ], [ 130.054033299999986, 32.7785473 ], [ 130.0546612, 32.7800142 ], [ 130.056735299999986, 32.7811121 ], [ 130.0589273, 32.7813006 ], [ 130.065864, 32.7858179 ], [ 130.067387, 32.7874768 ], [ 130.073998599999982, 32.7893391 ], [ 130.0779789, 32.7898486 ], [ 130.0824628, 32.7922402 ], [ 130.083492299999989, 32.7944841 ], [ 130.0867073, 32.795051 ], [ 130.0867192, 32.7938908 ], [ 130.0919993, 32.793956 ], [ 130.0979755, 32.7933247 ], [ 130.100258599999989, 32.7938766 ], [ 130.1044346, 32.7933254 ], [ 130.112673299999983, 32.7903679 ], [ 130.1212606, 32.788967299999989 ], [ 130.1243452, 32.787796 ], [ 130.130645, 32.7881647 ], [ 130.135153299999985, 32.789771 ], [ 130.141977699999984, 32.7942013 ], [ 130.14410669999998, 32.7960289 ], [ 130.1430277, 32.7975234 ], [ 130.1399408, 32.7973323 ], [ 130.141145, 32.800619499999989 ], [ 130.138028599999984, 32.805287 ], [ 130.1356788, 32.8079364 ], [ 130.1374813, 32.8096864 ], [ 130.1436841, 32.8098895 ], [ 130.1455377, 32.8094889 ], [ 130.147274399999986, 32.811707 ], [ 130.1499088, 32.8189375 ], [ 130.1528494, 32.8233333 ], [ 130.1564472, 32.8255453 ], [ 130.158412199999987, 32.8407608 ], [ 130.157043, 32.8435564 ], [ 130.1540894, 32.8408083 ], [ 130.148233, 32.8453189 ], [ 130.1738565, 32.8698105 ], [ 130.174241099999989, 32.8700273 ], [ 130.155326299999984, 32.8935671 ], [ 130.1529879, 32.8991477 ], [ 130.1561501, 32.900675 ], [ 130.157774499999988, 32.9020703 ], [ 130.157785599999983, 32.9034321 ], [ 130.1563391, 32.9055047 ], [ 130.159258699999981, 32.9070265 ], [ 130.162041, 32.9058644 ], [ 130.1644956, 32.9069457 ], [ 130.1677698, 32.912043 ], [ 130.1654949, 32.9139374 ], [ 130.169202499999983, 32.9156534 ], [ 130.17335079999998, 32.9162463 ], [ 130.175856, 32.9158315 ], [ 130.1781746, 32.9141846 ], [ 130.1797971, 32.9141218 ], [ 130.1828759, 32.9159196 ], [ 130.1834292, 32.9134745 ], [ 130.1868321, 32.9140569 ], [ 130.1862616, 32.9167308 ], [ 130.1886624, 32.9185679 ], [ 130.1868471, 32.9208735 ], [ 130.1869954, 32.9246165 ], [ 130.188418899999988, 32.9260984 ], [ 130.1922588, 32.927054 ], [ 130.1924141, 32.9284703 ], [ 130.197377, 32.9294853 ], [ 130.201861899999983, 32.9291043 ], [ 130.201482299999981, 32.9306949 ], [ 130.2033284, 32.932127 ], [ 130.2009333, 32.9337263 ], [ 130.2017543, 32.9357316 ], [ 130.1997201, 32.9383282 ], [ 130.2030086, 32.9407897 ], [ 130.2033169, 32.9422384 ], [ 130.2011688, 32.9430793 ], [ 130.2006351, 32.9443996 ], [ 130.2030756, 32.9467498 ], [ 130.2010996, 32.9495662 ], [ 130.2018655, 32.952517 ], [ 130.2038929, 32.9552058 ], [ 130.2030628, 32.9581508 ], [ 130.2011611, 32.9590619 ], [ 130.193039199999987, 32.9594531 ], [ 130.1874178, 32.9588969 ], [ 130.1845339, 32.95996 ], [ 130.1781914, 32.9603769 ], [ 130.1768492, 32.9614792 ], [ 130.1730608, 32.9621478 ], [ 130.1676694, 32.9610881 ], [ 130.16165669999998, 32.9612303 ], [ 130.1550767, 32.9633631 ], [ 130.1496625, 32.9627908 ], [ 130.1493481, 32.9650883 ], [ 130.1468247, 32.9693606 ], [ 130.1440561, 32.9716844 ], [ 130.1426222, 32.9714 ], [ 130.1390486, 32.9686175 ], [ 130.1309197, 32.9683206 ], [ 130.1273306, 32.9689119 ], [ 130.1227103, 32.9708917 ], [ 130.1191972, 32.9703625 ], [ 130.1157236, 32.9713589 ], [ 130.1145114, 32.9724064 ], [ 130.1091908, 32.9717592 ], [ 130.1048581, 32.9733986 ], [ 130.1030261, 32.97474 ], [ 130.0999383, 32.974210299999989 ], [ 130.0950461, 32.9753792 ], [ 130.0888661, 32.9740572 ], [ 130.0868269, 32.974895 ], [ 130.0861525, 32.9753828 ], [ 130.085805, 32.9792167 ], [ 130.0827811, 32.9810242 ], [ 130.0817769, 32.9827514 ], [ 130.0774389, 32.9847503 ], [ 130.0760478, 32.9875686 ], [ 130.0730922, 32.987823899999988 ], [ 130.0694878, 32.9864383 ], [ 130.0649086, 32.9870581 ], [ 130.0612269, 32.9858511 ], [ 130.058094399999987, 32.9877736 ], [ 130.056347499999987, 32.9899661 ], [ 130.054032399999983, 32.9916776 ], [ 130.0512833, 32.9926069 ], [ 130.0517669, 32.9943694 ], [ 130.049324399999989, 32.9979072 ], [ 130.0470908, 32.9984244 ], [ 130.047072499999985, 33.0015444 ], [ 130.0456764, 33.0019661 ], [ 130.0444439, 33.0041419 ], [ 130.042633099999989, 33.0039161 ], [ 130.04107639999998, 33.0049394 ], [ 130.0398778, 33.0073617 ], [ 130.0379158, 33.0086703 ], [ 130.03416439999998, 33.0091781 ], [ 130.0313817, 33.0102206 ], [ 130.0280139, 33.0124456 ], [ 130.0292483, 33.0161492 ], [ 130.029081099999985, 33.0184289 ], [ 130.027382499999987, 33.0203142 ], [ 130.024261900000027, 33.0212322 ], [ 130.021922499999988, 33.0195081 ], [ 130.0181414, 33.0190258 ], [ 130.0149519, 33.0174789 ], [ 130.0108089, 33.0195853 ], [ 130.008202499999982, 33.0198217 ], [ 130.0060747, 33.0246483 ], [ 130.0053625, 33.0252411 ], [ 130.0011022, 33.0256947 ], [ 129.9991962, 33.029221 ], [ 129.999697, 33.0317621 ], [ 129.997388299999983, 33.03471 ], [ 129.9944992, 33.0371267 ], [ 129.9934744, 33.0390619 ], [ 129.9937717, 33.0415861 ], [ 129.9963936, 33.0445061 ], [ 129.9941231, 33.0479833 ], [ 129.9928514, 33.0474586 ], [ 129.9905258, 33.0505386 ], [ 129.987586099999987, 33.0513317 ], [ 129.9865397, 33.0533283 ], [ 129.983288099999982, 33.0567992 ], [ 129.9780375, 33.0574167 ], [ 129.9747281, 33.0593903 ], [ 129.973478299999982, 33.0608961 ], [ 129.9718581, 33.06016 ], [ 129.96890639999998, 33.0625753 ], [ 129.968019699999985, 33.0622006 ], [ 129.9640286, 33.0643511 ], [ 129.962372200000033, 33.0639967 ], [ 129.9578347, 33.0656708 ], [ 129.954746699999987, 33.065970299999989 ], [ 129.9501244, 33.0679025 ], [ 129.949405, 33.0692925 ], [ 129.9471017, 33.0697964 ], [ 129.9458344, 33.0718236 ], [ 129.9425719, 33.0716939 ], [ 129.938833099999982, 33.0741639 ], [ 129.939670299999989, 33.0777636 ], [ 129.9351433, 33.0811433 ], [ 129.9356383, 33.0828067 ], [ 129.9335289, 33.0850514 ], [ 129.933074399999981, 33.0883442 ], [ 129.928001699999982, 33.0900197 ], [ 129.9223567, 33.0904933 ], [ 129.924138299999981, 33.093855 ], [ 129.9246147, 33.0964244 ], [ 129.92633, 33.0981067 ], [ 129.925821899999988, 33.0999431 ], [ 129.926763099999988, 33.1018558 ], [ 129.925236899999987, 33.1057242 ], [ 129.926761699999986, 33.1076861 ], [ 129.9296431, 33.1075747 ], [ 129.930157799999989, 33.109035299999988 ], [ 129.932842199999982, 33.1110822 ], [ 129.9347314, 33.1109122 ], [ 129.93746, 33.1125008 ], [ 129.9407267, 33.1128647 ], [ 129.9422736, 33.1118972 ], [ 129.9457103, 33.1114492 ], [ 129.9512853, 33.1099642 ], [ 129.952155799999986, 33.1120219 ], [ 129.9544544, 33.1140469 ], [ 129.9554392, 33.1167847 ], [ 129.956692799999985, 33.1182267 ], [ 129.9563508, 33.1206964 ], [ 129.95663, 33.1260361 ], [ 129.9562847, 33.1286275 ], [ 129.953428299999985, 33.1323958 ], [ 129.951378299999988, 33.1319581 ], [ 129.9488536, 33.1340708 ], [ 129.9492172, 33.1369122 ], [ 129.947890299999983, 33.1380131 ], [ 129.948194700000016, 33.1406414 ], [ 129.947414399999985, 33.1432439 ], [ 129.9448772, 33.1462636 ], [ 129.9450497, 33.1480122 ], [ 129.943739199999982, 33.1506219 ], [ 129.9433383, 33.1542953 ], [ 129.9418703, 33.1567725 ], [ 129.941446899999988, 33.1599456 ], [ 129.9433319, 33.1642714 ], [ 129.9409369, 33.1641869 ], [ 129.938615299999981, 33.165375 ], [ 129.933646399999986, 33.1632725 ], [ 129.92800889999998, 33.1640228 ], [ 129.9239761, 33.1629097 ], [ 129.9230317, 33.1616847 ], [ 129.9200908, 33.1620086 ], [ 129.9177464, 33.1600375 ], [ 129.91407719999998, 33.1625892 ], [ 129.911531699999983, 33.1621664 ], [ 129.9059403, 33.1580981 ], [ 129.90363, 33.1584586 ], [ 129.8987392, 33.1579342 ], [ 129.89517, 33.1597258 ], [ 129.8936706, 33.1580889 ], [ 129.8910028, 33.1585133 ], [ 129.8901272, 33.1564828 ], [ 129.888124399999981, 33.1561672 ], [ 129.886073899999985, 33.1614564 ], [ 129.8815933, 33.1624011 ], [ 129.8789825, 33.1620381 ], [ 129.877163600000017, 33.1646772 ], [ 129.8726778, 33.1652078 ], [ 129.870338299999986, 33.1644761 ], [ 129.8689325, 33.1615925 ], [ 129.8680631, 33.1583925 ], [ 129.8663703, 33.1586833 ], [ 129.8640294, 33.1564267 ], [ 129.8595492, 33.1558375 ], [ 129.8578492, 33.1529953 ], [ 129.8561719, 33.1519833 ], [ 129.85562, 33.1486386 ], [ 129.85610029999998, 33.1461739 ], [ 129.853732799999989, 33.1459911 ], [ 129.8528475, 33.1443869 ], [ 129.8503703, 33.1436278 ], [ 129.84923, 33.137502499999989 ], [ 129.8505978, 33.1344717 ], [ 129.850037499999985, 33.1326047 ], [ 129.847723299999984, 33.1301969 ], [ 129.8478533, 33.1273758 ], [ 129.8458525, 33.1246953 ], [ 129.8461164, 33.1235256 ], [ 129.8441464, 33.1188664 ], [ 129.8447153, 33.1174228 ], [ 129.8434969, 33.111535599999989 ], [ 129.845955299999986, 33.1068781 ], [ 129.846414399999986, 33.1042842 ], [ 129.8457711, 33.1027608 ], [ 129.8459997, 33.1005083 ], [ 129.8427467, 33.0997939 ], [ 129.8441647, 33.0965575 ], [ 129.84459529999998, 33.0939908 ], [ 129.846942499999983, 33.0922533 ], [ 129.8469744, 33.0905836 ], [ 129.841720800000019, 33.0866628 ], [ 129.8414453, 33.0851978 ], [ 129.8392567, 33.0839608 ], [ 129.8399356, 33.0824853 ], [ 129.8389047, 33.0786033 ], [ 129.8367939, 33.0768894 ], [ 129.8335308, 33.0762475 ], [ 129.8303436, 33.0743281 ], [ 129.8254124, 33.076068899999989 ], [ 129.8199129, 33.0770454 ], [ 129.81833229999998, 33.0736943 ], [ 129.816474699999986, 33.0716704 ], [ 129.814434399999982, 33.0723883 ], [ 129.8112801, 33.070281 ], [ 129.8085477, 33.0699348 ], [ 129.8062075, 33.0705492 ], [ 129.803333200000026, 33.0678189 ], [ 129.8091957, 33.0685264 ], [ 129.8114132, 33.0682865 ], [ 129.8144479, 33.0662478 ], [ 129.8141475, 33.0638895 ], [ 129.817813, 33.0627766 ], [ 129.8195475, 33.0609681 ], [ 129.8213065, 33.062935 ], [ 129.8204888, 33.064421 ], [ 129.817337899999984, 33.0643086 ], [ 129.8166996, 33.0657129 ], [ 129.8205046, 33.0659436 ], [ 129.823153599999983, 33.067763 ], [ 129.8258543, 33.0670874 ], [ 129.82510019999998, 33.065382 ], [ 129.8280404, 33.0625919 ], [ 129.8308944, 33.063808 ], [ 129.832257699999985, 33.062525 ], [ 129.8354909, 33.0619159 ], [ 129.8375436, 33.059386 ], [ 129.834507699999989, 33.0562101 ], [ 129.8324996, 33.0561985 ], [ 129.829478699999981, 33.0548472 ], [ 129.828086, 33.0552264 ], [ 129.8257706, 33.0542951 ], [ 129.8248811, 33.055921 ], [ 129.8230414, 33.0568482 ], [ 129.820067699999981, 33.0538534 ], [ 129.8210971, 33.0527975 ], [ 129.8242387, 33.0537206 ], [ 129.8264378, 33.0534584 ], [ 129.8223179, 33.049421099999989 ], [ 129.82121570000001, 33.0443782 ], [ 129.8200172, 33.0428183 ], [ 129.8201306, 33.0389869 ], [ 129.822465099999988, 33.0365543 ], [ 129.8276062, 33.0367351 ], [ 129.8308645, 33.0384334 ], [ 129.833085, 33.0411402 ], [ 129.8326547, 33.0430601 ], [ 129.834521599999988, 33.0456745 ], [ 129.8328573, 33.0492804 ], [ 129.8338905, 33.0502003 ], [ 129.8363831, 33.0494478 ], [ 129.8379166, 33.0512997 ], [ 129.8370112, 33.0539733 ], [ 129.839435899999984, 33.056401 ], [ 129.841706599999981, 33.0562856 ], [ 129.8430715, 33.0542874 ], [ 129.8420659, 33.0529171 ], [ 129.842644, 33.0479822 ], [ 129.8451088, 33.0483993 ], [ 129.844188, 33.0500321 ], [ 129.8451264, 33.0534326 ], [ 129.84799289999998, 33.0538451 ], [ 129.8511952, 33.057767 ], [ 129.8508268, 33.0590473 ], [ 129.8540612, 33.060992 ], [ 129.8545799, 33.0624103 ], [ 129.857968799999981, 33.0632638 ], [ 129.8631403, 33.0627112 ], [ 129.8638688, 33.0596142 ], [ 129.866804799999983, 33.0601296 ], [ 129.8691054, 33.061458 ], [ 129.870909, 33.0648647 ], [ 129.8749101, 33.0654182 ], [ 129.8768366, 33.0643706 ], [ 129.887280799999985, 33.0587384 ], [ 129.8881222, 33.0567464 ], [ 129.890042199999982, 33.0573272 ], [ 129.8928989, 33.0567694 ], [ 129.8944244, 33.0542214 ], [ 129.8966843, 33.0523069 ], [ 129.8969669, 33.0509458 ], [ 129.8994558, 33.0504558 ], [ 129.901905, 33.0482472 ], [ 129.901477299999982, 33.0468221 ], [ 129.9042867, 33.0393672 ], [ 129.906587799999983, 33.0404288 ], [ 129.9113657, 33.0379822 ], [ 129.91376409999998, 33.0354436 ], [ 129.916459799999984, 33.0343535 ], [ 129.9176133, 33.0324719 ], [ 129.9206987, 33.0338319 ], [ 129.9240269, 33.0331768 ], [ 129.9268672, 33.0295311 ], [ 129.9288742, 33.0277328 ], [ 129.932371599999982, 33.02661 ], [ 129.9360533, 33.02178 ], [ 129.9444497, 33.0164136 ], [ 129.945745, 33.015119 ], [ 129.944403099999988, 33.0107086 ], [ 129.9446975, 33.0089722 ], [ 129.9463571, 33.0078955 ], [ 129.9438567, 33.0066076 ], [ 129.9439817, 33.0047331 ], [ 129.9465586, 33.0028818 ], [ 129.9443867, 33.0 ], [ 129.9444259, 32.9987504 ], [ 129.948263699999984, 32.9958615 ], [ 129.948172299999982, 32.991159 ], [ 129.9491837, 32.9907229 ], [ 129.950756499999983, 32.9882112 ], [ 129.950085, 32.9853727 ], [ 129.9457883, 32.9827076 ], [ 129.946051499999982, 32.9817474 ], [ 129.944907199999989, 32.9783299 ], [ 129.942239799999982, 32.9747963 ], [ 129.940454499999987, 32.9754032 ], [ 129.9386538, 32.9736769 ], [ 129.9357896, 32.9756418 ], [ 129.9335513, 32.9733323 ], [ 129.9380104, 32.9702905 ], [ 129.9363295, 32.9690097 ], [ 129.9317336, 32.9721884 ], [ 129.928327199999984, 32.9686926 ], [ 129.9321254, 32.9660752 ], [ 129.9293496, 32.959444 ], [ 129.9318667, 32.9570486 ], [ 129.931088599999981, 32.9501613 ], [ 129.929517, 32.9475036 ], [ 129.9289354, 32.9448182 ], [ 129.929669, 32.9427058 ], [ 129.9286016, 32.9411338 ], [ 129.928859499999987, 32.9356864 ], [ 129.9303117, 32.9333449 ], [ 129.9297728, 32.9308852 ], [ 129.930205199999989, 32.9264609 ], [ 129.9350782, 32.9205088 ], [ 129.9365985, 32.9202642 ], [ 129.940656599999983, 32.9162914 ], [ 129.9432032, 32.914683 ], [ 129.9464487, 32.9118086 ], [ 129.9485965, 32.908586 ], [ 129.9502536, 32.9082626 ], [ 129.953883099999985, 32.9051356 ], [ 129.9529954, 32.9037119 ], [ 129.949575399999986, 32.900816899999988 ], [ 129.950402, 32.8991474 ], [ 129.9533959, 32.8987956 ], [ 129.9504399, 32.8963954 ], [ 129.950054599999987, 32.8953346 ], [ 129.9553692, 32.8958772 ], [ 129.9571149, 32.8936845 ], [ 129.9565785, 32.8915592 ], [ 129.958977799999985, 32.8900984 ], [ 129.9626462, 32.8905305 ], [ 129.9654923, 32.8916098 ], [ 129.969119, 32.8913383 ], [ 129.97122, 32.8903755 ], [ 129.971025, 32.8889762 ], [ 129.972467599999987, 32.8859109 ], [ 129.967268499999989, 32.8854344 ], [ 129.9647922, 32.884719 ], [ 129.9636214, 32.8817074 ], [ 129.9632977, 32.8788547 ], [ 129.964106, 32.8777967 ], [ 129.9627994, 32.8759639 ], [ 129.9649981, 32.8754621 ], [ 129.9651168, 32.8732737 ], [ 129.969045199999982, 32.8714223 ], [ 129.972395, 32.8719307 ], [ 129.974314599999985, 32.8701366 ], [ 129.974501299999986, 32.8686991 ], [ 129.976340599999986, 32.8677602 ], [ 129.978158799999989, 32.8684312 ], [ 129.9798645, 32.867331 ], [ 129.9823333, 32.8636368 ], [ 129.9830208, 32.8616484 ], [ 129.9875155, 32.8592579 ], [ 129.989576, 32.8593409 ], [ 129.99135, 32.8579848 ], [ 129.9913775, 32.8563757 ], [ 129.9937247, 32.8529383 ], [ 129.9931432, 32.850934 ], [ 129.994321899999989, 32.8485935 ], [ 130.0006679, 32.8475439 ], [ 130.0035316, 32.843915 ], [ 130.004954, 32.840474 ], [ 130.001197599999983, 32.8406442 ], [ 129.9980449, 32.8398899 ], [ 129.994233799999989, 32.8397485 ], [ 129.9941258, 32.8418798 ], [ 129.9864216, 32.8416222 ], [ 129.9859988, 32.8367362 ], [ 129.9848269, 32.8360442 ], [ 129.9838969, 32.8407106 ], [ 129.9808792, 32.8404729 ], [ 129.9796546, 32.8381201 ], [ 129.9771539, 32.8386248 ], [ 129.975913900000023, 32.8405549 ], [ 129.979491199999984, 32.8435246 ], [ 129.9749338, 32.8465061 ], [ 129.9758933, 32.8479173 ], [ 129.975125099999985, 32.849197 ], [ 129.972901600000029, 32.8500071 ], [ 129.970488, 32.8496797 ], [ 129.965908899999988, 32.8467652 ], [ 129.963209399999982, 32.8474499 ], [ 129.960237799999987, 32.8464947 ], [ 129.9578196, 32.8466885 ], [ 129.956421799999987, 32.8479075 ], [ 129.956284100000033, 32.8498993 ], [ 129.9583069, 32.8537103 ], [ 129.9580641, 32.8552223 ], [ 129.9538857, 32.8572066 ], [ 129.9499333, 32.8612667 ], [ 129.947631199999989, 32.8621574 ], [ 129.9424118, 32.8616823 ], [ 129.9410148, 32.8619866 ], [ 129.9370519, 32.8599126 ], [ 129.9340019, 32.8575376 ], [ 129.9295453, 32.8590807 ], [ 129.927586, 32.8609796 ], [ 129.9302812, 32.8638538 ], [ 129.9307992, 32.8656717 ], [ 129.9293817, 32.8665564 ], [ 129.926430899999986, 32.8658722 ], [ 129.925004500000028, 32.8642332 ], [ 129.922683899999981, 32.8645929 ], [ 129.9221771, 32.8660779 ], [ 129.9180332, 32.8686475 ], [ 129.9123672, 32.8662977 ], [ 129.9124807, 32.86918 ], [ 129.9101758, 32.8705898 ], [ 129.909850399999982, 32.8680464 ], [ 129.905459899999983, 32.8722049 ], [ 129.9053984, 32.8746666 ], [ 129.903843, 32.8779782 ], [ 129.901421299999981, 32.8777733 ], [ 129.8999805, 32.8791564 ], [ 129.897122, 32.8799999 ], [ 129.8971924, 32.8781562 ], [ 129.895435, 32.8743844 ], [ 129.895717, 32.8725971 ], [ 129.894134, 32.8683153 ], [ 129.8921157, 32.8684387 ], [ 129.890341, 32.8711657 ], [ 129.887173599999983, 32.8714978 ], [ 129.8854414, 32.8685881 ], [ 129.887171099999989, 32.8656456 ], [ 129.8891214, 32.8634789 ], [ 129.8900933, 32.8597983 ], [ 129.890177199999982, 32.8567806 ], [ 129.893159199999985, 32.8556569 ], [ 129.8940772, 32.8543614 ], [ 129.8939331, 32.8518308 ], [ 129.89532, 32.8517775 ], [ 129.8976161, 32.8469167 ], [ 129.8992764, 32.8444053 ], [ 129.902445299999982, 32.84288 ], [ 129.9057889, 32.8424133 ], [ 129.907345, 32.8403689 ], [ 129.9095197, 32.8388819 ], [ 129.9098472, 32.8369092 ], [ 129.9129528, 32.8336122 ], [ 129.9158922, 32.8334428 ], [ 129.9183911, 32.8297625 ], [ 129.9214872, 32.8280564 ], [ 129.921123599999987, 32.8255339 ], [ 129.9229408, 32.8235186 ], [ 129.924170299999986, 32.8208711 ], [ 129.9311367, 32.8200253 ], [ 129.9325025, 32.8173153 ], [ 129.934517199999988, 32.8161475 ], [ 129.938871899999981, 32.8165353 ], [ 129.9451967, 32.8193022 ], [ 129.947116099999988, 32.8188911 ], [ 129.95034, 32.8194114 ], [ 129.951582799999983, 32.8173778 ], [ 129.9552153, 32.81629 ], [ 129.957281099999989, 32.8117547 ], [ 129.9594864, 32.8123975 ], [ 129.9599733, 32.8104633 ], [ 129.961725299999983, 32.8104161 ], [ 129.969331399999987, 32.812535 ], [ 129.9742903, 32.8166353 ], [ 129.9753036, 32.8182719 ], [ 129.9779958, 32.8174583 ], [ 129.9794119, 32.8151647 ], [ 129.9803186, 32.8110925 ], [ 129.982641699999988, 32.8092669 ], [ 129.9853683, 32.8082561 ], [ 129.986352499999981, 32.8067886 ], [ 129.9925431, 32.8066139 ], [ 129.993103099999985, 32.8036014 ], [ 129.9914575, 32.8010428 ], [ 129.98909, 32.7993542 ], [ 129.9887728, 32.7968653 ], [ 129.9894764, 32.7946628 ], [ 129.9895272, 32.7874883 ], [ 129.990825799999982, 32.7840644 ], [ 129.9935403, 32.7819472 ], [ 129.9925275, 32.7790275 ], [ 129.988318599999985, 32.7747047 ], [ 129.988666099999989, 32.7730825 ], [ 129.987093099999981, 32.7716019 ], [ 129.98992, 32.7670383 ], [ 129.989405299999987, 32.7640872 ] ] ], [ [ [ 129.9292222, 32.869877 ], [ 129.928947699999981, 32.8724507 ], [ 129.9275532, 32.8736927 ], [ 129.925467699999984, 32.8735134 ], [ 129.9252046, 32.871612399999989 ], [ 129.9292222, 32.869877 ] ] ], [ [ [ 129.941068199999989, 32.8998743 ], [ 129.943306299999989, 32.9034391 ], [ 129.9421366, 32.9041988 ], [ 129.9398431, 32.9027005 ], [ 129.941068199999989, 32.8998743 ] ] ], [ [ [ 129.9145799, 32.9191733 ], [ 129.9039937, 32.9290856 ], [ 129.9018565, 32.9290267 ], [ 129.900131099999982, 32.9282133 ], [ 129.900650899999988, 32.9267881 ], [ 129.907153099999988, 32.9207006 ], [ 129.9073698, 32.9181698 ], [ 129.906401800000026, 32.9160372 ], [ 129.9082579, 32.9130703 ], [ 129.9105816, 32.9120187 ], [ 129.913276700000011, 32.9091312 ], [ 129.9130185, 32.9082294 ], [ 129.9183271, 32.9036215 ], [ 129.9211563, 32.9068439 ], [ 129.923741899999982, 32.9051404 ], [ 129.9267715, 32.9078604 ], [ 129.923612099999986, 32.91082 ], [ 129.925854800000025, 32.9130596 ], [ 129.9173858, 32.920992 ], [ 129.9145799, 32.9191733 ] ] ] ] } },
{ "type": "Feature", "properties": { "hokenjo": "県南" }, "geometry": { "type": "MultiPolygon", "coordinates": [ [ [ [ 130.372886699999981, 32.7375076 ], [ 130.3765474, 32.7399799 ], [ 130.3772726, 32.747175 ], [ 130.374048, 32.7486282 ], [ 130.3766037, 32.7495695 ], [ 130.3739368, 32.7548712 ], [ 130.3739962, 32.7575546 ], [ 130.372185, 32.7595632 ], [ 130.370589199999984, 32.7642346 ], [ 130.3715775, 32.7663881 ], [ 130.374536799999987, 32.7675661 ], [ 130.373260599999981, 32.7694224 ], [ 130.374189199999989, 32.773269 ], [ 130.375468399999988, 32.773534 ], [ 130.3769038, 32.7769658 ], [ 130.3786594, 32.7787407 ], [ 130.3779654, 32.7810175 ], [ 130.3781665, 32.783965 ], [ 130.375306599999988, 32.786257 ], [ 130.3753518, 32.7878916 ], [ 130.3773416, 32.788845 ], [ 130.3758406, 32.7908369 ], [ 130.3729279, 32.7922863 ], [ 130.370169799999985, 32.7960068 ], [ 130.368475599999982, 32.8003389 ], [ 130.365951699999982, 32.8035671 ], [ 130.3652477, 32.8069105 ], [ 130.36625429999998, 32.8084003 ], [ 130.3630814, 32.8101569 ], [ 130.3622145, 32.8114048 ], [ 130.3630708, 32.8130682 ], [ 130.361479, 32.8155143 ], [ 130.3589369, 32.8148322 ], [ 130.3571047, 32.8169102 ], [ 130.3548267, 32.8239127 ], [ 130.3517503, 32.8268232 ], [ 130.3504546, 32.8315996 ], [ 130.3459842, 32.8398947 ], [ 130.34619619999998, 32.8414381 ], [ 130.3449891, 32.8435188 ], [ 130.344945199999984, 32.8453011 ], [ 130.343599499999982, 32.8483906 ], [ 130.3414515, 32.8514726 ], [ 130.340988399999986, 32.8552421 ], [ 130.338133200000016, 32.8578248 ], [ 130.334755, 32.8594499 ], [ 130.3327831, 32.8610146 ], [ 130.3288588, 32.8618254 ], [ 130.3217558, 32.8663431 ], [ 130.3194168, 32.8667732 ], [ 130.3197089, 32.8680197 ], [ 130.316012199999989, 32.8682431 ], [ 130.3113277, 32.870524 ], [ 130.309477, 32.8724595 ], [ 130.3110469, 32.8741195 ], [ 130.3065195, 32.8766411 ], [ 130.3043615, 32.8795003 ], [ 130.297191199999986, 32.8813711 ], [ 130.2960276, 32.8781787 ], [ 130.2936737, 32.8787503 ], [ 130.289035399999989, 32.8769694 ], [ 130.284358699999984, 32.8769239 ], [ 130.2820834, 32.8783592 ], [ 130.2760063, 32.8759102 ], [ 130.275540399999983, 32.8747081 ], [ 130.268825199999981, 32.8742656 ], [ 130.267422499999981, 32.8727255 ], [ 130.2657903, 32.8729136 ], [ 130.261122, 32.8715216 ], [ 130.2505606, 32.8727555 ], [ 130.247794299999981, 32.8742349 ], [ 130.2437956, 32.875558 ], [ 130.235345, 32.8710716 ], [ 130.2361219, 32.8700936 ], [ 130.2334208, 32.8684289 ], [ 130.2333184, 32.8668461 ], [ 130.2301, 32.8658185 ], [ 130.227213399999982, 32.8636293 ], [ 130.2266361, 32.8619596 ], [ 130.2246605, 32.8603383 ], [ 130.2201172, 32.8585194 ], [ 130.2177825, 32.8583766 ], [ 130.2121214, 32.856045 ], [ 130.2099136, 32.8556928 ], [ 130.208892599999984, 32.8533209 ], [ 130.2055011, 32.8519328 ], [ 130.2009261, 32.8517219 ], [ 130.1973572, 32.8508575 ], [ 130.195236800000032, 32.8481212 ], [ 130.1841016, 32.8576639 ], [ 130.174241099999989, 32.8700273 ], [ 130.1738565, 32.8698105 ], [ 130.148233, 32.8453189 ], [ 130.1540894, 32.8408083 ], [ 130.157043, 32.8435564 ], [ 130.158412199999987, 32.8407608 ], [ 130.1564472, 32.8255453 ], [ 130.1528494, 32.8233333 ], [ 130.1499088, 32.8189375 ], [ 130.147274399999986, 32.811707 ], [ 130.1455377, 32.8094889 ], [ 130.1436841, 32.8098895 ], [ 130.1374813, 32.8096864 ], [ 130.1356788, 32.8079364 ], [ 130.138028599999984, 32.805287 ], [ 130.141145, 32.800619499999989 ], [ 130.1399408, 32.7973323 ], [ 130.1430277, 32.7975234 ], [ 130.14410669999998, 32.7960289 ], [ 130.146554400000014, 32.79648 ], [ 130.1527386, 32.7941517 ], [ 130.15506, 32.7936503 ], [ 130.158528599999983, 32.7939375 ], [ 130.165893300000022, 32.7937067 ], [ 130.1734006, 32.7945041 ], [ 130.1790607, 32.7945583 ], [ 130.1817672, 32.79291 ], [ 130.1867972, 32.7890576 ], [ 130.191666, 32.7848111 ], [ 130.1931344, 32.7829645 ], [ 130.191778, 32.7814059 ], [ 130.1933253, 32.7804755 ], [ 130.190441199999981, 32.7786582 ], [ 130.189187799999985, 32.7770513 ], [ 130.186136399999981, 32.7752625 ], [ 130.1888309, 32.7705564 ], [ 130.189653599999986, 32.7669844 ], [ 130.1874349, 32.7645236 ], [ 130.1856125, 32.7653829 ], [ 130.184023, 32.763413 ], [ 130.1865033, 32.762112 ], [ 130.1888789, 32.762746199999988 ], [ 130.193183399999981, 32.7603807 ], [ 130.1925343, 32.7588215 ], [ 130.194994, 32.7555747 ], [ 130.1977067, 32.7552684 ], [ 130.199087099999986, 32.7568561 ], [ 130.2020676, 32.7568546 ], [ 130.2040735, 32.7555269 ], [ 130.205792, 32.755522 ], [ 130.207845, 32.7527742 ], [ 130.2076151, 32.7485423 ], [ 130.210059199999989, 32.7433398 ], [ 130.209434099999982, 32.7413087 ], [ 130.2099944, 32.7387594 ], [ 130.20820759999998, 32.7333384 ], [ 130.2061094, 32.7310058 ], [ 130.2064363, 32.7274928 ], [ 130.205003, 32.72769 ], [ 130.203145, 32.7252131 ], [ 130.2018998, 32.7247357 ], [ 130.200831099999988, 32.7225192 ], [ 130.201118899999983, 32.7203673 ], [ 130.1989683, 32.717749 ], [ 130.1944169, 32.7164071 ], [ 130.1916133, 32.7161038 ], [ 130.1883244, 32.7133482 ], [ 130.187728599999986, 32.71047 ], [ 130.186448899999988, 32.7077414 ], [ 130.181816699999985, 32.70623 ], [ 130.1797972, 32.7050853 ], [ 130.172445499999981, 32.7026773 ], [ 130.1681523, 32.6971709 ], [ 130.1711676, 32.6947621 ], [ 130.171353, 32.6922434 ], [ 130.1649075, 32.6939964 ], [ 130.162914699999988, 32.6921978 ], [ 130.160095, 32.6940695 ], [ 130.158801899999986, 32.6927448 ], [ 130.1596486, 32.6905184 ], [ 130.1581491, 32.6882295 ], [ 130.1581228, 32.6854109 ], [ 130.1544166, 32.682897 ], [ 130.1474313, 32.681747 ], [ 130.144725, 32.6821753 ], [ 130.1432079, 32.6792814 ], [ 130.140799099999981, 32.6812678 ], [ 130.138259399999981, 32.6810086 ], [ 130.132567199999983, 32.6814761 ], [ 130.1319002, 32.6851064 ], [ 130.1309736, 32.6862114 ], [ 130.1271874, 32.687322 ], [ 130.1269547, 32.6842386 ], [ 130.1313313, 32.6813117 ], [ 130.1331274, 32.6782011 ], [ 130.130641199999985, 32.6753033 ], [ 130.1306136, 32.6702832 ], [ 130.128524199999987, 32.6637086 ], [ 130.1291036, 32.6608503 ], [ 130.1285114, 32.658325 ], [ 130.128902399999987, 32.6555314 ], [ 130.128109199999983, 32.6513734 ], [ 130.1274483, 32.6502859 ], [ 130.1290225, 32.6468578 ], [ 130.1295754, 32.640845 ], [ 130.133861599999989, 32.6374509 ], [ 130.1383511, 32.6356055 ], [ 130.143082099999987, 32.6362119 ], [ 130.1456595, 32.635586599999989 ], [ 130.1489258, 32.6331842 ], [ 130.15401989999998, 32.626997 ], [ 130.1531017, 32.6248391 ], [ 130.153936499999986, 32.62367 ], [ 130.157256600000011, 32.6236463 ], [ 130.1616235, 32.627087 ], [ 130.1661934, 32.6226057 ], [ 130.1686205, 32.6211768 ], [ 130.1697074, 32.6193275 ], [ 130.1713049, 32.6130126 ], [ 130.1741485, 32.6107799 ], [ 130.1751305, 32.6072753 ], [ 130.174260299999986, 32.6060994 ], [ 130.1739982, 32.602848 ], [ 130.1698624, 32.6007604 ], [ 130.1682424, 32.5986569 ], [ 130.165737799999988, 32.5980569 ], [ 130.167382799999984, 32.5938023 ], [ 130.167086800000021, 32.5922219 ], [ 130.1696746, 32.5908991 ], [ 130.176906, 32.5938723 ], [ 130.1811194, 32.5927436 ], [ 130.184237199999984, 32.5957663 ], [ 130.1870882, 32.59662 ], [ 130.1878806, 32.5982602 ], [ 130.1896271, 32.5986096 ], [ 130.1891894, 32.6003723 ], [ 130.190832299999983, 32.6007628 ], [ 130.1927503, 32.5987759 ], [ 130.1963753, 32.5998497 ], [ 130.197896, 32.6015813 ], [ 130.195496099999986, 32.6041503 ], [ 130.189630599999987, 32.605079 ], [ 130.1879357, 32.6058331 ], [ 130.185897899999986, 32.6081239 ], [ 130.186036699999988, 32.6106487 ], [ 130.1875087, 32.6117699 ], [ 130.1901139, 32.6110824 ], [ 130.190368, 32.6093286 ], [ 130.1953852, 32.6089244 ], [ 130.1991165, 32.6081065 ], [ 130.201822, 32.6082891 ], [ 130.203759599999984, 32.6042471 ], [ 130.207963899999982, 32.604455 ], [ 130.211282899999986, 32.6063098 ], [ 130.218088599999987, 32.6053846 ], [ 130.2231401, 32.607539 ], [ 130.2261943, 32.6104245 ], [ 130.2298572, 32.6106318 ], [ 130.2327502, 32.6122489 ], [ 130.231054299999983, 32.6135388 ], [ 130.231313699999987, 32.6158513 ], [ 130.2339311, 32.6194965 ], [ 130.2350343, 32.6220958 ], [ 130.23814680000001, 32.6265456 ], [ 130.244861499999985, 32.6291517 ], [ 130.246929599999987, 32.6278361 ], [ 130.2476881, 32.6256617 ], [ 130.2519302, 32.6270789 ], [ 130.2553014, 32.6286933 ], [ 130.2561447, 32.6304888 ], [ 130.2590966, 32.6329111 ], [ 130.259491, 32.6343157 ], [ 130.257961, 32.6372334 ], [ 130.25778889999998, 32.638888 ], [ 130.2594154, 32.6421977 ], [ 130.265708499999988, 32.6474226 ], [ 130.2653541, 32.648858499999989 ], [ 130.2593947, 32.6505273 ], [ 130.2592067, 32.6527054 ], [ 130.2617746, 32.6532289 ], [ 130.2648183, 32.6522641 ], [ 130.2734927, 32.6540828 ], [ 130.2765066, 32.6539786 ], [ 130.2827517, 32.652774799999989 ], [ 130.2857568, 32.6518833 ], [ 130.2864765, 32.6508385 ], [ 130.2900416, 32.652612 ], [ 130.2959218, 32.65232 ], [ 130.3004972, 32.6513451 ], [ 130.3025796, 32.6519189 ], [ 130.3052601, 32.6541687 ], [ 130.307864199999983, 32.6544429 ], [ 130.309803, 32.6557544 ], [ 130.314648799999986, 32.6568663 ], [ 130.319077, 32.6593346 ], [ 130.3215448, 32.6599999 ], [ 130.321037, 32.6617031 ], [ 130.322268, 32.6652676 ], [ 130.325698499999987, 32.6646457 ], [ 130.3277458, 32.663651099999989 ], [ 130.3334264, 32.6682947 ], [ 130.3337977, 32.6701316 ], [ 130.336128799999983, 32.6704737 ], [ 130.337335, 32.6670129 ], [ 130.3432726, 32.6684894 ], [ 130.342015299999986, 32.6716326 ], [ 130.345054399999981, 32.6723576 ], [ 130.348379699999981, 32.6742992 ], [ 130.350821, 32.6797099 ], [ 130.3543075, 32.6827121 ], [ 130.352945299999988, 32.6849163 ], [ 130.354186299999981, 32.6878065 ], [ 130.3575617, 32.6905021 ], [ 130.3575534, 32.6951114 ], [ 130.354803299999986, 32.697296 ], [ 130.3524262, 32.6980604 ], [ 130.3487711, 32.7014932 ], [ 130.347337300000021, 32.7038635 ], [ 130.345759, 32.7080957 ], [ 130.3482519, 32.7106558 ], [ 130.3502866, 32.7112833 ], [ 130.351229499999988, 32.7146531 ], [ 130.357191799999981, 32.7193957 ], [ 130.3646709, 32.7273729 ], [ 130.3696541, 32.7351824 ], [ 130.372886699999981, 32.7375076 ] ] ] ] } },
{ "type": "Feature", "properties": { "hokenjo": "県北" }, "geometry": { "type": "MultiPolygon", "coordinates": [ [ [ [ 129.345594399999982, 33.1801178 ], [ 129.3475786, 33.1778517 ], [ 129.348081399999984, 33.1823333 ], [ 129.345259400000032, 33.1829478 ], [ 129.3444481, 33.1854733 ], [ 129.3422831, 33.1849489 ], [ 129.3423836, 33.181995 ], [ 129.345594399999982, 33.1801178 ] ] ], [ [ [ 129.3378525, 33.1833819 ], [ 129.3377117, 33.1858117 ], [ 129.339514899999983, 33.187513 ], [ 129.3418072, 33.1883431 ], [ 129.3388175, 33.1900456 ], [ 129.336491699999982, 33.1886528 ], [ 129.3346817, 33.1847967 ], [ 129.3378525, 33.1833819 ] ] ], [ [ [ 129.344314199999985, 33.1958689 ], [ 129.341063099999985, 33.1956264 ], [ 129.3404931, 33.1946231 ], [ 129.3425244, 33.1924864 ], [ 129.344314199999985, 33.1958689 ] ] ], [ [ [ 129.3481947, 33.2111014 ], [ 129.34851, 33.20932 ], [ 129.353195299999982, 33.21153 ], [ 129.3527528, 33.212640799999988 ], [ 129.3511442, 33.2125956 ], [ 129.3481947, 33.2111014 ] ] ], [ [ [ 129.343314400000025, 33.2384211 ], [ 129.340807499999983, 33.2397347 ], [ 129.3417325, 33.2372092 ], [ 129.343314400000025, 33.2384211 ] ] ], [ [ [ 129.3358203, 33.2489522 ], [ 129.3382536, 33.2482983 ], [ 129.340706899999986, 33.2497867 ], [ 129.3419869, 33.2516639 ], [ 129.3412028, 33.2525603 ], [ 129.3358203, 33.2489522 ] ] ], [ [ [ 129.5123331, 33.2840639 ], [ 129.5136214, 33.2810592 ], [ 129.5150569, 33.2820289 ], [ 129.5123331, 33.2840639 ] ] ], [ [ [ 129.558473099999986, 33.3989299 ], [ 129.5587567, 33.4015286 ], [ 129.557238899999987, 33.4026108 ], [ 129.555277499999988, 33.4058011 ], [ 129.554545599999983, 33.4095442 ], [ 129.552618099999989, 33.4092961 ], [ 129.5511608, 33.4079942 ], [ 129.5471714, 33.4087719 ], [ 129.5427794, 33.4087042 ], [ 129.538427499999983, 33.4064831 ], [ 129.534850799999987, 33.4017249 ], [ 129.5323903, 33.4012122 ], [ 129.5315842, 33.4028919 ], [ 129.5290858, 33.4025989 ], [ 129.5293342, 33.4046961 ], [ 129.5242972, 33.4067419 ], [ 129.5227458, 33.4059417 ], [ 129.523713099999981, 33.4043914 ], [ 129.519845, 33.4010542 ], [ 129.5206575, 33.3990589 ], [ 129.523189699999989, 33.3970519 ], [ 129.526567799999981, 33.3965503 ], [ 129.5275483, 33.3939461 ], [ 129.5264808, 33.3922778 ], [ 129.5221153, 33.3922156 ], [ 129.518126099999989, 33.3914942 ], [ 129.5196775, 33.3885742 ], [ 129.5221022, 33.38681 ], [ 129.525325800000019, 33.3865111 ], [ 129.526641899999987, 33.3877231 ], [ 129.5312356, 33.3877739 ], [ 129.5348778, 33.3882597 ], [ 129.536944, 33.3877816 ], [ 129.5447761, 33.3898088 ], [ 129.545153199999987, 33.3869264 ], [ 129.5499907, 33.3880031 ], [ 129.5511099, 33.3859495 ], [ 129.5504694, 33.3844871 ], [ 129.551878599999981, 33.3807 ], [ 129.549709399999983, 33.3800678 ], [ 129.546938899999986, 33.3765224 ], [ 129.5415674, 33.3759276 ], [ 129.5403695, 33.3745853 ], [ 129.538504499999988, 33.3747353 ], [ 129.537057799999985, 33.3761639 ], [ 129.5300095, 33.3761837 ], [ 129.52937559999998, 33.3783042 ], [ 129.524735, 33.3801756 ], [ 129.5239492, 33.3780561 ], [ 129.526259399999986, 33.3763764 ], [ 129.527005, 33.3749617 ], [ 129.52944309999998, 33.3731242 ], [ 129.5296511, 33.3708297 ], [ 129.5318136, 33.3690206 ], [ 129.5304716, 33.3653854 ], [ 129.5280328, 33.3658131 ], [ 129.5251853, 33.362555 ], [ 129.5249636, 33.3600861 ], [ 129.5230833, 33.3572622 ], [ 129.525087499999984, 33.3555708 ], [ 129.522564, 33.3537991 ], [ 129.5165365, 33.3539512 ], [ 129.514856700000024, 33.3549697 ], [ 129.513937299999981, 33.3579645 ], [ 129.5168191, 33.3599048 ], [ 129.5184056, 33.364595199999989 ], [ 129.5183451, 33.3660144 ], [ 129.515707599999985, 33.3668398 ], [ 129.518018399999988, 33.368214099999989 ], [ 129.5176998, 33.373582399999989 ], [ 129.5211625, 33.374505 ], [ 129.5220353, 33.3759478 ], [ 129.5196847, 33.3769006 ], [ 129.5182608, 33.3789692 ], [ 129.51429170000003, 33.3806489 ], [ 129.5109139, 33.3813758 ], [ 129.50763, 33.3792228 ], [ 129.50624, 33.373236399999989 ], [ 129.504876699999983, 33.3711506 ], [ 129.5058972, 33.3698542 ], [ 129.5064468, 33.366504 ], [ 129.504675300000031, 33.3649447 ], [ 129.504185299999989, 33.3620528 ], [ 129.5016264, 33.3604917 ], [ 129.5019154, 33.3572299 ], [ 129.497774199999981, 33.3551922 ], [ 129.4945147, 33.3560508 ], [ 129.4876911, 33.3559831 ], [ 129.4869256, 33.3544894 ], [ 129.4839639, 33.3558533 ], [ 129.4810425, 33.35569 ], [ 129.4793167, 33.3544892 ], [ 129.4778746, 33.3514453 ], [ 129.476034199999987, 33.350656 ], [ 129.4743646, 33.3512145 ], [ 129.4735652, 33.3532146 ], [ 129.469303599999989, 33.3542125 ], [ 129.4608686, 33.3519631 ], [ 129.4573694, 33.3496969 ], [ 129.4536689, 33.3487442 ], [ 129.4520775, 33.3498658 ], [ 129.443621899999982, 33.3500458 ], [ 129.4412983, 33.3509814 ], [ 129.441090299999985, 33.3490481 ], [ 129.437242199999986, 33.3471483 ], [ 129.437013899999982, 33.3445664 ], [ 129.442413599999981, 33.3423344 ], [ 129.4422389, 33.3392228 ], [ 129.439740799999981, 33.3387719 ], [ 129.440525, 33.3363028 ], [ 129.442121899999989, 33.3351981 ], [ 129.442001399999981, 33.3329375 ], [ 129.4434908, 33.331347799999989 ], [ 129.442826699999983, 33.3276275 ], [ 129.441571899999985, 33.3270244 ], [ 129.4429342, 33.3250233 ], [ 129.4415989, 33.3242397 ], [ 129.4390022, 33.3248033 ], [ 129.4368417, 33.3239578 ], [ 129.4367881, 33.3177569 ], [ 129.434110799999985, 33.31659 ], [ 129.4325275, 33.3143858 ], [ 129.4340775, 33.3120069 ], [ 129.4366043, 33.3099332 ], [ 129.4389919, 33.3093523 ], [ 129.4382042, 33.3066006 ], [ 129.440901699999984, 33.3039736 ], [ 129.440157199999987, 33.2991761 ], [ 129.4426061, 33.3000556 ], [ 129.4469144, 33.2969876 ], [ 129.444397800000019, 33.2938264 ], [ 129.4471646, 33.291798 ], [ 129.4462086, 33.2905845 ], [ 129.44308, 33.2890985 ], [ 129.440712, 33.2900138 ], [ 129.4392741, 33.2915964 ], [ 129.4370572, 33.2923719 ], [ 129.4333672, 33.2913569 ], [ 129.4318844, 33.2902633 ], [ 129.427784699999989, 33.2896375 ], [ 129.4250336, 33.2906411 ], [ 129.4231283, 33.2889608 ], [ 129.423356399999989, 33.28776 ], [ 129.421981099999982, 33.2857814 ], [ 129.421614299999987, 33.2837942 ], [ 129.4256168, 33.2845047 ], [ 129.4271752, 33.2820769 ], [ 129.42329669999998, 33.2811981 ], [ 129.420988599999987, 33.2784078 ], [ 129.4170297, 33.278204699999989 ], [ 129.4139231, 33.2761583 ], [ 129.409347199999985, 33.2766039 ], [ 129.4069383, 33.2780131 ], [ 129.4080319, 33.2741178 ], [ 129.404295, 33.2715244 ], [ 129.406884700000035, 33.26976 ], [ 129.407884699999983, 33.2679111 ], [ 129.4038725, 33.2654364 ], [ 129.40767, 33.2623192 ], [ 129.4120189, 33.2605418 ], [ 129.4108636, 33.2563042 ], [ 129.4067039, 33.2557853 ], [ 129.4056369, 33.2546975 ], [ 129.4076969, 33.252775299999989 ], [ 129.4100228, 33.2525497 ], [ 129.4111486, 33.2501481 ], [ 129.4104786, 33.2489531 ], [ 129.4141383, 33.2474986 ], [ 129.4153719, 33.2497819 ], [ 129.4183617, 33.2494661 ], [ 129.417798299999987, 33.247340799999989 ], [ 129.4204528, 33.2468672 ], [ 129.4225778, 33.2485361 ], [ 129.4243003, 33.2465011 ], [ 129.427342899999985, 33.2454243 ], [ 129.4230133, 33.2415061 ], [ 129.424354199999982, 33.2402492 ], [ 129.426740599999988, 33.2397756 ], [ 129.427136099999984, 33.2370864 ], [ 129.4318553, 33.2389356 ], [ 129.435811699999988, 33.23778 ], [ 129.434895399999988, 33.2359962 ], [ 129.4331689, 33.2374078 ], [ 129.4298311, 33.2342733 ], [ 129.4255542, 33.2352542 ], [ 129.422966699999989, 33.2392456 ], [ 129.4200978, 33.2374131 ], [ 129.4215189, 33.2346622 ], [ 129.42137169999998, 33.2335569 ], [ 129.4237175, 33.2302028 ], [ 129.4263133, 33.2283039 ], [ 129.42412, 33.2262678 ], [ 129.421726, 33.2298037 ], [ 129.4209761, 33.2294756 ], [ 129.4176311, 33.2322375 ], [ 129.415164399999981, 33.2333653 ], [ 129.41499, 33.2348817 ], [ 129.4122619, 33.2361556 ], [ 129.4118997, 33.2380556 ], [ 129.408367199999986, 33.2401131 ], [ 129.406912799999986, 33.2375425 ], [ 129.4047611, 33.2381344 ], [ 129.404177799999985, 33.2393181 ], [ 129.399405299999984, 33.2400114 ], [ 129.3960606, 33.2391094 ], [ 129.3946594, 33.2378467 ], [ 129.394002799999981, 33.2344808 ], [ 129.3913753, 33.2338664 ], [ 129.390244199999984, 33.2303583 ], [ 129.387615, 33.2307711 ], [ 129.385409399999986, 33.2296944 ], [ 129.384110199999981, 33.2278314 ], [ 129.3821317, 33.2274056 ], [ 129.3828825, 33.2256633 ], [ 129.3802617, 33.2238819 ], [ 129.3796586, 33.221785 ], [ 129.3800875, 33.2166661 ], [ 129.3810928, 33.2154764 ], [ 129.3810394, 33.2114061 ], [ 129.381508599999989, 33.2096644 ], [ 129.3804161, 33.20799 ], [ 129.3882989, 33.2013944 ], [ 129.3905244, 33.2012308 ], [ 129.392515, 33.2001206 ], [ 129.393091699999985, 33.1969578 ], [ 129.3957725, 33.1982206 ], [ 129.4003294, 33.1993546 ], [ 129.4030721, 33.1990323 ], [ 129.4060235, 33.1976032 ], [ 129.4071324, 33.1955804 ], [ 129.406341699999984, 33.1933337 ], [ 129.4032884, 33.1921336 ], [ 129.402308300000016, 33.1901592 ], [ 129.404073899999986, 33.1873259 ], [ 129.4027911, 33.1848232 ], [ 129.3999489, 33.1829319 ], [ 129.400665799999985, 33.1810391 ], [ 129.398589099999981, 33.1797867 ], [ 129.3980608, 33.1815572 ], [ 129.395976, 33.1814868 ], [ 129.396081399999986, 33.1834394 ], [ 129.3941308, 33.1846456 ], [ 129.3931117, 33.1836817 ], [ 129.3904164, 33.1865735 ], [ 129.3871394, 33.1844089 ], [ 129.385838899999982, 33.1868217 ], [ 129.3840022, 33.1872106 ], [ 129.3821322, 33.1849836 ], [ 129.3792431, 33.185835 ], [ 129.3771786, 33.1843578 ], [ 129.3729961, 33.1845947 ], [ 129.37103110000001, 33.1874163 ], [ 129.3734976, 33.1897222 ], [ 129.371206300000011, 33.1911699 ], [ 129.3689621, 33.1893023 ], [ 129.3682043, 33.1870763 ], [ 129.366857399999986, 33.1872533 ], [ 129.366853599999985, 33.1898249 ], [ 129.3687031, 33.1913908 ], [ 129.3679219, 33.1931464 ], [ 129.36384, 33.1986767 ], [ 129.3642175, 33.2005128 ], [ 129.3626803, 33.2011461 ], [ 129.3629575, 33.2028975 ], [ 129.3595392, 33.2040194 ], [ 129.3579344, 33.202375 ], [ 129.3565203, 33.2038856 ], [ 129.3582386, 33.2058233 ], [ 129.3570856, 33.2071708 ], [ 129.352775799999989, 33.2042281 ], [ 129.3515892, 33.2019897 ], [ 129.3521522, 33.2005806 ], [ 129.3545519, 33.200045 ], [ 129.356227499999989, 33.1982692 ], [ 129.3549751, 33.1937098 ], [ 129.3564318, 33.1939883 ], [ 129.3589581, 33.1920737 ], [ 129.35383250000001, 33.1867364 ], [ 129.3513053, 33.1828069 ], [ 129.3494756, 33.1818936 ], [ 129.3547844, 33.1790469 ], [ 129.360931099999988, 33.1776264 ], [ 129.365468599999986, 33.1749994 ], [ 129.3689139, 33.1721411 ], [ 129.370187499999986, 33.1692944 ], [ 129.3727683, 33.1699683 ], [ 129.375138900000024, 33.1686856 ], [ 129.3790558, 33.1706531 ], [ 129.3838417, 33.1711664 ], [ 129.3871528, 33.1722431 ], [ 129.3944258, 33.1738892 ], [ 129.3975025, 33.1750114 ], [ 129.3996206, 33.1773 ], [ 129.4029003, 33.1790564 ], [ 129.4050167, 33.1808069 ], [ 129.4123497, 33.1823233 ], [ 129.415272499999986, 33.1825206 ], [ 129.419676399999986, 33.1843189 ], [ 129.4228872, 33.1877861 ], [ 129.4291208, 33.188795299999988 ], [ 129.4339942, 33.1909264 ], [ 129.4352208, 33.1925894 ], [ 129.4372586, 33.1934014 ], [ 129.4417631, 33.1967333 ], [ 129.443526099999985, 33.1988078 ], [ 129.444281300000029, 33.2010544 ], [ 129.4441965, 33.2034786 ], [ 129.4468922, 33.2063805 ], [ 129.4504133, 33.2077717 ], [ 129.452564199999983, 33.2063558 ], [ 129.45300720000003, 33.2088758 ], [ 129.4506763, 33.2098936 ], [ 129.4519622, 33.2132363 ], [ 129.454173699999984, 33.2146016 ], [ 129.4568839, 33.2148322 ], [ 129.4596272, 33.2136292 ], [ 129.4635217, 33.2138094 ], [ 129.4669403, 33.2183256 ], [ 129.4692794, 33.2242956 ], [ 129.4723897, 33.2272047 ], [ 129.472465299999982, 33.2300736 ], [ 129.474635299999989, 33.2307 ], [ 129.4765792, 33.2321769 ], [ 129.4773769, 33.2349339 ], [ 129.4794081, 33.2351594 ], [ 129.482256899999982, 33.23879 ], [ 129.4848911, 33.2413833 ], [ 129.4869156, 33.2458936 ], [ 129.485966099999985, 33.2473093 ], [ 129.487820299999981, 33.2511647 ], [ 129.490776399999987, 33.2525797 ], [ 129.494027499999987, 33.2524164 ], [ 129.4986667, 33.25842 ], [ 129.501236399999982, 33.2592261 ], [ 129.5021553, 33.2627494 ], [ 129.5016319, 33.2661206 ], [ 129.502651899999989, 33.2678397 ], [ 129.504624399999983, 33.2692772 ], [ 129.5045572, 33.2713631 ], [ 129.5011489, 33.2730711 ], [ 129.4976464, 33.2770228 ], [ 129.497358099999985, 33.2780994 ], [ 129.4928356, 33.2791197 ], [ 129.4906106, 33.2780505 ], [ 129.4891212, 33.2788271 ], [ 129.4866601, 33.2815277 ], [ 129.4854727, 33.2843515 ], [ 129.4884136, 33.2868089 ], [ 129.4885797, 33.2884248 ], [ 129.4925936, 33.2890525 ], [ 129.4936672, 33.2876206 ], [ 129.4922786, 33.2852472 ], [ 129.494824, 33.2823882 ], [ 129.4971088, 33.2833805 ], [ 129.498233299999981, 33.2849099 ], [ 129.5007258, 33.2862847 ], [ 129.5041272, 33.28549 ], [ 129.5073075, 33.2874911 ], [ 129.5100114, 33.2876547 ], [ 129.5122858, 33.2898192 ], [ 129.5096825, 33.2908114 ], [ 129.5059319, 33.2932069 ], [ 129.5042611, 33.3002142 ], [ 129.506453599999986, 33.3027764 ], [ 129.5082181, 33.3032365 ], [ 129.5117512, 33.301392 ], [ 129.5133616, 33.3028168 ], [ 129.5179556, 33.3043128 ], [ 129.520878399999987, 33.3029618 ], [ 129.523881, 33.3025266 ], [ 129.526643299999989, 33.3040139 ], [ 129.5289244, 33.3061731 ], [ 129.5316525, 33.310348 ], [ 129.531883099999988, 33.3137608 ], [ 129.530360299999984, 33.31309 ], [ 129.525731899999982, 33.3141415 ], [ 129.524218, 33.3156367 ], [ 129.522348599999987, 33.3205481 ], [ 129.5157064, 33.3242572 ], [ 129.5161453, 33.3257177 ], [ 129.513846299999983, 33.3304461 ], [ 129.5161352, 33.3315962 ], [ 129.5175965, 33.3300041 ], [ 129.520445099999989, 33.3296722 ], [ 129.521094299999987, 33.3263681 ], [ 129.5243597, 33.3284601 ], [ 129.5250431, 33.3302827 ], [ 129.5322198, 33.3317869 ], [ 129.5344258, 33.3312931 ], [ 129.536655, 33.3330735 ], [ 129.5417282, 33.3311548 ], [ 129.5448099, 33.3316431 ], [ 129.5413806, 33.3361631 ], [ 129.543363299999982, 33.3371422 ], [ 129.5460737, 33.3402094 ], [ 129.5466285, 33.3416753 ], [ 129.54523709999998, 33.3465044 ], [ 129.5459794, 33.3488443 ], [ 129.5490921, 33.350034 ], [ 129.550413, 33.3512149 ], [ 129.5525955, 33.3506024 ], [ 129.557708599999984, 33.3542977 ], [ 129.5595859, 33.3543612 ], [ 129.5606824, 33.3556081 ], [ 129.566295, 33.3549662 ], [ 129.568405399999989, 33.35837 ], [ 129.566875899999985, 33.3586385 ], [ 129.5632584, 33.3634972 ], [ 129.560584399999982, 33.3641897 ], [ 129.5584306, 33.3659089 ], [ 129.5597354, 33.3667206 ], [ 129.5584977, 33.370716099999989 ], [ 129.556729499999989, 33.3709427 ], [ 129.55311, 33.3690747 ], [ 129.5531579, 33.3707075 ], [ 129.557963, 33.3728508 ], [ 129.5573693, 33.3739751 ], [ 129.558396, 33.3769116 ], [ 129.5615861, 33.3785749 ], [ 129.5629226, 33.3820005 ], [ 129.561893699999985, 33.3836517 ], [ 129.559379399999983, 33.3830513 ], [ 129.56024, 33.385418 ], [ 129.5584465, 33.3879209 ], [ 129.554626700000028, 33.3892357 ], [ 129.554169699999989, 33.3904367 ], [ 129.5564405, 33.3914208 ], [ 129.5601007, 33.3899508 ], [ 129.5618438, 33.3919722 ], [ 129.5605105, 33.3939636 ], [ 129.5585145, 33.3938887 ], [ 129.5559285, 33.3968008 ], [ 129.556155, 33.3980895 ], [ 129.558473099999986, 33.3989299 ] ] ], [ [ [ 129.517733599999985, 33.2925083 ], [ 129.5137819, 33.2908906 ], [ 129.5143856, 33.2901461 ], [ 129.5176933, 33.2906761 ], [ 129.517733599999985, 33.2925083 ] ] ], [ [ [ 129.4370336, 33.4321597 ], [ 129.4334461, 33.4338714 ], [ 129.4334067, 33.4374428 ], [ 129.4345878, 33.4406889 ], [ 129.4298475, 33.4399519 ], [ 129.4295458, 33.43797 ], [ 129.4283211, 33.4368056 ], [ 129.4257658, 33.4368 ], [ 129.4241356, 33.4338181 ], [ 129.422325, 33.4336383 ], [ 129.420578299999988, 33.4318819 ], [ 129.4210717, 33.4279494 ], [ 129.42254029999998, 33.4254025 ], [ 129.423500599999983, 33.4209431 ], [ 129.423163099999982, 33.4178267 ], [ 129.421591399999983, 33.4156394 ], [ 129.422290299999986, 33.4119414 ], [ 129.4216389, 33.4084914 ], [ 129.4195842, 33.4053625 ], [ 129.4148025, 33.4019689 ], [ 129.4124658, 33.3980397 ], [ 129.4132986, 33.3913031 ], [ 129.4123989, 33.3875094 ], [ 129.4108881, 33.3848486 ], [ 129.4085111, 33.3749442 ], [ 129.4070472, 33.3709922 ], [ 129.4041664, 33.3647806 ], [ 129.4020372, 33.363145599999989 ], [ 129.398128899999989, 33.3618661 ], [ 129.3974103, 33.3605414 ], [ 129.39827, 33.3587147 ], [ 129.4009025, 33.35876 ], [ 129.407920600000011, 33.3560486 ], [ 129.4105936, 33.3540814 ], [ 129.4124942, 33.3536192 ], [ 129.4135622, 33.3516406 ], [ 129.4150731, 33.3510036 ], [ 129.420018900000031, 33.3512581 ], [ 129.426232, 33.3532621 ], [ 129.4313885, 33.3545683 ], [ 129.43507409999998, 33.3548211 ], [ 129.4316519, 33.3611664 ], [ 129.4363841, 33.3632819 ], [ 129.437273, 33.3658118 ], [ 129.4352656, 33.3677139 ], [ 129.432556299999987, 33.3725722 ], [ 129.4307408, 33.3747001 ], [ 129.430003299999981, 33.3785787 ], [ 129.4312621, 33.3852706 ], [ 129.4333905, 33.3884663 ], [ 129.4359407, 33.3938763 ], [ 129.4367528, 33.3963812 ], [ 129.4351991, 33.3987442 ], [ 129.4353251, 33.4038315 ], [ 129.4302219, 33.4072458 ], [ 129.428365400000018, 33.4093183 ], [ 129.4333106, 33.4188025 ], [ 129.4319817, 33.4207433 ], [ 129.42961, 33.4196256 ], [ 129.4279343, 33.422117 ], [ 129.429350199999988, 33.4253103 ], [ 129.42874, 33.4266211 ], [ 129.434227599999986, 33.4290197 ], [ 129.4348847, 33.4309906 ], [ 129.4370336, 33.4321597 ] ] ], [ [ [ 129.5342169, 33.42389 ], [ 129.5337533, 33.4214211 ], [ 129.535125, 33.4211222 ], [ 129.5344256, 33.4248144 ], [ 129.5331883, 33.4259981 ], [ 129.5342169, 33.42389 ] ] ], [ [ [ 129.539667799999989, 33.4457278 ], [ 129.5370189, 33.4463139 ], [ 129.53264249999998, 33.4484275 ], [ 129.5310558, 33.450428599999988 ], [ 129.5305783, 33.4543689 ], [ 129.5270825, 33.4528806 ], [ 129.526592199999982, 33.4477172 ], [ 129.5243269, 33.4442392 ], [ 129.524253099999981, 33.4425931 ], [ 129.5214231, 33.4403947 ], [ 129.5165292, 33.4394531 ], [ 129.512112799999983, 33.4379083 ], [ 129.5068561, 33.4352306 ], [ 129.5064528, 33.4324631 ], [ 129.50486, 33.4277956 ], [ 129.5053778, 33.4254392 ], [ 129.5074014, 33.4241542 ], [ 129.5136731, 33.4260989 ], [ 129.5128881, 33.4271889 ], [ 129.513404399999985, 33.4310653 ], [ 129.516582199999988, 33.4317185 ], [ 129.5206183, 33.4342186 ], [ 129.5231736, 33.4345189 ], [ 129.525880199999989, 33.4361551 ], [ 129.52878339999998, 33.4368573 ], [ 129.5307944, 33.4355811 ], [ 129.53224, 33.4357164 ], [ 129.532337899999987, 33.4381842 ], [ 129.534767499999987, 33.4371144 ], [ 129.537234399999988, 33.4369508 ], [ 129.5373825, 33.438878599999988 ], [ 129.5345571, 33.4402076 ], [ 129.53617939999998, 33.4417295 ], [ 129.5387424, 33.4421555 ], [ 129.540481400000033, 33.4414664 ], [ 129.5435939, 33.4416072 ], [ 129.5430292, 33.4436589 ], [ 129.539667799999989, 33.4457278 ] ] ], [ [ [ 129.6358089, 33.232700799999989 ], [ 129.6391739, 33.23079 ], [ 129.6377944, 33.2283572 ], [ 129.637120899999985, 33.2246954 ], [ 129.639608899999985, 33.2231835 ], [ 129.639194799999984, 33.2200612 ], [ 129.644612199999983, 33.2085828 ], [ 129.645915, 33.2074231 ], [ 129.6478463, 33.2088074 ], [ 129.64970839999998, 33.2078352 ], [ 129.6526244, 33.207905 ], [ 129.654609199999982, 33.2101867 ], [ 129.6575622, 33.2098022 ], [ 129.6597664, 33.2107739 ], [ 129.6600003, 33.2122536 ], [ 129.663569199999984, 33.212475 ], [ 129.667093099999988, 33.2147644 ], [ 129.670420299999989, 33.2148478 ], [ 129.6714756, 33.2177881 ], [ 129.674004199999985, 33.2203661 ], [ 129.6751664, 33.2225633 ], [ 129.677116899999987, 33.2233336 ], [ 129.679274199999981, 33.2222261 ], [ 129.683154699999989, 33.2252664 ], [ 129.684953299999989, 33.2255367 ], [ 129.6896006, 33.2278439 ], [ 129.6903017, 33.2289997 ], [ 129.6897931, 33.23142 ], [ 129.69146, 33.2326794 ], [ 129.6883556, 33.2346636 ], [ 129.6894006, 33.2359394 ], [ 129.686003299999982, 33.2382828 ], [ 129.684852799999987, 33.2407294 ], [ 129.680759199999983, 33.2418517 ], [ 129.6806086, 33.2436006 ], [ 129.6815106, 33.2470875 ], [ 129.6826261, 33.2483572 ], [ 129.6835817, 33.2520567 ], [ 129.6886067, 33.255175 ], [ 129.6863625, 33.2568789 ], [ 129.685424399999988, 33.2593756 ], [ 129.68618859999998, 33.2604978 ], [ 129.6850708, 33.2633619 ], [ 129.6827078, 33.2663736 ], [ 129.680236900000011, 33.2664756 ], [ 129.676630599999982, 33.2648508 ], [ 129.673765799999984, 33.2655039 ], [ 129.6742333, 33.2669297 ], [ 129.6698394, 33.269565799999988 ], [ 129.668686899999983, 33.2719953 ], [ 129.6657681, 33.2722572 ], [ 129.6633606, 33.2741597 ], [ 129.6598847, 33.2742828 ], [ 129.6599611, 33.2755258 ], [ 129.6557822, 33.2769344 ], [ 129.6530511, 33.2772842 ], [ 129.650899399999986, 33.2789892 ], [ 129.6489403, 33.2789386 ], [ 129.6468989, 33.2768839 ], [ 129.64323330000002, 33.2743336 ], [ 129.643410599999982, 33.272540299999989 ], [ 129.641708599999987, 33.2707578 ], [ 129.641253299999988, 33.2690044 ], [ 129.635730599999988, 33.2722839 ], [ 129.6331183, 33.2723264 ], [ 129.6284411, 33.2678108 ], [ 129.627198599999986, 33.2630108 ], [ 129.6262864, 33.2621078 ], [ 129.624674199999987, 33.2581147 ], [ 129.6220567, 33.2554211 ], [ 129.622963299999981, 33.2527706 ], [ 129.6225289, 33.2490058 ], [ 129.623864699999984, 33.2481928 ], [ 129.624058099999985, 33.245810299999988 ], [ 129.627453299999985, 33.244325 ], [ 129.6280922, 33.2429358 ], [ 129.630356399999982, 33.2427275 ], [ 129.6316369, 33.2410075 ], [ 129.6315914, 33.2371833 ], [ 129.6333339, 33.2334989 ], [ 129.6358089, 33.232700799999989 ] ] ], [ [ [ 129.582524299999989, 33.3049946 ], [ 129.5799192, 33.3064005 ], [ 129.5801931, 33.3042147 ], [ 129.582524299999989, 33.3049946 ] ] ], [ [ [ 129.77044, 33.2689711 ], [ 129.7720625, 33.2677608 ], [ 129.774931899999984, 33.2669275 ], [ 129.7769131, 33.2679794 ], [ 129.777798599999983, 33.2700972 ], [ 129.7761667, 33.2724897 ], [ 129.772471699999983, 33.2802642 ], [ 129.7696456, 33.2829472 ], [ 129.768249699999984, 33.2857894 ], [ 129.76617, 33.2861631 ], [ 129.7638619, 33.2898781 ], [ 129.758967499999983, 33.2908511 ], [ 129.7615672, 33.2966153 ], [ 129.762521099999987, 33.3019742 ], [ 129.76435, 33.3063944 ], [ 129.7661436, 33.3066353 ], [ 129.7669256, 33.3080911 ], [ 129.76635109999998, 33.31156 ], [ 129.769169399999981, 33.3151925 ], [ 129.7699422, 33.3170947 ], [ 129.7691106, 33.3190558 ], [ 129.7710214, 33.3215908 ], [ 129.77220939999998, 33.3243694 ], [ 129.7758317, 33.3297914 ], [ 129.7765794, 33.3328572 ], [ 129.781758599999989, 33.3355725 ], [ 129.782106699999986, 33.3371 ], [ 129.786592499999983, 33.3388514 ], [ 129.7893589, 33.3404775 ], [ 129.7908143, 33.3403991 ], [ 129.792647099999982, 33.3432693 ], [ 129.7933162, 33.346353 ], [ 129.792659499999985, 33.3488295 ], [ 129.7930964, 33.3528348 ], [ 129.7921824, 33.3559992 ], [ 129.7889792, 33.357815699999989 ], [ 129.7889198, 33.3620177 ], [ 129.791613399999989, 33.3674154 ], [ 129.790492, 33.3701828 ], [ 129.7886733, 33.3715794 ], [ 129.7834158, 33.3728366 ], [ 129.7798966, 33.3728797 ], [ 129.7790196, 33.3719236 ], [ 129.776535199999984, 33.3719227 ], [ 129.7744387, 33.3693001 ], [ 129.7740904, 33.3666621 ], [ 129.774648, 33.3642487 ], [ 129.776009099999982, 33.3624331 ], [ 129.774955399999982, 33.3606342 ], [ 129.7709572, 33.3586637 ], [ 129.773513799999989, 33.3566907 ], [ 129.7735595, 33.3555996 ], [ 129.7711319, 33.3544807 ], [ 129.767120399999982, 33.3540268 ], [ 129.763079799999986, 33.3543359 ], [ 129.7631979, 33.3556124 ], [ 129.7606353, 33.3600242 ], [ 129.756446499999981, 33.3646982 ], [ 129.7546418, 33.3660685 ], [ 129.749760399999985, 33.3670944 ], [ 129.745447399999989, 33.3670461 ], [ 129.7394057, 33.3647652 ], [ 129.737874299999987, 33.3625779 ], [ 129.737626399999982, 33.3604985 ], [ 129.734494499999983, 33.3586573 ], [ 129.7314424, 33.361071 ], [ 129.7281955, 33.3584034 ], [ 129.7281425, 33.3554391 ], [ 129.722217, 33.3505982 ], [ 129.717136399999987, 33.3501618 ], [ 129.711950799999983, 33.3478513 ], [ 129.7056931, 33.3464826 ], [ 129.7031207, 33.3471678 ], [ 129.7028822, 33.349261 ], [ 129.700475499999982, 33.349555 ], [ 129.7014065, 33.3518693 ], [ 129.696677199999982, 33.3539141 ], [ 129.695822, 33.3517388 ], [ 129.6933401, 33.3511054 ], [ 129.693545199999988, 33.3539038 ], [ 129.6969449, 33.3553 ], [ 129.6969882, 33.3613082 ], [ 129.6947659, 33.3615413 ], [ 129.686822399999983, 33.3614889 ], [ 129.6868843, 33.3545643 ], [ 129.6851744, 33.3531104 ], [ 129.677783799999986, 33.3530574 ], [ 129.676135, 33.3562007 ], [ 129.6738152, 33.3576825 ], [ 129.6745192, 33.3592695 ], [ 129.674302, 33.3616813 ], [ 129.668430699999988, 33.3657834 ], [ 129.6708927, 33.3701252 ], [ 129.6719563, 33.368054 ], [ 129.6740446, 33.3686043 ], [ 129.6738507, 33.3716495 ], [ 129.6750824, 33.378514 ], [ 129.6749922, 33.3803648 ], [ 129.6758324, 33.3846958 ], [ 129.67689679999998, 33.3862276 ], [ 129.679353, 33.383477 ], [ 129.6827409, 33.3837532 ], [ 129.6852209, 33.385057 ], [ 129.6856781, 33.3874068 ], [ 129.6850743, 33.3889373 ], [ 129.6820713, 33.3903122 ], [ 129.678096399999987, 33.3901254 ], [ 129.677583, 33.3931226 ], [ 129.6754851, 33.3937822 ], [ 129.6743356, 33.3959099 ], [ 129.6741977, 33.3978535 ], [ 129.6728048, 33.3992945 ], [ 129.6694989, 33.3983948 ], [ 129.6654005, 33.3943945 ], [ 129.663645, 33.3901909 ], [ 129.664403599999986, 33.3883546 ], [ 129.6678053, 33.3864608 ], [ 129.6670696, 33.3836829 ], [ 129.6650991, 33.3812532 ], [ 129.6612136, 33.3796433 ], [ 129.659863699999988, 33.3772855 ], [ 129.6579892, 33.3778329 ], [ 129.6566927, 33.375281 ], [ 129.657464399999981, 33.3729596 ], [ 129.6556419, 33.3712642 ], [ 129.6536477, 33.3705854 ], [ 129.6516765, 33.3720601 ], [ 129.648631699999981, 33.3731869 ], [ 129.646237, 33.3713365 ], [ 129.645833399999987, 33.3684161 ], [ 129.6473825, 33.3665768 ], [ 129.6457747, 33.3648175 ], [ 129.6424767, 33.3672117 ], [ 129.6407299, 33.3665603 ], [ 129.63573, 33.3680622 ], [ 129.633453299999985, 33.3675433 ], [ 129.6321503, 33.3711911 ], [ 129.6299003, 33.3701425 ], [ 129.630423399999984, 33.3664812 ], [ 129.6326554, 33.364839599999989 ], [ 129.6329475, 33.3622117 ], [ 129.629651699999982, 33.3632681 ], [ 129.6274422, 33.3631272 ], [ 129.625904599999984, 33.3615543 ], [ 129.6233129, 33.3638888 ], [ 129.6241822, 33.3651275 ], [ 129.6222847, 33.366907499999989 ], [ 129.6182483, 33.3696753 ], [ 129.61851, 33.3720708 ], [ 129.615172199999989, 33.3733506 ], [ 129.6120358, 33.3737619 ], [ 129.609927199999987, 33.3725894 ], [ 129.6093228, 33.3705714 ], [ 129.6072811, 33.3700808 ], [ 129.6055986, 33.3685342 ], [ 129.6023181, 33.3729728 ], [ 129.5988817, 33.3739955 ], [ 129.5951569, 33.3699958 ], [ 129.592161399999981, 33.3688225 ], [ 129.592961299999985, 33.3711183 ], [ 129.590724099999989, 33.3746393 ], [ 129.5934619, 33.3758999 ], [ 129.597062599999987, 33.379288 ], [ 129.5978072, 33.3814821 ], [ 129.5925119, 33.3812561 ], [ 129.5883289, 33.3780586 ], [ 129.585021899999987, 33.3788581 ], [ 129.5823064, 33.3772668 ], [ 129.5795364, 33.3783209 ], [ 129.5780813, 33.3800135 ], [ 129.575597599999981, 33.3792329 ], [ 129.574057399999987, 33.3757471 ], [ 129.571790599999986, 33.3764788 ], [ 129.5701872, 33.3756847 ], [ 129.5689098, 33.3710544 ], [ 129.5725682, 33.3684089 ], [ 129.5723357, 33.366739699999989 ], [ 129.5745262, 33.3643854 ], [ 129.5773249, 33.3628234 ], [ 129.5759026, 33.3596636 ], [ 129.575826799999987, 33.3572743 ], [ 129.57465830000001, 33.3556095 ], [ 129.574748400000033, 33.3508048 ], [ 129.5742931, 33.3493015 ], [ 129.5716113, 33.3460469 ], [ 129.572778, 33.3416716 ], [ 129.571453200000036, 33.3405898 ], [ 129.5720672, 33.3366064 ], [ 129.5757266, 33.3338162 ], [ 129.5760598, 33.3323327 ], [ 129.57462940000002, 33.3299096 ], [ 129.5720188, 33.3312761 ], [ 129.56763669999998, 33.3313455 ], [ 129.5654733, 33.3327984 ], [ 129.563497, 33.3331859 ], [ 129.5614139, 33.3307243 ], [ 129.5619988, 33.324890499999988 ], [ 129.565295599999985, 33.3215747 ], [ 129.568119699999983, 33.321158 ], [ 129.5682354, 33.3191036 ], [ 129.5727061, 33.3142504 ], [ 129.576745599999981, 33.3132664 ], [ 129.5748504, 33.3109052 ], [ 129.575302199999982, 33.3087353 ], [ 129.5789418, 33.307251 ], [ 129.5806442, 33.3090121 ], [ 129.5808912, 33.3106835 ], [ 129.582929399999983, 33.311409 ], [ 129.5845435, 33.3067878 ], [ 129.587207, 33.3048882 ], [ 129.591685399999989, 33.3042711 ], [ 129.5928935, 33.3048874 ], [ 129.5953418, 33.3088264 ], [ 129.5986461, 33.3120353 ], [ 129.5993374, 33.3112657 ], [ 129.602553699999987, 33.3123684 ], [ 129.605118799999985, 33.3142582 ], [ 129.608319599999987, 33.3149406 ], [ 129.6058281, 33.3160778 ], [ 129.606595, 33.3194306 ], [ 129.6048817, 33.3211106 ], [ 129.606657499999983, 33.3236325 ], [ 129.60933559999998, 33.3240556 ], [ 129.6110864, 33.3260417 ], [ 129.6138642, 33.3263561 ], [ 129.6159542, 33.3253078 ], [ 129.6199211, 33.3277156 ], [ 129.6207114, 33.3260864 ], [ 129.622742499999987, 33.3256033 ], [ 129.62383, 33.3267317 ], [ 129.6228978, 33.3293244 ], [ 129.621299199999982, 33.3306403 ], [ 129.619842799999986, 33.3332439 ], [ 129.6228494, 33.3343711 ], [ 129.623316099999982, 33.3366325 ], [ 129.6245853, 33.3371056 ], [ 129.6281514, 33.3366325 ], [ 129.6306414, 33.3350458 ], [ 129.6326153, 33.3375169 ], [ 129.6310283, 33.339285 ], [ 129.630327199999982, 33.3419892 ], [ 129.6312881, 33.3426672 ], [ 129.6376089, 33.3389642 ], [ 129.6408356, 33.3338633 ], [ 129.6428489, 33.3337489 ], [ 129.645101899999986, 33.3325917 ], [ 129.6488194, 33.3294389 ], [ 129.6485686, 33.3278939 ], [ 129.650801699999988, 33.3271867 ], [ 129.6531158, 33.3248625 ], [ 129.6546325, 33.3245425 ], [ 129.6558589, 33.3228194 ], [ 129.656546099999986, 33.3196544 ], [ 129.6592953, 33.3204867 ], [ 129.6617033, 33.3204767 ], [ 129.664273899999984, 33.3215128 ], [ 129.667450299999985, 33.3180864 ], [ 129.6665433, 33.3164244 ], [ 129.6667736, 33.3113281 ], [ 129.670130799999981, 33.3101381 ], [ 129.6717042, 33.310295 ], [ 129.67256, 33.3083522 ], [ 129.6740725, 33.3087936 ], [ 129.6763972, 33.307896899999989 ], [ 129.6793672, 33.3111208 ], [ 129.682815799999986, 33.3115692 ], [ 129.6834614, 33.3106161 ], [ 129.6870808, 33.3104411 ], [ 129.689612499999981, 33.3111289 ], [ 129.691855799999985, 33.3098586 ], [ 129.694277199999988, 33.3102836 ], [ 129.696098899999981, 33.3097175 ], [ 129.6994886, 33.3106347 ], [ 129.7036872, 33.3105031 ], [ 129.707245299999983, 33.3087586 ], [ 129.708777500000025, 33.3065758 ], [ 129.7079517, 33.3022647 ], [ 129.7154108, 33.3025008 ], [ 129.7156908, 33.3011014 ], [ 129.7153147, 33.2953489 ], [ 129.714198899999985, 33.2928794 ], [ 129.7139072, 33.2901069 ], [ 129.7157933, 33.2879789 ], [ 129.719286399999987, 33.2862419 ], [ 129.7241067, 33.2852889 ], [ 129.7296586, 33.2826028 ], [ 129.735101899999989, 33.2786642 ], [ 129.7391539, 33.2776067 ], [ 129.7441044, 33.2748883 ], [ 129.7470669, 33.2758253 ], [ 129.7488942, 33.2771614 ], [ 129.754228900000015, 33.2761136 ], [ 129.7565569, 33.2774994 ], [ 129.760255, 33.2770406 ], [ 129.761196899999987, 33.2748347 ], [ 129.7650597, 33.2716144 ], [ 129.766877199999982, 33.2690753 ], [ 129.77044, 33.2689711 ] ] ], [ [ [ 129.8056244, 33.4117214 ], [ 129.803341099999983, 33.4119972 ], [ 129.800896699999981, 33.4111967 ], [ 129.799479400000024, 33.413474199999989 ], [ 129.7969678, 33.4146411 ], [ 129.795985799999983, 33.4122319 ], [ 129.797390799999988, 33.4110333 ], [ 129.801756399999988, 33.4091506 ], [ 129.8019914, 33.4078881 ], [ 129.8087947, 33.4035197 ], [ 129.8129032, 33.4026653 ], [ 129.8122247, 33.4012202 ], [ 129.8135428, 33.3990833 ], [ 129.810655, 33.3971103 ], [ 129.8075658, 33.3934181 ], [ 129.808579899999984, 33.3888487 ], [ 129.8136094, 33.3829564 ], [ 129.8101911, 33.3833961 ], [ 129.8090494, 33.3820881 ], [ 129.8091097, 33.3781592 ], [ 129.811184699999984, 33.3769925 ], [ 129.8107617, 33.3748617 ], [ 129.8092647, 33.3731683 ], [ 129.8109196, 33.369523799999989 ], [ 129.8133542, 33.3696872 ], [ 129.8145764, 33.3666097 ], [ 129.8124139, 33.3665925 ], [ 129.809754, 33.3679778 ], [ 129.8080889, 33.3661022 ], [ 129.804811, 33.3646618 ], [ 129.803562299999982, 33.3622012 ], [ 129.8100497, 33.3562097 ], [ 129.806558699999982, 33.3533989 ], [ 129.8076192, 33.3505669 ], [ 129.8101336, 33.3500934 ], [ 129.8119858, 33.348312 ], [ 129.814567899999986, 33.349388 ], [ 129.8155683, 33.3518175 ], [ 129.819917799999985, 33.3556305 ], [ 129.822451799999982, 33.3609178 ], [ 129.8197342, 33.3629008 ], [ 129.821353499999987, 33.3636327 ], [ 129.8245202, 33.3623207 ], [ 129.8271622, 33.3624389 ], [ 129.8286464, 33.3638256 ], [ 129.831212599999986, 33.3644171 ], [ 129.8334831, 33.3641167 ], [ 129.835496899999981, 33.3625403 ], [ 129.8406947, 33.3652691 ], [ 129.842474399999986, 33.3667175 ], [ 129.837611899999985, 33.3695078 ], [ 129.8368223, 33.3712802 ], [ 129.8422491, 33.3703904 ], [ 129.844688099999985, 33.3712822 ], [ 129.8464941, 33.3699688 ], [ 129.8507937, 33.3700473 ], [ 129.8515669, 33.3714358 ], [ 129.8542172, 33.3715008 ], [ 129.85869169999998, 33.3755482 ], [ 129.859866899999986, 33.3786231 ], [ 129.858369399999987, 33.3813906 ], [ 129.853348899999986, 33.3849478 ], [ 129.8511703, 33.3858322 ], [ 129.848745, 33.3857464 ], [ 129.8464042, 33.384782099999988 ], [ 129.8449517, 33.3859394 ], [ 129.8422922, 33.3853586 ], [ 129.84017, 33.3871511 ], [ 129.8393106, 33.384918899999988 ], [ 129.8393106, 33.3822019 ], [ 129.840055799999988, 33.37944 ], [ 129.8374222, 33.3799852 ], [ 129.837531100000035, 33.3833011 ], [ 129.833905099999981, 33.3838284 ], [ 129.8332331, 33.3852231 ], [ 129.830325, 33.3879853 ], [ 129.830838799999981, 33.3900702 ], [ 129.828814199999982, 33.3914517 ], [ 129.830186699999985, 33.3931 ], [ 129.8303328, 33.3955887 ], [ 129.8314632, 33.3957349 ], [ 129.831995299999988, 33.3983442 ], [ 129.8336428, 33.3999014 ], [ 129.833438, 33.4040772 ], [ 129.8300956, 33.406858899999989 ], [ 129.8242478, 33.4094444 ], [ 129.819727799999981, 33.4107519 ], [ 129.8164529, 33.4097493 ], [ 129.8137103, 33.4106506 ], [ 129.8092829, 33.409957 ], [ 129.8056244, 33.4117214 ] ] ], [ [ [ 129.7846514, 33.3964839 ], [ 129.7829456, 33.3976222 ], [ 129.7823478, 33.3992683 ], [ 129.778701399999989, 33.3999053 ], [ 129.7774992, 33.4013878 ], [ 129.7739733, 33.4005533 ], [ 129.7748353, 33.3976304 ], [ 129.776858299999986, 33.3962554 ], [ 129.7779358, 33.3937947 ], [ 129.7805617, 33.3931689 ], [ 129.7846514, 33.3964839 ] ] ], [ [ [ 129.6862925, 33.4176817 ], [ 129.6861111, 33.4191081 ], [ 129.6879772, 33.4217128 ], [ 129.6871036, 33.4230994 ], [ 129.685557499999987, 33.4234603 ], [ 129.6822569, 33.4226875 ], [ 129.6826322, 33.4192261 ], [ 129.684768099999985, 33.4182906 ], [ 129.6859633, 33.4165319 ], [ 129.6847208, 33.4133633 ], [ 129.680275, 33.41214 ], [ 129.6795409, 33.4106302 ], [ 129.6816653, 33.4090114 ], [ 129.6823906, 33.4069928 ], [ 129.6850097, 33.4060178 ], [ 129.689282099999986, 33.4080253 ], [ 129.6896242, 33.4102359 ], [ 129.688197, 33.4109234 ], [ 129.690180199999986, 33.413078 ], [ 129.6896639, 33.4146267 ], [ 129.6862925, 33.4176817 ] ] ], [ [ [ 129.7102678, 33.4240983 ], [ 129.709602499999988, 33.4209186 ], [ 129.7107653, 33.4197069 ], [ 129.713013099999984, 33.4209153 ], [ 129.7102678, 33.4240983 ] ] ], [ [ [ 129.7639547, 33.4643961 ], [ 129.76218, 33.4660983 ], [ 129.7595947, 33.4645494 ], [ 129.7580192, 33.4648864 ], [ 129.7549472, 33.4704497 ], [ 129.75163329999998, 33.4691083 ], [ 129.7504975, 33.4673606 ], [ 129.7512233, 33.4652242 ], [ 129.7505983, 33.4638208 ], [ 129.7521578, 33.4622369 ], [ 129.7511228, 33.4600556 ], [ 129.7516267, 33.4590747 ], [ 129.754198299999985, 33.4585508 ], [ 129.754680799999988, 33.4547199 ], [ 129.754180099999985, 33.4530916 ], [ 129.7523931, 33.4521867 ], [ 129.7528206, 33.4496343 ], [ 129.7495092, 33.4504 ], [ 129.750114199999985, 33.4467247 ], [ 129.7499933, 33.4438331 ], [ 129.7467131, 33.4426228 ], [ 129.744864399999983, 33.443896699999989 ], [ 129.743594200000018, 33.4421942 ], [ 129.743963900000011, 33.4409203 ], [ 129.739198099999982, 33.4377408 ], [ 129.739944399999985, 33.4361061 ], [ 129.7441906, 33.4347586 ], [ 129.7432248, 33.4322707 ], [ 129.745275099999986, 33.42993 ], [ 129.7428606, 33.4283364 ], [ 129.739563, 33.4286697 ], [ 129.73341689999998, 33.4276978 ], [ 129.731576099999984, 33.4254067 ], [ 129.731056699999982, 33.423497 ], [ 129.7274894, 33.42274 ], [ 129.7238864, 33.4227286 ], [ 129.7197861, 33.4200961 ], [ 129.7187706, 33.4186753 ], [ 129.719255500000031, 33.4141126 ], [ 129.7264, 33.4143509 ], [ 129.72565849999998, 33.4117982 ], [ 129.7267558, 33.4099431 ], [ 129.729757799999987, 33.4098025 ], [ 129.7312576, 33.4063723 ], [ 129.735420299999987, 33.4059296 ], [ 129.736867099999984, 33.4075593 ], [ 129.739771099999984, 33.4078917 ], [ 129.7429544, 33.40695 ], [ 129.7452108, 33.4075814 ], [ 129.75077109999998, 33.4129939 ], [ 129.7504822, 33.4146175 ], [ 129.7467069, 33.4200797 ], [ 129.747762199999983, 33.4215961 ], [ 129.7498314, 33.4199614 ], [ 129.754101100000014, 33.4204461 ], [ 129.754095, 33.4172161 ], [ 129.756519199999985, 33.4163311 ], [ 129.7572711, 33.4197306 ], [ 129.7591153, 33.4222842 ], [ 129.7567694, 33.4234958 ], [ 129.7571112, 33.4268347 ], [ 129.758967499999983, 33.4247811 ], [ 129.761790599999983, 33.4254183 ], [ 129.7640422, 33.4291161 ], [ 129.7612858, 33.432515 ], [ 129.763436899999988, 33.4336142 ], [ 129.7644506, 33.431679 ], [ 129.7699039, 33.4289583 ], [ 129.771839699999987, 33.4290936 ], [ 129.7749494, 33.4276481 ], [ 129.7786025, 33.4275436 ], [ 129.7817217, 33.4268617 ], [ 129.7824192, 33.4278041 ], [ 129.786635599999983, 33.4265122 ], [ 129.789378299999981, 33.4250636 ], [ 129.7901917, 33.4259483 ], [ 129.7903528, 33.4299339 ], [ 129.7932433, 33.4302383 ], [ 129.791314199999988, 33.4324367 ], [ 129.7895797, 33.4331414 ], [ 129.7876908, 33.4319969 ], [ 129.783805299999983, 33.4349167 ], [ 129.7830792, 33.4343475 ], [ 129.778803899999986, 33.4342514 ], [ 129.778535, 33.4363144 ], [ 129.776908099999986, 33.439110299999989 ], [ 129.7755569, 33.4382928 ], [ 129.7736883, 33.4388903 ], [ 129.7743803, 33.4404911 ], [ 129.7710588, 33.4429107 ], [ 129.768921799999987, 33.443252 ], [ 129.7691542, 33.4450234 ], [ 129.7707033, 33.4464153 ], [ 129.7689356, 33.4483714 ], [ 129.7702012, 33.4514626 ], [ 129.7742594, 33.4525706 ], [ 129.7737147, 33.4547578 ], [ 129.7712481, 33.4558681 ], [ 129.7679398, 33.456301 ], [ 129.7690364, 33.4586017 ], [ 129.771261399999986, 33.4603661 ], [ 129.768162499999988, 33.4617189 ], [ 129.7656686, 33.4642044 ], [ 129.7639547, 33.4643961 ] ] ], [ [ [ 129.7254519, 33.4606378 ], [ 129.722312800000026, 33.4610153 ], [ 129.7198319, 33.4621819 ], [ 129.718998299999981, 33.4637833 ], [ 129.7150864, 33.462295 ], [ 129.713876699999986, 33.4600911 ], [ 129.715368899999987, 33.4592114 ], [ 129.7195231, 33.4543525 ], [ 129.7221581, 33.4546119 ], [ 129.7259425, 33.4519569 ], [ 129.726245, 33.4540933 ], [ 129.728318799999983, 33.4565264 ], [ 129.7254519, 33.4606378 ] ] ], [ [ [ 129.5539231, 33.4993689 ], [ 129.5541864, 33.5012011 ], [ 129.5560347, 33.5039969 ], [ 129.5553828, 33.5082306 ], [ 129.556445, 33.5107614 ], [ 129.555012799999986, 33.5095325 ], [ 129.552128899999985, 33.5097975 ], [ 129.549466699999982, 33.5080103 ], [ 129.5478508, 33.5078739 ], [ 129.542898900000012, 33.5047692 ], [ 129.539336099999986, 33.5041092 ], [ 129.5352119, 33.5023617 ], [ 129.533514199999985, 33.5029481 ], [ 129.5314103, 33.5009978 ], [ 129.527699399999989, 33.4994189 ], [ 129.526853599999981, 33.4962169 ], [ 129.520620799999989, 33.492305 ], [ 129.517515299999985, 33.4886461 ], [ 129.5094753, 33.4828172 ], [ 129.5094014, 33.4811092 ], [ 129.5035531, 33.4800492 ], [ 129.501899399999985, 33.47687 ], [ 129.4996342, 33.4755283 ], [ 129.4984508, 33.4727042 ], [ 129.5031031, 33.4713853 ], [ 129.5058589, 33.4724561 ], [ 129.507398300000034, 33.4740967 ], [ 129.5094072, 33.474168899999988 ], [ 129.5107458, 33.4729017 ], [ 129.518497199999985, 33.4716394 ], [ 129.5192041, 33.4722351 ], [ 129.518340800000033, 33.4753371 ], [ 129.5133339, 33.4789783 ], [ 129.5136364, 33.480821899999988 ], [ 129.517769, 33.4800766 ], [ 129.5191825, 33.4809744 ], [ 129.518459, 33.4835943 ], [ 129.524247299999985, 33.482335 ], [ 129.5274426, 33.4847299 ], [ 129.528832599999987, 33.4838419 ], [ 129.5296921, 33.4817539 ], [ 129.533150399999982, 33.4796116 ], [ 129.5349333, 33.4777961 ], [ 129.533831099999986, 33.475963899999989 ], [ 129.534738299999987, 33.4747069 ], [ 129.541373599999986, 33.4740589 ], [ 129.5416438, 33.4754886 ], [ 129.543773499999986, 33.4757052 ], [ 129.5426847, 33.4723567 ], [ 129.5489097, 33.4708631 ], [ 129.5510208, 33.4694144 ], [ 129.55379259999998, 33.4693994 ], [ 129.554243899999989, 33.4748252 ], [ 129.558019299999984, 33.4749812 ], [ 129.5589276, 33.4730538 ], [ 129.5621936, 33.4731294 ], [ 129.565195499999987, 33.4776054 ], [ 129.5670806, 33.4778543 ], [ 129.5688513, 33.4793188 ], [ 129.5727354, 33.4814587 ], [ 129.5754164, 33.4813089 ], [ 129.574932499999989, 33.4837217 ], [ 129.5757528, 33.4865456 ], [ 129.5755039, 33.4883719 ], [ 129.578623099999987, 33.4887442 ], [ 129.5801289, 33.492735 ], [ 129.5802497, 33.4944319 ], [ 129.582844699999981, 33.4944658 ], [ 129.5835236, 33.4957225 ], [ 129.580316899999985, 33.4971378 ], [ 129.5779369, 33.4962075 ], [ 129.574917699999986, 33.4963269 ], [ 129.570501899999982, 33.4977856 ], [ 129.5673961, 33.5008631 ], [ 129.5650364, 33.5012747 ], [ 129.5684254, 33.496504 ], [ 129.5675625, 33.4948046 ], [ 129.5650707, 33.4946442 ], [ 129.564898199999988, 33.4904098 ], [ 129.5620317, 33.4897133 ], [ 129.5613544, 33.4877169 ], [ 129.553853799999985, 33.4892732 ], [ 129.5530322, 33.4904944 ], [ 129.554100799999986, 33.4945191 ], [ 129.556306899999981, 33.4968886 ], [ 129.5539231, 33.4993689 ] ] ], [ [ [ 129.550641399999989, 33.6051511 ], [ 129.5526889, 33.6038603 ], [ 129.558238599999981, 33.6059122 ], [ 129.5584608, 33.609475 ], [ 129.5550261, 33.6106022 ], [ 129.5545411, 33.6069267 ], [ 129.552224199999984, 33.606633599999988 ], [ 129.550641399999989, 33.6051511 ] ] ] ] } },
{ "type": "Feature", "properties": { "hokenjo": "五島" }, "geometry": { "type": "MultiPolygon", "coordinates": [ [ [ [ 128.3550424, 32.0012333 ], [ 128.3582913, 32.0033933 ], [ 128.3573247, 32.0074284 ], [ 128.356563099999988, 32.0081253 ], [ 128.3542951, 32.007844 ], [ 128.352294199999989, 32.0056818 ], [ 128.3483206, 32.0046099 ], [ 128.3469283, 32.0058085 ], [ 128.3440678, 32.0057588 ], [ 128.3437634, 32.0041007 ], [ 128.350144199999988, 31.9971971 ], [ 128.3489396, 31.9936861 ], [ 128.3477555, 31.9932686 ], [ 128.3490119, 31.9887409 ], [ 128.352940599999982, 31.9924703 ], [ 128.35189, 31.9951633 ], [ 128.3519594, 31.997677 ], [ 128.3550424, 32.0012333 ] ] ], [ [ [ 128.360627599999987, 32.0124992 ], [ 128.359593, 32.0110147 ], [ 128.3608111, 32.0090669 ], [ 128.3653189, 32.0140037 ], [ 128.3645932, 32.0147684 ], [ 128.3629565, 32.0129843 ], [ 128.360627599999987, 32.0124992 ] ] ], [ [ [ 128.3724063, 32.0246926 ], [ 128.373016299999989, 32.0264761 ], [ 128.3754245, 32.0280301 ], [ 128.3748033, 32.0296307 ], [ 128.372866599999981, 32.0301329 ], [ 128.3706909, 32.0296342 ], [ 128.3706297, 32.0281071 ], [ 128.3684811, 32.0260691 ], [ 128.369016499999987, 32.0236459 ], [ 128.3724063, 32.0246926 ] ] ], [ [ [ 128.3769929, 32.0342568 ], [ 128.378037399999982, 32.0313024 ], [ 128.3810197, 32.0307069 ], [ 128.380067199999985, 32.034471 ], [ 128.3791405, 32.0353886 ], [ 128.3769929, 32.0342568 ] ] ], [ [ [ 128.4049311, 32.0496588 ], [ 128.4015391, 32.0499258 ], [ 128.398240099999981, 32.0521211 ], [ 128.396243699999985, 32.0521939 ], [ 128.3940088, 32.0542679 ], [ 128.3928893, 32.0543301 ], [ 128.391898199999986, 32.0519128 ], [ 128.393248199999988, 32.048936 ], [ 128.391372, 32.0454697 ], [ 128.3914548, 32.0429805 ], [ 128.3883093, 32.0429736 ], [ 128.383642, 32.0410225 ], [ 128.380982599999982, 32.0407671 ], [ 128.381992199999985, 32.0382629 ], [ 128.3836624, 32.0397871 ], [ 128.385974399999981, 32.038595 ], [ 128.388598799999983, 32.0402528 ], [ 128.3921024, 32.0391123 ], [ 128.396741, 32.0407157 ], [ 128.3987434, 32.0422463 ], [ 128.401898599999981, 32.0414965 ], [ 128.4052711, 32.0373172 ], [ 128.4066656, 32.0392347 ], [ 128.4092595, 32.0445866 ], [ 128.4114875, 32.0455331 ], [ 128.4138874, 32.0502819 ], [ 128.4133594, 32.0525041 ], [ 128.4119514, 32.0523687 ], [ 128.4106199, 32.0497134 ], [ 128.4067762, 32.0488517 ], [ 128.4049311, 32.0496588 ] ] ], [ [ [ 128.7128097, 32.5805347 ], [ 128.7146731, 32.5806925 ], [ 128.720920799999988, 32.5792264 ], [ 128.7202819, 32.5814875 ], [ 128.7180464, 32.5829194 ], [ 128.7142672, 32.5821075 ], [ 128.7126103, 32.5827333 ], [ 128.7082653, 32.5800553 ], [ 128.7099422, 32.579186899999989 ], [ 128.7128097, 32.5805347 ] ] ], [ [ [ 128.841857799999985, 32.5985606 ], [ 128.8413117, 32.6019547 ], [ 128.8391336, 32.6048133 ], [ 128.8355861, 32.6036934 ], [ 128.8315039, 32.6056214 ], [ 128.829004199999986, 32.6020336 ], [ 128.826353899999987, 32.6006408 ], [ 128.82688, 32.5986114 ], [ 128.828565, 32.597365 ], [ 128.834452199999987, 32.5963897 ], [ 128.838201699999985, 32.5953636 ], [ 128.840858900000029, 32.59586 ], [ 128.841857799999985, 32.5985606 ] ] ], [ [ [ 128.7794331, 32.6199233 ], [ 128.7775006, 32.6214944 ], [ 128.7774039, 32.6191508 ], [ 128.7794331, 32.6199233 ] ] ], [ [ [ 128.638845799999984, 32.6709936 ], [ 128.640625799999981, 32.6727192 ], [ 128.6395592, 32.6741397 ], [ 128.6368994, 32.6752111 ], [ 128.6346197, 32.6798175 ], [ 128.6324131, 32.6781486 ], [ 128.6285006, 32.6766092 ], [ 128.6280272, 32.6739983 ], [ 128.6265942, 32.6712469 ], [ 128.6266697, 32.6698206 ], [ 128.624085799999989, 32.6697528 ], [ 128.62356, 32.6668489 ], [ 128.620529399999981, 32.6652791 ], [ 128.620989399999985, 32.6639172 ], [ 128.617872799999986, 32.6612725 ], [ 128.6156953, 32.6578558 ], [ 128.6175069, 32.6559106 ], [ 128.6152289, 32.6550872 ], [ 128.617154199999987, 32.651665 ], [ 128.6168275, 32.6464664 ], [ 128.6186255, 32.6452042 ], [ 128.6194597, 32.6427978 ], [ 128.6212299, 32.641346 ], [ 128.622454399999981, 32.6376086 ], [ 128.6248453, 32.6372308 ], [ 128.628801399999986, 32.6375411 ], [ 128.6295539, 32.6382681 ], [ 128.6277292, 32.6409294 ], [ 128.6308328, 32.6436753 ], [ 128.6307328, 32.6465906 ], [ 128.6337494, 32.6448369 ], [ 128.6356342, 32.6467933 ], [ 128.632956899999982, 32.6481522 ], [ 128.6355742, 32.6493478 ], [ 128.6343889, 32.6516089 ], [ 128.6346086, 32.6543433 ], [ 128.6308994, 32.6540669 ], [ 128.6286686, 32.654755 ], [ 128.629694699999988, 32.6564069 ], [ 128.632857199999989, 32.6571625 ], [ 128.6332706, 32.6594036 ], [ 128.630565, 32.6602864 ], [ 128.6280219, 32.6627897 ], [ 128.627715599999988, 32.6643289 ], [ 128.6336828, 32.6625528 ], [ 128.6348214, 32.6637144 ], [ 128.6397294, 32.6634383 ], [ 128.63897, 32.6661222 ], [ 128.634048299999989, 32.6693414 ], [ 128.6352733, 32.67127 ], [ 128.638845799999984, 32.6709936 ] ] ], [ [ [ 128.65, 32.6651762 ], [ 128.647867200000036, 32.6651356 ], [ 128.6470814, 32.6620911 ], [ 128.6507311, 32.6636247 ], [ 128.65, 32.6651762 ] ] ], [ [ [ 128.8093825, 32.7900525 ], [ 128.8077578, 32.7908503 ], [ 128.8109203, 32.7954961 ], [ 128.810535099999981, 32.7980698 ], [ 128.8088117, 32.7981011 ], [ 128.807227499999982, 32.7970211 ], [ 128.8049819, 32.7924794 ], [ 128.801425600000016, 32.792705 ], [ 128.8004086, 32.7909319 ], [ 128.7923908, 32.7890906 ], [ 128.7904892, 32.7890681 ], [ 128.7937722, 32.7854369 ], [ 128.7945061, 32.7860006 ], [ 128.7974261, 32.7844481 ], [ 128.7911497, 32.7823806 ], [ 128.7913944, 32.7797514 ], [ 128.7935368, 32.7793874 ], [ 128.792517799999985, 32.7770242 ], [ 128.7901555, 32.7767099 ], [ 128.7880099, 32.7751013 ], [ 128.7859781, 32.7749203 ], [ 128.7834681, 32.7769208 ], [ 128.7819467, 32.7757253 ], [ 128.779357799999985, 32.7779414 ], [ 128.7753947, 32.7778114 ], [ 128.776435599999985, 32.7761539 ], [ 128.7764422, 32.772365 ], [ 128.7737133, 32.7718067 ], [ 128.7727056, 32.7684803 ], [ 128.7730594, 32.7675894 ], [ 128.7709178, 32.7651422 ], [ 128.76947, 32.7658358 ], [ 128.7652733, 32.7604681 ], [ 128.768582800000019, 32.75704 ], [ 128.772132199999987, 32.7572094 ], [ 128.7756953, 32.7561719 ], [ 128.77741, 32.7576775 ], [ 128.779385, 32.7580383 ], [ 128.7816133, 32.7621656 ], [ 128.7850694, 32.7621094 ], [ 128.78563, 32.7634514 ], [ 128.789433799999983, 32.7631581 ], [ 128.7924175, 32.7652083 ], [ 128.7946342, 32.763795 ], [ 128.7987508, 32.7552324 ], [ 128.7970521, 32.7563559 ], [ 128.795011099999982, 32.7597414 ], [ 128.7928225, 32.7610442 ], [ 128.789766899999989, 32.7593806 ], [ 128.7844292, 32.7581006 ], [ 128.7809064, 32.7564261 ], [ 128.7751236, 32.7504325 ], [ 128.7732636, 32.7504661 ], [ 128.775516899999985, 32.7462264 ], [ 128.776806099999988, 32.7449442 ], [ 128.7768633, 32.7417044 ], [ 128.777976699999982, 32.7391392 ], [ 128.77605029999998, 32.7378028 ], [ 128.778306900000018, 32.7363289 ], [ 128.7764039, 32.7352428 ], [ 128.7717439, 32.7343011 ], [ 128.770039, 32.7350537 ], [ 128.770519299999989, 32.7376654 ], [ 128.769904199999985, 32.7405317 ], [ 128.767944199999988, 32.7415181 ], [ 128.7692108, 32.7446192 ], [ 128.769403899999986, 32.7485717 ], [ 128.7669175, 32.7487236 ], [ 128.7685533, 32.7531569 ], [ 128.7668947, 32.7538206 ], [ 128.7649788, 32.7560478 ], [ 128.7623599, 32.7569623 ], [ 128.761504, 32.7594117 ], [ 128.7609132, 32.7640306 ], [ 128.758961, 32.7657003 ], [ 128.7597108, 32.7665675 ], [ 128.758767, 32.7686424 ], [ 128.754363899999987, 32.7689478 ], [ 128.75214219999998, 32.7684572 ], [ 128.753276699999986, 32.7662358 ], [ 128.750915, 32.7628639 ], [ 128.75182, 32.759843 ], [ 128.7517325, 32.7580001 ], [ 128.749380299999984, 32.7589906 ], [ 128.7474456, 32.7571975 ], [ 128.7461644, 32.7573608 ], [ 128.74455, 32.7545419 ], [ 128.7471018, 32.753738 ], [ 128.7481856, 32.751476 ], [ 128.7450331, 32.7498733 ], [ 128.745101799999986, 32.7467293 ], [ 128.7426389, 32.7459514 ], [ 128.7404936, 32.7431936 ], [ 128.738236799999981, 32.7431399 ], [ 128.7377711, 32.7400756 ], [ 128.738768099999987, 32.7384856 ], [ 128.735551, 32.7376181 ], [ 128.7357797, 32.7409844 ], [ 128.735229299999986, 32.7436218 ], [ 128.736444899999981, 32.7463862 ], [ 128.7387272, 32.7460956 ], [ 128.739671099999981, 32.7479032 ], [ 128.7417733, 32.7477619 ], [ 128.7408333, 32.7508147 ], [ 128.735340799999989, 32.7480069 ], [ 128.7339011, 32.7486494 ], [ 128.729041900000027, 32.7478036 ], [ 128.726555599999983, 32.7480181 ], [ 128.7293617, 32.7516433 ], [ 128.7315281, 32.7524497 ], [ 128.7346425, 32.7546994 ], [ 128.7393792, 32.7548067 ], [ 128.740840599999984, 32.7562728 ], [ 128.737524399999984, 32.7574961 ], [ 128.7320469, 32.7551336 ], [ 128.7260622, 32.7556803 ], [ 128.7245278, 32.7548569 ], [ 128.7229692, 32.7525117 ], [ 128.721629399999983, 32.7517842 ], [ 128.71901, 32.7529628 ], [ 128.7177633, 32.7515814 ], [ 128.7179233, 32.7487 ], [ 128.7156636, 32.7498728 ], [ 128.713477499999982, 32.7485872 ], [ 128.7131106, 32.7472169 ], [ 128.710411099999988, 32.7472678 ], [ 128.7092844, 32.7499067 ], [ 128.707418099999984, 32.7482831 ], [ 128.708125, 32.7466592 ], [ 128.7052117, 32.7450128 ], [ 128.7055188, 32.7423591 ], [ 128.7078639, 32.7400329 ], [ 128.7068181, 32.7385517 ], [ 128.704192799999987, 32.7387025 ], [ 128.7023539, 32.7375086 ], [ 128.700691899999981, 32.7389575 ], [ 128.6979226, 32.7375057 ], [ 128.693863, 32.7399874 ], [ 128.6920462, 32.7405532 ], [ 128.693882799999983, 32.7452818 ], [ 128.6967733, 32.7450452 ], [ 128.6958428, 32.7470911 ], [ 128.698412499999989, 32.7480458 ], [ 128.697365599999983, 32.7527603 ], [ 128.696552199999985, 32.7538542 ], [ 128.6976909, 32.7570129 ], [ 128.6981733, 32.7603269 ], [ 128.6974061, 32.7614489 ], [ 128.6973194, 32.7664328 ], [ 128.6949975, 32.7678481 ], [ 128.6924756, 32.7685358 ], [ 128.6897, 32.7677519 ], [ 128.6849297, 32.7692294 ], [ 128.682714399999981, 32.7705261 ], [ 128.680873100000014, 32.7727417 ], [ 128.680800799999986, 32.7752568 ], [ 128.6820162, 32.77621 ], [ 128.681700299999989, 32.7788811 ], [ 128.6784642, 32.7785936 ], [ 128.673847199999983, 32.7808314 ], [ 128.669957499999981, 32.7808483 ], [ 128.6691433, 32.7801378 ], [ 128.6659655, 32.7809462 ], [ 128.6665318, 32.7825058 ], [ 128.664328399999988, 32.7847531 ], [ 128.663598899999982, 32.7833006 ], [ 128.655699199999987, 32.7795008 ], [ 128.654065299999985, 32.7767087 ], [ 128.6510022, 32.7753228 ], [ 128.651482499999986, 32.7736767 ], [ 128.6487003, 32.7698878 ], [ 128.6470656, 32.7690703 ], [ 128.6461919, 32.7641708 ], [ 128.640306899999985, 32.7611994 ], [ 128.6414878, 32.7593108 ], [ 128.6439039, 32.7575885 ], [ 128.6466552, 32.7580999 ], [ 128.647881399999989, 32.757352 ], [ 128.646543899999983, 32.7514289 ], [ 128.6489039, 32.7473636 ], [ 128.6520864, 32.7465182 ], [ 128.6535826, 32.7422906 ], [ 128.6530186, 32.7394601 ], [ 128.647944199999984, 32.7369439 ], [ 128.6469108, 32.7332342 ], [ 128.6469175, 32.7280904 ], [ 128.6451242, 32.7244272 ], [ 128.6467372, 32.7198717 ], [ 128.65038389999998, 32.7172556 ], [ 128.6524397, 32.714938 ], [ 128.6547912, 32.7143297 ], [ 128.656183299999981, 32.7131231 ], [ 128.6556967, 32.7097906 ], [ 128.6600228, 32.7107886 ], [ 128.6619292, 32.7081781 ], [ 128.6586164, 32.7060356 ], [ 128.660109399999982, 32.70369 ], [ 128.663829199999981, 32.7008656 ], [ 128.6608628, 32.7007075 ], [ 128.6583932, 32.701337 ], [ 128.657499699999988, 32.7028008 ], [ 128.655396699999983, 32.7034533 ], [ 128.6512572, 32.7026639 ], [ 128.6497775, 32.7007525 ], [ 128.6481042, 32.7003914 ], [ 128.6488708, 32.6967267 ], [ 128.6500242, 32.6947197 ], [ 128.653130299999987, 32.6912858 ], [ 128.6528572, 32.6879539 ], [ 128.6536506, 32.6847906 ], [ 128.6508842, 32.6828061 ], [ 128.6492044, 32.6809169 ], [ 128.6500644, 32.6793836 ], [ 128.6524172, 32.6777936 ], [ 128.6588567, 32.6761417 ], [ 128.6611039, 32.6717825 ], [ 128.6654433, 32.6721742 ], [ 128.6671208, 32.6699169 ], [ 128.6692525, 32.6699822 ], [ 128.670310199999989, 32.6725003 ], [ 128.6732946, 32.6718629 ], [ 128.6761481, 32.6721217 ], [ 128.673557099999982, 32.6689126 ], [ 128.6708916, 32.6679808 ], [ 128.6689189, 32.6665518 ], [ 128.6652216, 32.6667837 ], [ 128.6640775, 32.6661225 ], [ 128.6632581, 32.6634272 ], [ 128.6644369, 32.6610703 ], [ 128.666428599999989, 32.6600664 ], [ 128.667414200000024, 32.6569317 ], [ 128.6723772, 32.6524689 ], [ 128.67119, 32.6512366 ], [ 128.6683333, 32.6530242 ], [ 128.6628322, 32.6577547 ], [ 128.6613472, 32.6573942 ], [ 128.658622799999989, 32.6595872 ], [ 128.6571314, 32.6571794 ], [ 128.6556861, 32.6567511 ], [ 128.6529089, 32.6580933 ], [ 128.6537681, 32.6540561 ], [ 128.656185599999986, 32.6524939 ], [ 128.6589894, 32.6525897 ], [ 128.659935, 32.6534356 ], [ 128.6631519, 32.6533511 ], [ 128.663544699999989, 32.6495842 ], [ 128.66505, 32.6474025 ], [ 128.668040599999983, 32.6462297 ], [ 128.6656094, 32.6446678 ], [ 128.663738099999989, 32.6445319 ], [ 128.6599486, 32.6462631 ], [ 128.658030599999989, 32.6483211 ], [ 128.6565922, 32.6468892 ], [ 128.654920299999986, 32.6473289 ], [ 128.6527228, 32.6496689 ], [ 128.649712199999982, 32.6498439 ], [ 128.646881899999983, 32.6536783 ], [ 128.644364699999983, 32.6541631 ], [ 128.6437986, 32.6528156 ], [ 128.645416899999987, 32.6511747 ], [ 128.6461961, 32.6474758 ], [ 128.647727799999984, 32.6477294 ], [ 128.6501319, 32.6463589 ], [ 128.652702799999986, 32.6435058 ], [ 128.653382199999982, 32.6414758 ], [ 128.6508911, 32.6412108 ], [ 128.645203899999984, 32.6424911 ], [ 128.644271400000036, 32.6397789 ], [ 128.641467799999987, 32.6406472 ], [ 128.6399294, 32.6387869 ], [ 128.643865, 32.6357025 ], [ 128.64126779999998, 32.6356969 ], [ 128.63931, 32.6343947 ], [ 128.6364328, 32.6345469 ], [ 128.6358333, 32.6282994 ], [ 128.637977799999987, 32.6280572 ], [ 128.63951609999998, 32.6269408 ], [ 128.637245, 32.6255933 ], [ 128.637824199999983, 32.6242686 ], [ 128.6402019, 32.6245839 ], [ 128.6433519, 32.622825 ], [ 128.6413872, 32.6194703 ], [ 128.6427592, 32.6192108 ], [ 128.646415599999983, 32.6203331 ], [ 128.6476408, 32.622075 ], [ 128.647447799999981, 32.6246686 ], [ 128.649898900000011, 32.625486099999989 ], [ 128.6532822, 32.6295003 ], [ 128.6585633, 32.63131 ], [ 128.6625128, 32.6314397 ], [ 128.664879499999984, 32.6329754 ], [ 128.667631, 32.6300269 ], [ 128.6660862, 32.6271784 ], [ 128.6613815, 32.6269 ], [ 128.657400199999984, 32.626044 ], [ 128.655986899999988, 32.6250608 ], [ 128.6534924, 32.6216539 ], [ 128.6506047, 32.6201075 ], [ 128.6529289, 32.6162567 ], [ 128.655819399999984, 32.612795 ], [ 128.6538414, 32.6110414 ], [ 128.647474599999981, 32.6066999 ], [ 128.6479075, 32.6054992 ], [ 128.6458831, 32.6032958 ], [ 128.642802499999988, 32.6049964 ], [ 128.6442581, 32.6070358 ], [ 128.645719899999989, 32.6068516 ], [ 128.647314699999981, 32.6108778 ], [ 128.6445106, 32.6122928 ], [ 128.6416667, 32.6118817 ], [ 128.6398022, 32.6098797 ], [ 128.637138099999987, 32.6121014 ], [ 128.635686100000015, 32.6148078 ], [ 128.632982199999987, 32.6150614 ], [ 128.6331289, 32.6165497 ], [ 128.6305783, 32.6197578 ], [ 128.6253499, 32.6183781 ], [ 128.624065299999984, 32.6195097 ], [ 128.628813899999983, 32.6219119 ], [ 128.626263099999989, 32.6228533 ], [ 128.623386399999987, 32.6256894 ], [ 128.6264433, 32.6263375 ], [ 128.6262633, 32.6273978 ], [ 128.6234131, 32.6276683 ], [ 128.621073599999988, 32.6287725 ], [ 128.619189299999988, 32.6307413 ], [ 128.61670669999998, 32.629185 ], [ 128.6152547, 32.6254922 ], [ 128.6151883, 32.6224472 ], [ 128.616133599999984, 32.6201919 ], [ 128.6143265, 32.6196463 ], [ 128.6124844, 32.6211281 ], [ 128.6112733, 32.6256998 ], [ 128.6132189, 32.6296209 ], [ 128.615145, 32.6312041 ], [ 128.62252, 32.6340327 ], [ 128.6220692, 32.6349771 ], [ 128.6167566, 32.6350809 ], [ 128.615747699999986, 32.6364779 ], [ 128.6182044, 32.6370695 ], [ 128.6192132, 32.6395743 ], [ 128.6174522, 32.6412051 ], [ 128.615122499999984, 32.6455417 ], [ 128.612498599999981, 32.6469006 ], [ 128.61105329999998, 32.6460322 ], [ 128.611193100000037, 32.6413017 ], [ 128.6084825, 32.6393733 ], [ 128.6069172, 32.6367175 ], [ 128.6090619, 32.6349417 ], [ 128.6077431, 32.6327428 ], [ 128.60924810000003, 32.6286944 ], [ 128.6045064, 32.6247253 ], [ 128.603260799999987, 32.6206431 ], [ 128.600483600000018, 32.6193578 ], [ 128.5982458, 32.6126428 ], [ 128.600470299999984, 32.6122536 ], [ 128.6014558, 32.6135842 ], [ 128.6038203, 32.6145258 ], [ 128.6046925, 32.6116672 ], [ 128.6103197, 32.6111881 ], [ 128.613103599999988, 32.6088653 ], [ 128.6149019, 32.6084367 ], [ 128.6183714, 32.6104719 ], [ 128.6210217, 32.6090678 ], [ 128.621461399999987, 32.6078444 ], [ 128.6241719, 32.6087522 ], [ 128.630198899999982, 32.6050086 ], [ 128.6318039, 32.603255 ], [ 128.63231, 32.6002047 ], [ 128.6347475, 32.6000075 ], [ 128.6345681, 32.5980061 ], [ 128.636785799999984, 32.5957847 ], [ 128.6356803, 32.5946117 ], [ 128.637938100000014, 32.5928583 ], [ 128.6407419, 32.5925539 ], [ 128.6425467, 32.5942847 ], [ 128.64565, 32.5948317 ], [ 128.6525236, 32.5920183 ], [ 128.653103099999981, 32.5906483 ], [ 128.656898899999987, 32.5909022 ], [ 128.6573253, 32.5930444 ], [ 128.6607953, 32.5946117 ], [ 128.659269699999982, 32.5962075 ], [ 128.658635299999986, 32.5981541 ], [ 128.6552016, 32.5996497 ], [ 128.6555933, 32.6018681 ], [ 128.6584892, 32.6048017 ], [ 128.6645378, 32.6068469 ], [ 128.6656386, 32.6084028 ], [ 128.6685469, 32.608262499999988 ], [ 128.6692664, 32.6069883 ], [ 128.6725231, 32.6069883 ], [ 128.6740283, 32.6061203 ], [ 128.6763992, 32.6073608 ], [ 128.678417199999984, 32.6073944 ], [ 128.685197499999987, 32.6046094 ], [ 128.688400799999982, 32.6025233 ], [ 128.6935358, 32.6036061 ], [ 128.6952279, 32.605255 ], [ 128.697786399999984, 32.6042972 ], [ 128.7036989, 32.6045875 ], [ 128.705676899999986, 32.6052639 ], [ 128.712916399999983, 32.6047847 ], [ 128.7159, 32.60408 ], [ 128.7181975, 32.6062847 ], [ 128.7232589, 32.6055233 ], [ 128.7270417, 32.6063128 ], [ 128.7282506, 32.6074775 ], [ 128.7314369, 32.6074517 ], [ 128.7338944, 32.6066117 ], [ 128.736778099999981, 32.607006399999989 ], [ 128.739776899999981, 32.6036303 ], [ 128.740401099999985, 32.6017175 ], [ 128.7421592, 32.5996819 ], [ 128.7473339, 32.5956394 ], [ 128.7487256, 32.5931925 ], [ 128.7515692, 32.5907792 ], [ 128.7507679, 32.5882907 ], [ 128.7521064, 32.5849269 ], [ 128.751900299999988, 32.5830661 ], [ 128.7543219, 32.5814425 ], [ 128.752905, 32.5794578 ], [ 128.7564247, 32.5771517 ], [ 128.759, 32.5776422 ], [ 128.7617081, 32.5766047 ], [ 128.7634514, 32.5747217 ], [ 128.7652947, 32.5756519 ], [ 128.7697461, 32.5743722 ], [ 128.7728869, 32.5744625 ], [ 128.7753102, 32.5779247 ], [ 128.7751235, 32.5800335 ], [ 128.7768317, 32.5805114 ], [ 128.7777039, 32.5826322 ], [ 128.7790014, 32.5832183 ], [ 128.779613899999987, 32.5857988 ], [ 128.782246099999981, 32.5874866 ], [ 128.7831842, 32.5906214 ], [ 128.7849072, 32.5902593 ], [ 128.7869943, 32.5883929 ], [ 128.788718, 32.5880318 ], [ 128.7907303, 32.5890842 ], [ 128.7931917, 32.5913968 ], [ 128.792641100000026, 32.5941003 ], [ 128.7931208, 32.5965867 ], [ 128.7927633, 32.5986818 ], [ 128.7902578, 32.6002184 ], [ 128.79113479999998, 32.6017711 ], [ 128.789700499999981, 32.6027959 ], [ 128.7888381, 32.6058106 ], [ 128.785909299999986, 32.6091419 ], [ 128.7831706, 32.6111419 ], [ 128.7790267, 32.6133536 ], [ 128.775675899999982, 32.6128698 ], [ 128.7739097, 32.6139601 ], [ 128.773486, 32.6157557 ], [ 128.769292, 32.6182627 ], [ 128.771633399999985, 32.619881299999989 ], [ 128.767979200000013, 32.6226457 ], [ 128.766423799999984, 32.6214831 ], [ 128.768564199999986, 32.6197626 ], [ 128.766580399999981, 32.6165407 ], [ 128.7629369, 32.6182447 ], [ 128.761225199999984, 32.6214683 ], [ 128.761585699999983, 32.6239857 ], [ 128.764716099999987, 32.6255665 ], [ 128.766291099999989, 32.6256731 ], [ 128.767586099999988, 32.6291364 ], [ 128.7666069, 32.6313014 ], [ 128.7654081, 32.6317692 ], [ 128.7649626, 32.6344209 ], [ 128.765567799999985, 32.6356597 ], [ 128.768138599999986, 32.6368269 ], [ 128.765947499999982, 32.6385633 ], [ 128.7676664, 32.6423734 ], [ 128.7701026, 32.6447504 ], [ 128.7767164, 32.6447317 ], [ 128.7776819, 32.6452219 ], [ 128.7816047, 32.6446303 ], [ 128.7850214, 32.6471842 ], [ 128.7863673, 32.6488798 ], [ 128.7890842, 32.6479397 ], [ 128.7909822, 32.648396399999989 ], [ 128.792946699999987, 32.65046 ], [ 128.7941322, 32.6503247 ], [ 128.7960306, 32.6520389 ], [ 128.7997203, 32.6521739 ], [ 128.800619399999988, 32.6512211 ], [ 128.8027625, 32.6541236 ], [ 128.8055544, 32.6545872 ], [ 128.8064015, 32.6554615 ], [ 128.80905629999998, 32.6553068 ], [ 128.811500099999989, 32.6535071 ], [ 128.8099961, 32.6479115 ], [ 128.8108736, 32.6466036 ], [ 128.815714800000023, 32.6461575 ], [ 128.817926699999987, 32.6452945 ], [ 128.816170299999982, 32.6435683 ], [ 128.8182483, 32.6386119 ], [ 128.8180686, 32.6372722 ], [ 128.8211786, 32.6361253 ], [ 128.8219847, 32.6375519 ], [ 128.8239494, 32.6379769 ], [ 128.8259275, 32.6356372 ], [ 128.8299135, 32.6367903 ], [ 128.8328148, 32.6367592 ], [ 128.8354175, 32.6382308 ], [ 128.838854699999985, 32.6373886 ], [ 128.8414522, 32.6393678 ], [ 128.844893899999988, 32.6405767 ], [ 128.8475114, 32.6396461 ], [ 128.848883299999983, 32.6412081 ], [ 128.8553564, 32.6423808 ], [ 128.8591922, 32.6426347 ], [ 128.863867500000026, 32.6422233 ], [ 128.867165100000022, 32.6432719 ], [ 128.868356799999987, 32.644593799999988 ], [ 128.8707212, 32.6436959 ], [ 128.8717394, 32.6391561 ], [ 128.8782192, 32.6396922 ], [ 128.8825147, 32.639585 ], [ 128.8842328, 32.6419472 ], [ 128.885518099999985, 32.6407519 ], [ 128.888515, 32.6418233 ], [ 128.8901467, 32.6407239 ], [ 128.8926878, 32.6407444 ], [ 128.8933336, 32.6443589 ], [ 128.8956272, 32.6472703 ], [ 128.8954114, 32.6488192 ], [ 128.897392199999985, 32.6508392 ], [ 128.8967194, 32.6541036 ], [ 128.8945856, 32.6556533 ], [ 128.891775, 32.6565664 ], [ 128.8890475, 32.6558006 ], [ 128.8866568, 32.6558421 ], [ 128.8836365, 32.6617362 ], [ 128.8858765, 32.66326 ], [ 128.8828565, 32.6696096 ], [ 128.880672299999986, 32.6703997 ], [ 128.8804011, 32.6720965 ], [ 128.878699899999987, 32.6726776 ], [ 128.8759763, 32.6755144 ], [ 128.870643299999983, 32.6794636 ], [ 128.8676314, 32.6809583 ], [ 128.8633118, 32.6838817 ], [ 128.8620405, 32.6837956 ], [ 128.8611144, 32.6864884 ], [ 128.859369499999985, 32.685622099999989 ], [ 128.8576271, 32.686154 ], [ 128.857063399999987, 32.6923737 ], [ 128.853964599999983, 32.6917507 ], [ 128.8534239, 32.6897761 ], [ 128.8509486, 32.6938678 ], [ 128.852081, 32.695905 ], [ 128.848985199999987, 32.6956713 ], [ 128.8472523, 32.6966063 ], [ 128.8508932, 32.7007319 ], [ 128.846496100000024, 32.7034437 ], [ 128.8491645, 32.7046057 ], [ 128.8469475, 32.7062273 ], [ 128.8459509, 32.7048713 ], [ 128.8437027, 32.7055109 ], [ 128.8427136, 32.7083116 ], [ 128.8408259, 32.7092043 ], [ 128.840643699999987, 32.7116566 ], [ 128.8392766, 32.7134754 ], [ 128.8394173, 32.7149333 ], [ 128.8419908, 32.7141794 ], [ 128.8426958, 32.7162519 ], [ 128.8416775, 32.7169419 ], [ 128.8406242, 32.7208044 ], [ 128.8410225, 32.7217889 ], [ 128.8395442, 32.7247567 ], [ 128.8413227, 32.727604299999989 ], [ 128.842803900000035, 32.7311731 ], [ 128.8429372, 32.7337608 ], [ 128.8438622, 32.7351411 ], [ 128.8441439, 32.7379897 ], [ 128.841877200000027, 32.738835 ], [ 128.8424972, 32.7417333 ], [ 128.8442369, 32.7437575 ], [ 128.846075399999989, 32.7424359 ], [ 128.8520628, 32.7427597 ], [ 128.855335599999989, 32.7418517 ], [ 128.8564556, 32.7431092 ], [ 128.85469470000001, 32.7442475 ], [ 128.85556219999998, 32.7460128 ], [ 128.853302499999984, 32.74696 ], [ 128.851736099999982, 32.7503092 ], [ 128.850220799999988, 32.7496308 ], [ 128.84771, 32.7504669 ], [ 128.8478017, 32.7531169 ], [ 128.844955299999981, 32.7512056 ], [ 128.8441025, 32.7476154 ], [ 128.8419302, 32.7486971 ], [ 128.839454800000027, 32.7475291 ], [ 128.8379837, 32.7457662 ], [ 128.8358464, 32.7448353 ], [ 128.8352381, 32.7462667 ], [ 128.836029199999984, 32.7479747 ], [ 128.8352381, 32.7506361 ], [ 128.8328961, 32.7519611 ], [ 128.8309183, 32.7512903 ], [ 128.828596399999981, 32.7489556 ], [ 128.8312986, 32.7435825 ], [ 128.8279789, 32.7431767 ], [ 128.8248376, 32.7420533 ], [ 128.8249186, 32.7445733 ], [ 128.8268744, 32.7494065 ], [ 128.829632799999985, 32.7518307 ], [ 128.830041599999987, 32.7545379 ], [ 128.83214049999998, 32.7547529 ], [ 128.836625, 32.7575486 ], [ 128.835143599999981, 32.7604806 ], [ 128.830253100000022, 32.7591386 ], [ 128.8263269, 32.7565996 ], [ 128.8287853, 32.7541411 ], [ 128.825281599999983, 32.752859 ], [ 128.820786, 32.7517725 ], [ 128.820456700000022, 32.7508728 ], [ 128.8169569, 32.7510814 ], [ 128.814506699999981, 32.7506811 ], [ 128.812720399999989, 32.7476393 ], [ 128.811283, 32.749375199999989 ], [ 128.8101806, 32.7520569 ], [ 128.808440599999983, 32.7513803 ], [ 128.8045411, 32.7520514 ], [ 128.8058533, 32.7536072 ], [ 128.8089161, 32.7541261 ], [ 128.8094725, 32.7566479 ], [ 128.8138467, 32.7563758 ], [ 128.816301899999985, 32.7582367 ], [ 128.8217889, 32.7562081 ], [ 128.8246289, 32.7566372 ], [ 128.8261973, 32.7602939 ], [ 128.8254667, 32.7614283 ], [ 128.8227406, 32.7618844 ], [ 128.820691899999986, 32.7640453 ], [ 128.819415, 32.7665986 ], [ 128.8130094, 32.7695872 ], [ 128.8117133, 32.7725728 ], [ 128.8095061, 32.7740022 ], [ 128.8071175, 32.7737428 ], [ 128.8046106, 32.7744686 ], [ 128.80407169999998, 32.7767128 ], [ 128.805933899999985, 32.7779425 ], [ 128.8073642, 32.7773514 ], [ 128.809172499999988, 32.7789642 ], [ 128.8084853, 32.7810731 ], [ 128.8090789, 32.7854261 ], [ 128.810656, 32.7880841 ], [ 128.8093825, 32.7900525 ] ] ], [ [ [ 128.850641, 32.7206096 ], [ 128.85442279999998, 32.7190061 ], [ 128.855722499999985, 32.7199589 ], [ 128.8555225, 32.7221356 ], [ 128.853355, 32.7236047 ], [ 128.850641, 32.7206096 ] ] ], [ [ [ 128.6072533, 32.7315553 ], [ 128.6098864, 32.7353664 ], [ 128.609953099999984, 32.7385011 ], [ 128.6085333, 32.7401981 ], [ 128.6060736, 32.7404856 ], [ 128.6010406, 32.7396289 ], [ 128.6002406, 32.7367536 ], [ 128.5982075, 32.7345153 ], [ 128.5959278, 32.7333539 ], [ 128.595114199999983, 32.730715 ], [ 128.5924881, 32.7301344 ], [ 128.5905281, 32.7269939 ], [ 128.590468099999981, 32.7238589 ], [ 128.5910547, 32.7206283 ], [ 128.5896081, 32.719625 ], [ 128.5915147, 32.7158589 ], [ 128.5902883, 32.7149511 ], [ 128.590788299999986, 32.7131017 ], [ 128.5954011, 32.7120872 ], [ 128.5984278, 32.7108919 ], [ 128.6010939, 32.7125156 ], [ 128.6012869, 32.71609 ], [ 128.6034467, 32.7184017 ], [ 128.6034, 32.7203183 ], [ 128.6016348, 32.7232156 ], [ 128.601498, 32.7260221 ], [ 128.6003464, 32.7290014 ], [ 128.604633299999989, 32.7311717 ], [ 128.6072533, 32.7315553 ] ] ], [ [ [ 128.7720636, 32.7426683 ], [ 128.771730599999984, 32.7407289 ], [ 128.7726772, 32.7397928 ], [ 128.7719239, 32.7376108 ], [ 128.7739106, 32.7370583 ], [ 128.7755503, 32.7417044 ], [ 128.7750303, 32.7439539 ], [ 128.7737703, 32.7442358 ], [ 128.7720636, 32.7426683 ] ] ], [ [ [ 128.677502799999985, 32.8025764 ], [ 128.6802114, 32.8026158 ], [ 128.682653599999981, 32.8040197 ], [ 128.6829469, 32.8066189 ], [ 128.6805114, 32.8103625 ], [ 128.676675, 32.8093756 ], [ 128.675027199999988, 32.8076953 ], [ 128.6734528, 32.8082706 ], [ 128.672051399999987, 32.8071767 ], [ 128.6748072, 32.8057447 ], [ 128.677502799999985, 32.8025764 ] ] ], [ [ [ 128.905622199999982, 32.5622456 ], [ 128.90672, 32.56348 ], [ 128.907545299999981, 32.5665019 ], [ 128.9055289, 32.5712492 ], [ 128.903728299999983, 32.5702733 ], [ 128.9003989, 32.5703078 ], [ 128.89797, 32.5711194 ], [ 128.896253299999984, 32.5696539 ], [ 128.8934583, 32.5691914 ], [ 128.891535299999987, 32.5672689 ], [ 128.892427199999986, 32.5634236 ], [ 128.896306399999986, 32.5608753 ], [ 128.9013903, 32.5604919 ], [ 128.905622199999982, 32.5622456 ] ] ], [ [ [ 128.9004578, 32.5869517 ], [ 128.9023214, 32.5857686 ], [ 128.9040788, 32.5859201 ], [ 128.9034944, 32.5879269 ], [ 128.90375419999998, 32.5903967 ], [ 128.9016361, 32.5905036 ], [ 128.8979003, 32.5885808 ], [ 128.897008299999982, 32.5864155 ], [ 128.9004578, 32.5869517 ] ] ], [ [ [ 128.9067375, 32.5948619 ], [ 128.904439699999983, 32.5940558 ], [ 128.90442, 32.5922967 ], [ 128.9073636, 32.5923133 ], [ 128.9067375, 32.5948619 ] ] ], [ [ [ 128.9220147, 32.5925222 ], [ 128.9275222, 32.5918175 ], [ 128.9278353, 32.5936331 ], [ 128.926583099999988, 32.5951722 ], [ 128.925544200000019, 32.5987186 ], [ 128.9240924, 32.5977782 ], [ 128.9222878, 32.5983522 ], [ 128.92098439999998, 32.5962507 ], [ 128.9180986, 32.5967789 ], [ 128.914848899999981, 32.5954708 ], [ 128.917719399999982, 32.5927644 ], [ 128.9203633, 32.5915128 ], [ 128.9220147, 32.5925222 ] ] ], [ [ [ 128.899718299999989, 32.7056044 ], [ 128.8986864, 32.7061086 ], [ 128.900085, 32.7092692 ], [ 128.89789829999998, 32.7109889 ], [ 128.898245, 32.7118458 ], [ 128.8949153, 32.7111172 ], [ 128.8934722, 32.7081808 ], [ 128.893532199999981, 32.7057619 ], [ 128.895813299999986, 32.7004925 ], [ 128.8951922, 32.6991542 ], [ 128.8972, 32.6940022 ], [ 128.9013517, 32.6959347 ], [ 128.900725, 32.6971131 ], [ 128.8984, 32.6979436 ], [ 128.9013117, 32.7004058 ], [ 128.901325, 32.7018211 ], [ 128.903419700000029, 32.7030469 ], [ 128.9049111, 32.7028586 ], [ 128.9056994, 32.7051614 ], [ 128.9047511, 32.7074764 ], [ 128.9035911, 32.7080742 ], [ 128.899718299999989, 32.7056044 ] ] ], [ [ [ 128.868074399999983, 32.72319 ], [ 128.8671675, 32.7263961 ], [ 128.8650211, 32.7254375 ], [ 128.862627799999984, 32.7263567 ], [ 128.8628817, 32.7313708 ], [ 128.8604614, 32.7287472 ], [ 128.85762219999998, 32.7292339 ], [ 128.8575222, 32.7271983 ], [ 128.8598686, 32.7260314 ], [ 128.8599886, 32.7247064 ], [ 128.8629278, 32.7211017 ], [ 128.8667347, 32.7217744 ], [ 128.868074399999983, 32.72319 ] ] ], [ [ [ 128.876033299999989, 32.7388583 ], [ 128.8780794, 32.7402094 ], [ 128.8782797, 32.7443947 ], [ 128.8812192, 32.7489225 ], [ 128.8796328, 32.7507886 ], [ 128.8779731, 32.7507489 ], [ 128.8756664, 32.7490461 ], [ 128.8737, 32.7488033 ], [ 128.8742533, 32.7454203 ], [ 128.872600299999988, 32.7432333 ], [ 128.869890500000025, 32.7457967 ], [ 128.868747499999984, 32.7408767 ], [ 128.870313899999985, 32.7393372 ], [ 128.872140299999984, 32.7397028 ], [ 128.876033299999989, 32.7388583 ] ] ], [ [ [ 128.950246099999987, 32.7573581 ], [ 128.9497058, 32.7555708 ], [ 128.951433899999984, 32.7545728 ], [ 128.9544094, 32.755553899999988 ], [ 128.95206109999998, 32.7574542 ], [ 128.950246099999987, 32.7573581 ] ] ], [ [ [ 129.0026364, 32.7792917 ], [ 129.0003544, 32.7824714 ], [ 129.0003278, 32.7839769 ], [ 128.998833099999985, 32.7865761 ], [ 128.9929481, 32.7909961 ], [ 128.9891983, 32.7887975 ], [ 128.989085, 32.7863672 ], [ 128.9912, 32.784845 ], [ 128.9923322, 32.782916 ], [ 128.991214899999989, 32.7815888 ], [ 128.989025, 32.7822572 ], [ 128.98703, 32.7817439 ], [ 128.985368599999987, 32.7782539 ], [ 128.9857558, 32.7743297 ], [ 128.9874039, 32.7733994 ], [ 128.9888374, 32.7707583 ], [ 128.9918433, 32.7698032 ], [ 128.991083299999985, 32.7687317 ], [ 128.9877175, 32.7674342 ], [ 128.9875372, 32.7648069 ], [ 128.9892922, 32.7601103 ], [ 128.988718299999988, 32.7581878 ], [ 128.986656899999986, 32.7577481 ], [ 128.983967799999988, 32.7592869 ], [ 128.9825333, 32.7582833 ], [ 128.979216899999983, 32.7604597 ], [ 128.9779361, 32.757195 ], [ 128.9749067, 32.7586781 ], [ 128.973165599999987, 32.7557519 ], [ 128.9692971, 32.7554753 ], [ 128.964663299999984, 32.7527917 ], [ 128.9628572, 32.7508689 ], [ 128.9637572, 32.7476156 ], [ 128.9665033, 32.7454281 ], [ 128.9688031, 32.7471197 ], [ 128.9716028, 32.74827 ], [ 128.973069399999986, 32.7453664 ], [ 128.972816099999989, 32.7436692 ], [ 128.9793197, 32.7460939 ], [ 128.979795, 32.7447856 ], [ 128.982095, 32.7439228 ], [ 128.9828947, 32.7427278 ], [ 128.986367799999982, 32.7418256 ], [ 128.987574199999983, 32.7443797 ], [ 128.9849381, 32.7487303 ], [ 128.986514199999988, 32.7489636 ], [ 128.9876275, 32.7511964 ], [ 128.9881647, 32.7549344 ], [ 128.990219699999983, 32.7553181 ], [ 128.9920803, 32.7530908 ], [ 128.9930269, 32.7503619 ], [ 128.995, 32.7517489 ], [ 128.9963397, 32.7508131 ], [ 129.0007019, 32.7499392 ], [ 129.004258099999987, 32.7504975 ], [ 129.005792499999984, 32.7529786 ], [ 129.0047381, 32.7552506 ], [ 129.002082799999982, 32.7551153 ], [ 129.0033372, 32.7570658 ], [ 129.003504199999981, 32.7594792 ], [ 129.004764699999981, 32.7622419 ], [ 129.002396399999981, 32.7665042 ], [ 129.0041578, 32.7685342 ], [ 129.0073467, 32.7700792 ], [ 129.00736, 32.7721314 ], [ 129.0053783, 32.7735972 ], [ 129.0026364, 32.7792917 ] ] ], [ [ [ 128.968094399999984, 32.7661089 ], [ 128.9672736, 32.7684939 ], [ 128.9625097, 32.7710533 ], [ 128.960721399999983, 32.7728519 ], [ 128.9578922, 32.7770297 ], [ 128.9571517, 32.7769622 ], [ 128.9533619, 32.7725644 ], [ 128.9554506, 32.7641128 ], [ 128.957065, 32.7626411 ], [ 128.9626164, 32.7614631 ], [ 128.965145, 32.7615475 ], [ 128.9678208, 32.7638594 ], [ 128.968094399999984, 32.7661089 ] ] ], [ [ [ 128.933331399999986, 32.7983583 ], [ 128.935913299999982, 32.7993111 ], [ 128.936647199999982, 32.8006133 ], [ 128.9361333, 32.8064319 ], [ 128.9342719, 32.8076556 ], [ 128.9324303, 32.8076781 ], [ 128.9293208, 32.8066067 ], [ 128.9297681, 32.8052933 ], [ 128.9324772, 32.8037989 ], [ 128.93237689999998, 32.8024178 ], [ 128.9300897, 32.8024153 ], [ 128.9290411, 32.80023 ], [ 128.9320033, 32.7994578 ], [ 128.933331399999986, 32.7983583 ] ] ], [ [ [ 128.8739119, 32.8379653 ], [ 128.8713397, 32.8404175 ], [ 128.87125, 32.8413502 ], [ 128.8662847, 32.8432311 ], [ 128.8639691, 32.8447611 ], [ 128.8617831, 32.8438281 ], [ 128.8623172, 32.8416125 ], [ 128.864494399999984, 32.8398592 ], [ 128.86457919999998, 32.8364936 ], [ 128.866280599999982, 32.8349206 ], [ 128.866046899999986, 32.8322878 ], [ 128.867795299999983, 32.8320394 ], [ 128.866287199999988, 32.8288936 ], [ 128.866087199999981, 32.8264917 ], [ 128.8693897, 32.8244169 ], [ 128.867842199999984, 32.8225056 ], [ 128.868349199999983, 32.8208481 ], [ 128.869957199999988, 32.8198672 ], [ 128.8784308, 32.8178489 ], [ 128.878023899999988, 32.8161122 ], [ 128.8790114, 32.8147761 ], [ 128.878050799999983, 32.8126447 ], [ 128.878531399999986, 32.8108969 ], [ 128.8731867, 32.8083936 ], [ 128.8751014, 32.8065781 ], [ 128.8759222, 32.803945 ], [ 128.8773103, 32.8022594 ], [ 128.877512699999983, 32.7991889 ], [ 128.8762883, 32.7976681 ], [ 128.8723628, 32.7984986 ], [ 128.8728059, 32.7996525 ], [ 128.869290299999989, 32.8023944 ], [ 128.8626052, 32.8018359 ], [ 128.8616965, 32.8041174 ], [ 128.8656243, 32.8054701 ], [ 128.8678625, 32.8052814 ], [ 128.871085, 32.8062283 ], [ 128.870924699999989, 32.8071814 ], [ 128.868389399999984, 32.8082753 ], [ 128.8661208, 32.8081622 ], [ 128.8633122, 32.8126108 ], [ 128.863645599999984, 32.8159486 ], [ 128.8619956, 32.8188544 ], [ 128.8625714, 32.8218289 ], [ 128.8650931, 32.8229903 ], [ 128.8621772, 32.8263508 ], [ 128.8617903, 32.8281097 ], [ 128.8646661, 32.830365 ], [ 128.8611831, 32.8317181 ], [ 128.8629981, 32.8329867 ], [ 128.8610497, 32.8350275 ], [ 128.8591281, 32.8349372 ], [ 128.85752, 32.8364936 ], [ 128.8556786, 32.8343172 ], [ 128.8550314, 32.8323833 ], [ 128.852923299999986, 32.8316108 ], [ 128.8517717, 32.8295992 ], [ 128.8490603, 32.8300436 ], [ 128.8483128, 32.8322706 ], [ 128.848793100000023, 32.8346611 ], [ 128.8440228, 32.8334772 ], [ 128.840706399999988, 32.8361267 ], [ 128.8407733, 32.8379761 ], [ 128.837824399999988, 32.8383258 ], [ 128.836523299999982, 32.8363017 ], [ 128.835073599999987, 32.8355744 ], [ 128.835400599999986, 32.8333525 ], [ 128.8330006, 32.831515 ], [ 128.8330133, 32.8291006 ], [ 128.8375758, 32.8300206 ], [ 128.839477499999987, 32.8293719 ], [ 128.836895299999981, 32.8258875 ], [ 128.837282499999986, 32.8241225 ], [ 128.8371244, 32.8172283 ], [ 128.8359083, 32.8167419 ], [ 128.839344700000026, 32.8138778 ], [ 128.839666699999981, 32.8121481 ], [ 128.8386925, 32.8087542 ], [ 128.8399336, 32.806465 ], [ 128.8380036, 32.8042133 ], [ 128.8397386, 32.8028544 ], [ 128.8396319, 32.8010444 ], [ 128.8363425, 32.8001478 ], [ 128.8357086, 32.7984225 ], [ 128.832799199999982, 32.797385 ], [ 128.834854399999983, 32.7962067 ], [ 128.836516099999983, 32.7940019 ], [ 128.836469199999982, 32.792705 ], [ 128.8381058, 32.7899339 ], [ 128.837418899999989, 32.7874814 ], [ 128.83707, 32.7832661 ], [ 128.8354172, 32.7823 ], [ 128.8361711, 32.7792781 ], [ 128.8394539, 32.7777219 ], [ 128.8392752, 32.7797293 ], [ 128.8401633, 32.7839341 ], [ 128.8412353, 32.7843174 ], [ 128.843406099999982, 32.7826061 ], [ 128.8417316, 32.7810324 ], [ 128.8442302, 32.7785865 ], [ 128.84686259999998, 32.7782899 ], [ 128.849772299999984, 32.7789152 ], [ 128.852510599999988, 32.7764928 ], [ 128.8527028, 32.7752481 ], [ 128.8547714, 32.7721583 ], [ 128.857731299999983, 32.7716556 ], [ 128.8593094, 32.7706067 ], [ 128.8600633, 32.7665753 ], [ 128.861771399999981, 32.766175 ], [ 128.8640864, 32.7638858 ], [ 128.8660744, 32.7634356 ], [ 128.8698378, 32.7650642 ], [ 128.8732072, 32.7638631 ], [ 128.877364199999988, 32.7647708 ], [ 128.8794461, 32.7636097 ], [ 128.8830222, 32.7647431 ], [ 128.8852975, 32.7707533 ], [ 128.8848103, 32.7721008 ], [ 128.8860114, 32.7759517 ], [ 128.8890539, 32.7786242 ], [ 128.890255, 32.7785 ], [ 128.8921297, 32.7831969 ], [ 128.893645599999985, 32.7850936 ], [ 128.898188300000015, 32.7872283 ], [ 128.9008639, 32.7871325 ], [ 128.9024786, 32.7884517 ], [ 128.9025336, 32.7932639 ], [ 128.9042733, 32.7962664 ], [ 128.9103853, 32.7967514 ], [ 128.910640799999982, 32.7984286 ], [ 128.905694399999987, 32.8022258 ], [ 128.9037194, 32.8023836 ], [ 128.9033192, 32.8046558 ], [ 128.9049469, 32.8059528 ], [ 128.9032056, 32.807085799999989 ], [ 128.9030919, 32.8093183 ], [ 128.905413899999985, 32.8114328 ], [ 128.9058425, 32.8133875 ], [ 128.90032309999998, 32.8145731 ], [ 128.8995022, 32.8165294 ], [ 128.9006431, 32.8216489 ], [ 128.897753599999987, 32.8225508 ], [ 128.89576, 32.8247661 ], [ 128.891236099999986, 32.8252339 ], [ 128.890567799999985, 32.8234475 ], [ 128.885880499999985, 32.8250141 ], [ 128.8833353, 32.8338719 ], [ 128.8797453, 32.834695 ], [ 128.87770580000003, 32.837232199999988 ], [ 128.8739119, 32.8379653 ] ] ], [ [ [ 128.9529886, 32.8748036 ], [ 128.952574699999985, 32.8772336 ], [ 128.9501369, 32.8784736 ], [ 128.9485072, 32.881315 ], [ 128.941575299999982, 32.884675 ], [ 128.940359699999988, 32.8836997 ], [ 128.941234399999985, 32.880695 ], [ 128.946650799999986, 32.8783103 ], [ 128.947465599999987, 32.8754464 ], [ 128.949181899999985, 32.8726725 ], [ 128.9469983, 32.8712008 ], [ 128.9470786, 32.8689572 ], [ 128.94609, 32.8674067 ], [ 128.9464634, 32.8657509 ], [ 128.944491699999986, 32.8628489 ], [ 128.9428634, 32.8619116 ], [ 128.9420433, 32.8596264 ], [ 128.9435661, 32.8572756 ], [ 128.942811399999982, 32.8548344 ], [ 128.9434125, 32.8533067 ], [ 128.942732799999987, 32.8490998 ], [ 128.9394442, 32.848978 ], [ 128.9394943, 32.8518761 ], [ 128.937335, 32.8545808 ], [ 128.9358392, 32.8551333 ], [ 128.9339425, 32.8591981 ], [ 128.935244399999988, 32.8615997 ], [ 128.9314381, 32.8647961 ], [ 128.931030599999985, 32.8663519 ], [ 128.928846700000037, 32.8684325 ], [ 128.928652799999981, 32.8710428 ], [ 128.925714199999987, 32.8732697 ], [ 128.9225889, 32.8701178 ], [ 128.924307699999986, 32.8660713 ], [ 128.9277198, 32.8629352 ], [ 128.9317699, 32.8606131 ], [ 128.931103899999982, 32.8593839 ], [ 128.931458099999986, 32.8570161 ], [ 128.9341628, 32.8531994 ], [ 128.9329275, 32.8512828 ], [ 128.935845799999981, 32.8505497 ], [ 128.9327468, 32.8460711 ], [ 128.933248099999986, 32.8425892 ], [ 128.9324737, 32.84163 ], [ 128.9324765, 32.8388486 ], [ 128.928938300000027, 32.8390325 ], [ 128.9288956, 32.8412491 ], [ 128.927404699999983, 32.8427356 ], [ 128.928998, 32.8449846 ], [ 128.9273747, 32.8473013 ], [ 128.926132, 32.8466888 ], [ 128.924459399999989, 32.8480294 ], [ 128.9266231, 32.8502506 ], [ 128.9267433, 32.8531144 ], [ 128.923895499999986, 32.8546814 ], [ 128.9233604, 32.8580815 ], [ 128.9214637, 32.8595488 ], [ 128.9197801, 32.8596756 ], [ 128.920555600000029, 32.8635163 ], [ 128.916311399999984, 32.8701347 ], [ 128.913105799999983, 32.86921 ], [ 128.9115497, 32.8696833 ], [ 128.9109086, 32.8722711 ], [ 128.9053519, 32.8738269 ], [ 128.9055189, 32.8720175 ], [ 128.9026139, 32.8700497 ], [ 128.8995153, 32.8707992 ], [ 128.8982531, 32.8734997 ], [ 128.89659, 32.8751517 ], [ 128.8959556, 32.8774406 ], [ 128.8941656, 32.8784947 ], [ 128.8905125, 32.8765947 ], [ 128.8887894, 32.8773894 ], [ 128.8873939, 32.8722986 ], [ 128.8897647, 32.8698858 ], [ 128.8899786, 32.8667794 ], [ 128.888095599999986, 32.8655897 ], [ 128.8795, 32.8677714 ], [ 128.878424699999982, 32.8659956 ], [ 128.876247799999987, 32.8656119 ], [ 128.8740842, 32.8627536 ], [ 128.878309799999982, 32.8621671 ], [ 128.880622499999987, 32.8586439 ], [ 128.879466899999983, 32.8557181 ], [ 128.8815375, 32.8530289 ], [ 128.8855911, 32.8543539 ], [ 128.8891175, 32.8534744 ], [ 128.8898656, 32.8519522 ], [ 128.89239, 32.8535308 ], [ 128.8898053, 32.85613 ], [ 128.887966299999988, 32.859289 ], [ 128.8888043, 32.8605189 ], [ 128.8885177, 32.8628978 ], [ 128.8904172, 32.8641314 ], [ 128.891942299999982, 32.8638612 ], [ 128.894443699999982, 32.8593155 ], [ 128.8960171, 32.8579518 ], [ 128.898380299999985, 32.8578314 ], [ 128.9004146, 32.8559278 ], [ 128.9018206, 32.8569229 ], [ 128.9032355, 32.8556623 ], [ 128.9023229, 32.85272 ], [ 128.902788099999981, 32.8507011 ], [ 128.904978900000032, 32.8492581 ], [ 128.906387800000033, 32.8499286 ], [ 128.908291099999985, 32.8482486 ], [ 128.910601899999989, 32.8475103 ], [ 128.9074364, 32.8453114 ], [ 128.911683899999986, 32.8441333 ], [ 128.9134669, 32.8443872 ], [ 128.91368749999998, 32.8423239 ], [ 128.912331699999982, 32.8409481 ], [ 128.9144689, 32.8393639 ], [ 128.9166658, 32.8426 ], [ 128.918716099999983, 32.8431639 ], [ 128.920018299999981, 32.8420422 ], [ 128.9198585, 32.8404841 ], [ 128.9231881, 32.8359928 ], [ 128.9231681, 32.8342617 ], [ 128.9276856, 32.83217 ], [ 128.9275522, 32.8305461 ], [ 128.929820799999987, 32.8275244 ], [ 128.926951699999989, 32.8259511 ], [ 128.9286931, 32.8247164 ], [ 128.9283264, 32.8221622 ], [ 128.9250233, 32.8218972 ], [ 128.9236158, 32.8223992 ], [ 128.9205531, 32.8217678 ], [ 128.9187517, 32.8222353 ], [ 128.915748899999983, 32.8245867 ], [ 128.9143144, 32.8221619 ], [ 128.91441469999998, 32.8206569 ], [ 128.920099199999981, 32.82117 ], [ 128.922608300000036, 32.8204086 ], [ 128.923689199999984, 32.8188078 ], [ 128.9293367, 32.8176131 ], [ 128.932296399999984, 32.8176601 ], [ 128.934044699999987, 32.8192306 ], [ 128.9351656, 32.8216889 ], [ 128.9353122, 32.8249703 ], [ 128.93925710000002, 32.8242675 ], [ 128.9384528, 32.8228633 ], [ 128.9397889, 32.8212236 ], [ 128.9388621, 32.8202975 ], [ 128.938836399999985, 32.8157734 ], [ 128.939255799999984, 32.8144383 ], [ 128.9388822, 32.8108581 ], [ 128.939864, 32.8078168 ], [ 128.9424534, 32.8072567 ], [ 128.9401346, 32.8053293 ], [ 128.939549699999986, 32.8023897 ], [ 128.940283599999987, 32.7996664 ], [ 128.9431794, 32.7999708 ], [ 128.945181099999985, 32.8024686 ], [ 128.945674700000012, 32.806195599999988 ], [ 128.9450875, 32.8080558 ], [ 128.947088899999983, 32.8102719 ], [ 128.948548099999982, 32.8137442 ], [ 128.951592799999986, 32.8147939 ], [ 128.95202, 32.81675 ], [ 128.9497778, 32.8190167 ], [ 128.946087799999987, 32.8177169 ], [ 128.9438351, 32.8203626 ], [ 128.942658199999983, 32.8235734 ], [ 128.9411522, 32.8246582 ], [ 128.941503899999987, 32.8273439 ], [ 128.945026899999988, 32.8326158 ], [ 128.9478292, 32.8337547 ], [ 128.949173299999984, 32.8321532 ], [ 128.9529603, 32.8304508 ], [ 128.954515, 32.8288553 ], [ 128.956162799999987, 32.8287314 ], [ 128.96074, 32.8309756 ], [ 128.96082, 32.8323681 ], [ 128.9575442, 32.8319508 ], [ 128.9542344, 32.8338619 ], [ 128.95512, 32.8380117 ], [ 128.957637799999986, 32.8423867 ], [ 128.9559521, 32.8444036 ], [ 128.9547258, 32.8438411 ], [ 128.9537694, 32.8463906 ], [ 128.9561747, 32.8506458 ], [ 128.9579781, 32.8510011 ], [ 128.9602083, 32.8497947 ], [ 128.9630003, 32.84962 ], [ 128.9641686, 32.8516836 ], [ 128.9626192, 32.8540061 ], [ 128.9619514, 32.8570225 ], [ 128.9621117, 32.8601794 ], [ 128.959441699999985, 32.8631436 ], [ 128.959373299999982, 32.8653436 ], [ 128.9584317, 32.8667925 ], [ 128.9583714, 32.8690478 ], [ 128.9560539, 32.8722608 ], [ 128.9529886, 32.8748036 ] ] ], [ [ [ 128.90485110000003, 32.87792 ], [ 128.9055658, 32.876285 ], [ 128.907288599999987, 32.8760483 ], [ 128.9077628, 32.8785178 ], [ 128.906787799999989, 32.8791211 ], [ 128.90485110000003, 32.87792 ] ] ], [ [ [ 128.914327499999985, 32.8853733 ], [ 128.916390799999988, 32.8865347 ], [ 128.9175061, 32.8921386 ], [ 128.919001899999984, 32.8944222 ], [ 128.917111899999981, 32.8969139 ], [ 128.915669399999985, 32.8948278 ], [ 128.912136700000019, 32.8943992 ], [ 128.9115289, 32.8918511 ], [ 128.909184700000026, 32.8881978 ], [ 128.909639199999987, 32.8859033 ], [ 128.914327499999985, 32.8853733 ] ] ] ] } },
{ "type": "Feature", "properties": { "hokenjo": "佐世保市" }, "geometry": { "type": "MultiPolygon", "coordinates": [ [ [ [ 129.5484166, 33.1469137 ], [ 129.5465969, 33.1492568 ], [ 129.546109299999983, 33.1512264 ], [ 129.543887, 33.1517353 ], [ 129.542784800000021, 33.1513367 ], [ 129.540649299999984, 33.148741 ], [ 129.5355045, 33.1494549 ], [ 129.533023, 33.1491803 ], [ 129.529760700000026, 33.1477485 ], [ 129.5284261, 33.1450205 ], [ 129.5235269, 33.1455037 ], [ 129.519385600000021, 33.1439806 ], [ 129.5183855, 33.1422199 ], [ 129.5150602, 33.1404999 ], [ 129.511854199999988, 33.1420105 ], [ 129.511756, 33.1403464 ], [ 129.5042561, 33.1416304 ], [ 129.5036906, 33.1403888 ], [ 129.507111399999985, 33.1383365 ], [ 129.5099046, 33.1379611 ], [ 129.512763, 33.1384239 ], [ 129.5182309, 33.1356899 ], [ 129.5214913, 33.1373713 ], [ 129.525004699999982, 33.1363021 ], [ 129.5271426, 33.1346663 ], [ 129.529255799999987, 33.1320348 ], [ 129.53400689999998, 33.1316361 ], [ 129.536120499999981, 33.130979 ], [ 129.5380572, 33.133494399999989 ], [ 129.5385149, 33.1360359 ], [ 129.5397567, 33.1376818 ], [ 129.5451184, 33.1374725 ], [ 129.549952499999989, 33.1363316 ], [ 129.5507355, 33.1403674 ], [ 129.55079139999998, 33.1441686 ], [ 129.5494708, 33.1467777 ], [ 129.5484166, 33.1469137 ] ] ], [ [ [ 129.5192549, 33.1710582 ], [ 129.523732599999988, 33.1670075 ], [ 129.524628200000024, 33.1709807 ], [ 129.523043299999983, 33.1729477 ], [ 129.5206495, 33.1734663 ], [ 129.5192549, 33.1710582 ] ] ], [ [ [ 129.582194499999986, 33.2014935 ], [ 129.583638899999983, 33.1985124 ], [ 129.5859673, 33.1989429 ], [ 129.5844822, 33.2012455 ], [ 129.582194499999986, 33.2014935 ] ] ], [ [ [ 129.5762509, 33.2112633 ], [ 129.5767354, 33.2075906 ], [ 129.579811399999983, 33.2089913 ], [ 129.579639899999989, 33.21091 ], [ 129.5778847, 33.213333 ], [ 129.5762509, 33.2112633 ] ] ], [ [ [ 129.5647033, 33.2163453 ], [ 129.56552259999998, 33.2132916 ], [ 129.5673574, 33.2129286 ], [ 129.568207799999982, 33.214776199999989 ], [ 129.565747099999982, 33.217295 ], [ 129.5647033, 33.2163453 ] ] ], [ [ [ 129.548000799999983, 33.2236937 ], [ 129.551569, 33.2226588 ], [ 129.5500156, 33.2257189 ], [ 129.54797, 33.2263945 ], [ 129.5473541, 33.2280796 ], [ 129.5466806, 33.226563299999988 ], [ 129.548000799999983, 33.2236937 ] ] ], [ [ [ 129.5524312, 33.2282424 ], [ 129.553719699999988, 33.2261673 ], [ 129.5579941, 33.2265726 ], [ 129.557133599999986, 33.2284173 ], [ 129.555437, 33.2280308 ], [ 129.5524312, 33.2282424 ] ] ], [ [ [ 129.5594894, 33.2270354 ], [ 129.5621808, 33.227588 ], [ 129.562502200000011, 33.2299967 ], [ 129.561367099999984, 33.2331831 ], [ 129.556965, 33.2336204 ], [ 129.55554, 33.2335578 ], [ 129.557305899999989, 33.2287861 ], [ 129.5594894, 33.2270354 ] ] ], [ [ [ 129.5636438, 33.2545655 ], [ 129.559877799999981, 33.2516203 ], [ 129.562272, 33.2503266 ], [ 129.564807699999989, 33.2526991 ], [ 129.5649919, 33.254134 ], [ 129.5636438, 33.2545655 ] ] ], [ [ [ 129.0639222, 33.2554074 ], [ 129.0629495, 33.2564524 ], [ 129.0624037, 33.259143699999989 ], [ 129.0631214, 33.2602417 ], [ 129.06655139999998, 33.2628119 ], [ 129.0637892, 33.2620796 ], [ 129.0583995, 33.2571647 ], [ 129.0597292, 33.2501493 ], [ 129.061783099999985, 33.2471077 ], [ 129.0634384, 33.2466751 ], [ 129.065190799999982, 33.2483642 ], [ 129.067917599999987, 33.2484741 ], [ 129.068950200000018, 33.2443628 ], [ 129.071976, 33.2449373 ], [ 129.0730251, 33.2469858 ], [ 129.0752364, 33.2480153 ], [ 129.074039299999981, 33.2494471 ], [ 129.0746409, 33.2510988 ], [ 129.072762, 33.253483 ], [ 129.0726551, 33.2550288 ], [ 129.066883, 33.2540869 ], [ 129.0677494, 33.2528032 ], [ 129.066368399999988, 33.2512359 ], [ 129.0637595, 33.2513091 ], [ 129.063341799999989, 33.2534899 ], [ 129.0639222, 33.2554074 ] ] ], [ [ [ 129.5618151, 33.2633707 ], [ 129.559462699999983, 33.2615753 ], [ 129.560783099999981, 33.2606019 ], [ 129.56427739999998, 33.2613563 ], [ 129.5618151, 33.2633707 ] ] ], [ [ [ 129.5610307, 33.265414 ], [ 129.5634153, 33.2629633 ], [ 129.5658769, 33.2635736 ], [ 129.563540499999988, 33.266134099999988 ], [ 129.563321699999989, 33.2694095 ], [ 129.560933299999988, 33.2669607 ], [ 129.5610307, 33.265414 ] ] ], [ [ [ 129.566210600000034, 33.2754698 ], [ 129.566470399999986, 33.2708835 ], [ 129.571037, 33.2742478 ], [ 129.5689654, 33.2749991 ], [ 129.5681772, 33.2766241 ], [ 129.566210600000034, 33.2754698 ] ] ], [ [ [ 129.132999899999987, 33.299245 ], [ 129.135905, 33.3007719 ], [ 129.1339654, 33.3029712 ], [ 129.1324784, 33.3013304 ], [ 129.1286479, 33.3022431 ], [ 129.1261992, 33.3025095 ], [ 129.1236195, 33.3010106 ], [ 129.124627299999986, 33.2986423 ], [ 129.1236203, 33.2979283 ], [ 129.1251734, 33.2945426 ], [ 129.1224944, 33.2921822 ], [ 129.1192304, 33.2918829 ], [ 129.1198101, 33.2893116 ], [ 129.116850199999988, 33.2894934 ], [ 129.1140005, 33.2875005 ], [ 129.110974299999981, 33.2878615 ], [ 129.1109672, 33.2890991 ], [ 129.107802400000026, 33.2899816 ], [ 129.1058616, 33.2871459 ], [ 129.103658599999989, 33.2873801 ], [ 129.1018875, 33.2891164 ], [ 129.1006748, 33.2888002 ], [ 129.0969055, 33.2861669 ], [ 129.095792, 33.2871334 ], [ 129.0929002, 33.2876529 ], [ 129.0911228, 33.2854601 ], [ 129.088376499999981, 33.2846927 ], [ 129.0849732, 33.2810972 ], [ 129.083468, 33.2777936 ], [ 129.0805633, 33.2788304 ], [ 129.079731, 33.2771313 ], [ 129.075707099999988, 33.2732081 ], [ 129.073528499999981, 33.2730269 ], [ 129.0724807, 33.2718684 ], [ 129.0697849, 33.2709565 ], [ 129.0719287, 33.2694295 ], [ 129.072557300000028, 33.2676736 ], [ 129.0759684, 33.2651531 ], [ 129.0738834, 33.2632392 ], [ 129.0729383, 33.2598352 ], [ 129.077512399999989, 33.2619297 ], [ 129.077919899999983, 33.2641111 ], [ 129.0815787, 33.2652817 ], [ 129.084859599999987, 33.2639493 ], [ 129.0851931, 33.2623333 ], [ 129.087778899999989, 33.260257 ], [ 129.092572499999989, 33.2591061 ], [ 129.092203899999987, 33.2553284 ], [ 129.0942509, 33.2544874 ], [ 129.094483699999984, 33.2517937 ], [ 129.0967565, 33.2512512 ], [ 129.1001837, 33.2488117 ], [ 129.1024947, 33.2507025 ], [ 129.1039439, 33.2490828 ], [ 129.1076439, 33.2487969 ], [ 129.1096267, 33.2468485 ], [ 129.1155129, 33.247252 ], [ 129.1176845, 33.2454461 ], [ 129.1199205, 33.2466556 ], [ 129.123136499999987, 33.2462029 ], [ 129.1261558, 33.247105 ], [ 129.1280051, 33.2493094 ], [ 129.1298624, 33.2489796 ], [ 129.131508199999985, 33.2516411 ], [ 129.1329054, 33.2526667 ], [ 129.1306903, 33.2556458 ], [ 129.1285987, 33.2561294 ], [ 129.1288176, 33.2589515 ], [ 129.1300518, 33.2611778 ], [ 129.1329863, 33.2619635 ], [ 129.1378116, 33.2619967 ], [ 129.1401611, 33.2632772 ], [ 129.14157, 33.2651376 ], [ 129.1440847, 33.2647578 ], [ 129.1460825, 33.2679439 ], [ 129.1493504, 33.269027799999989 ], [ 129.149761499999983, 33.269849 ], [ 129.1537071, 33.268717 ], [ 129.156357499999984, 33.270964 ], [ 129.1548831, 33.272644 ], [ 129.152426599999984, 33.2725588 ], [ 129.1493437, 33.2749282 ], [ 129.1468428, 33.2735012 ], [ 129.144999, 33.2759236 ], [ 129.1428359, 33.2754849 ], [ 129.1400322, 33.2786815 ], [ 129.140939, 33.2816802 ], [ 129.1422447, 33.2833298 ], [ 129.1400018, 33.2851052 ], [ 129.140260899999987, 33.2890299 ], [ 129.1376453, 33.2900876 ], [ 129.138231700000034, 33.291781 ], [ 129.1373993, 33.2930199 ], [ 129.139456599999988, 33.2952231 ], [ 129.138710799999984, 33.2975648 ], [ 129.1360052, 33.2986177 ], [ 129.134797099999986, 33.2972351 ], [ 129.132999899999987, 33.299245 ] ] ], [ [ [ 129.573978400000016, 33.2768733 ], [ 129.5734299, 33.27951 ], [ 129.5713829, 33.2774191 ], [ 129.573978400000016, 33.2768733 ] ] ], [ [ [ 129.7847836, 33.0733719 ], [ 129.7828945, 33.0738244 ], [ 129.7832028, 33.0763121 ], [ 129.7808396, 33.0768719 ], [ 129.778401299999985, 33.074471 ], [ 129.7781094, 33.0710093 ], [ 129.7806814, 33.071388 ], [ 129.782681599999989, 33.0667589 ], [ 129.785146, 33.0662501 ], [ 129.786353, 33.0683066 ], [ 129.7847836, 33.0733719 ] ] ], [ [ [ 129.7802472, 33.1417779 ], [ 129.778022, 33.1412511 ], [ 129.7737519, 33.1411234 ], [ 129.7701214, 33.1418099 ], [ 129.768232399999988, 33.1434433 ], [ 129.7669626, 33.1429006 ], [ 129.764737699999984, 33.1393458 ], [ 129.7597716, 33.1366275 ], [ 129.7579948, 33.134808 ], [ 129.757911, 33.1313618 ], [ 129.765415099999984, 33.1315825 ], [ 129.7706144, 33.1287534 ], [ 129.771920099999988, 33.1290957 ], [ 129.7738759, 33.1263573 ], [ 129.7712448, 33.1255046 ], [ 129.769777299999987, 33.1260454 ], [ 129.7670301, 33.1249403 ], [ 129.766537799999981, 33.1261428 ], [ 129.7587617, 33.1282911 ], [ 129.757638499999985, 33.1254881 ], [ 129.761780099999982, 33.1221209 ], [ 129.7593708, 33.1216641 ], [ 129.757314799999989, 33.1200913 ], [ 129.7580888, 33.1162907 ], [ 129.7612009, 33.1154391 ], [ 129.760806299999985, 33.1138001 ], [ 129.7587828, 33.1143202 ], [ 129.7546151, 33.1141846 ], [ 129.7536853, 33.119412 ], [ 129.7521964, 33.1208913 ], [ 129.7517432, 33.1241136 ], [ 129.7470289, 33.12539 ], [ 129.7437108, 33.1215188 ], [ 129.7436454, 33.1162511 ], [ 129.742894, 33.1150092 ], [ 129.7449073, 33.1120802 ], [ 129.74815719999998, 33.1120154 ], [ 129.7493481, 33.1099766 ], [ 129.751367, 33.1086229 ], [ 129.752655299999986, 33.1044236 ], [ 129.752698399999986, 33.1019791 ], [ 129.7473168, 33.1010694 ], [ 129.747737699999988, 33.0993029 ], [ 129.746557599999988, 33.0984709 ], [ 129.744506199999989, 33.099153 ], [ 129.7435323, 33.1004717 ], [ 129.7402922, 33.1009307 ], [ 129.7390988, 33.1022651 ], [ 129.7356863, 33.1008947 ], [ 129.7337001, 33.1029175 ], [ 129.7311618, 33.1034144 ], [ 129.7295126, 33.1020385 ], [ 129.7288249, 33.1000764 ], [ 129.733956299999988, 33.0940711 ], [ 129.734530799999987, 33.0920116 ], [ 129.7338933, 33.0902693 ], [ 129.7355964, 33.0872131 ], [ 129.7384897, 33.0834678 ], [ 129.738538299999988, 33.0803262 ], [ 129.7394453, 33.0787426 ], [ 129.7427586, 33.0774437 ], [ 129.7468159, 33.0806025 ], [ 129.748356699999988, 33.0777966 ], [ 129.74807389999998, 33.0763777 ], [ 129.746173, 33.0755117 ], [ 129.7461357, 33.0730675 ], [ 129.7434878, 33.0733594 ], [ 129.740325500000012, 33.0722167 ], [ 129.7394692, 33.0712736 ], [ 129.741387, 33.0684087 ], [ 129.7438501, 33.0660431 ], [ 129.7422162, 33.0652419 ], [ 129.7413119, 33.0631373 ], [ 129.7428668, 33.061758 ], [ 129.7449019, 33.0617824 ], [ 129.7503203, 33.0630726 ], [ 129.7554118, 33.062658 ], [ 129.758127799999983, 33.063475 ], [ 129.7550579, 33.0587157 ], [ 129.7564, 33.0575012 ], [ 129.7544771, 33.0560256 ], [ 129.755239, 33.0550739 ], [ 129.7587044, 33.0537977 ], [ 129.7626692, 33.0540878 ], [ 129.7624542, 33.0524456 ], [ 129.7637621, 33.0504975 ], [ 129.767591, 33.0500897 ], [ 129.768211899999983, 33.050874 ], [ 129.7650116, 33.0533997 ], [ 129.7646078, 33.0584729 ], [ 129.7674175, 33.0590398 ], [ 129.7688614, 33.0605657 ], [ 129.774392899999981, 33.0603636 ], [ 129.7768926, 33.0609953 ], [ 129.7807968, 33.0612142 ], [ 129.778480799999983, 33.0660275 ], [ 129.775727499999988, 33.0649643 ], [ 129.774626499999982, 33.065949 ], [ 129.7711749, 33.0657706 ], [ 129.772001599999982, 33.0726911 ], [ 129.768121799999989, 33.0744399 ], [ 129.7647867, 33.0741866 ], [ 129.763269399999984, 33.0771787 ], [ 129.7596905, 33.0788784 ], [ 129.7577905, 33.0804829 ], [ 129.757776399999983, 33.0822412 ], [ 129.7590971, 33.0843616 ], [ 129.7582538, 33.088195 ], [ 129.758792799999981, 33.0894369 ], [ 129.761766100000017, 33.0889773 ], [ 129.763169799999986, 33.0900938 ], [ 129.762049599999983, 33.0935602 ], [ 129.7621048, 33.0951001 ], [ 129.7641533, 33.0956033 ], [ 129.763882099999989, 33.0973949 ], [ 129.766613399999983, 33.0986613 ], [ 129.7681192, 33.1004836 ], [ 129.7701152, 33.0992437 ], [ 129.7691002, 33.0974663 ], [ 129.766841, 33.0955533 ], [ 129.7675214, 33.0938088 ], [ 129.7691764, 33.0924399 ], [ 129.76929149999998, 33.0905797 ], [ 129.7675664, 33.0887963 ], [ 129.7650169, 33.0887107 ], [ 129.764812799999987, 33.0864585 ], [ 129.7627168, 33.0834277 ], [ 129.7664117, 33.0798437 ], [ 129.7669583, 33.0775181 ], [ 129.770226899999983, 33.0792499 ], [ 129.772922699999981, 33.0777818 ], [ 129.777006299999982, 33.0779694 ], [ 129.778790300000026, 33.0760052 ], [ 129.780074, 33.0779827 ], [ 129.7837044, 33.0783098 ], [ 129.785818, 33.0799675 ], [ 129.7863351, 33.0832603 ], [ 129.793366099999986, 33.0826487 ], [ 129.7945178, 33.0858826 ], [ 129.79513860000003, 33.091248 ], [ 129.7924808, 33.0956629 ], [ 129.7893319, 33.0997833 ], [ 129.7877808, 33.1011847 ], [ 129.7865047, 33.1041439 ], [ 129.7883573, 33.1063621 ], [ 129.7936264, 33.1108937 ], [ 129.794776499999983, 33.1135716 ], [ 129.7946829, 33.1187696 ], [ 129.7924363, 33.1267666 ], [ 129.795843, 33.1322229 ], [ 129.7950473, 33.1358283 ], [ 129.793847699999986, 33.1376136 ], [ 129.791270699999984, 33.1384126 ], [ 129.787842399999988, 33.1380295 ], [ 129.7862772, 33.1401211 ], [ 129.7846176, 33.1400675 ], [ 129.783234099999987, 33.1413794 ], [ 129.7802472, 33.1417779 ] ] ], [ [ [ 129.7513114, 33.1318731 ], [ 129.7529079, 33.1313209 ], [ 129.7552809, 33.1324326 ], [ 129.7546863, 33.1341526 ], [ 129.75283779999998, 33.1347506 ], [ 129.7515378, 33.1342341 ], [ 129.7513114, 33.1318731 ] ] ], [ [ [ 129.6793533, 33.1364362 ], [ 129.6805381, 33.14116 ], [ 129.6779449, 33.1416618 ], [ 129.6762085, 33.1406887 ], [ 129.674951099999987, 33.1432651 ], [ 129.673483799999985, 33.1406977 ], [ 129.678497599999986, 33.1398741 ], [ 129.6763638, 33.1388579 ], [ 129.6749672, 33.1370058 ], [ 129.6793533, 33.1364362 ] ] ], [ [ [ 129.6729485, 33.1498594 ], [ 129.673466499999989, 33.1515735 ], [ 129.6712556, 33.1548838 ], [ 129.6710172, 33.1561395 ], [ 129.6685072, 33.1574712 ], [ 129.66799, 33.1559666 ], [ 129.669081799999987, 33.1519639 ], [ 129.6707405, 33.1498335 ], [ 129.6729485, 33.1498594 ] ] ], [ [ [ 129.6380512, 33.1631855 ], [ 129.636873899999983, 33.1627454 ], [ 129.6380744, 33.1579346 ], [ 129.6390993, 33.1608954 ], [ 129.6380512, 33.1631855 ] ] ], [ [ [ 129.6524104, 33.1600177 ], [ 129.6513529, 33.1624729 ], [ 129.6502356, 33.1603635 ], [ 129.6524104, 33.1600177 ] ] ], [ [ [ 129.671151, 33.1663769 ], [ 129.6705642, 33.1639891 ], [ 129.672572, 33.1625015 ], [ 129.675072299999982, 33.1628279 ], [ 129.671151, 33.1663769 ] ] ], [ [ [ 129.593578899999983, 33.186225 ], [ 129.5943294, 33.1887842 ], [ 129.5939646, 33.1916078 ], [ 129.590779699999985, 33.1928842 ], [ 129.590778199999988, 33.1938611 ], [ 129.5901403, 33.1924223 ], [ 129.5867096, 33.1918613 ], [ 129.5842524, 33.1926692 ], [ 129.5812982, 33.192427 ], [ 129.5808395, 33.1872514 ], [ 129.579651, 33.1853371 ], [ 129.5793337, 33.1824375 ], [ 129.5809094, 33.1804996 ], [ 129.581065699999982, 33.1785101 ], [ 129.584532199999984, 33.1760813 ], [ 129.58554060000003, 33.1748104 ], [ 129.5893362, 33.1728337 ], [ 129.590431099999989, 33.1712752 ], [ 129.590379899999988, 33.168602 ], [ 129.5866326, 33.1677859 ], [ 129.5840301, 33.1682201 ], [ 129.58222, 33.1634671 ], [ 129.5820103, 33.1618689 ], [ 129.5832201, 33.1606539 ], [ 129.586233400000026, 33.1619497 ], [ 129.5913957, 33.1633127 ], [ 129.5932622, 33.1657187 ], [ 129.591812799999985, 33.1713189 ], [ 129.592166, 33.1731952 ], [ 129.5937, 33.1752324 ], [ 129.5918337, 33.1800983 ], [ 129.589054399999981, 33.1816491 ], [ 129.588357299999984, 33.1799995 ], [ 129.585612199999986, 33.1816737 ], [ 129.5864094, 33.1848185 ], [ 129.5886363, 33.1873048 ], [ 129.586931099999987, 33.1886954 ], [ 129.5873689, 33.1901884 ], [ 129.5923999, 33.1880328 ], [ 129.5897488, 33.185813 ], [ 129.5906823, 33.1835945 ], [ 129.5935998, 33.1836323 ], [ 129.594919399999981, 33.1852044 ], [ 129.593578899999983, 33.186225 ] ] ], [ [ [ 129.6128042, 33.1889031 ], [ 129.61017, 33.1880689 ], [ 129.611919699999987, 33.1843367 ], [ 129.6143861, 33.1881139 ], [ 129.6128042, 33.1889031 ] ] ], [ [ [ 129.6129138, 33.1892673 ], [ 129.6138192, 33.1913806 ], [ 129.6113052, 33.1940672 ], [ 129.6104599, 33.1960997 ], [ 129.610863599999988, 33.1979056 ], [ 129.6092471, 33.1955058 ], [ 129.6114378, 33.1932128 ], [ 129.608754299999987, 33.1925254 ], [ 129.6085893, 33.1896906 ], [ 129.6129138, 33.1892673 ] ] ], [ [ [ 129.5983831, 33.1938481 ], [ 129.600677, 33.1949269 ], [ 129.5990284, 33.1961241 ], [ 129.600275499999981, 33.1977191 ], [ 129.6000793, 33.199812799999989 ], [ 129.596233499999983, 33.197456 ], [ 129.5958637, 33.1947703 ], [ 129.5983831, 33.1938481 ] ] ], [ [ [ 129.5984421, 33.2016804 ], [ 129.602860099999987, 33.2024529 ], [ 129.6023095, 33.2042245 ], [ 129.600354, 33.2049367 ], [ 129.5998057, 33.2068877 ], [ 129.596646, 33.2065311 ], [ 129.596060599999987, 33.2049092 ], [ 129.5983259, 33.203988 ], [ 129.5962773, 33.2023555 ], [ 129.5984421, 33.2016804 ] ] ], [ [ [ 129.5931213, 33.204483 ], [ 129.590289499999983, 33.203685 ], [ 129.588355399999983, 33.2040278 ], [ 129.586009200000035, 33.2064934 ], [ 129.582974299999989, 33.2079041 ], [ 129.5818965, 33.2073454 ], [ 129.5815869, 33.2050281 ], [ 129.5829702, 33.2027029 ], [ 129.5845593, 33.2040585 ], [ 129.587595199999981, 33.202601 ], [ 129.5909465, 33.2017521 ], [ 129.593784299999982, 33.2025527 ], [ 129.5931213, 33.204483 ] ] ], [ [ [ 129.79095, 33.2573614 ], [ 129.784051399999981, 33.2638661 ], [ 129.784036900000018, 33.26521 ], [ 129.7800992, 33.2671633 ], [ 129.777798599999983, 33.2700972 ], [ 129.7769131, 33.2679794 ], [ 129.774931899999984, 33.2669275 ], [ 129.7720625, 33.2677608 ], [ 129.77044, 33.2689711 ], [ 129.766877199999982, 33.2690753 ], [ 129.7650597, 33.2716144 ], [ 129.761196899999987, 33.2748347 ], [ 129.760255, 33.2770406 ], [ 129.7565569, 33.2774994 ], [ 129.754228900000015, 33.2761136 ], [ 129.7488942, 33.2771614 ], [ 129.7470669, 33.2758253 ], [ 129.7441044, 33.2748883 ], [ 129.7391539, 33.2776067 ], [ 129.735101899999989, 33.2786642 ], [ 129.7296586, 33.2826028 ], [ 129.7241067, 33.2852889 ], [ 129.719286399999987, 33.2862419 ], [ 129.7157933, 33.2879789 ], [ 129.7139072, 33.2901069 ], [ 129.714198899999985, 33.2928794 ], [ 129.7153147, 33.2953489 ], [ 129.7156908, 33.3011014 ], [ 129.7154108, 33.3025008 ], [ 129.7079517, 33.3022647 ], [ 129.708777500000025, 33.3065758 ], [ 129.707245299999983, 33.3087586 ], [ 129.7036872, 33.3105031 ], [ 129.6994886, 33.3106347 ], [ 129.696098899999981, 33.3097175 ], [ 129.694277199999988, 33.3102836 ], [ 129.691855799999985, 33.3098586 ], [ 129.689612499999981, 33.3111289 ], [ 129.6870808, 33.3104411 ], [ 129.6834614, 33.3106161 ], [ 129.682815799999986, 33.3115692 ], [ 129.6793672, 33.3111208 ], [ 129.6763972, 33.307896899999989 ], [ 129.6740725, 33.3087936 ], [ 129.67256, 33.3083522 ], [ 129.6717042, 33.310295 ], [ 129.670130799999981, 33.3101381 ], [ 129.6667736, 33.3113281 ], [ 129.6665433, 33.3164244 ], [ 129.667450299999985, 33.3180864 ], [ 129.664273899999984, 33.3215128 ], [ 129.6617033, 33.3204767 ], [ 129.6592953, 33.3204867 ], [ 129.656546099999986, 33.3196544 ], [ 129.6558589, 33.3228194 ], [ 129.6546325, 33.3245425 ], [ 129.6531158, 33.3248625 ], [ 129.650801699999988, 33.3271867 ], [ 129.6485686, 33.3278939 ], [ 129.6488194, 33.3294389 ], [ 129.645101899999986, 33.3325917 ], [ 129.6428489, 33.3337489 ], [ 129.6408356, 33.3338633 ], [ 129.6376089, 33.3389642 ], [ 129.6312881, 33.3426672 ], [ 129.630327199999982, 33.3419892 ], [ 129.6310283, 33.339285 ], [ 129.6326153, 33.3375169 ], [ 129.6306414, 33.3350458 ], [ 129.6281514, 33.3366325 ], [ 129.6245853, 33.3371056 ], [ 129.623316099999982, 33.3366325 ], [ 129.6228494, 33.3343711 ], [ 129.619842799999986, 33.3332439 ], [ 129.621299199999982, 33.3306403 ], [ 129.6228978, 33.3293244 ], [ 129.62383, 33.3267317 ], [ 129.622742499999987, 33.3256033 ], [ 129.6207114, 33.3260864 ], [ 129.6199211, 33.3277156 ], [ 129.6159542, 33.3253078 ], [ 129.6138642, 33.3263561 ], [ 129.6110864, 33.3260417 ], [ 129.60933559999998, 33.3240556 ], [ 129.606657499999983, 33.3236325 ], [ 129.6048817, 33.3211106 ], [ 129.606595, 33.3194306 ], [ 129.6058281, 33.3160778 ], [ 129.608319599999987, 33.3149406 ], [ 129.609718499999985, 33.3133842 ], [ 129.6152011, 33.3105043 ], [ 129.620294699999988, 33.3102259 ], [ 129.616436199999981, 33.3079027 ], [ 129.6149618, 33.3091027 ], [ 129.6071345, 33.3119945 ], [ 129.604634, 33.3106577 ], [ 129.601624499999986, 33.3075782 ], [ 129.600277399999982, 33.3081848 ], [ 129.5967942, 33.3026889 ], [ 129.5980348, 33.3021348 ], [ 129.5952337, 33.2976089 ], [ 129.5907952, 33.2951971 ], [ 129.5914828, 33.2942654 ], [ 129.590357399999988, 33.2914798 ], [ 129.5881794, 33.2948491 ], [ 129.585649, 33.2938862 ], [ 129.5851793, 33.2919209 ], [ 129.583158, 33.290292 ], [ 129.5871999, 33.2882056 ], [ 129.5873665, 33.2864461 ], [ 129.5893605, 33.2846005 ], [ 129.586998099999988, 33.2832821 ], [ 129.5879581, 33.2821261 ], [ 129.586121599999984, 33.2803244 ], [ 129.5882301, 33.2794169 ], [ 129.587112, 33.2774454 ], [ 129.5909939, 33.2762986 ], [ 129.588790800000027, 33.2744562 ], [ 129.5890771, 33.2717056 ], [ 129.5849461, 33.2710217 ], [ 129.5815862, 33.2711478 ], [ 129.579757799999982, 33.266292799999988 ], [ 129.5780628, 33.2664324 ], [ 129.5771112, 33.2692441 ], [ 129.5770938, 33.27262 ], [ 129.5761841, 33.2747889 ], [ 129.5774274, 33.2768192 ], [ 129.5801658, 33.2787717 ], [ 129.578961199999981, 33.2799099 ], [ 129.5754114, 33.2771221 ], [ 129.5722841, 33.273574 ], [ 129.572619, 33.27226 ], [ 129.5749044, 33.2722132 ], [ 129.5741104, 33.2695899 ], [ 129.572388599999982, 33.2696416 ], [ 129.5693693, 33.2679781 ], [ 129.571442099999985, 33.2647108 ], [ 129.574224, 33.2637327 ], [ 129.5727153, 33.2621984 ], [ 129.5692147, 33.2635973 ], [ 129.5676561, 33.2615644 ], [ 129.5687495, 33.2596474 ], [ 129.5649741, 33.2563433 ], [ 129.5648009, 33.2545234 ], [ 129.5666033, 33.2539877 ], [ 129.5668255, 33.2525499 ], [ 129.565326699999986, 33.250166 ], [ 129.565645099999983, 33.2483618 ], [ 129.5630922, 33.2475371 ], [ 129.5595834, 33.2480623 ], [ 129.5575815, 33.2472673 ], [ 129.557007, 33.2436822 ], [ 129.5559801, 33.2413016 ], [ 129.562452, 33.2395778 ], [ 129.5664806, 33.2453505 ], [ 129.5679209, 33.2428222 ], [ 129.5669378, 33.240741899999989 ], [ 129.566524800000025, 33.2375525 ], [ 129.5678754, 33.2374224 ], [ 129.5665857, 33.2315886 ], [ 129.5666151, 33.2297017 ], [ 129.5650603, 33.2269838 ], [ 129.5634564, 33.227742 ], [ 129.5605378, 33.2271698 ], [ 129.5559721, 33.2243834 ], [ 129.555907099999985, 33.2201262 ], [ 129.5525098, 33.2175982 ], [ 129.5589306, 33.2143416 ], [ 129.5590085, 33.2166655 ], [ 129.562018, 33.2157338 ], [ 129.564516, 33.2179519 ], [ 129.567176099999983, 33.218205 ], [ 129.567431, 33.2168927 ], [ 129.5710292, 33.2175682 ], [ 129.576509, 33.2162139 ], [ 129.579521, 33.2171683 ], [ 129.5836871, 33.216036 ], [ 129.5840208, 33.213982 ], [ 129.582751799999983, 33.2129273 ], [ 129.58544, 33.2106131 ], [ 129.586602699999986, 33.2122932 ], [ 129.592871299999985, 33.2128254 ], [ 129.5940262, 33.2098855 ], [ 129.595562199999989, 33.2087482 ], [ 129.5970676, 33.2109797 ], [ 129.5998832, 33.2122698 ], [ 129.602735199999984, 33.2149574 ], [ 129.6018301, 33.2177652 ], [ 129.6028689, 33.2193657 ], [ 129.6045738, 33.2194346 ], [ 129.6054834, 33.2212916 ], [ 129.611012, 33.2228619 ], [ 129.6131634, 33.2247556 ], [ 129.6146483, 33.2243039 ], [ 129.6126794, 33.2215301 ], [ 129.6075033, 33.2216371 ], [ 129.606149599999981, 33.220521 ], [ 129.606665, 33.2186361 ], [ 129.606016899999986, 33.2136574 ], [ 129.6048839, 33.2110921 ], [ 129.601179699999989, 33.209965 ], [ 129.600621499999988, 33.2071349 ], [ 129.602900399999982, 33.2047262 ], [ 129.6050119, 33.2037434 ], [ 129.6067861, 33.2054479 ], [ 129.6102019, 33.2065608 ], [ 129.611774699999984, 33.2040826 ], [ 129.6137623, 33.2030186 ], [ 129.6171486, 33.2044395 ], [ 129.616827199999989, 33.2059335 ], [ 129.6175537, 33.2090397 ], [ 129.620241199999981, 33.2122022 ], [ 129.6200193, 33.2089715 ], [ 129.621822, 33.2046741 ], [ 129.6204557, 33.2032622 ], [ 129.6198226, 33.1999044 ], [ 129.6189014, 33.1986167 ], [ 129.6185534, 33.1948735 ], [ 129.621107699999982, 33.1942072 ], [ 129.6226915, 33.1917932 ], [ 129.6261433, 33.1898029 ], [ 129.626881199999985, 33.1913154 ], [ 129.6289463, 33.1928587 ], [ 129.6312721, 33.1933171 ], [ 129.6344541, 33.1959457 ], [ 129.6361461, 33.1956582 ], [ 129.6358357, 33.2003083 ], [ 129.638855899999982, 33.2002684 ], [ 129.6368688, 33.2027126 ], [ 129.6374548, 33.2042449 ], [ 129.6394995, 33.2051991 ], [ 129.6399472, 33.2080315 ], [ 129.638600199999985, 33.2119778 ], [ 129.6393924, 33.2152229 ], [ 129.6367543, 33.2174821 ], [ 129.6354513, 33.2236598 ], [ 129.637120899999985, 33.2246954 ], [ 129.6377944, 33.2283572 ], [ 129.6391739, 33.23079 ], [ 129.6358089, 33.232700799999989 ], [ 129.6333339, 33.2334989 ], [ 129.6315914, 33.2371833 ], [ 129.6316369, 33.2410075 ], [ 129.630356399999982, 33.2427275 ], [ 129.6280922, 33.2429358 ], [ 129.627453299999985, 33.244325 ], [ 129.624058099999985, 33.245810299999988 ], [ 129.623864699999984, 33.2481928 ], [ 129.6225289, 33.2490058 ], [ 129.622963299999981, 33.2527706 ], [ 129.6220567, 33.2554211 ], [ 129.624674199999987, 33.2581147 ], [ 129.6262864, 33.2621078 ], [ 129.627198599999986, 33.2630108 ], [ 129.6284411, 33.2678108 ], [ 129.6331183, 33.2723264 ], [ 129.635730599999988, 33.2722839 ], [ 129.641253299999988, 33.2690044 ], [ 129.641708599999987, 33.2707578 ], [ 129.643410599999982, 33.272540299999989 ], [ 129.64323330000002, 33.2743336 ], [ 129.6468989, 33.2768839 ], [ 129.6489403, 33.2789386 ], [ 129.650899399999986, 33.2789892 ], [ 129.6530511, 33.2772842 ], [ 129.6557822, 33.2769344 ], [ 129.6599611, 33.2755258 ], [ 129.6598847, 33.2742828 ], [ 129.6633606, 33.2741597 ], [ 129.6657681, 33.2722572 ], [ 129.668686899999983, 33.2719953 ], [ 129.6698394, 33.269565799999988 ], [ 129.6742333, 33.2669297 ], [ 129.673765799999984, 33.2655039 ], [ 129.676630599999982, 33.2648508 ], [ 129.680236900000011, 33.2664756 ], [ 129.6827078, 33.2663736 ], [ 129.6850708, 33.2633619 ], [ 129.68618859999998, 33.2604978 ], [ 129.685424399999988, 33.2593756 ], [ 129.6863625, 33.2568789 ], [ 129.6886067, 33.255175 ], [ 129.6835817, 33.2520567 ], [ 129.6826261, 33.2483572 ], [ 129.6815106, 33.2470875 ], [ 129.6806086, 33.2436006 ], [ 129.680759199999983, 33.2418517 ], [ 129.684852799999987, 33.2407294 ], [ 129.686003299999982, 33.2382828 ], [ 129.6894006, 33.2359394 ], [ 129.6883556, 33.2346636 ], [ 129.69146, 33.2326794 ], [ 129.6897931, 33.23142 ], [ 129.6903017, 33.2289997 ], [ 129.6896006, 33.2278439 ], [ 129.684953299999989, 33.2255367 ], [ 129.683154699999989, 33.2252664 ], [ 129.679274199999981, 33.2222261 ], [ 129.677116899999987, 33.2233336 ], [ 129.6751664, 33.2225633 ], [ 129.674004199999985, 33.2203661 ], [ 129.6714756, 33.2177881 ], [ 129.670420299999989, 33.2148478 ], [ 129.667093099999988, 33.2147644 ], [ 129.663569199999984, 33.212475 ], [ 129.6600003, 33.2122536 ], [ 129.6597664, 33.2107739 ], [ 129.6575622, 33.2098022 ], [ 129.654609199999982, 33.2101867 ], [ 129.6526244, 33.207905 ], [ 129.64970839999998, 33.2078352 ], [ 129.647836899999987, 33.2067364 ], [ 129.644205299999982, 33.2027241 ], [ 129.644746, 33.1993091 ], [ 129.643763, 33.198182 ], [ 129.6451874, 33.1957845 ], [ 129.648399600000033, 33.1936091 ], [ 129.6514695, 33.1955952 ], [ 129.6534528, 33.1954972 ], [ 129.653528699999981, 33.1939562 ], [ 129.656412099999983, 33.1920159 ], [ 129.65551880000001, 33.1909931 ], [ 129.653167, 33.19233 ], [ 129.650797, 33.1915761 ], [ 129.6534088, 33.1888244 ], [ 129.651218699999987, 33.1859143 ], [ 129.655205199999983, 33.1841006 ], [ 129.652250399999986, 33.1830185 ], [ 129.6526642, 33.1812704 ], [ 129.6504554, 33.1810397 ], [ 129.647591299999988, 33.1797154 ], [ 129.64673879999998, 33.1810712 ], [ 129.643004599999983, 33.1794103 ], [ 129.6426593, 33.1749595 ], [ 129.641345299999983, 33.175801 ], [ 129.6394325, 33.175232699999988 ], [ 129.637718399999983, 33.1717544 ], [ 129.637550399999981, 33.1701455 ], [ 129.6357344, 33.1675023 ], [ 129.638595399999986, 33.1668401 ], [ 129.640050799999983, 33.1676907 ], [ 129.6395111, 33.169600599999988 ], [ 129.6447737, 33.1711757 ], [ 129.6505989, 33.1737191 ], [ 129.652107799999982, 33.1718261 ], [ 129.661602, 33.1712162 ], [ 129.6601173, 33.1676565 ], [ 129.662308199999984, 33.1647547 ], [ 129.667191799999983, 33.1651011 ], [ 129.668639399999989, 33.1666239 ], [ 129.670756, 33.1670804 ], [ 129.67377639999998, 33.1656121 ], [ 129.6759066, 33.1655127 ], [ 129.675549599999982, 33.1638395 ], [ 129.6784726, 33.1643649 ], [ 129.6778103, 33.1607385 ], [ 129.679026099999987, 33.1590097 ], [ 129.677510499999983, 33.154318499999988 ], [ 129.6805386, 33.1515918 ], [ 129.6788798, 33.1503403 ], [ 129.681446099999988, 33.1485554 ], [ 129.6831919, 33.1481767 ], [ 129.683410399999985, 33.1460083 ], [ 129.6851623, 33.1443906 ], [ 129.687529800000021, 33.1443355 ], [ 129.6897588, 33.1429369 ], [ 129.6922564, 33.1403002 ], [ 129.695672799999983, 33.1413774 ], [ 129.698347399999989, 33.1414645 ], [ 129.698314899999986, 33.1378371 ], [ 129.696595299999984, 33.136183 ], [ 129.6924685, 33.137271 ], [ 129.6884545, 33.1364806 ], [ 129.68410369999998, 33.1377924 ], [ 129.6833179, 33.1360849 ], [ 129.6837562, 33.1338984 ], [ 129.6816818, 33.1324751 ], [ 129.680354, 33.1331947 ], [ 129.6792499, 33.1303881 ], [ 129.680205799999982, 33.127101 ], [ 129.6794482, 33.1262158 ], [ 129.6751247, 33.1277978 ], [ 129.671883899999983, 33.1278304 ], [ 129.6696974, 33.1260588 ], [ 129.6672091, 33.1256741 ], [ 129.6666003, 33.1239006 ], [ 129.664632, 33.1251835 ], [ 129.6629864, 33.1273784 ], [ 129.662729899999988, 33.1304783 ], [ 129.6605964, 33.1306218 ], [ 129.659197299999988, 33.1317701 ], [ 129.6569711, 33.1316348 ], [ 129.6571119, 33.1291323 ], [ 129.6612146, 33.1251991 ], [ 129.6606133, 33.1225447 ], [ 129.6579341, 33.1215879 ], [ 129.659266799999983, 33.118772 ], [ 129.6593832, 33.1159815 ], [ 129.6612998, 33.1124654 ], [ 129.663062699999983, 33.1126325 ], [ 129.6649081, 33.1105046 ], [ 129.66588059999998, 33.1053847 ], [ 129.6645912, 33.1031628 ], [ 129.666517699999986, 33.1012568 ], [ 129.6681867, 33.1019363 ], [ 129.6688888, 33.1037713 ], [ 129.6724269, 33.1063282 ], [ 129.672640699999988, 33.1087077 ], [ 129.6740835, 33.1114585 ], [ 129.6718428, 33.1173439 ], [ 129.6732289, 33.1196757 ], [ 129.6755171, 33.1201014 ], [ 129.6773047, 33.1177553 ], [ 129.6775422, 33.1155557 ], [ 129.6795267, 33.1139112 ], [ 129.6898632, 33.1153214 ], [ 129.692269499999981, 33.117322 ], [ 129.6945657, 33.115316199999988 ], [ 129.6966453, 33.1147511 ], [ 129.697688, 33.1130181 ], [ 129.700617, 33.1150305 ], [ 129.7025951, 33.1150452 ], [ 129.7049953, 33.116318 ], [ 129.708622099999985, 33.1152513 ], [ 129.7108364, 33.1155167 ], [ 129.711721399999988, 33.1177011 ], [ 129.708071099999984, 33.1191811 ], [ 129.7069567, 33.1205338 ], [ 129.7000258, 33.1237527 ], [ 129.7018694, 33.1254591 ], [ 129.7042729, 33.1247268 ], [ 129.7055239, 33.1233156 ], [ 129.70807689999998, 33.1230596 ], [ 129.7104692, 33.124604 ], [ 129.7104467, 33.127715 ], [ 129.709098399999988, 33.129448 ], [ 129.709992799999981, 33.1321943 ], [ 129.7091998, 33.1346557 ], [ 129.7093951, 33.1383552 ], [ 129.7077167, 33.1406446 ], [ 129.7063239, 33.1413503 ], [ 129.7034098, 33.1413323 ], [ 129.702143799999988, 33.1431323 ], [ 129.7059504, 33.1438059 ], [ 129.706112099999984, 33.1472336 ], [ 129.7069155, 33.1478888 ], [ 129.7064229, 33.1526209 ], [ 129.705112, 33.1559015 ], [ 129.702043799999984, 33.1587432 ], [ 129.6989151, 33.1600803 ], [ 129.7016195, 33.1632416 ], [ 129.704126699999989, 33.1636294 ], [ 129.7099302, 33.1653856 ], [ 129.711248899999987, 33.1622988 ], [ 129.7103574, 33.1607206 ], [ 129.7145033, 33.1606976 ], [ 129.712896, 33.1651542 ], [ 129.7135073, 33.1667538 ], [ 129.717011499999984, 33.1665424 ], [ 129.7182128, 33.162400399999989 ], [ 129.719041799999985, 33.1611742 ], [ 129.7237567, 33.1642206 ], [ 129.7258503, 33.161596 ], [ 129.725656499999985, 33.1603126 ], [ 129.728737199999983, 33.1589167 ], [ 129.729691699999989, 33.1561077 ], [ 129.7288321, 33.1553185 ], [ 129.724195100000031, 33.1548623 ], [ 129.7210006, 33.1540835 ], [ 129.7222554, 33.1460912 ], [ 129.7247169, 33.1470109 ], [ 129.7249716, 33.1483108 ], [ 129.7278543, 33.1503444 ], [ 129.728960699999988, 33.1490395 ], [ 129.7277239, 33.1476705 ], [ 129.728738199999981, 33.1459319 ], [ 129.722774099999981, 33.1438405 ], [ 129.720643199999984, 33.1423569 ], [ 129.7202661, 33.1389436 ], [ 129.721387099999987, 33.1374397 ], [ 129.7235298, 33.1373075 ], [ 129.72665760000001, 33.1362217 ], [ 129.727820899999983, 33.1330312 ], [ 129.727921399999985, 33.128606 ], [ 129.7259607, 33.1277922 ], [ 129.7260014, 33.1264871 ], [ 129.72948, 33.12657 ], [ 129.731098, 33.1256854 ], [ 129.7351224, 33.1258191 ], [ 129.734339399999982, 33.1290309 ], [ 129.730977699999983, 33.1324672 ], [ 129.7327151, 33.1336705 ], [ 129.731936099999984, 33.1367 ], [ 129.7335976, 33.1370573 ], [ 129.7352996, 33.1398491 ], [ 129.7366964, 33.1398042 ], [ 129.7354987, 33.1363506 ], [ 129.7368102, 33.1345568 ], [ 129.739902, 33.1322022 ], [ 129.7416169, 33.1318654 ], [ 129.7430288, 33.1351748 ], [ 129.7467412, 33.1364086 ], [ 129.7458202, 33.1398221 ], [ 129.748354299999988, 33.1426098 ], [ 129.74839, 33.1437589 ], [ 129.7518906, 33.1449877 ], [ 129.7536029, 33.1448293 ], [ 129.7560139, 33.1416144 ], [ 129.760059399999989, 33.1401848 ], [ 129.762562699999989, 33.1416133 ], [ 129.7609127, 33.144225 ], [ 129.7635501, 33.1449155 ], [ 129.766511399999985, 33.144651 ], [ 129.767962899999986, 33.1471591 ], [ 129.7713539, 33.1432099 ], [ 129.7744569, 33.1429874 ], [ 129.779877299999981, 33.1436163 ], [ 129.785061, 33.1432905 ], [ 129.7861618, 33.1409589 ], [ 129.787929099999985, 33.1389619 ], [ 129.791944699999988, 33.1393579 ], [ 129.793990399999984, 33.1383857 ], [ 129.797674699999988, 33.1335464 ], [ 129.7979226, 33.1315399 ], [ 129.793503, 33.1251399 ], [ 129.7948658, 33.1226724 ], [ 129.7966011, 33.1145659 ], [ 129.79607009999998, 33.1111638 ], [ 129.791335, 33.1077049 ], [ 129.7885417, 33.1047036 ], [ 129.7879288, 33.1028978 ], [ 129.788868399999984, 33.100982 ], [ 129.7906778, 33.0997079 ], [ 129.7962712, 33.0919004 ], [ 129.796607099999989, 33.0866466 ], [ 129.7947244, 33.0838532 ], [ 129.796253, 33.081973 ], [ 129.7983389, 33.0818941 ], [ 129.7994286, 33.0798617 ], [ 129.799065899999988, 33.0772343 ], [ 129.8021125, 33.0783623 ], [ 129.8051729, 33.0753199 ], [ 129.7999543, 33.074352 ], [ 129.7998744, 33.072851 ], [ 129.80392310000002, 33.0716631 ], [ 129.803333200000026, 33.0678189 ], [ 129.8062075, 33.0705492 ], [ 129.8085477, 33.0699348 ], [ 129.8112801, 33.070281 ], [ 129.814434399999982, 33.0723883 ], [ 129.816474699999986, 33.0716704 ], [ 129.81833229999998, 33.0736943 ], [ 129.8199129, 33.0770454 ], [ 129.8254124, 33.076068899999989 ], [ 129.8303436, 33.0743281 ], [ 129.8335308, 33.0762475 ], [ 129.8367939, 33.0768894 ], [ 129.8389047, 33.0786033 ], [ 129.8399356, 33.0824853 ], [ 129.8392567, 33.0839608 ], [ 129.8414453, 33.0851978 ], [ 129.841720800000019, 33.0866628 ], [ 129.8469744, 33.0905836 ], [ 129.846942499999983, 33.0922533 ], [ 129.84459529999998, 33.0939908 ], [ 129.8441647, 33.0965575 ], [ 129.8427467, 33.0997939 ], [ 129.8459997, 33.1005083 ], [ 129.8457711, 33.1027608 ], [ 129.846414399999986, 33.1042842 ], [ 129.845955299999986, 33.1068781 ], [ 129.8434969, 33.111535599999989 ], [ 129.8447153, 33.1174228 ], [ 129.8441464, 33.1188664 ], [ 129.8461164, 33.1235256 ], [ 129.8458525, 33.1246953 ], [ 129.8478533, 33.1273758 ], [ 129.847723299999984, 33.1301969 ], [ 129.850037499999985, 33.1326047 ], [ 129.8505978, 33.1344717 ], [ 129.84923, 33.137502499999989 ], [ 129.8503703, 33.1436278 ], [ 129.8528475, 33.1443869 ], [ 129.853732799999989, 33.1459911 ], [ 129.85610029999998, 33.1461739 ], [ 129.85562, 33.1486386 ], [ 129.8561719, 33.1519833 ], [ 129.8578492, 33.1529953 ], [ 129.8595492, 33.1558375 ], [ 129.8640294, 33.1564267 ], [ 129.8663703, 33.1586833 ], [ 129.8680631, 33.1583925 ], [ 129.8689325, 33.1615925 ], [ 129.870338299999986, 33.1644761 ], [ 129.8726778, 33.1652078 ], [ 129.8724569, 33.1662631 ], [ 129.8693661, 33.1690786 ], [ 129.865484399999985, 33.1696961 ], [ 129.8631297, 33.1710206 ], [ 129.857771899999989, 33.1709283 ], [ 129.8552544, 33.1734608 ], [ 129.853485, 33.1763381 ], [ 129.851564699999983, 33.1772958 ], [ 129.8483781, 33.1775294 ], [ 129.8457019, 33.1766611 ], [ 129.8428678, 33.1768467 ], [ 129.8407689, 33.1753375 ], [ 129.8373306, 33.1741944 ], [ 129.835160299999984, 33.1744339 ], [ 129.8301492, 33.1770836 ], [ 129.8277931, 33.1797142 ], [ 129.8258114, 33.1797561 ], [ 129.8231506, 33.1817797 ], [ 129.8211183, 33.1818517 ], [ 129.817147799999987, 33.1845356 ], [ 129.8175919, 33.1865533 ], [ 129.8156361, 33.1888475 ], [ 129.8169892, 33.1922664 ], [ 129.8156061, 33.1946028 ], [ 129.816505799999987, 33.197903599999989 ], [ 129.8141053, 33.1985919 ], [ 129.810032799999988, 33.2023472 ], [ 129.8081683, 33.2067497 ], [ 129.8090417, 33.2089842 ], [ 129.806896699999982, 33.2111694 ], [ 129.8082958, 33.2147206 ], [ 129.809281699999985, 33.2145831 ], [ 129.8095969, 33.2186194 ], [ 129.811721399999982, 33.2195594 ], [ 129.813074699999987, 33.2212061 ], [ 129.8123292, 33.223949399999988 ], [ 129.81046, 33.2268953 ], [ 129.809913599999987, 33.2303636 ], [ 129.81252139999998, 33.2318858 ], [ 129.814267799999982, 33.2369414 ], [ 129.815442499999989, 33.2391039 ], [ 129.8136039, 33.2430206 ], [ 129.8100475, 33.2426461 ], [ 129.8031483, 33.2495469 ], [ 129.8012689, 33.2504211 ], [ 129.7983997, 33.2533125 ], [ 129.79095, 33.2573614 ] ] ] ] } },
{ "type": "Feature", "properties": { "hokenjo": "上五島" }, "geometry": { "type": "MultiPolygon", "coordinates": [ [ [ [ 129.0059278, 32.8575872 ], [ 129.0040108, 32.8581567 ], [ 129.0034633, 32.8602144 ], [ 129.004672199999987, 32.8616519 ], [ 129.0034633, 32.8628361 ], [ 129.0007319, 32.8594308 ], [ 129.0013597, 32.8558339 ], [ 129.005186399999985, 32.8560764 ], [ 129.0059278, 32.8575872 ] ] ], [ [ [ 129.033689399999986, 32.8598881 ], [ 129.0355525, 32.8626506 ], [ 129.03465749999998, 32.8649225 ], [ 129.0346572, 32.867375 ], [ 129.0316856, 32.8690267 ], [ 129.031445, 32.8669744 ], [ 129.033689399999986, 32.8598881 ] ] ], [ [ [ 129.0367611, 32.8686603 ], [ 129.0360331, 32.8716597 ], [ 129.0345103, 32.8738753 ], [ 129.0361531, 32.8773536 ], [ 129.0346103, 32.8828225 ], [ 129.030142499999982, 32.8819369 ], [ 129.0312111, 32.8798172 ], [ 129.0306233, 32.8757528 ], [ 129.0312444, 32.8747717 ], [ 129.029681899999986, 32.8728942 ], [ 129.030623599999984, 32.8706447 ], [ 129.031999399999989, 32.8704925 ], [ 129.035418600000014, 32.8679836 ], [ 129.0367611, 32.8686603 ] ] ], [ [ [ 128.9996928, 32.9253467 ], [ 128.998168599999985, 32.9275733 ], [ 128.9930211, 32.9303244 ], [ 128.9915775, 32.9322581 ], [ 128.989973099999986, 32.9329967 ], [ 128.987726899999984, 32.9311022 ], [ 128.9828939, 32.9302453 ], [ 128.985548099999988, 32.9291744 ], [ 128.9868847, 32.9276519 ], [ 128.989104199999986, 32.9272914 ], [ 128.9905683, 32.9250644 ], [ 128.9879944, 32.9251039 ], [ 128.986845, 32.9201822 ], [ 128.9828142, 32.9201539 ], [ 128.9822394, 32.9208247 ], [ 128.9779036, 32.9187389 ], [ 128.9780706, 32.9169856 ], [ 128.981316099999987, 32.9172167 ], [ 128.9813767, 32.9155533 ], [ 128.983084, 32.9142505 ], [ 128.98499289999998, 32.9115476 ], [ 128.987463599999984, 32.9097132 ], [ 128.9881047, 32.9078863 ], [ 128.986732, 32.9067845 ], [ 128.9833467, 32.9092675 ], [ 128.982966100000027, 32.9068097 ], [ 128.9805819, 32.9069561 ], [ 128.9804819, 32.9040358 ], [ 128.9828794, 32.9041036 ], [ 128.9866394, 32.899187499999989 ], [ 128.9893444, 32.8980714 ], [ 128.9912213, 32.8994834 ], [ 128.992686, 32.8969066 ], [ 128.9969286, 32.899878699999988 ], [ 128.9986544, 32.9004997 ], [ 129.000947199999985, 32.9026886 ], [ 129.001498, 32.9007172 ], [ 128.9992081, 32.8969383 ], [ 128.9968375, 32.89523 ], [ 128.9984136, 32.8930203 ], [ 128.999281699999983, 32.8894236 ], [ 128.9985472, 32.8875628 ], [ 129.0007406, 32.8840504 ], [ 129.004410799999988, 32.8815427 ], [ 129.0009986, 32.8801439 ], [ 128.999442499999986, 32.8788075 ], [ 128.9982803, 32.8800536 ], [ 128.99999, 32.8818406 ], [ 128.999255, 32.8841294 ], [ 128.9963033, 32.8862547 ], [ 128.996002799999985, 32.8884481 ], [ 128.9941594, 32.888335 ], [ 128.993912199999983, 32.8937136 ], [ 128.99058, 32.8943222 ], [ 128.989765, 32.8926819 ], [ 128.9876683, 32.8914867 ], [ 128.985785, 32.8892311 ], [ 128.987855599999989, 32.8835036 ], [ 128.9871475, 32.8813103 ], [ 128.985858899999982, 32.8806789 ], [ 128.9852175, 32.8856628 ], [ 128.983253499999989, 32.8889856 ], [ 128.9843425, 32.8906917 ], [ 128.98450280000003, 32.8927831 ], [ 128.9832806, 32.8948408 ], [ 128.9799681, 32.8958275 ], [ 128.978004699999985, 32.8956528 ], [ 128.9750194, 32.8984261 ], [ 128.9739175, 32.8978847 ], [ 128.9738889, 32.8957678 ], [ 128.9718406, 32.8957256 ], [ 128.9705702, 32.8978517 ], [ 128.971573299999989, 32.9016228 ], [ 128.971526399999988, 32.9034153 ], [ 128.968461099999985, 32.9037594 ], [ 128.966117199999985, 32.9022764 ], [ 128.9652489, 32.9033986 ], [ 128.9616494, 32.9036297 ], [ 128.9610353, 32.8992433 ], [ 128.9644811, 32.8968811 ], [ 128.964434399999988, 32.8942653 ], [ 128.96748, 32.8880808 ], [ 128.9697842, 32.8850589 ], [ 128.969610599999982, 32.8831139 ], [ 128.97496719999998, 32.8782994 ], [ 128.9739183, 32.87574 ], [ 128.972161699999987, 32.8745278 ], [ 128.9688294, 32.8735861 ], [ 128.966225, 32.8742628 ], [ 128.966532199999989, 32.8719625 ], [ 128.968689399999988, 32.8700569 ], [ 128.9709197, 32.8702542 ], [ 128.9724089, 32.8719683 ], [ 128.977230599999984, 32.8715119 ], [ 128.9805524, 32.8718348 ], [ 128.9820157, 32.8701899 ], [ 128.9820722, 32.8685084 ], [ 128.980967, 32.866058 ], [ 128.97810579999998, 32.8647128 ], [ 128.9772778, 32.8634328 ], [ 128.9765433, 32.8598583 ], [ 128.9805718, 32.8584888 ], [ 128.9821397, 32.8591878 ], [ 128.9836353, 32.8615781 ], [ 128.9840361, 32.8639631 ], [ 128.985805199999987, 32.8664037 ], [ 128.9902333, 32.8668553 ], [ 128.992724399999986, 32.8655081 ], [ 128.9950388, 32.8668533 ], [ 128.9947869, 32.8684347 ], [ 128.9966981, 32.8695447 ], [ 128.997806699999984, 32.867735 ], [ 128.9996964, 32.8685186 ], [ 129.0016133, 32.8677972 ], [ 129.0017267, 32.8648597 ], [ 129.0053131, 32.8643017 ], [ 129.0080247, 32.8620353 ], [ 129.009356199999985, 32.864611 ], [ 129.0126343, 32.8660322 ], [ 129.0150433, 32.8663878 ], [ 129.01846279999998, 32.8654128 ], [ 129.0177814, 32.862515 ], [ 129.011797799999982, 32.8595608 ], [ 129.011203599999988, 32.8563922 ], [ 129.0163258, 32.8581964 ], [ 129.016592799999984, 32.8573847 ], [ 129.0197919, 32.8568828 ], [ 129.023318099999983, 32.8554847 ], [ 129.0191508, 32.8542953 ], [ 129.016833600000012, 32.8549319 ], [ 129.0159453, 32.8537708 ], [ 129.01847, 32.8513917 ], [ 129.018069199999985, 32.8483361 ], [ 129.0200994, 32.8465039 ], [ 129.023946099999989, 32.8481161 ], [ 129.0256761, 32.8445478 ], [ 129.0276394, 32.8466786 ], [ 129.0277461, 32.8493114 ], [ 129.028660799999983, 32.8517525 ], [ 129.030263600000012, 32.8533878 ], [ 129.0300364, 32.8547578 ], [ 129.0279864, 32.8572664 ], [ 129.0266106, 32.8570125 ], [ 129.0256822, 32.8605981 ], [ 129.024020299999989, 32.8622989 ], [ 129.024079199999989, 32.8639922 ], [ 129.02836, 32.8625094 ], [ 129.028807199999989, 32.8643756 ], [ 129.0276519, 32.8671097 ], [ 129.0291211, 32.8698611 ], [ 129.0271439, 32.8733226 ], [ 129.022422799999987, 32.8734411 ], [ 129.023295099999984, 32.8749444 ], [ 129.025768500000027, 32.8744389 ], [ 129.0290408, 32.8775172 ], [ 129.027109699999983, 32.8853581 ], [ 129.031471399999987, 32.8863797 ], [ 129.0313711, 32.8900894 ], [ 129.027704699999987, 32.8890914 ], [ 129.0259025, 32.8870989 ], [ 129.022295, 32.8875859 ], [ 129.0223382, 32.8890512 ], [ 129.0257144, 32.8905233 ], [ 129.0251203, 32.892974 ], [ 129.0279583, 32.892305 ], [ 129.0289283, 32.8933503 ], [ 129.0330272, 32.8950111 ], [ 129.0329667, 32.8969111 ], [ 129.0300953, 32.9000117 ], [ 129.027951400000035, 32.9009983 ], [ 129.028345299999984, 32.9035128 ], [ 129.0265956, 32.9038339 ], [ 129.0255072, 32.9023681 ], [ 129.023433499999982, 32.903713 ], [ 129.024425, 32.907645 ], [ 129.0232631, 32.9096744 ], [ 129.0237972, 32.9122169 ], [ 129.0230156, 32.9143311 ], [ 129.0214061, 32.9150753 ], [ 129.0213192, 32.9171386 ], [ 129.01849439999998, 32.9177081 ], [ 129.015346, 32.9163608 ], [ 129.0133519, 32.9178092 ], [ 129.0166265, 32.9194839 ], [ 129.015609399999988, 32.9238811 ], [ 129.0147203, 32.9237514 ], [ 129.01097, 32.9259164 ], [ 129.0088175, 32.925065 ], [ 129.0057262, 32.9217178 ], [ 129.0041383, 32.9219867 ], [ 129.0021056, 32.91972 ], [ 129.000619299999983, 32.9201958 ], [ 128.9996928, 32.9253467 ] ] ], [ [ [ 128.9420356, 32.8984142 ], [ 128.9444197, 32.8962889 ], [ 128.947218099999986, 32.8961142 ], [ 128.9473581, 32.8978733 ], [ 128.943250799999987, 32.9005453 ], [ 128.9420356, 32.8984142 ] ] ], [ [ [ 128.9656544, 32.9222792 ], [ 128.9683083, 32.9254756 ], [ 128.9691033, 32.929715 ], [ 128.9641967, 32.9316206 ], [ 128.9630803, 32.9324831 ], [ 128.960186099999987, 32.9309778 ], [ 128.9572517, 32.9262367 ], [ 128.958301399999982, 32.9221661 ], [ 128.957254399999982, 32.9193753 ], [ 128.9570875, 32.9170244 ], [ 128.956349599999982, 32.9160457 ], [ 128.954141099999987, 32.9161276 ], [ 128.9523992, 32.9187439 ], [ 128.9503425, 32.9185183 ], [ 128.9482922, 32.9193303 ], [ 128.9469372, 32.9225547 ], [ 128.9472917, 32.9248722 ], [ 128.94179, 32.9238064 ], [ 128.938608099999982, 32.924945 ], [ 128.9363822, 32.924325 ], [ 128.9349181, 32.9228419 ], [ 128.9348469, 32.9210633 ], [ 128.9301806, 32.9195214 ], [ 128.930721700000021, 32.9180444 ], [ 128.9340411, 32.9160825 ], [ 128.9330258, 32.91416 ], [ 128.935971099999989, 32.9107775 ], [ 128.9386089, 32.9094417 ], [ 128.9419681, 32.9100506 ], [ 128.94736469999998, 32.9056644 ], [ 128.9505633, 32.9073558 ], [ 128.950983899999983, 32.9094531 ], [ 128.9542764, 32.9097633 ], [ 128.9565939, 32.9073561 ], [ 128.9620567, 32.9044525 ], [ 128.96233669999998, 32.9068537 ], [ 128.963799, 32.9081864 ], [ 128.9675258, 32.9092336 ], [ 128.9669983, 32.911325 ], [ 128.9652953, 32.9140425 ], [ 128.9642, 32.911855 ], [ 128.9594175, 32.9097393 ], [ 128.9569036, 32.907882 ], [ 128.955016299999983, 32.9095756 ], [ 128.9541696, 32.9160361 ], [ 128.955965599999985, 32.9159695 ], [ 128.956977, 32.91461 ], [ 128.9572373, 32.9163645 ], [ 128.9598145, 32.9161761 ], [ 128.9619521, 32.9180869 ], [ 128.964948599999985, 32.9183719 ], [ 128.9669714, 32.9214503 ], [ 128.9656544, 32.9222792 ] ] ], [ [ [ 128.9963694, 32.9579717 ], [ 128.9969642, 32.9616475 ], [ 128.99502529999998, 32.963525 ], [ 128.9917567, 32.9627694 ], [ 128.9900586, 32.9656953 ], [ 128.9893233, 32.9654981 ], [ 128.9872178, 32.9612694 ], [ 128.983942499999984, 32.9593864 ], [ 128.9832269, 32.9602886 ], [ 128.980279199999984, 32.9607 ], [ 128.977712200000013, 32.9586364 ], [ 128.9795106, 32.956184199999988 ], [ 128.9788019, 32.9552711 ], [ 128.98044, 32.9521419 ], [ 128.980246099999988, 32.9491936 ], [ 128.978080299999988, 32.9489228 ], [ 128.9789025, 32.9467919 ], [ 128.9826794, 32.9449656 ], [ 128.983127199999984, 32.9482692 ], [ 128.9821178, 32.9506425 ], [ 128.9857208, 32.9523056 ], [ 128.987245, 32.9504508 ], [ 128.9902797, 32.9526328 ], [ 128.993000599999988, 32.9513136 ], [ 128.994765299999983, 32.9524131 ], [ 128.9935017, 32.9542903 ], [ 128.9935486, 32.9559536 ], [ 128.9952194, 32.9564047 ], [ 128.9963694, 32.9579717 ] ] ], [ [ [ 129.0241897, 32.9874575 ], [ 129.0262064, 32.9886555 ], [ 129.0270772, 32.990389199999989 ], [ 129.0267136, 32.9928811 ], [ 129.024837800000029, 32.9935294 ], [ 129.0219903, 32.9912911 ], [ 129.021368599999988, 32.9853206 ], [ 129.0226456, 32.9840975 ], [ 129.0247092, 32.9840618 ], [ 129.0252836, 32.9804485 ], [ 129.0244772, 32.9793789 ], [ 129.0240631, 32.9759622 ], [ 129.025627499999985, 32.9754156 ], [ 129.0270778, 32.976825 ], [ 129.0257255, 32.9842029 ], [ 129.025871699999982, 32.9860358 ], [ 129.0241897, 32.9874575 ] ] ], [ [ [ 129.0239383, 33.01113 ], [ 129.0253911, 33.0079408 ], [ 129.0293117, 33.0098883 ], [ 129.03185, 33.0136683 ], [ 129.0319017, 33.0148997 ], [ 129.0293969, 33.0147414 ], [ 129.026339399999983, 33.0130578 ], [ 129.0222589, 33.0124664 ], [ 129.0186036, 33.0140317 ], [ 129.015798599999982, 33.0139481 ], [ 129.0152736, 33.0110769 ], [ 129.010407499999985, 33.0099683 ], [ 129.0077033, 33.0077725 ], [ 129.0063831, 33.0046506 ], [ 129.0048271, 33.0028537 ], [ 129.0078383, 33.0013933 ], [ 129.00912169999998, 33.0015006 ], [ 129.011771100000033, 33.0033831 ], [ 129.012316699999985, 33.0048719 ], [ 129.0141042, 33.0058211 ], [ 129.0142769, 33.0076233 ], [ 129.016568899999982, 33.0087033 ], [ 129.0186086, 33.0074156 ], [ 129.0212486, 33.0077058 ], [ 129.022399399999983, 33.011231699999989 ], [ 129.0239383, 33.01113 ] ] ], [ [ [ 128.9021419, 33.1555858 ], [ 128.8965733, 33.15302 ], [ 128.9005272, 33.1529189 ], [ 128.9038775, 33.1539619 ], [ 128.9021419, 33.1555858 ] ] ], [ [ [ 129.0224614, 33.1661647 ], [ 129.0244772, 33.168245 ], [ 129.026553299999989, 33.1686456 ], [ 129.0267589, 33.1716561 ], [ 129.024298099999982, 33.175497 ], [ 129.021154699999983, 33.1740122 ], [ 129.0203233, 33.1716444 ], [ 129.018225299999983, 33.1713514 ], [ 129.0172172, 33.1687017 ], [ 129.01703, 33.1662661 ], [ 129.0182019, 33.1652119 ], [ 129.0226286, 33.1641861 ], [ 129.0224614, 33.1661647 ] ] ], [ [ [ 128.901592199999982, 33.1669236 ], [ 128.902758299999988, 33.1679667 ], [ 128.9027447, 33.1712761 ], [ 128.903501899999981, 33.1736328 ], [ 128.9024297, 33.1741064 ], [ 128.9002183, 33.1732775 ], [ 128.8995214, 33.1697819 ], [ 128.89658, 33.16844 ], [ 128.8958628, 33.16707 ], [ 128.901592199999982, 33.1669236 ] ] ], [ [ [ 129.0366128, 33.17328 ], [ 129.0380539, 33.171555 ], [ 129.040145599999988, 33.1728461 ], [ 129.038040599999988, 33.1744414 ], [ 129.0342128, 33.1744414 ], [ 129.032677799999988, 33.1727047 ], [ 129.0344408, 33.1717636 ], [ 129.0366128, 33.17328 ] ] ], [ [ [ 129.0156844, 33.1792894 ], [ 129.0193917, 33.1799717 ], [ 129.0233197, 33.179520599999989 ], [ 129.0252969, 33.1812911 ], [ 129.021643899999987, 33.1849272 ], [ 129.0177558, 33.1843125 ], [ 129.0158922, 33.1827511 ], [ 129.0144578, 33.1802925 ], [ 129.0156844, 33.1792894 ] ] ], [ [ [ 129.0311625, 33.1900861 ], [ 129.027764499999989, 33.1883168 ], [ 129.028514699999988, 33.1862633 ], [ 129.0314975, 33.1882031 ], [ 129.0311625, 33.1900861 ] ] ], [ [ [ 128.989014199999986, 33.1886533 ], [ 128.9916278, 33.1866689 ], [ 128.9933431, 33.1883153 ], [ 128.992800300000027, 33.1911283 ], [ 128.9903742, 33.1934117 ], [ 128.9869972, 33.1936203 ], [ 128.98337859999998, 33.1928761 ], [ 128.9824408, 33.1896231 ], [ 128.979579199999989, 33.1893803 ], [ 128.979150299999986, 33.187785 ], [ 128.979840599999989, 33.1855864 ], [ 128.982581399999987, 33.18562 ], [ 128.982896399999987, 33.1871928 ], [ 128.9848331, 33.1870242 ], [ 128.9866356, 33.1890083 ], [ 128.989014199999986, 33.1886533 ] ] ], [ [ [ 128.9299308, 33.1941997 ], [ 128.9266003, 33.1947125 ], [ 128.9262789, 33.1907381 ], [ 128.9290528, 33.1902925 ], [ 128.9299308, 33.1941997 ] ] ], [ [ [ 129.0244519, 33.2027653 ], [ 129.0261208, 33.2047497 ], [ 129.026905299999981, 33.208245 ], [ 129.0255372, 33.212665 ], [ 129.023586699999981, 33.2131103 ], [ 129.021904399999983, 33.2114642 ], [ 129.0199067, 33.2111936 ], [ 129.018083099999984, 33.2128961 ], [ 129.0163203, 33.2122928 ], [ 129.0143094, 33.2089778 ], [ 129.0120044, 33.2065253 ], [ 129.0129694, 33.2049353 ], [ 129.011763299999984, 33.202928299999989 ], [ 129.012554199999983, 33.2007636 ], [ 129.0179564, 33.2010172 ], [ 129.0200078, 33.1994275 ], [ 129.023989199999988, 33.2005606 ], [ 129.0244519, 33.2027653 ] ] ], [ [ [ 129.0379236, 32.8537994 ], [ 129.038958899999983, 32.8434825 ], [ 129.0407089, 32.8434825 ], [ 129.0417036, 32.8496558 ], [ 129.0379236, 32.8537994 ] ] ], [ [ [ 129.041896899999983, 32.8641447 ], [ 129.041990299999981, 32.86291 ], [ 129.044441399999982, 32.8616811 ], [ 129.0461108, 32.862865 ], [ 129.041896899999983, 32.8641447 ] ] ], [ [ [ 129.0425514, 32.8655711 ], [ 129.0457169, 32.8635925 ], [ 129.047312799999986, 32.8642858 ], [ 129.0426244, 32.8697317 ], [ 129.041228600000011, 32.87007 ], [ 129.0400669, 32.8687956 ], [ 129.0413692, 32.8648833 ], [ 129.0425514, 32.8655711 ] ] ], [ [ [ 129.0429244, 32.887485 ], [ 129.0427508, 32.8889 ], [ 129.0404467, 32.8889903 ], [ 129.039031099999988, 32.8910478 ], [ 129.0393181, 32.8927336 ], [ 129.0381894, 32.8921078 ], [ 129.0382964, 32.8883475 ], [ 129.0391181, 32.8865153 ], [ 129.0429244, 32.887485 ] ] ], [ [ [ 129.045810599999982, 32.9186042 ], [ 129.044198599999987, 32.9179242 ], [ 129.0445575, 32.9163922 ], [ 129.047190799999981, 32.9161481 ], [ 129.045810599999982, 32.9186042 ] ] ], [ [ [ 129.191054700000024, 32.9174794 ], [ 129.192899399999988, 32.9194414 ], [ 129.1965358, 32.9209358 ], [ 129.195306099999982, 32.9234953 ], [ 129.1897175, 32.9246567 ], [ 129.1858872, 32.9225256 ], [ 129.18437670000003, 32.9184942 ], [ 129.186916699999983, 32.9169044 ], [ 129.189062799999988, 32.9181728 ], [ 129.191054700000024, 32.9174794 ] ] ], [ [ [ 129.1155389, 32.9224058 ], [ 129.114288599999981, 32.923781399999989 ], [ 129.1115481, 32.9226536 ], [ 129.11344, 32.9209964 ], [ 129.1155389, 32.9224058 ] ] ], [ [ [ 129.111468299999984, 33.1501383 ], [ 129.1156272, 33.1541014 ], [ 129.117703299999988, 33.1565372 ], [ 129.1180917, 33.1613517 ], [ 129.1157344, 33.1636744 ], [ 129.1130019, 33.1642494 ], [ 129.1103564, 33.1634261 ], [ 129.1095597, 33.1613233 ], [ 129.1071819, 33.1582792 ], [ 129.1070547, 33.1559561 ], [ 129.10818, 33.1546197 ], [ 129.1067936, 33.1491289 ], [ 129.105213099999986, 33.1472856 ], [ 129.1039739, 33.1444725 ], [ 129.1020653, 33.1426403 ], [ 129.1000831, 33.1353003 ], [ 129.100739399999981, 33.1331408 ], [ 129.097216700000018, 33.1314608 ], [ 129.0957167, 33.1298992 ], [ 129.0990922, 33.1249439 ], [ 129.0971567, 33.1231342 ], [ 129.0949264, 33.1226942 ], [ 129.094283599999983, 33.1214147 ], [ 129.096018099999981, 33.1188664 ], [ 129.1003714, 33.1149936 ], [ 129.101655199999982, 33.1160071 ], [ 129.1036933, 33.1149089 ], [ 129.104389699999984, 33.1119606 ], [ 129.1018047, 33.1075631 ], [ 129.0982822, 33.1067122 ], [ 129.0980681, 33.1044569 ], [ 129.0991931, 33.1033969 ], [ 129.105313199999983, 33.1022143 ], [ 129.1079933, 33.1027431 ], [ 129.1093261, 33.1015536 ], [ 129.1099222, 33.0986564 ], [ 129.1078058, 33.0966608 ], [ 129.1055289, 33.0934136 ], [ 129.1077594, 33.0883511 ], [ 129.1056772, 33.0845975 ], [ 129.101595799999984, 33.0800467 ], [ 129.096751899999987, 33.0786653 ], [ 129.0893686, 33.0786339 ], [ 129.0892103, 33.0779175 ], [ 129.0855856, 33.0754325 ], [ 129.084014699999983, 33.0712086 ], [ 129.084703099999984, 33.0684911 ], [ 129.08408, 33.0643175 ], [ 129.082635, 33.0617017 ], [ 129.0824299, 33.0589334 ], [ 129.0800189, 33.0580943 ], [ 129.0771911, 33.0592269 ], [ 129.0751639, 33.0572231 ], [ 129.076091, 33.052908 ], [ 129.078036699999984, 33.0529528 ], [ 129.081135599999982, 33.0520031 ], [ 129.0805336, 33.0503275 ], [ 129.08153249999998, 33.0461769 ], [ 129.083479399999987, 33.0453089 ], [ 129.0846922, 33.043424 ], [ 129.082272500000016, 33.0427742 ], [ 129.0800314, 33.0398811 ], [ 129.081652, 33.037711 ], [ 129.0795475, 33.0357019 ], [ 129.0792744, 33.0341711 ], [ 129.0834075, 33.0311021 ], [ 129.083908399999984, 33.0296258 ], [ 129.0807992, 33.0296511 ], [ 129.0848265, 33.0264879 ], [ 129.0867563, 33.0269156 ], [ 129.0885016, 33.0255754 ], [ 129.0860213, 33.0225628 ], [ 129.082525, 33.0219887 ], [ 129.080636299999981, 33.0222716 ], [ 129.0760029, 33.0217007 ], [ 129.0732432, 33.0192244 ], [ 129.070234299999981, 33.0192877 ], [ 129.0693513, 33.0205081 ], [ 129.0699382, 33.0223144 ], [ 129.068317899999983, 33.0263677 ], [ 129.0689007, 33.0278102 ], [ 129.0685139, 33.0304964 ], [ 129.0671528, 33.0323492 ], [ 129.0667997, 33.0350695 ], [ 129.0674503, 33.0366686 ], [ 129.0659628, 33.0398611 ], [ 129.0667186, 33.0406503 ], [ 129.0668636, 33.0438461 ], [ 129.0637283, 33.0427639 ], [ 129.0619044, 33.0414783 ], [ 129.0582, 33.0406931 ], [ 129.0559139, 33.0416214 ], [ 129.0548267, 33.0407244 ], [ 129.05165, 33.0413378 ], [ 129.0502658, 33.0404808 ], [ 129.054306699999984, 33.0382161 ], [ 129.0522531, 33.0353281 ], [ 129.0499739, 33.0362647 ], [ 129.0462264, 33.0348353 ], [ 129.0476358, 33.0328119 ], [ 129.0462561, 33.0304056 ], [ 129.0445736, 33.0303817 ], [ 129.0422994, 33.0277178 ], [ 129.0443517, 33.0250164 ], [ 129.042212799999987, 33.02314 ], [ 129.0415639, 33.0215406 ], [ 129.0423714, 33.0167797 ], [ 129.0453377, 33.0148501 ], [ 129.0433558, 33.0131619 ], [ 129.043484399999983, 33.0117753 ], [ 129.0418111, 33.0108186 ], [ 129.0430608, 33.0067558 ], [ 129.0427019, 33.0050564 ], [ 129.0412083, 33.0033986 ], [ 129.0421842, 33.0008475 ], [ 129.0446978, 32.9984064 ], [ 129.049862, 32.9955855 ], [ 129.0481542, 32.9929436 ], [ 129.0459081, 32.9919569 ], [ 129.044049699999988, 32.9931236 ], [ 129.041890599999988, 32.9924306 ], [ 129.04286, 32.9907842 ], [ 129.043635599999988, 32.9867758 ], [ 129.0469981, 32.9836978 ], [ 129.0497206, 32.9846543 ], [ 129.051445, 32.9841742 ], [ 129.056184100000024, 32.9812007 ], [ 129.059648, 32.9809955 ], [ 129.0567146, 32.9771049 ], [ 129.054659099999981, 32.9784115 ], [ 129.0523571, 32.9789076 ], [ 129.0520328, 32.9760265 ], [ 129.0532912, 32.9750186 ], [ 129.051622899999984, 32.9736791 ], [ 129.0514575, 32.9693106 ], [ 129.0520323, 32.9677832 ], [ 129.051357199999984, 32.9655164 ], [ 129.0488799, 32.9655721 ], [ 129.0492381, 32.968865 ], [ 129.0478072, 32.9704886 ], [ 129.0485894, 32.9745478 ], [ 129.046269699999982, 32.9758164 ], [ 129.040186399999982, 32.9765828 ], [ 129.0378336, 32.9751114 ], [ 129.0363647, 32.9712842 ], [ 129.034984399999985, 32.9709309 ], [ 129.0326397, 32.9721797 ], [ 129.0321253, 32.9699642 ], [ 129.0329275, 32.9672353 ], [ 129.0309025, 32.9611975 ], [ 129.0280359, 32.9612002 ], [ 129.0270026, 32.9639071 ], [ 129.0247877, 32.965101 ], [ 129.025273699999985, 32.9677488 ], [ 129.023034199999984, 32.9680244 ], [ 129.0237692, 32.9734083 ], [ 129.02156309999998, 32.9738878 ], [ 129.0191297, 32.9766389 ], [ 129.016703299999989, 32.9740003 ], [ 129.0163561, 32.9678775 ], [ 129.0141969, 32.9694281 ], [ 129.0137289, 32.9714803 ], [ 129.0142567, 32.9761536 ], [ 129.0113825, 32.975945 ], [ 129.0099653, 32.9731769 ], [ 129.0102661, 32.9716772 ], [ 129.0062019, 32.9691347 ], [ 129.0033611, 32.9697717 ], [ 129.001696399999986, 32.9693714 ], [ 128.997659199999987, 32.9665861 ], [ 128.9971042, 32.9643819 ], [ 128.998367799999983, 32.9624878 ], [ 129.0011321, 32.9606427 ], [ 129.0032541, 32.959986 ], [ 129.002936, 32.9585302 ], [ 129.00032, 32.9582706 ], [ 129.0003, 32.9565286 ], [ 128.998601899999983, 32.9554347 ], [ 128.997829199999984, 32.9532853 ], [ 128.999357799999984, 32.9529206 ], [ 129.0014497, 32.9538733 ], [ 129.0037025, 32.9537775 ], [ 129.0051397, 32.9508744 ], [ 129.004792500000036, 32.9489967 ], [ 129.001810799999987, 32.9506936 ], [ 128.9976533, 32.9500394 ], [ 128.998335, 32.9485683 ], [ 129.0007617, 32.9471533 ], [ 129.0027513, 32.9472909 ], [ 129.0033622, 32.9457664 ], [ 128.9995183, 32.9444189 ], [ 128.997076099999987, 32.9455829 ], [ 128.9931944, 32.94589 ], [ 128.991717199999982, 32.9433983 ], [ 128.993829399999981, 32.9432911 ], [ 128.996182799999985, 32.9412672 ], [ 128.9992978, 32.9413292 ], [ 129.0002536, 32.9403711 ], [ 129.003275299999984, 32.9397339 ], [ 129.006824699999981, 32.9403658 ], [ 129.0125267, 32.9457608 ], [ 129.0139288, 32.949276 ], [ 129.0151003, 32.9478414 ], [ 129.0161967, 32.9440867 ], [ 129.017754199999985, 32.9427564 ], [ 129.0170058, 32.9393792 ], [ 129.0138172, 32.937101399999989 ], [ 129.01486, 32.9365492 ], [ 129.017701099999982, 32.9388494 ], [ 129.0191853, 32.9384997 ], [ 129.0193056, 32.9360247 ], [ 129.0209367, 32.9350553 ], [ 129.021103899999986, 32.9327722 ], [ 129.023035599999986, 32.9322308 ], [ 129.0236639, 32.9344858 ], [ 129.025863099999981, 32.9342433 ], [ 129.0260103, 32.9374514 ], [ 129.027915299999989, 32.9396219 ], [ 129.0299075, 32.93598 ], [ 129.032393899999988, 32.9371078 ], [ 129.03403, 32.9452381 ], [ 129.0354275, 32.9452663 ], [ 129.0357831, 32.9414264 ], [ 129.038329799999985, 32.9399209 ], [ 129.0383836, 32.9368428 ], [ 129.039055599999983, 32.934063699999989 ], [ 129.0407889, 32.9315947 ], [ 129.038510799999983, 32.930365 ], [ 129.0379781, 32.9272079 ], [ 129.0358239, 32.9297056 ], [ 129.0320691, 32.9316482 ], [ 129.0304758, 32.9304719 ], [ 129.0300814, 32.9284706 ], [ 129.0315722, 32.9270161 ], [ 129.0307636, 32.9252178 ], [ 129.026512199999985, 32.9223425 ], [ 129.0259575, 32.9201778 ], [ 129.0268419, 32.9190444 ], [ 129.029553599999986, 32.9183678 ], [ 129.0335872, 32.9184469 ], [ 129.0360114, 32.92192 ], [ 129.0359516, 32.9248847 ], [ 129.0377545, 32.9257086 ], [ 129.038478199999986, 32.9236986 ], [ 129.0408908, 32.9225119 ], [ 129.043878899999982, 32.9225683 ], [ 129.050903, 32.921351699999988 ], [ 129.0516916, 32.9191749 ], [ 129.0500892, 32.9184133 ], [ 129.0483997, 32.9156847 ], [ 129.0506906, 32.9156508 ], [ 129.0523765, 32.9104925 ], [ 129.0541609, 32.9092214 ], [ 129.0613658, 32.908619699999988 ], [ 129.063353899999981, 32.90907 ], [ 129.0618829, 32.9058057 ], [ 129.063419399999987, 32.904545 ], [ 129.0631525, 32.9017317 ], [ 129.0651436, 32.8985489 ], [ 129.0609591, 32.8963902 ], [ 129.0596064, 32.9009764 ], [ 129.058785, 32.9018614 ], [ 129.061456099999987, 32.9036767 ], [ 129.0587314, 32.9067211 ], [ 129.057175299999983, 32.9053397 ], [ 129.0519194, 32.9053678 ], [ 129.0541969, 32.9027858 ], [ 129.052574199999981, 32.9012075 ], [ 129.0491681, 32.9049169 ], [ 129.0471181, 32.9025208 ], [ 129.044486899999981, 32.9047758 ], [ 129.0459692, 32.9061061 ], [ 129.0457356, 32.9078033 ], [ 129.043678299999982, 32.9079442 ], [ 129.0420958, 32.9090942 ], [ 129.0408469, 32.9076228 ], [ 129.0418353, 32.9059033 ], [ 129.0409206, 32.9038625 ], [ 129.0394514, 32.9026953 ], [ 129.0429306, 32.9013369 ], [ 129.042263099999985, 32.8998597 ], [ 129.0391108, 32.8996397 ], [ 129.0402731, 32.8961442 ], [ 129.043251699999985, 32.8927336 ], [ 129.048046699999986, 32.8951467 ], [ 129.0490017, 32.8935794 ], [ 129.05238749999998, 32.8927789 ], [ 129.050063599999987, 32.8897569 ], [ 129.054137199999985, 32.89027 ], [ 129.054150599999986, 32.8918319 ], [ 129.055454, 32.894465 ], [ 129.0567083, 32.8908 ], [ 129.0563894, 32.8869369 ], [ 129.057476399999985, 32.8856192 ], [ 129.0589125, 32.881706699999988 ], [ 129.0564683, 32.8818472 ], [ 129.055766899999981, 32.8794514 ], [ 129.0538903, 32.8824169 ], [ 129.051713299999989, 32.8847958 ], [ 129.0486147, 32.8844633 ], [ 129.0462436, 32.8862447 ], [ 129.0434522, 32.8857881 ], [ 129.0443539, 32.8836853 ], [ 129.0463906, 32.883905 ], [ 129.050605, 32.8800039 ], [ 129.0523878, 32.8788367 ], [ 129.0469386, 32.8772131 ], [ 129.0448481, 32.8775061 ], [ 129.0433722, 32.8790564 ], [ 129.0404469, 32.8794906 ], [ 129.042423899999989, 32.8756456 ], [ 129.0405342, 32.8737514 ], [ 129.0421972, 32.8722125 ], [ 129.0437197, 32.8731819 ], [ 129.0455983, 32.8722906 ], [ 129.0455015, 32.8687441 ], [ 129.0472432, 32.8683932 ], [ 129.047642, 32.8644145 ], [ 129.0472871, 32.8620607 ], [ 129.0442878, 32.8590483 ], [ 129.045376399999981, 32.8569172 ], [ 129.0466989, 32.8562519 ], [ 129.04736, 32.8529822 ], [ 129.0464853, 32.8505128 ], [ 129.0451764, 32.8505747 ], [ 129.045343299999985, 32.8474514 ], [ 129.046558900000036, 32.8453147 ], [ 129.0453769, 32.843415 ], [ 129.046251899999987, 32.8402578 ], [ 129.0457511, 32.8392036 ], [ 129.0503058, 32.8393392 ], [ 129.049677799999984, 32.8352233 ], [ 129.0474094, 32.8323311 ], [ 129.0456017, 32.8317219 ], [ 129.046615799999984, 32.8291117 ], [ 129.0495314, 32.8272061 ], [ 129.0500922, 32.8239946 ], [ 129.0480436, 32.8246292 ], [ 129.0436536, 32.8238511 ], [ 129.0432467, 32.8223797 ], [ 129.047976899999981, 32.8209925 ], [ 129.0492381, 32.8195211 ], [ 129.0565906, 32.8195775 ], [ 129.0585719, 32.8182189 ], [ 129.059325799999982, 32.8163472 ], [ 129.0634358, 32.8169561 ], [ 129.0656239, 32.8206775 ], [ 129.0663108, 32.8242294 ], [ 129.0644231, 32.8270822 ], [ 129.0655036, 32.8284353 ], [ 129.0684058, 32.8276575 ], [ 129.0679589, 32.83011 ], [ 129.0690864, 32.831655 ], [ 129.06792310000003, 32.8374847 ], [ 129.0648711, 32.8378453 ], [ 129.0645503, 32.8408164 ], [ 129.0612241, 32.8448594 ], [ 129.0602561, 32.8445881 ], [ 129.0569231, 32.8474059 ], [ 129.0581384, 32.849406099999989 ], [ 129.0622794, 32.8486019 ], [ 129.0626, 32.8514658 ], [ 129.065685, 32.8558014 ], [ 129.0647167, 32.8583211 ], [ 129.0659522, 32.8601086 ], [ 129.0660761, 32.8625178 ], [ 129.06842229999998, 32.8629 ], [ 129.0714683, 32.8598269 ], [ 129.074760300000037, 32.8603569 ], [ 129.0776792, 32.8615758 ], [ 129.0857461, 32.8573467 ], [ 129.0875158, 32.8555367 ], [ 129.0943944, 32.8548772 ], [ 129.0957888, 32.8581893 ], [ 129.100217499999985, 32.8601656 ], [ 129.097946899999982, 32.8664119 ], [ 129.09788, 32.8696539 ], [ 129.096905, 32.8709056 ], [ 129.0936136, 32.8707278 ], [ 129.092949, 32.8723 ], [ 129.09588309999998, 32.8725797 ], [ 129.0974994, 32.8748517 ], [ 129.096971699999983, 32.8763514 ], [ 129.0943269, 32.8768925 ], [ 129.0951953, 32.8797847 ], [ 129.094286899999986, 32.8822594 ], [ 129.0927978, 32.8813294 ], [ 129.0930983, 32.8797508 ], [ 129.087261399999988, 32.8802808 ], [ 129.0850079, 32.8817612 ], [ 129.0861433, 32.8835066 ], [ 129.08814719999998, 32.8830964 ], [ 129.0903467, 32.8847514 ], [ 129.0901244, 32.8870648 ], [ 129.0923167, 32.8888444 ], [ 129.091475, 32.8914603 ], [ 129.0870089, 32.8907833 ], [ 129.0853918, 32.8911456 ], [ 129.0880526, 32.8937966 ], [ 129.0863606, 32.8947959 ], [ 129.0828267, 32.8942003 ], [ 129.0811799, 32.8957531 ], [ 129.0829469, 32.8971431 ], [ 129.0846297, 32.9039533 ], [ 129.086739699999981, 32.9042858 ], [ 129.0904061, 32.9026906 ], [ 129.0936653, 32.9038464 ], [ 129.0930708, 32.9055714 ], [ 129.094245799999982, 32.9077364 ], [ 129.091655, 32.9090725 ], [ 129.0895775, 32.9091111 ], [ 129.0910939, 32.9114403 ], [ 129.092910599999982, 32.9105664 ], [ 129.0959556, 32.9178558 ], [ 129.095588099999986, 32.9192483 ], [ 129.0930711, 32.9198172 ], [ 129.091634199999987, 32.9219883 ], [ 129.0894817, 32.92258 ], [ 129.0888067, 32.9211822 ], [ 129.086161299999986, 32.9241939 ], [ 129.0889403, 32.9245931 ], [ 129.0922425, 32.9237867 ], [ 129.095377499999984, 32.9243561 ], [ 129.0972428, 32.9240856 ], [ 129.1001439, 32.9256192 ], [ 129.1011997, 32.9270678 ], [ 129.1032319, 32.9278686 ], [ 129.106681399999985, 32.9248411 ], [ 129.1093353, 32.9266339 ], [ 129.1088672, 32.9287764 ], [ 129.10995, 32.9293119 ], [ 129.1093683, 32.931595 ], [ 129.106433899999985, 32.9319842 ], [ 129.10626, 32.9345492 ], [ 129.1105047, 32.9367539 ], [ 129.11144059999998, 32.9412075 ], [ 129.1098494, 32.9435867 ], [ 129.106945600000017, 32.9504034 ], [ 129.104928299999983, 32.951693899999988 ], [ 129.101553599999988, 32.9522698 ], [ 129.101402400000012, 32.9562316 ], [ 129.100856599999986, 32.9579016 ], [ 129.1022604, 32.9622112 ], [ 129.1045933, 32.9588696 ], [ 129.1024687, 32.9573259 ], [ 129.1032569, 32.9555403 ], [ 129.1085779, 32.9541687 ], [ 129.1103683, 32.9509128 ], [ 129.112768099999982, 32.9498771 ], [ 129.113311899999985, 32.9470708 ], [ 129.1163939, 32.9421828 ], [ 129.118105, 32.9408414 ], [ 129.118259199999983, 32.9384792 ], [ 129.1206989, 32.9380675 ], [ 129.12356, 32.9396025 ], [ 129.12475, 32.9387058 ], [ 129.128426400000023, 32.9395406 ], [ 129.13087969999998, 32.9449867 ], [ 129.1323236, 32.9435831 ], [ 129.13336, 32.9408431 ], [ 129.1351714, 32.9397322 ], [ 129.1365017, 32.9376686 ], [ 129.1390283, 32.9371108 ], [ 129.1419764, 32.9383342 ], [ 129.143005599999981, 32.9468194 ], [ 129.1450308, 32.9501458 ], [ 129.1479213, 32.9527447 ], [ 129.148433499999982, 32.9560409 ], [ 129.1507834, 32.9574617 ], [ 129.154663299999982, 32.9577011 ], [ 129.155946699999987, 32.9601311 ], [ 129.1592489, 32.9606161 ], [ 129.1622969, 32.9618731 ], [ 129.1673839, 32.9651206 ], [ 129.169115299999987, 32.9645061 ], [ 129.170385, 32.9660511 ], [ 129.1708597, 32.9691183 ], [ 129.173680599999983, 32.9705275 ], [ 129.1768358, 32.9702064 ], [ 129.182303599999983, 32.9714692 ], [ 129.182470599999988, 32.9776261 ], [ 129.1836339, 32.9785453 ], [ 129.1810267, 32.981415 ], [ 129.1808258, 32.9840931 ], [ 129.1798503, 32.9862017 ], [ 129.176635, 32.9873011 ], [ 129.174892, 32.9887626 ], [ 129.17477310000001, 32.9906197 ], [ 129.1775972, 32.9914903 ], [ 129.177677499999987, 32.9947492 ], [ 129.174376699999982, 32.9968636 ], [ 129.174863099999982, 32.9979853 ], [ 129.1774236, 32.9977486 ], [ 129.1782935, 32.9997196 ], [ 129.1816078, 33.0004775 ], [ 129.183279199999987, 33.0018814 ], [ 129.1793328, 33.005546099999989 ], [ 129.176034200000032, 33.0073558 ], [ 129.1741611, 33.0055458 ], [ 129.1719128, 33.00638 ], [ 129.1705647, 33.0031722 ], [ 129.1685606, 33.0044578 ], [ 129.1672022, 33.0068989 ], [ 129.1647803, 33.0081278 ], [ 129.1648272, 33.0057036 ], [ 129.162559200000032, 33.0070733 ], [ 129.1616089, 33.0048464 ], [ 129.1596353, 33.0040403 ], [ 129.1605164, 33.0021517 ], [ 129.1582252, 33.0001501 ], [ 129.1552906, 33.0011367 ], [ 129.153392199999985, 32.9998397 ], [ 129.150397199999986, 33.0012719 ], [ 129.1494347, 33.0004319 ], [ 129.1475897, 33.00289 ], [ 129.1443811, 33.0028111 ], [ 129.1413531, 32.9992197 ], [ 129.1397419, 32.9996706 ], [ 129.1367206, 32.99909 ], [ 129.1363328, 33.0012044 ], [ 129.134681699999987, 33.0007194 ], [ 129.1343075, 32.9971278 ], [ 129.132857199999989, 32.9956789 ], [ 129.1337328, 32.9941989 ], [ 129.131678099999988, 32.9906774 ], [ 129.128989800000028, 32.9900643 ], [ 129.127606, 32.9913517 ], [ 129.126392399999986, 32.9892953 ], [ 129.124254399999984, 32.9874026 ], [ 129.1217079, 32.9876902 ], [ 129.1229976, 32.9853915 ], [ 129.1204272, 32.984249 ], [ 129.1182158, 32.9861663 ], [ 129.1182145, 32.9896086 ], [ 129.114711900000032, 32.9892372 ], [ 129.1137602, 32.9878359 ], [ 129.1106249, 32.9872983 ], [ 129.113843799999984, 32.9854669 ], [ 129.110931099999988, 32.981913 ], [ 129.10887169999998, 32.9812141 ], [ 129.106619699999982, 32.982037 ], [ 129.1080124, 32.9837783 ], [ 129.106132, 32.9851302 ], [ 129.1017465, 32.9849536 ], [ 129.102191399999981, 32.9814574 ], [ 129.0976919, 32.9802638 ], [ 129.097221, 32.9818398 ], [ 129.0947027, 32.9862244 ], [ 129.0921237, 32.9836426 ], [ 129.0915704, 32.9807223 ], [ 129.0885074, 32.9825948 ], [ 129.0878823, 32.9843434 ], [ 129.0883347, 32.9869106 ], [ 129.091159, 32.9889596 ], [ 129.092433299999982, 32.9946193 ], [ 129.094306099999983, 32.9949861 ], [ 129.0939986, 32.99679 ], [ 129.096070600000019, 32.9992653 ], [ 129.0959636, 33.00258 ], [ 129.092789899999985, 33.0029712 ], [ 129.0935711, 33.0077464 ], [ 129.0921203, 33.0086817 ], [ 129.0914908, 33.0135864 ], [ 129.0899703, 33.0147419 ], [ 129.089492899999982, 33.0177557 ], [ 129.091707499999984, 33.0188597 ], [ 129.094935599999985, 33.0222481 ], [ 129.094603399999983, 33.0231204 ], [ 129.097638599999982, 33.0246919 ], [ 129.0982639, 33.0277072 ], [ 129.0969092, 33.0304967 ], [ 129.0974697, 33.0322561 ], [ 129.093275, 33.0320536 ], [ 129.0930339, 33.0359208 ], [ 129.0918297, 33.0361633 ], [ 129.0912808, 33.0385536 ], [ 129.0979983, 33.0414686 ], [ 129.1001042, 33.0464367 ], [ 129.1003931, 33.0485187 ], [ 129.1021577, 33.0481905 ], [ 129.1050433, 33.0489272 ], [ 129.1046553, 33.050145 ], [ 129.1017917, 33.04957 ], [ 129.099764199999981, 33.0499925 ], [ 129.0983716, 33.0524499 ], [ 129.0994944, 33.0534597 ], [ 129.099938899999984, 33.0559736 ], [ 129.1014985, 33.0557975 ], [ 129.103771699999982, 33.0582631 ], [ 129.104348099999982, 33.0607126 ], [ 129.1063565, 33.0624267 ], [ 129.1118889, 33.0616925 ], [ 129.108956899999981, 33.0637375 ], [ 129.108643299999983, 33.0680172 ], [ 129.1105814, 33.0720872 ], [ 129.1111017, 33.0745383 ], [ 129.1102469, 33.076166799999989 ], [ 129.112415299999981, 33.0774142 ], [ 129.1135122, 33.0816428 ], [ 129.1123414, 33.0830239 ], [ 129.113365, 33.0847994 ], [ 129.117137499999984, 33.0852992 ], [ 129.1179037, 33.0869282 ], [ 129.1169883, 33.0895183 ], [ 129.1183408, 33.0906178 ], [ 129.11889, 33.0948119 ], [ 129.1179392, 33.0951389 ], [ 129.1208317, 33.106735 ], [ 129.11795859999998, 33.1111658 ], [ 129.1181392, 33.1133872 ], [ 129.1163578, 33.1152136 ], [ 129.113986900000015, 33.1146836 ], [ 129.1118169, 33.1151458 ], [ 129.1094258, 33.1175136 ], [ 129.1090308, 33.1190922 ], [ 129.1072561, 33.1207836 ], [ 129.1038139, 33.1223733 ], [ 129.1031975, 33.1247692 ], [ 129.1069881, 33.1268889 ], [ 129.1069544, 33.1291386 ], [ 129.109184699999986, 33.1306267 ], [ 129.111140299999988, 33.1359375 ], [ 129.1127342, 33.1382997 ], [ 129.114013299999982, 33.1422119 ], [ 129.11126059999998, 33.1442639 ], [ 129.1107169, 33.1478963 ], [ 129.111468299999984, 33.1501383 ] ] ], [ [ [ 129.194366699999989, 33.0158636 ], [ 129.1957586, 33.0181525 ], [ 129.192593599999981, 33.0182764 ], [ 129.1911217, 33.0197253 ], [ 129.188933599999984, 33.0199508 ], [ 129.189054199999987, 33.0179494 ], [ 129.1881244, 33.0161794 ], [ 129.181803, 33.0140713 ], [ 129.180530299999987, 33.015085299999988 ], [ 129.1742006, 33.0147636 ], [ 129.1745956, 33.0116517 ], [ 129.1762017, 33.0091881 ], [ 129.17948, 33.0072994 ], [ 129.1822769, 33.0074125 ], [ 129.1854017, 33.0089461 ], [ 129.1905667, 33.0065106 ], [ 129.191824699999984, 33.0073336 ], [ 129.1961269, 33.0079764 ], [ 129.1974114, 33.0105811 ], [ 129.1962203, 33.0111281 ], [ 129.1965281, 33.0144992 ], [ 129.194366699999989, 33.0158636 ] ] ], [ [ [ 129.17976059999998, 33.0218056 ], [ 129.1780278, 33.0197081 ], [ 129.184885799999989, 33.0199789 ], [ 129.1859297, 33.0214675 ], [ 129.1832397, 33.0230008 ], [ 129.17976059999998, 33.0218056 ] ] ], [ [ [ 129.1597942, 33.0343378 ], [ 129.1601067, 33.0331417 ], [ 129.162391899999989, 33.0322753 ], [ 129.1631892, 33.0335617 ], [ 129.1597942, 33.0343378 ] ] ], [ [ [ 129.133026699999988, 33.13375 ], [ 129.1334306, 33.1316428 ], [ 129.135311699999988, 33.1325983 ], [ 129.13575, 33.13528 ], [ 129.135343899999981, 33.1373747 ], [ 129.1340844, 33.1371617 ], [ 129.133026699999988, 33.13375 ] ] ], [ [ [ 129.0567831, 33.1771875 ], [ 129.0558714, 33.1789578 ], [ 129.0573528, 33.1798767 ], [ 129.059752799999984, 33.1796231 ], [ 129.058333299999987, 33.1843674 ], [ 129.056108599999988, 33.1827331 ], [ 129.0552481, 33.1795608 ], [ 129.0530292, 33.1790817 ], [ 129.052626900000035, 33.1776331 ], [ 129.054711699999984, 33.1765617 ], [ 129.0567831, 33.1771875 ] ] ], [ [ [ 129.1355006, 33.2036922 ], [ 129.133496399999984, 33.2027053 ], [ 129.130493299999983, 33.2044022 ], [ 129.125720299999983, 33.212120299999988 ], [ 129.1227642, 33.2137158 ], [ 129.118601399999989, 33.2120244 ], [ 129.1149211, 33.2079706 ], [ 129.1150753, 33.2051181 ], [ 129.1169994, 33.2007147 ], [ 129.1222817, 33.1941244 ], [ 129.1214642, 33.1925908 ], [ 129.1243867, 33.1894111 ], [ 129.1244659, 33.1877578 ], [ 129.122074199999986, 33.1862203 ], [ 129.120928099999986, 33.1843653 ], [ 129.1207939, 33.1817719 ], [ 129.1197214, 33.1796972 ], [ 129.1201706, 33.1770022 ], [ 129.1220142, 33.1737436 ], [ 129.123435, 33.1728531 ], [ 129.1238022, 33.1699722 ], [ 129.124789199999981, 33.1674689 ], [ 129.1239989, 33.1640636 ], [ 129.124293599999987, 33.1627783 ], [ 129.132731899999982, 33.1587533 ], [ 129.132966399999987, 33.1624292 ], [ 129.1351431, 33.1663306 ], [ 129.134024399999987, 33.1680217 ], [ 129.133785, 33.171675 ], [ 129.1345694, 33.1739919 ], [ 129.1333694, 33.17835 ], [ 129.1311842, 33.1808814 ], [ 129.1321494, 33.1835028 ], [ 129.131358300000016, 33.1853014 ], [ 129.1339036, 33.1877486 ], [ 129.136875299999986, 33.1881542 ], [ 129.13806169999998, 33.1894058 ], [ 129.141594400000031, 33.1873708 ], [ 129.142619699999983, 33.1883461 ], [ 129.1435247, 33.1924561 ], [ 129.1409775, 33.1945194 ], [ 129.1388189, 33.1934819 ], [ 129.1380144, 33.1951903 ], [ 129.1363256, 33.1953031 ], [ 129.1348975, 33.196735 ], [ 129.1340664, 33.2002022 ], [ 129.1361375, 33.2019386 ], [ 129.1355006, 33.2036922 ] ] ], [ [ [ 129.0545764, 33.2119497 ], [ 129.053597800000034, 33.2139622 ], [ 129.05469, 33.2160878 ], [ 129.0580219, 33.2173619 ], [ 129.056915799999985, 33.2200061 ], [ 129.0533025, 33.2195831 ], [ 129.0508289, 33.2167697 ], [ 129.0487981, 33.2163244 ], [ 129.04737, 33.2189458 ], [ 129.045841699999983, 33.2188783 ], [ 129.045198299999981, 33.2155969 ], [ 129.047303100000022, 33.2152419 ], [ 129.0479417, 33.2134914 ], [ 129.0453861, 33.2120847 ], [ 129.0424367, 33.2097056 ], [ 129.0432614, 33.2052178 ], [ 129.0413508, 33.2049981 ], [ 129.0392192, 33.20665 ], [ 129.0401242, 33.2108725 ], [ 129.038501699999983, 33.2111375 ], [ 129.0365444, 33.2081494 ], [ 129.0345939, 33.2068075 ], [ 129.036343599999981, 33.2052236 ], [ 129.036336899999981, 33.2032786 ], [ 129.032676899999984, 33.204918899999988 ], [ 129.0303911, 33.2022972 ], [ 129.0283733, 33.2009781 ], [ 129.0298886, 33.1964622 ], [ 129.0323889, 33.1951431 ], [ 129.0345275, 33.1957858 ], [ 129.0390922, 33.1959381 ], [ 129.0425378, 33.1974208 ], [ 129.0431142, 33.1959667 ], [ 129.0468617, 33.1958031 ], [ 129.0480617, 33.1943656 ], [ 129.0465667, 33.1926233 ], [ 129.04351, 33.19118 ], [ 129.046158099999985, 33.1897819 ], [ 129.046553599999982, 33.1873069 ], [ 129.0460778, 33.1845503 ], [ 129.0497581, 33.1828028 ], [ 129.0510247, 33.1847364 ], [ 129.0547015, 33.1846563 ], [ 129.057880899999986, 33.1865038 ], [ 129.0620213, 33.185056 ], [ 129.060454099999987, 33.1894314 ], [ 129.060062499999987, 33.1924877 ], [ 129.0612004, 33.1937161 ], [ 129.064055600000017, 33.1949128 ], [ 129.0682702, 33.1938566 ], [ 129.0709736, 33.1892469 ], [ 129.0733597, 33.18786 ], [ 129.0764369, 33.1898839 ], [ 129.079374699999988, 33.1908639 ], [ 129.0838508, 33.1897431 ], [ 129.0889789, 33.1860731 ], [ 129.0914861, 33.19188 ], [ 129.093892499999981, 33.1910683 ], [ 129.0944222, 33.1924719 ], [ 129.092631899999986, 33.1941609 ], [ 129.0902125, 33.1931431 ], [ 129.087457199999989, 33.1959392 ], [ 129.0828826, 33.1956026 ], [ 129.0816453, 33.1968861 ], [ 129.082396099999983, 33.200765 ], [ 129.0806797, 33.2050889 ], [ 129.0800094, 33.2082744 ], [ 129.08316, 33.2097178 ], [ 129.0853117, 33.2091144 ], [ 129.0912978, 33.2107889 ], [ 129.092867399999989, 33.2095163 ], [ 129.0934464, 33.2076335 ], [ 129.096038099999987, 33.2068832 ], [ 129.0976528, 33.20779 ], [ 129.098308799999984, 33.2114687 ], [ 129.0979278, 33.2153669 ], [ 129.09556809999998, 33.2147411 ], [ 129.0925047, 33.2147806 ], [ 129.091197199999982, 33.2139575 ], [ 129.0879531, 33.2149892 ], [ 129.087007799999981, 33.2135572 ], [ 129.084493899999984, 33.2127453 ], [ 129.083857199999983, 33.2116856 ], [ 129.08015, 33.2099433 ], [ 129.076785, 33.2116683 ], [ 129.0735003, 33.2108339 ], [ 129.0699875, 33.2116906 ], [ 129.0686203, 33.2099036 ], [ 129.0688481, 33.2074231 ], [ 129.0661869, 33.2080092 ], [ 129.063914399999987, 33.2096611 ], [ 129.06174919999998, 33.2090692 ], [ 129.0606967, 33.2102472 ], [ 129.0564197, 33.2120625 ], [ 129.0545764, 33.2119497 ] ] ], [ [ [ 129.0738486, 33.22406 ], [ 129.071321399999988, 33.2238739 ], [ 129.0709592, 33.225785 ], [ 129.0693303, 33.2260894 ], [ 129.066327199999989, 33.2253283 ], [ 129.066890299999983, 33.2280908 ], [ 129.061795599999982, 33.2260047 ], [ 129.0624994, 33.224296699999989 ], [ 129.0644972, 33.2231575 ], [ 129.066260299999982, 33.2197639 ], [ 129.065945299999981, 33.2180106 ], [ 129.069525, 33.2181739 ], [ 129.072212799999988, 33.2212525 ], [ 129.074606099999983, 33.2224925 ], [ 129.0738486, 33.22406 ] ] ], [ [ [ 129.134313599999984, 33.2197933 ], [ 129.136103599999984, 33.21994 ], [ 129.140233099999989, 33.2222178 ], [ 129.140843099999984, 33.223035 ], [ 129.1378397, 33.2268181 ], [ 129.1343942, 33.2279058 ], [ 129.13027169999998, 33.2263331 ], [ 129.129923099999985, 33.2226797 ], [ 129.134313599999984, 33.2197933 ] ] ] ] } },
{ "type": "Feature", "properties": { "hokenjo": "西彼" }, "geometry": { "type": "MultiPolygon", "coordinates": [ [ [ [ 129.6021964, 32.9400611 ], [ 129.6007658, 32.9431503 ], [ 129.599168099999986, 32.9435675 ], [ 129.5985222, 32.9476892 ], [ 129.597035799999986, 32.9448358 ], [ 129.5947567, 32.9451686 ], [ 129.593513299999984, 32.9435053 ], [ 129.5945025, 32.9410586 ], [ 129.5927581, 32.9383581 ], [ 129.5937542, 32.9354717 ], [ 129.5930928, 32.9339947 ], [ 129.59592, 32.9318242 ], [ 129.595920299999989, 32.927962199999989 ], [ 129.5991086, 32.922725 ], [ 129.6031528, 32.9203008 ], [ 129.6052019, 32.9181869 ], [ 129.6093622, 32.9172625 ], [ 129.6106642, 32.9162083 ], [ 129.612460699999986, 32.9169859 ], [ 129.6165139, 32.9172289 ], [ 129.622750800000034, 32.9248031 ], [ 129.625471399999981, 32.9263 ], [ 129.625765299999983, 32.9272469 ], [ 129.6241478, 32.9296144 ], [ 129.6246625, 32.9310014 ], [ 129.6235328, 32.9323486 ], [ 129.6245217, 32.9339667 ], [ 129.623873299999985, 32.9372928 ], [ 129.6215808, 32.9378236 ], [ 129.6178175, 32.9395261 ], [ 129.6153295, 32.9381899 ], [ 129.6152908, 32.9413356 ], [ 129.6128175, 32.9428519 ], [ 129.6094819, 32.9422261 ], [ 129.6114072, 32.9398583 ], [ 129.6083658, 32.9399878 ], [ 129.6050639, 32.9387872 ], [ 129.6021964, 32.9400611 ] ] ], [ [ [ 129.648832199999987, 33.0006767 ], [ 129.6511581, 33.0017419 ], [ 129.6515925, 33.0045383 ], [ 129.6502281, 33.0095953 ], [ 129.6482944, 33.004375 ], [ 129.6490997, 33.0032475 ], [ 129.6476094, 32.9999494 ], [ 129.647876699999983, 32.9972492 ], [ 129.6472556, 32.9922831 ], [ 129.648338599999988, 32.9908794 ], [ 129.6466333, 32.9885972 ], [ 129.6471828, 32.9873789 ], [ 129.6500097, 32.9875931 ], [ 129.6515961, 32.9870167 ], [ 129.6528228, 32.9906764 ], [ 129.6511778, 32.9969447 ], [ 129.649754699999988, 32.9983206 ], [ 129.648832199999987, 33.0006767 ] ] ], [ [ [ 129.5532217, 33.0070458 ], [ 129.5508333, 33.0076772 ], [ 129.5479875, 33.0071364 ], [ 129.5449456, 33.0083931 ], [ 129.543697899999984, 33.0083191 ], [ 129.543124399999982, 33.0029247 ], [ 129.545116399999984, 33.0032967 ], [ 129.5493678, 33.0051292 ], [ 129.5499967, 33.0034772 ], [ 129.549401099999983, 33.0015606 ], [ 129.5531311, 33.0005853 ], [ 129.552547500000031, 33.0027277 ], [ 129.5543936, 33.0047781 ], [ 129.5532217, 33.0070458 ] ] ], [ [ [ 129.249404699999985, 33.0133272 ], [ 129.2475253, 33.0146861 ], [ 129.2464747, 33.0169467 ], [ 129.248621899999989, 33.0212822 ], [ 129.24732419999998, 33.0231989 ], [ 129.24544419999998, 33.0203464 ], [ 129.2414631, 33.0190719 ], [ 129.238285, 33.0157967 ], [ 129.2367731, 33.0154919 ], [ 129.2359367, 33.0136431 ], [ 129.2329728, 33.0110269 ], [ 129.2325581, 33.0086761 ], [ 129.230805, 33.0066011 ], [ 129.2227253, 33.00204 ], [ 129.2221706, 32.9983303 ], [ 129.2237747, 32.9982964 ], [ 129.2275717, 33.0003936 ], [ 129.2326448, 33.0007523 ], [ 129.2363356, 32.9981725 ], [ 129.2357206, 32.9972481 ], [ 129.240205799999984, 32.9961822 ], [ 129.2374386, 32.9921058 ], [ 129.2330867, 32.9899239 ], [ 129.23431, 32.9887681 ], [ 129.2400256, 32.9911081 ], [ 129.2437756, 32.9933467 ], [ 129.245981699999987, 32.9935214 ], [ 129.2468642, 32.99722 ], [ 129.2507556, 32.9970794 ], [ 129.251979399999982, 32.9996053 ], [ 129.2545675, 32.9998703 ], [ 129.255845, 33.0015842 ], [ 129.254206399999987, 33.0028411 ], [ 129.2541128, 33.0051417 ], [ 129.2530961, 33.0077067 ], [ 129.2558714, 33.0094092 ], [ 129.25729579999998, 33.0119686 ], [ 129.257208900000023, 33.014985 ], [ 129.258733299999989, 33.0162986 ], [ 129.2610606, 33.0198053 ], [ 129.2581047, 33.0210061 ], [ 129.256693899999988, 33.0190442 ], [ 129.2541994, 33.0176514 ], [ 129.255035599999985, 33.0159942 ], [ 129.254501299999987, 33.0140433 ], [ 129.249404699999985, 33.0133272 ] ] ], [ [ [ 129.5391586, 33.0076319 ], [ 129.542108899999988, 33.0081789 ], [ 129.5421222, 33.0091372 ], [ 129.539131699999984, 33.0103153 ], [ 129.536388599999981, 33.0103378 ], [ 129.5356994, 33.0085792 ], [ 129.5391586, 33.0076319 ] ] ], [ [ [ 129.353745799999984, 33.01685 ], [ 129.3547356, 33.0178931 ], [ 129.354922499999986, 33.0204186 ], [ 129.353130599999986, 33.0210333 ], [ 129.350977199999988, 33.0189472 ], [ 129.345279399999981, 33.0176619 ], [ 129.3443033, 33.015835 ], [ 129.3427517, 33.0158747 ], [ 129.341888899999987, 33.0133319 ], [ 129.343266699999987, 33.0130725 ], [ 129.3442097, 33.0105525 ], [ 129.3410264, 33.0073278 ], [ 129.3441497, 33.0057775 ], [ 129.3457224, 33.0030511 ], [ 129.3434608, 33.00085 ], [ 129.344731699999983, 32.9999144 ], [ 129.3452333, 32.9978903 ], [ 129.347955, 32.9990292 ], [ 129.3497203, 32.9976197 ], [ 129.3514525, 32.99917 ], [ 129.350489399999987, 33.0006361 ], [ 129.3513247, 33.0029566 ], [ 129.35285, 33.0028628 ], [ 129.3572369, 33.0041992 ], [ 129.360486899999984, 33.0029475 ], [ 129.3621722, 33.0035508 ], [ 129.3590625, 33.0072831 ], [ 129.360640599999982, 33.0099044 ], [ 129.3561067, 33.0097467 ], [ 129.354682199999985, 33.0113644 ], [ 129.354006699999985, 33.0137944 ], [ 129.355116899999985, 33.015435 ], [ 129.353745799999984, 33.01685 ] ] ], [ [ [ 129.5761531, 33.0282772 ], [ 129.5743042, 33.0276233 ], [ 129.5694675, 33.0288467 ], [ 129.567815, 33.0301994 ], [ 129.5618742, 33.0304533 ], [ 129.5622756, 33.0278431 ], [ 129.560001100000022, 33.0264336 ], [ 129.5605961, 33.0238125 ], [ 129.5628025, 33.0237277 ], [ 129.5640081, 33.0213261 ], [ 129.561987499999987, 33.0198267 ], [ 129.564061400000014, 33.0177633 ], [ 129.56611, 33.0185944 ], [ 129.565187, 33.0215422 ], [ 129.5696142, 33.0190881 ], [ 129.57043059999998, 33.01707 ], [ 129.568215800000019, 33.0168897 ], [ 129.5674933, 33.014662799999989 ], [ 129.5602872, 33.0100058 ], [ 129.564421899999985, 33.0088953 ], [ 129.5652012, 33.0077896 ], [ 129.5594233, 33.0081726 ], [ 129.557095799999985, 33.008805 ], [ 129.5562577, 33.0056132 ], [ 129.554867799999982, 33.0033418 ], [ 129.556399699999986, 33.0007939 ], [ 129.5591006, 33.0013917 ], [ 129.562489699999986, 33.0008281 ], [ 129.5619786, 33.0033311 ], [ 129.565231399999988, 33.0045492 ], [ 129.5660411, 33.0065053 ], [ 129.567814199999987, 33.0068717 ], [ 129.5714736, 33.0094483 ], [ 129.577260800000033, 33.0097019 ], [ 129.5769214, 33.0114333 ], [ 129.5800308, 33.0132253 ], [ 129.5815694, 33.0122842 ], [ 129.583596699999987, 33.0128761 ], [ 129.5867811, 33.0187219 ], [ 129.5879383, 33.0191108 ], [ 129.5903336, 33.0218506 ], [ 129.5899389, 33.0231417 ], [ 129.586895, 33.0241114 ], [ 129.5859983, 33.0257292 ], [ 129.5834964, 33.0275781 ], [ 129.5761531, 33.0282772 ] ] ], [ [ [ 129.4357397, 33.0171031 ], [ 129.4370444, 33.0157108 ], [ 129.438864199999983, 33.0177344 ], [ 129.4381883, 33.0188114 ], [ 129.4334517, 33.0218497 ], [ 129.4309764, 33.0205925 ], [ 129.4312842, 33.0185519 ], [ 129.4328161, 33.0173397 ], [ 129.4357397, 33.0171031 ] ] ], [ [ [ 129.6364753, 33.0349019 ], [ 129.6383353, 33.0353081 ], [ 129.6373586, 33.0375572 ], [ 129.6373873, 33.0448647 ], [ 129.6351372, 33.0424108 ], [ 129.6332639, 33.0412158 ], [ 129.6334781, 33.0398853 ], [ 129.6300592, 33.0381489 ], [ 129.6282201, 33.0341937 ], [ 129.629283099999981, 33.031525 ], [ 129.628145599999982, 33.0288472 ], [ 129.629390299999983, 33.0275336 ], [ 129.633558099999988, 33.0268461 ], [ 129.632313899999986, 33.0299072 ], [ 129.634280800000028, 33.0308317 ], [ 129.6366156, 33.0330133 ], [ 129.6364753, 33.0349019 ] ] ], [ [ [ 129.616919699999983, 33.0613522 ], [ 129.6116008, 33.0614592 ], [ 129.6101492, 33.0621806 ], [ 129.6100336, 33.0642261 ], [ 129.608777799999984, 33.0652981 ], [ 129.6055328, 33.0629981 ], [ 129.605813899999987, 33.0609744 ], [ 129.6044894, 33.0592606 ], [ 129.6059167, 33.0577691 ], [ 129.6085436, 33.0567969 ], [ 129.6071722, 33.0545761 ], [ 129.60562, 33.0547056 ], [ 129.6046433, 33.0568139 ], [ 129.603285, 33.0571014 ], [ 129.601833299999981, 33.0556075 ], [ 129.6020919, 33.0510774 ], [ 129.598455, 33.0523717 ], [ 129.59701, 33.0486847 ], [ 129.5917983, 33.0466103 ], [ 129.5916983, 33.0446594 ], [ 129.5897181, 33.0410572 ], [ 129.590511, 33.0390782 ], [ 129.588634399999989, 33.0380864 ], [ 129.587142199999988, 33.0356906 ], [ 129.5875169, 33.0316542 ], [ 129.5867911, 33.0301992 ], [ 129.5875039, 33.0278431 ], [ 129.593804899999981, 33.0273664 ], [ 129.598362899999984, 33.0235367 ], [ 129.5998874, 33.0236163 ], [ 129.602130099999982, 33.028455099999988 ], [ 129.6036824, 33.0281623 ], [ 129.6026125, 33.0257323 ], [ 129.6043874, 33.022945 ], [ 129.606747399999989, 33.0235927 ], [ 129.6083205, 33.025039 ], [ 129.610253199999988, 33.0280487 ], [ 129.6100767, 33.0301324 ], [ 129.6128823, 33.031207 ], [ 129.6129354, 33.0341807 ], [ 129.6155794, 33.0345364 ], [ 129.6178672, 33.0338647 ], [ 129.6183682, 33.0318551 ], [ 129.6205606, 33.0306534 ], [ 129.6221252, 33.0322811 ], [ 129.624867, 33.0330762 ], [ 129.627196199999986, 33.0367273 ], [ 129.6258736, 33.0387827 ], [ 129.6290538, 33.0398526 ], [ 129.6295977, 33.0426694 ], [ 129.6235374, 33.0426825 ], [ 129.6248516, 33.0453222 ], [ 129.6265632, 33.0458204 ], [ 129.628947899999986, 33.0444369 ], [ 129.630314299999981, 33.0445168 ], [ 129.6319009, 33.047705 ], [ 129.634487399999983, 33.0508672 ], [ 129.6301513, 33.0533791 ], [ 129.632802199999986, 33.0569722 ], [ 129.63057569999998, 33.0583193 ], [ 129.6365906, 33.0585758 ], [ 129.638381899999985, 33.0603606 ], [ 129.636809699999986, 33.0622319 ], [ 129.6329078, 33.0625316 ], [ 129.6294972, 33.0639511 ], [ 129.6276039, 33.0617528 ], [ 129.62314809999998, 33.0597908 ], [ 129.621341900000033, 33.0607606 ], [ 129.616919699999983, 33.0613522 ] ] ], [ [ [ 129.6427439, 33.0633708 ], [ 129.6407839, 33.0628522 ], [ 129.64081059999998, 33.0605578 ], [ 129.644369399999988, 33.0623278 ], [ 129.6427439, 33.0633708 ] ] ], [ [ [ 129.5664219, 33.0638658 ], [ 129.5700414, 33.0633925 ], [ 129.570349199999981, 33.0648581 ], [ 129.5671111, 33.065297799999989 ], [ 129.5664219, 33.0638658 ] ] ], [ [ [ 129.8556755, 32.8528268 ], [ 129.858331599999985, 32.853876 ], [ 129.8585101, 32.8549666 ], [ 129.8543143, 32.8568003 ], [ 129.8524994, 32.860797 ], [ 129.851867299999981, 32.8590615 ], [ 129.8509636, 32.8509916 ], [ 129.8519411, 32.8472436 ], [ 129.853451, 32.8466406 ], [ 129.854634299999987, 32.8447975 ], [ 129.852450799999986, 32.8429955 ], [ 129.852563299999986, 32.8418129 ], [ 129.8490399, 32.8416972 ], [ 129.8472142, 32.8358432 ], [ 129.849101300000029, 32.8359938 ], [ 129.8502207, 32.8322513 ], [ 129.8480631, 32.8323694 ], [ 129.8452598, 32.8355757 ], [ 129.8437616, 32.8356068 ], [ 129.8407594, 32.8410035 ], [ 129.8438275, 32.8425304 ], [ 129.8253058, 32.8554846 ], [ 129.8210774, 32.8597252 ], [ 129.818383499999982, 32.8596678 ], [ 129.816393799999986, 32.8604792 ], [ 129.817423, 32.8627726 ], [ 129.8154563, 32.8628996 ], [ 129.811703, 32.8648497 ], [ 129.810285099999987, 32.8640344 ], [ 129.806757399999981, 32.8640631 ], [ 129.804309499999988, 32.8629644 ], [ 129.7998182, 32.863736 ], [ 129.8000269, 32.8671016 ], [ 129.79788689999998, 32.8678262 ], [ 129.7965729, 32.8695729 ], [ 129.7970994, 32.8709696 ], [ 129.7952311, 32.8696681 ], [ 129.7947017, 32.8664564 ], [ 129.791233299999988, 32.8633453 ], [ 129.793684399999989, 32.8623828 ], [ 129.7937092, 32.8590275 ], [ 129.7942817, 32.8572756 ], [ 129.79658329999998, 32.8550658 ], [ 129.800148899999982, 32.8536975 ], [ 129.8002806, 32.8504669 ], [ 129.801968599999981, 32.8486469 ], [ 129.8013881, 32.8455414 ], [ 129.8018328, 32.8431864 ], [ 129.8071747, 32.8385214 ], [ 129.8080917, 32.8366861 ], [ 129.8132264, 32.8356711 ], [ 129.814545, 32.8349533 ], [ 129.815214699999984, 32.8330225 ], [ 129.8143183, 32.8310347 ], [ 129.8161111, 32.8289775 ], [ 129.820541099999986, 32.8259331 ], [ 129.8191506, 32.8199397 ], [ 129.817543600000022, 32.8189089 ], [ 129.816956100000027, 32.8172386 ], [ 129.818105, 32.8149967 ], [ 129.8212522, 32.8148814 ], [ 129.8255533, 32.8162778 ], [ 129.8279483, 32.8177194 ], [ 129.832161899999988, 32.8171064 ], [ 129.835139200000015, 32.8158731 ], [ 129.839551299999982, 32.8165673 ], [ 129.84056, 32.8159381 ], [ 129.840180799999985, 32.8131669 ], [ 129.838629199999986, 32.8100608 ], [ 129.842046899999985, 32.8112711 ], [ 129.8444164, 32.8112364 ], [ 129.8464375, 32.8120961 ], [ 129.8480389, 32.8088267 ], [ 129.8495644, 32.8074722 ], [ 129.8518306, 32.8073808 ], [ 129.851055, 32.8052742 ], [ 129.854660599999988, 32.802125599999989 ], [ 129.8561358, 32.8018239 ], [ 129.858115, 32.7992325 ], [ 129.8608444, 32.7983842 ], [ 129.862193599999983, 32.800325 ], [ 129.8641472, 32.8012606 ], [ 129.8667656, 32.8084761 ], [ 129.86952, 32.8076958 ], [ 129.8701292, 32.8057144 ], [ 129.86731469999998, 32.8023322 ], [ 129.8665897, 32.7975383 ], [ 129.8692436, 32.7970769 ], [ 129.8702542, 32.7996731 ], [ 129.8699006, 32.8027 ], [ 129.872933099999983, 32.8044994 ], [ 129.8750628, 32.806715 ], [ 129.87732, 32.8059514 ], [ 129.880666099999985, 32.8081011 ], [ 129.8819681, 32.8072569 ], [ 129.8820978, 32.8049292 ], [ 129.88374109999998, 32.8039644 ], [ 129.8846192, 32.8057222 ], [ 129.887503899999984, 32.8064131 ], [ 129.888130599999982, 32.8078164 ], [ 129.890492199999983, 32.8083497 ], [ 129.891196899999983, 32.8099286 ], [ 129.8939517, 32.8116936 ], [ 129.8966639, 32.8103572 ], [ 129.8993058, 32.8103717 ], [ 129.903660300000013, 32.8093406 ], [ 129.908938300000017, 32.8104378 ], [ 129.910584199999988, 32.8116392 ], [ 129.9119722, 32.8109631 ], [ 129.9174797, 32.8136919 ], [ 129.9216997, 32.8188189 ], [ 129.924170299999986, 32.8208711 ], [ 129.9229408, 32.8235186 ], [ 129.921123599999987, 32.8255339 ], [ 129.9214872, 32.8280564 ], [ 129.9183911, 32.8297625 ], [ 129.9158922, 32.8334428 ], [ 129.9129528, 32.8336122 ], [ 129.9098472, 32.8369092 ], [ 129.9095197, 32.8388819 ], [ 129.907345, 32.8403689 ], [ 129.9057889, 32.8424133 ], [ 129.902445299999982, 32.84288 ], [ 129.8992764, 32.8444053 ], [ 129.8976161, 32.8469167 ], [ 129.89532, 32.8517775 ], [ 129.8939331, 32.8518308 ], [ 129.8940772, 32.8543614 ], [ 129.893159199999985, 32.8556569 ], [ 129.890177199999982, 32.8567806 ], [ 129.8900933, 32.8597983 ], [ 129.8891214, 32.8634789 ], [ 129.887171099999989, 32.8656456 ], [ 129.8854414, 32.8685881 ], [ 129.887173599999983, 32.8714978 ], [ 129.890341, 32.8711657 ], [ 129.8894721, 32.8743104 ], [ 129.888428399999981, 32.8750368 ], [ 129.8861082, 32.8738592 ], [ 129.88333, 32.8746114 ], [ 129.8825204, 32.8767118 ], [ 129.8840358, 32.8796873 ], [ 129.8824459, 32.8816458 ], [ 129.8807802, 32.8821988 ], [ 129.8790749, 32.8800078 ], [ 129.8786691, 32.874363699999989 ], [ 129.8812135, 32.8694391 ], [ 129.8804946, 32.8662514 ], [ 129.881212, 32.8648334 ], [ 129.8795041, 32.8634499 ], [ 129.8702236, 32.8609564 ], [ 129.8705953, 32.8596518 ], [ 129.873025399999989, 32.858536 ], [ 129.872617, 32.8566657 ], [ 129.870579099999986, 32.855099 ], [ 129.8723628, 32.8526452 ], [ 129.8699172, 32.8506678 ], [ 129.8673603, 32.850743 ], [ 129.8671808, 32.8464379 ], [ 129.8690104, 32.8444193 ], [ 129.8659398, 32.8441061 ], [ 129.863651399999981, 32.8468758 ], [ 129.8623366, 32.8462347 ], [ 129.858617399999986, 32.8464567 ], [ 129.8560496, 32.8488841 ], [ 129.8556755, 32.8528268 ] ] ], [ [ [ 129.8255681, 32.8691842 ], [ 129.822125799999981, 32.8673889 ], [ 129.8235717, 32.8655351 ], [ 129.8255681, 32.8691842 ] ] ], [ [ [ 129.810257, 32.8662639 ], [ 129.8131018, 32.868796 ], [ 129.8093805, 32.8698585 ], [ 129.8072109, 32.8710239 ], [ 129.805203899999981, 32.8734288 ], [ 129.8042093, 32.8720901 ], [ 129.8048978, 32.8687211 ], [ 129.8078315, 32.865593 ], [ 129.810257, 32.8662639 ] ] ], [ [ [ 129.810702, 32.96294 ], [ 129.8132984, 32.9588597 ], [ 129.8159742, 32.9598821 ], [ 129.815160599999984, 32.9623931 ], [ 129.812453299999987, 32.9637628 ], [ 129.810702, 32.96294 ] ] ], [ [ [ 129.816706499999981, 32.9941604 ], [ 129.8190952, 32.991803 ], [ 129.8203647, 32.9956266 ], [ 129.8176163, 32.9964027 ], [ 129.816706499999981, 32.9941604 ] ] ], [ [ [ 129.739918099999983, 32.9955672 ], [ 129.7429728, 32.9941803 ], [ 129.7462147, 32.9959167 ], [ 129.744463599999989, 32.9975064 ], [ 129.7439592, 33.0000944 ], [ 129.7415694, 32.9968692 ], [ 129.739918099999983, 32.9955672 ] ] ], [ [ [ 129.7918281, 32.9685781 ], [ 129.79532, 32.9664122 ], [ 129.8025097, 32.9649494 ], [ 129.8038636, 32.9631483 ], [ 129.8069468, 32.9619348 ], [ 129.808485800000028, 32.9627116 ], [ 129.808388799999989, 32.9650035 ], [ 129.811227, 32.9696026 ], [ 129.814585599999987, 32.9701103 ], [ 129.816201399999983, 32.9687205 ], [ 129.818418, 32.9686227 ], [ 129.8182013, 32.9714415 ], [ 129.81889, 32.9738819 ], [ 129.824112499999984, 32.9726806 ], [ 129.8240899, 32.9748566 ], [ 129.8214738, 32.977795199999989 ], [ 129.8227468, 32.9817447 ], [ 129.8214394, 32.9840865 ], [ 129.819423199999989, 32.9852956 ], [ 129.816066299999989, 32.985466 ], [ 129.8131947, 32.9891025 ], [ 129.8110558, 32.9927722 ], [ 129.8143086, 32.9924936 ], [ 129.8151327, 32.995123899999989 ], [ 129.8122354, 32.9955954 ], [ 129.8112655, 32.9996486 ], [ 129.8071856, 32.9999822 ], [ 129.80655059999998, 33.00191 ], [ 129.8049997, 33.0025806 ], [ 129.803930799999989, 33.0045539 ], [ 129.8008539, 33.0064464 ], [ 129.8010136, 33.0078797 ], [ 129.796637799999985, 33.0091986 ], [ 129.790683600000023, 33.0096158 ], [ 129.7867161, 33.0062786 ], [ 129.7834083, 33.0080633 ], [ 129.781725, 33.0075861 ], [ 129.7802261, 33.0103258 ], [ 129.779309399999988, 33.0133925 ], [ 129.777831099999986, 33.0138661 ], [ 129.774800299999981, 33.0132403 ], [ 129.7704467, 33.0133694 ], [ 129.7690064, 33.0173892 ], [ 129.7665175, 33.0183025 ], [ 129.766738299999986, 33.0195989 ], [ 129.764129199999985, 33.0218933 ], [ 129.760911099999987, 33.0207206 ], [ 129.7598114, 33.0197097 ], [ 129.7618717, 33.0160997 ], [ 129.7588106, 33.0127381 ], [ 129.7581817, 33.0100378 ], [ 129.7561011, 33.0107369 ], [ 129.753204200000027, 33.0084539 ], [ 129.7531644, 33.0045414 ], [ 129.7520331, 33.003335299999989 ], [ 129.7543286, 33.0019992 ], [ 129.755077799999981, 33.0039161 ], [ 129.7581908, 33.0021183 ], [ 129.7596872, 33.0044233 ], [ 129.761895, 33.0038089 ], [ 129.764883699999984, 33.0009509 ], [ 129.7638837, 32.9995825 ], [ 129.75737, 32.9995811 ], [ 129.75727, 32.9976247 ], [ 129.75862, 32.995015 ], [ 129.7551244, 32.9959561 ], [ 129.7545494, 32.999575 ], [ 129.752316899999983, 33.0006406 ], [ 129.749356399999982, 32.9947947 ], [ 129.7452592, 32.9939153 ], [ 129.7432406, 32.9929514 ], [ 129.7434944, 32.99148 ], [ 129.7419639, 32.9884808 ], [ 129.739477199999982, 32.9882497 ], [ 129.7395908, 32.9902117 ], [ 129.7407872, 32.9918239 ], [ 129.738434399999988, 32.9950089 ], [ 129.735653899999988, 32.9968017 ], [ 129.7355005, 32.9991288 ], [ 129.7323825, 32.9994417 ], [ 129.732846099999989, 33.0021175 ], [ 129.737190199999986, 33.0010106 ], [ 129.7406014, 33.003855 ], [ 129.7344047, 33.0054658 ], [ 129.731433899999985, 33.0082506 ], [ 129.7340903, 33.0093106 ], [ 129.735548599999987, 33.0118189 ], [ 129.734645299999983, 33.014395 ], [ 129.73344179999998, 33.0145413 ], [ 129.7335144, 33.017225 ], [ 129.7363311, 33.0173097 ], [ 129.7376892, 33.0223661 ], [ 129.739890299999985, 33.0249311 ], [ 129.7405526, 33.0276173 ], [ 129.7431234, 33.0287633 ], [ 129.744954399999983, 33.0325981 ], [ 129.7447669, 33.0336578 ], [ 129.7466267, 33.0383314 ], [ 129.7492428, 33.0378464 ], [ 129.7538056, 33.0397972 ], [ 129.754280599999987, 33.0416856 ], [ 129.7589706, 33.043737799999988 ], [ 129.7615931, 33.046055 ], [ 129.7620078, 33.0492061 ], [ 129.760107799999986, 33.0502828 ], [ 129.760000599999984, 33.0519064 ], [ 129.75519, 33.0527406 ], [ 129.7519292, 33.0541304 ], [ 129.7491153, 33.0559425 ], [ 129.7496703, 33.0602667 ], [ 129.747884199999987, 33.0599678 ], [ 129.7422288, 33.057105299999989 ], [ 129.7403372, 33.0579494 ], [ 129.7397756, 33.0558633 ], [ 129.7416667, 33.0550781 ], [ 129.7401836, 33.0535917 ], [ 129.742485, 33.052295 ], [ 129.7403242, 33.0503894 ], [ 129.7386653, 33.0510267 ], [ 129.738273099999986, 33.0535486 ], [ 129.7360356, 33.0525542 ], [ 129.736135800000028, 33.0503525 ], [ 129.7350256, 33.0478075 ], [ 129.7364775, 33.0466181 ], [ 129.731251499999985, 33.0455066 ], [ 129.7269772, 33.0472217 ], [ 129.7302343, 33.0501667 ], [ 129.727311, 33.0507806 ], [ 129.729185299999983, 33.0535217 ], [ 129.730108799999982, 33.0580024 ], [ 129.733103799999981, 33.0587154 ], [ 129.7353397, 33.0604806 ], [ 129.7348447, 33.0621828 ], [ 129.735901399999989, 33.0646914 ], [ 129.731706699999989, 33.0659825 ], [ 129.7337206, 33.0675553 ], [ 129.7297591, 33.0753514 ], [ 129.726045299999981, 33.0761917 ], [ 129.7241464, 33.0736886 ], [ 129.7223133, 33.0726231 ], [ 129.720286099999981, 33.07264 ], [ 129.717984699999988, 33.0763664 ], [ 129.7207075, 33.0767892 ], [ 129.7191886, 33.0803969 ], [ 129.7149224, 33.0835359 ], [ 129.7142378, 33.0846136 ], [ 129.710946700000022, 33.08666 ], [ 129.710374699999988, 33.0880864 ], [ 129.7063297, 33.0871111 ], [ 129.7061689, 33.0852225 ], [ 129.7082297, 33.0823472 ], [ 129.7066844, 33.0818853 ], [ 129.7045317, 33.0835756 ], [ 129.70394779999998, 33.0863333 ], [ 129.7003894, 33.0888419 ], [ 129.700965599999989, 33.0900708 ], [ 129.698440799999986, 33.0906514 ], [ 129.6978983, 33.0891744 ], [ 129.6902503, 33.094355 ], [ 129.6881406, 33.0938478 ], [ 129.6874478, 33.0958622 ], [ 129.6831842, 33.0969858 ], [ 129.682019199999985, 33.0992369 ], [ 129.6797756, 33.0997386 ], [ 129.677338099999986, 33.0992933 ], [ 129.6763736, 33.0966833 ], [ 129.673640799999987, 33.0945917 ], [ 129.673098899999985, 33.093205 ], [ 129.6736683, 33.0890275 ], [ 129.6752086, 33.0878608 ], [ 129.6767692, 33.0887856 ], [ 129.67894, 33.0867161 ], [ 129.6761086, 33.0855439 ], [ 129.6740414, 33.0813836 ], [ 129.672706, 33.0804451 ], [ 129.668869199999989, 33.0809883 ], [ 129.6642331, 33.0795564 ], [ 129.66161, 33.0770358 ], [ 129.6625536, 33.075435 ], [ 129.6653569, 33.0775381 ], [ 129.667852499999981, 33.0770817 ], [ 129.6708233, 33.0774031 ], [ 129.6718644, 33.0797286 ], [ 129.6752592, 33.0780969 ], [ 129.671586099999985, 33.0740658 ], [ 129.6715125, 33.0716814 ], [ 129.6662136, 33.0724814 ], [ 129.6646814, 33.0709253 ], [ 129.6612489, 33.0711783 ], [ 129.6614031, 33.0689067 ], [ 129.6651161, 33.0678586 ], [ 129.669645799999984, 33.0690089 ], [ 129.669759699999986, 33.0674194 ], [ 129.672415799999982, 33.0654181 ], [ 129.6758214, 33.0644656 ], [ 129.67451, 33.0632369 ], [ 129.6673175, 33.0641944 ], [ 129.6622597, 33.0610711 ], [ 129.6616175, 33.058585 ], [ 129.6636044, 33.0548308 ], [ 129.662594399999989, 33.0522208 ], [ 129.6598717, 33.0505689 ], [ 129.65965749999998, 33.0482294 ], [ 129.661303299999986, 33.0468311 ], [ 129.6594433, 33.0438289 ], [ 129.6602931, 33.0425861 ], [ 129.6593206, 33.0400578 ], [ 129.6530342, 33.0414361 ], [ 129.6501375, 33.0417011 ], [ 129.6471133, 33.0380817 ], [ 129.647073299999988, 33.0362044 ], [ 129.6490197, 33.0313956 ], [ 129.64916, 33.0285656 ], [ 129.6477947, 33.0259328 ], [ 129.647412799999984, 33.0210225 ], [ 129.6485564, 33.0172906 ], [ 129.65055, 33.0172736 ], [ 129.653125, 33.0103394 ], [ 129.6541417, 33.008885 ], [ 129.653492199999988, 33.0071542 ], [ 129.6542547, 33.0051133 ], [ 129.6587633, 33.0037828 ], [ 129.661871099999985, 33.001255 ], [ 129.657872199999986, 33.000745 ], [ 129.6552417, 33.0021875 ], [ 129.653617199999985, 32.9990869 ], [ 129.6520055, 32.9981313 ], [ 129.6536233, 32.9958355 ], [ 129.6533162, 32.9912176 ], [ 129.651981399999983, 32.9867194 ], [ 129.6499392, 32.9873621 ], [ 129.646369599999986, 32.9867842 ], [ 129.6456361, 32.9912885 ], [ 129.6426042, 32.9923453 ], [ 129.640445799999981, 32.9893806 ], [ 129.638621699999987, 32.98849 ], [ 129.633141699999982, 32.9874358 ], [ 129.632306699999987, 32.9848203 ], [ 129.6305356, 32.9819172 ], [ 129.6305425, 32.9793253 ], [ 129.6277222, 32.9790706 ], [ 129.6281033, 32.9735008 ], [ 129.6270539, 32.9711614 ], [ 129.6275956, 32.967875 ], [ 129.629781399999985, 32.964537799999988 ], [ 129.62962779999998, 32.9610428 ], [ 129.627041099999985, 32.9587819 ], [ 129.627241699999985, 32.9564031 ], [ 129.6292803, 32.9557325 ], [ 129.630543599999982, 32.9535397 ], [ 129.625898299999989, 32.9537142 ], [ 129.6267139, 32.9508164 ], [ 129.6291536, 32.9493961 ], [ 129.631472799999983, 32.9498303 ], [ 129.63543, 32.9468369 ], [ 129.6379167, 32.9464367 ], [ 129.6377216, 32.9433287 ], [ 129.638517, 32.9415648 ], [ 129.6388591, 32.9371038 ], [ 129.6372208, 32.9372658 ], [ 129.636245799999983, 32.9388658 ], [ 129.6344011, 32.9363122 ], [ 129.635793399999983, 32.929963 ], [ 129.6331111, 32.9287242 ], [ 129.6335925, 32.9257758 ], [ 129.635296899999986, 32.9265031 ], [ 129.6396819, 32.9259228 ], [ 129.639915799999983, 32.9246039 ], [ 129.63746279999998, 32.9230194 ], [ 129.63886, 32.9208492 ], [ 129.6377692, 32.9192989 ], [ 129.6387308, 32.9182561 ], [ 129.641172499999982, 32.9209506 ], [ 129.641994399999987, 32.9262836 ], [ 129.642910299999983, 32.9273717 ], [ 129.6431947, 32.9323294 ], [ 129.6482039, 32.9322708 ], [ 129.6521941, 32.9310404 ], [ 129.6522881, 32.9287533 ], [ 129.6550422, 32.9209569 ], [ 129.65628, 32.9195872 ], [ 129.6588123, 32.9197566 ], [ 129.6609747, 32.9183303 ], [ 129.6625467, 32.9163622 ], [ 129.6612319, 32.9156781 ], [ 129.659826399999986, 32.9103194 ], [ 129.660761400000013, 32.90882 ], [ 129.6658233, 32.9056406 ], [ 129.666578099999981, 32.9028669 ], [ 129.6669053, 32.8983797 ], [ 129.668542, 32.8954767 ], [ 129.6733714, 32.8972397 ], [ 129.6760736, 32.899425 ], [ 129.6771789, 32.9018669 ], [ 129.6829022, 32.9039142 ], [ 129.688325599999985, 32.903345 ], [ 129.6907706, 32.9025783 ], [ 129.692971700000015, 32.90344 ], [ 129.69862, 32.9036769 ], [ 129.7016267, 32.9065303 ], [ 129.70588859999998, 32.9063092 ], [ 129.7086706, 32.9095494 ], [ 129.7090639, 32.9127306 ], [ 129.715559399999989, 32.9098461 ], [ 129.718931699999985, 32.9114097 ], [ 129.726079699999985, 32.9110914 ], [ 129.7276331, 32.91225 ], [ 129.729555299999987, 32.9112942 ], [ 129.733305, 32.9149797 ], [ 129.734686700000026, 32.9150231 ], [ 129.7376303, 32.9131292 ], [ 129.74244, 32.9189992 ], [ 129.741240299999987, 32.9220969 ], [ 129.7396153, 32.9231869 ], [ 129.7388369, 32.9275494 ], [ 129.7373131, 32.9302589 ], [ 129.7382039, 32.9328136 ], [ 129.7410947, 32.9357786 ], [ 129.7413919, 32.9368167 ], [ 129.7396947, 32.9390647 ], [ 129.74108529999998, 32.9442531 ], [ 129.7408586, 32.946995 ], [ 129.7446297, 32.9479278 ], [ 129.7483131, 32.9483125 ], [ 129.7564089, 32.9514453 ], [ 129.763471899999985, 32.9548417 ], [ 129.7658719, 32.9542711 ], [ 129.7686678, 32.9558864 ], [ 129.771983299999988, 32.9569003 ], [ 129.773305800000031, 32.9563358 ], [ 129.7781181, 32.9590839 ], [ 129.781172199999986, 32.9597719 ], [ 129.781466099999989, 32.9620294 ], [ 129.784073100000029, 32.9613969 ], [ 129.785627799999986, 32.9625689 ], [ 129.7867039, 32.9656922 ], [ 129.7918281, 32.9685781 ] ] ], [ [ [ 129.7450983, 32.9984869 ], [ 129.74574, 32.9965028 ], [ 129.7483403, 32.9980644 ], [ 129.7474288, 32.999357 ], [ 129.7450983, 32.9984869 ] ] ], [ [ [ 129.744877799999983, 33.002715 ], [ 129.7469164, 33.0002967 ], [ 129.7487347, 33.0007308 ], [ 129.7480597, 33.0037014 ], [ 129.7469289, 33.0042992 ], [ 129.744877799999983, 33.002715 ] ] ], [ [ [ 129.7549967, 33.0289567 ], [ 129.7556322, 33.0321811 ], [ 129.7535383, 33.0292442 ], [ 129.7549967, 33.0289567 ] ] ] ] } },
{ "type": "Feature", "properties": { "hokenjo": "対馬" }, "geometry": { "type": "MultiPolygon", "coordinates": [ [ [ [ 129.2422904, 34.096028499999989 ], [ 129.243855300000035, 34.0979348 ], [ 129.2430962, 34.0995698 ], [ 129.240378599999985, 34.1005725 ], [ 129.238553599999989, 34.0993088 ], [ 129.2404176, 34.0964789 ], [ 129.2422904, 34.096028499999989 ] ] ], [ [ [ 129.211490199999986, 34.3268354 ], [ 129.208677599999987, 34.329924 ], [ 129.2060084, 34.3299391 ], [ 129.205364799999984, 34.3315212 ], [ 129.2030474, 34.3274955 ], [ 129.203843799999987, 34.3260221 ], [ 129.203245, 34.3233377 ], [ 129.1980517, 34.3187586 ], [ 129.198147799999987, 34.3166025 ], [ 129.2005148, 34.3150765 ], [ 129.19989529999998, 34.3136493 ], [ 129.1961867, 34.313293 ], [ 129.1971212, 34.3101741 ], [ 129.196515299999987, 34.306622499999989 ], [ 129.1981012, 34.306098 ], [ 129.198818499999987, 34.3015722 ], [ 129.1972834, 34.2986281 ], [ 129.196238199999982, 34.2945261 ], [ 129.1968125, 34.2887916 ], [ 129.195029299999987, 34.2862071 ], [ 129.197910899999982, 34.2823534 ], [ 129.195441099999982, 34.2783547 ], [ 129.1943887, 34.2738919 ], [ 129.198464199999989, 34.2740617 ], [ 129.199192, 34.2701704 ], [ 129.19554549999998, 34.2685484 ], [ 129.1938288, 34.2663473 ], [ 129.192893, 34.2639995 ], [ 129.192043, 34.2590141 ], [ 129.1863923, 34.2508257 ], [ 129.1852495, 34.2459931 ], [ 129.1868739, 34.2429922 ], [ 129.187026799999984, 34.2410179 ], [ 129.189224, 34.2398667 ], [ 129.19092, 34.2371451 ], [ 129.191295, 34.2353724 ], [ 129.1898568, 34.2333203 ], [ 129.18961969999998, 34.2313088 ], [ 129.1820845, 34.2275652 ], [ 129.180603499999989, 34.2218108 ], [ 129.1796463, 34.2196277 ], [ 129.1801185, 34.2159039 ], [ 129.1798188, 34.2133533 ], [ 129.1806202, 34.2110504 ], [ 129.17925169999998, 34.2071961 ], [ 129.1791839, 34.2030444 ], [ 129.1786228, 34.1998742 ], [ 129.1788924, 34.1971726 ], [ 129.1781604, 34.1926317 ], [ 129.178872399999989, 34.1900964 ], [ 129.1781785, 34.1887495 ], [ 129.181536199999982, 34.1880651 ], [ 129.181832499999985, 34.1869467 ], [ 129.179633, 34.1849649 ], [ 129.1789169, 34.1803037 ], [ 129.1762989, 34.1761096 ], [ 129.1780867, 34.1738934 ], [ 129.177371199999982, 34.1718424 ], [ 129.1789765, 34.1697069 ], [ 129.178538, 34.1683338 ], [ 129.17593309999998, 34.1686358 ], [ 129.1740585, 34.1678959 ], [ 129.1728042, 34.1653019 ], [ 129.1740074, 34.1634579 ], [ 129.17305589999998, 34.1597983 ], [ 129.1749029, 34.1579339 ], [ 129.172584699999987, 34.1560396 ], [ 129.1741867, 34.15451 ], [ 129.172942799999987, 34.1524402 ], [ 129.174511599999988, 34.1498821 ], [ 129.1734387, 34.1487782 ], [ 129.1691998, 34.1462774 ], [ 129.1675898, 34.1418957 ], [ 129.168642799999986, 34.13822 ], [ 129.1681221, 34.1333106 ], [ 129.1686455, 34.1316618 ], [ 129.1675894, 34.129869 ], [ 129.1689859, 34.1287394 ], [ 129.1717434, 34.1230346 ], [ 129.1701625, 34.1188435 ], [ 129.172131, 34.1177646 ], [ 129.171276399999982, 34.116208 ], [ 129.170881, 34.1115016 ], [ 129.16834, 34.1090248 ], [ 129.1690396, 34.1075421 ], [ 129.166698300000036, 34.1040034 ], [ 129.167940099999981, 34.1015337 ], [ 129.170194, 34.1038321 ], [ 129.1736688, 34.1059909 ], [ 129.1741355, 34.1098608 ], [ 129.177281199999982, 34.1133235 ], [ 129.1799116, 34.1130184 ], [ 129.1824924, 34.1138756 ], [ 129.1826385, 34.1180154 ], [ 129.1834901, 34.1185741 ], [ 129.187335599999983, 34.1180218 ], [ 129.1880191, 34.1157268 ], [ 129.1917977, 34.1151618 ], [ 129.193039299999981, 34.1136722 ], [ 129.1961191, 34.1131035 ], [ 129.197716, 34.1107102 ], [ 129.1964034, 34.1097052 ], [ 129.1967845, 34.1058132 ], [ 129.2004756, 34.1053952 ], [ 129.2035802, 34.1039809 ], [ 129.2057614, 34.1075747 ], [ 129.2096601, 34.1067376 ], [ 129.2113422, 34.1103625 ], [ 129.2113273, 34.1123731 ], [ 129.2141698, 34.1130766 ], [ 129.215783099999982, 34.1121866 ], [ 129.2156545, 34.1106115 ], [ 129.2140953, 34.107984 ], [ 129.212452899999988, 34.1068961 ], [ 129.211711, 34.1050234 ], [ 129.2140239, 34.1040825 ], [ 129.213967599999989, 34.1025804 ], [ 129.217625199999986, 34.100379 ], [ 129.2175599, 34.0981684 ], [ 129.215737099999984, 34.0930252 ], [ 129.2143525, 34.0918993 ], [ 129.2127954, 34.0887127 ], [ 129.2124691, 34.0848715 ], [ 129.2142972, 34.0839484 ], [ 129.2154347, 34.085999 ], [ 129.220243499999981, 34.0886035 ], [ 129.218562599999984, 34.0919385 ], [ 129.2183325, 34.0950617 ], [ 129.2216153, 34.0974388 ], [ 129.225084399999986, 34.096863 ], [ 129.226483299999984, 34.0949025 ], [ 129.2293875, 34.0947189 ], [ 129.229282499999982, 34.098323 ], [ 129.230587, 34.1012433 ], [ 129.2295091, 34.1025523 ], [ 129.2312588, 34.1048209 ], [ 129.2296383, 34.1071111 ], [ 129.2314163, 34.1086447 ], [ 129.230148499999984, 34.111003 ], [ 129.230350499999986, 34.1127139 ], [ 129.2338158, 34.1139652 ], [ 129.2357802, 34.1127772 ], [ 129.2367654, 34.106415 ], [ 129.238390399999986, 34.1043032 ], [ 129.2382474, 34.1019936 ], [ 129.240965599999981, 34.1021172 ], [ 129.2403409, 34.104053 ], [ 129.2430192, 34.1043756 ], [ 129.2457579, 34.1056628 ], [ 129.2459915, 34.1076888 ], [ 129.2450221, 34.1096036 ], [ 129.246678299999985, 34.1122163 ], [ 129.2499396, 34.1125976 ], [ 129.2520322, 34.110727 ], [ 129.2543422, 34.1096224 ], [ 129.260964199999989, 34.1144469 ], [ 129.26229, 34.116465 ], [ 129.2626678, 34.1219636 ], [ 129.2615174, 34.1230613 ], [ 129.2593531, 34.122458 ], [ 129.2582468, 34.1239232 ], [ 129.254003499999982, 34.125361 ], [ 129.2586535, 34.1288827 ], [ 129.2609591, 34.1282169 ], [ 129.263764399999985, 34.1263034 ], [ 129.266898699999985, 34.126542 ], [ 129.2721607, 34.1280046 ], [ 129.2756339, 34.1279789 ], [ 129.2749883, 34.1295683 ], [ 129.275578599999989, 34.1327126 ], [ 129.278068400000024, 34.1329508 ], [ 129.27941389999998, 34.1307863 ], [ 129.281888899999984, 34.1303999 ], [ 129.2825004, 34.1323527 ], [ 129.2805544, 34.1343265 ], [ 129.2788708, 34.1346341 ], [ 129.2797133, 34.136617 ], [ 129.277503699999983, 34.1412381 ], [ 129.2756339, 34.1436147 ], [ 129.2737195, 34.1447262 ], [ 129.2753433, 34.1469894 ], [ 129.279926099999983, 34.1444053 ], [ 129.280564699999985, 34.1453636 ], [ 129.284368, 34.1449351 ], [ 129.2844648, 34.1473745 ], [ 129.2828035, 34.1501139 ], [ 129.2815448, 34.1503555 ], [ 129.2804425, 34.1556527 ], [ 129.2821739, 34.157785 ], [ 129.2842971, 34.15719 ], [ 129.283928299999985, 34.1599274 ], [ 129.2817488, 34.163376899999989 ], [ 129.2829949, 34.1647486 ], [ 129.286211399999985, 34.1656852 ], [ 129.288554299999987, 34.1646637 ], [ 129.2900144, 34.1626767 ], [ 129.296049399999987, 34.1617852 ], [ 129.2959501, 34.1661703 ], [ 129.296796699999987, 34.1680673 ], [ 129.2947347, 34.1704557 ], [ 129.2970724, 34.1725715 ], [ 129.295337, 34.1752982 ], [ 129.292554599999988, 34.1758598 ], [ 129.2890204, 34.1753247 ], [ 129.2886737, 34.1761798 ], [ 129.291582399999982, 34.1795879 ], [ 129.2960235, 34.1795512 ], [ 129.296300799999983, 34.1820895 ], [ 129.2972117, 34.1832331 ], [ 129.2973193, 34.1865061 ], [ 129.294440399999985, 34.1861752 ], [ 129.2918853, 34.1903697 ], [ 129.288870799999984, 34.1896883 ], [ 129.286851899999988, 34.1874256 ], [ 129.2854135, 34.1893099 ], [ 129.2887024, 34.1951216 ], [ 129.289499799999987, 34.1955302 ], [ 129.2888618, 34.1999669 ], [ 129.2925122, 34.1962922 ], [ 129.2970339, 34.1936402 ], [ 129.2987483, 34.1937715 ], [ 129.299221099999983, 34.1956507 ], [ 129.2979454, 34.1979736 ], [ 129.30006179999998, 34.2002035 ], [ 129.300751099999985, 34.2018941 ], [ 129.299935799999986, 34.205079 ], [ 129.3014661, 34.2065275 ], [ 129.3005819, 34.2079917 ], [ 129.3037607, 34.209703 ], [ 129.3034566, 34.2118101 ], [ 129.3000343, 34.211801 ], [ 129.2993746, 34.2131391 ], [ 129.29696389999998, 34.2141866 ], [ 129.295732499999986, 34.2156623 ], [ 129.2972198, 34.220275 ], [ 129.2997112, 34.2204653 ], [ 129.3027162, 34.2227617 ], [ 129.304708, 34.2216131 ], [ 129.3043543, 34.218061299999988 ], [ 129.3055338, 34.2162039 ], [ 129.3096764, 34.2167618 ], [ 129.313077099999987, 34.218794 ], [ 129.3130012, 34.2214225 ], [ 129.318634, 34.2237184 ], [ 129.319525199999987, 34.2265015 ], [ 129.321681899999987, 34.2256999 ], [ 129.325786300000033, 34.2260522 ], [ 129.3250066, 34.228946 ], [ 129.3256922, 34.229756 ], [ 129.3234249, 34.2318648 ], [ 129.3190687, 34.231763 ], [ 129.321810199999987, 34.236063 ], [ 129.320364, 34.238927 ], [ 129.318527599999982, 34.2390329 ], [ 129.316901799999982, 34.2420956 ], [ 129.3153064, 34.2426982 ], [ 129.3173803, 34.2473685 ], [ 129.3164275, 34.2496376 ], [ 129.317712799999981, 34.2517264 ], [ 129.3185064, 34.2545669 ], [ 129.3218903, 34.2547277 ], [ 129.323770699999983, 34.2561138 ], [ 129.323291399999988, 34.2587044 ], [ 129.319633899999985, 34.259569 ], [ 129.317304799999988, 34.2614368 ], [ 129.3188427, 34.2632489 ], [ 129.321966299999985, 34.2619597 ], [ 129.3255134, 34.2620651 ], [ 129.3268036, 34.2634636 ], [ 129.3247235, 34.2654623 ], [ 129.3245602, 34.2677928 ], [ 129.3262838, 34.2685118 ], [ 129.3282367, 34.2705625 ], [ 129.3270056, 34.272314 ], [ 129.3306203, 34.2759196 ], [ 129.3316276, 34.2744671 ], [ 129.3343401, 34.2741727 ], [ 129.333928, 34.2727563 ], [ 129.3360209, 34.2718771 ], [ 129.3405117, 34.2774303 ], [ 129.3439057, 34.2774811 ], [ 129.348798599999981, 34.2781119 ], [ 129.349115899999987, 34.2767862 ], [ 129.3513324, 34.2764523 ], [ 129.353018, 34.2773817 ], [ 129.352253, 34.2799724 ], [ 129.3510037, 34.2815211 ], [ 129.347273, 34.2839353 ], [ 129.3465369, 34.286815 ], [ 129.3495045, 34.2878402 ], [ 129.3504941, 34.2899812 ], [ 129.348260400000015, 34.2926929 ], [ 129.3489514, 34.295662 ], [ 129.3463904, 34.2962608 ], [ 129.346479, 34.2942181 ], [ 129.343485499999986, 34.2949374 ], [ 129.3440038, 34.2966334 ], [ 129.341831899999988, 34.2967365 ], [ 129.3392513, 34.2995553 ], [ 129.338287799999989, 34.2988173 ], [ 129.3389936, 34.2961038 ], [ 129.340057299999984, 34.2949612 ], [ 129.3370683, 34.2928528 ], [ 129.334361299999983, 34.2974211 ], [ 129.3307844, 34.2982769 ], [ 129.3298572, 34.2955048 ], [ 129.3273365, 34.2962187 ], [ 129.3250821, 34.294389 ], [ 129.322538399999985, 34.294102 ], [ 129.319916899999981, 34.2955924 ], [ 129.3190831, 34.2976194 ], [ 129.316870199999983, 34.2965357 ], [ 129.3191085, 34.2940399 ], [ 129.3166531, 34.2935565 ], [ 129.314189, 34.2912367 ], [ 129.3141177, 34.2873642 ], [ 129.3149982, 34.2844551 ], [ 129.3119462, 34.2827987 ], [ 129.3093022, 34.2843617 ], [ 129.3105851, 34.2874721 ], [ 129.308459699999986, 34.2891654 ], [ 129.3063572, 34.2872867 ], [ 129.307040299999983, 34.283979699999989 ], [ 129.304392799999988, 34.2817556 ], [ 129.3053323, 34.2790663 ], [ 129.3035419, 34.278599 ], [ 129.303467, 34.2808078 ], [ 129.3024306, 34.2823116 ], [ 129.300415, 34.2814708 ], [ 129.2992657, 34.2823821 ], [ 129.298777600000022, 34.2869005 ], [ 129.3001002, 34.2897177 ], [ 129.3021441, 34.2915645 ], [ 129.303453599999983, 34.2963775 ], [ 129.300765399999989, 34.2966212 ], [ 129.3040866, 34.3044885 ], [ 129.3100279, 34.3078896 ], [ 129.306445599999989, 34.3082034 ], [ 129.3036768, 34.3077136 ], [ 129.3015839, 34.309759299999989 ], [ 129.299653399999983, 34.3054028 ], [ 129.2975712, 34.3043003 ], [ 129.2986204, 34.3099144 ], [ 129.2957223, 34.3110225 ], [ 129.2928383, 34.3111612 ], [ 129.293934799999988, 34.3166902 ], [ 129.2926819, 34.3172995 ], [ 129.2886394, 34.3176526 ], [ 129.2881846, 34.3205281 ], [ 129.285821199999987, 34.3207183 ], [ 129.2850003, 34.3184231 ], [ 129.280504899999983, 34.3160155 ], [ 129.280160099999989, 34.3179005 ], [ 129.2819835, 34.3204663 ], [ 129.281192299999987, 34.3227987 ], [ 129.2787854, 34.3228584 ], [ 129.2742089, 34.3212832 ], [ 129.2711492, 34.3237163 ], [ 129.2709065, 34.3220525 ], [ 129.2669167, 34.3224805 ], [ 129.2654321, 34.3214239 ], [ 129.266178199999985, 34.3194783 ], [ 129.2685377, 34.3192253 ], [ 129.270049, 34.3180305 ], [ 129.27233529999998, 34.3190203 ], [ 129.2743305, 34.3177339 ], [ 129.272600399999988, 34.3160303 ], [ 129.2739769, 34.3139561 ], [ 129.273231, 34.3118924 ], [ 129.2744303, 34.3099705 ], [ 129.279968, 34.3078945 ], [ 129.2827193, 34.3057266 ], [ 129.284416099999987, 34.3077815 ], [ 129.286642299999983, 34.3071819 ], [ 129.2869093, 34.3059846 ], [ 129.2843499, 34.3039291 ], [ 129.2852033, 34.301435 ], [ 129.2835596, 34.3001743 ], [ 129.283834899999988, 34.297663199999988 ], [ 129.2879092, 34.2958388 ], [ 129.2897394, 34.2944139 ], [ 129.290376399999985, 34.2915553 ], [ 129.287242099999986, 34.2900248 ], [ 129.287303800000018, 34.2878946 ], [ 129.2859961, 34.2853754 ], [ 129.2894995, 34.2835391 ], [ 129.2914836, 34.281144 ], [ 129.2897908, 34.2797063 ], [ 129.288282, 34.2803838 ], [ 129.2874061, 34.2825664 ], [ 129.2826106, 34.2850904 ], [ 129.283296, 34.2880185 ], [ 129.282412199999982, 34.2896867 ], [ 129.2849626, 34.2929316 ], [ 129.285546499999981, 34.2952072 ], [ 129.283384399999989, 34.2960309 ], [ 129.2807358, 34.2956956 ], [ 129.2785203, 34.2976114 ], [ 129.2812609, 34.3006507 ], [ 129.282441299999988, 34.3033386 ], [ 129.2818979, 34.3049905 ], [ 129.2793395, 34.3061053 ], [ 129.276406, 34.3053353 ], [ 129.273479200000025, 34.3060744 ], [ 129.27188, 34.3054074 ], [ 129.2663512, 34.3051796 ], [ 129.263657199999983, 34.3013071 ], [ 129.2637799, 34.2988563 ], [ 129.2612255, 34.294239 ], [ 129.262890199999987, 34.2911912 ], [ 129.259746799999988, 34.2908 ], [ 129.256693499999983, 34.2922259 ], [ 129.259673099999986, 34.2963726 ], [ 129.2594829, 34.3004607 ], [ 129.257736199999982, 34.3007006 ], [ 129.251529399999981, 34.298971 ], [ 129.2518112, 34.3011141 ], [ 129.2530898, 34.3024885 ], [ 129.2567608, 34.3024492 ], [ 129.257997499999988, 34.3047192 ], [ 129.2614677, 34.3064444 ], [ 129.2609572, 34.3080965 ], [ 129.2569516, 34.3065899 ], [ 129.2563159, 34.3086634 ], [ 129.2567333, 34.311357 ], [ 129.2552139, 34.3111755 ], [ 129.2543648, 34.3066628 ], [ 129.2517134, 34.3052021 ], [ 129.2499994, 34.3054202 ], [ 129.2459628, 34.3012451 ], [ 129.243579399999987, 34.2975498 ], [ 129.240634, 34.2983715 ], [ 129.239020499999981, 34.2996421 ], [ 129.2363392, 34.2996641 ], [ 129.2347102, 34.2967073 ], [ 129.2342816, 34.2931071 ], [ 129.2314969, 34.2922248 ], [ 129.2291056, 34.293057 ], [ 129.230455899999981, 34.2962051 ], [ 129.227579099999986, 34.2976634 ], [ 129.2273279, 34.2948658 ], [ 129.224226, 34.294229699999988 ], [ 129.2238803, 34.2921934 ], [ 129.2220182, 34.2917379 ], [ 129.2219624, 34.293843 ], [ 129.223123600000037, 34.2958193 ], [ 129.2223325, 34.2987977 ], [ 129.2236888, 34.3018884 ], [ 129.2228421, 34.3035232 ], [ 129.225845099999987, 34.3063227 ], [ 129.225390299999987, 34.3078325 ], [ 129.2234847, 34.30797 ], [ 129.222895699999981, 34.3094728 ], [ 129.2261025, 34.3130584 ], [ 129.225630599999988, 34.3145709 ], [ 129.2287666, 34.3156969 ], [ 129.2271016, 34.3171754 ], [ 129.2290686, 34.3187799 ], [ 129.2268612, 34.320303 ], [ 129.227817099999982, 34.3241996 ], [ 129.221992299999982, 34.3299869 ], [ 129.2193455, 34.3291197 ], [ 129.216813799999983, 34.3267199 ], [ 129.211490199999986, 34.3268354 ] ] ], [ [ [ 129.312081299999988, 34.2964382 ], [ 129.3146247, 34.2965903 ], [ 129.3125796, 34.2995917 ], [ 129.311644, 34.2997079 ], [ 129.312081299999988, 34.2964382 ] ] ], [ [ [ 129.229818, 34.2986156 ], [ 129.233419199999986, 34.2975596 ], [ 129.2334402, 34.300207 ], [ 129.2322833, 34.3013196 ], [ 129.230750199999989, 34.3005462 ], [ 129.229818, 34.2986156 ] ] ], [ [ [ 129.326138899999989, 34.3016965 ], [ 129.3272796, 34.3035582 ], [ 129.3297887, 34.3042254 ], [ 129.327715200000029, 34.3066408 ], [ 129.3260885, 34.3046909 ], [ 129.3232291, 34.3042691 ], [ 129.3212536, 34.3024653 ], [ 129.3211024, 34.300603 ], [ 129.3227096, 34.2995772 ], [ 129.326138899999989, 34.3016965 ] ] ], [ [ [ 129.2985128, 34.316043199999989 ], [ 129.298992199999986, 34.3145901 ], [ 129.3008232, 34.3141024 ], [ 129.3016812, 34.3169174 ], [ 129.2985128, 34.316043199999989 ] ] ], [ [ [ 129.3030599, 34.3309038 ], [ 129.300043499999987, 34.3337181 ], [ 129.3012497, 34.3362982 ], [ 129.2975095, 34.3371303 ], [ 129.2978277, 34.3347972 ], [ 129.296138899999988, 34.3342735 ], [ 129.2937561, 34.3311192 ], [ 129.2932217, 34.3292234 ], [ 129.291706399999981, 34.3278942 ], [ 129.2921523, 34.3252309 ], [ 129.2903824, 34.3237942 ], [ 129.2921249, 34.3228528 ], [ 129.2956278, 34.3234713 ], [ 129.296598599999982, 34.3265153 ], [ 129.2979846, 34.3288667 ], [ 129.300153599999987, 34.3303925 ], [ 129.301680299999987, 34.3242019 ], [ 129.3012149, 34.3219658 ], [ 129.303539799999982, 34.3212941 ], [ 129.306716099999989, 34.3224677 ], [ 129.309500700000029, 34.3211788 ], [ 129.311928199999983, 34.3249494 ], [ 129.3140736, 34.3254541 ], [ 129.3159116, 34.324248 ], [ 129.313742499999989, 34.322184 ], [ 129.3149783, 34.320702 ], [ 129.3150379, 34.3188601 ], [ 129.3165177, 34.3174994 ], [ 129.3165947, 34.3152555 ], [ 129.3176061, 34.3126552 ], [ 129.320278299999984, 34.3126089 ], [ 129.3216691, 34.3090791 ], [ 129.3249176, 34.3095427 ], [ 129.3245378, 34.3077431 ], [ 129.3270274, 34.3078581 ], [ 129.3321839, 34.3109591 ], [ 129.3310416, 34.3067574 ], [ 129.3340666, 34.3068696 ], [ 129.333494699999989, 34.309299 ], [ 129.3346329, 34.3110528 ], [ 129.3340906, 34.312862 ], [ 129.335930499999989, 34.3161143 ], [ 129.3335318, 34.3171696 ], [ 129.3336883, 34.3146661 ], [ 129.3309997, 34.3147346 ], [ 129.328497, 34.3170057 ], [ 129.3285079, 34.319544 ], [ 129.3292956, 34.3225913 ], [ 129.327153899999985, 34.3242487 ], [ 129.3284313, 34.3264534 ], [ 129.330752499999988, 34.3280553 ], [ 129.328664, 34.3295793 ], [ 129.328007, 34.3313852 ], [ 129.325142, 34.332386 ], [ 129.327115099999986, 34.3335593 ], [ 129.3265606, 34.3363742 ], [ 129.324349499999983, 34.3349591 ], [ 129.322676299999983, 34.3352462 ], [ 129.321296, 34.33341 ], [ 129.318309699999986, 34.3310078 ], [ 129.318194799999986, 34.3281453 ], [ 129.317398199999985, 34.3261381 ], [ 129.3130894, 34.326568 ], [ 129.309626899999984, 34.3308813 ], [ 129.3030599, 34.3309038 ] ] ], [ [ [ 129.334136, 34.3615546 ], [ 129.333035199999983, 34.3603978 ], [ 129.3324447, 34.3554468 ], [ 129.3336257, 34.3557459 ], [ 129.334136, 34.3615546 ] ] ], [ [ [ 129.266342399999985, 34.4204196 ], [ 129.2692166, 34.4175062 ], [ 129.2688784, 34.4216994 ], [ 129.266921, 34.4216103 ], [ 129.265982899999983, 34.4240554 ], [ 129.264587299999988, 34.4232637 ], [ 129.266342399999985, 34.4204196 ] ] ], [ [ [ 129.2670556, 34.4309002 ], [ 129.2646526, 34.4283557 ], [ 129.2665236, 34.4274853 ], [ 129.2670556, 34.4309002 ] ] ], [ [ [ 129.3920563, 34.3009607 ], [ 129.3878398, 34.3005084 ], [ 129.3876821, 34.3029823 ], [ 129.3842522, 34.30344 ], [ 129.382498, 34.302235 ], [ 129.379725399999984, 34.3035662 ], [ 129.3773622, 34.3036816 ], [ 129.3736404, 34.3024669 ], [ 129.3748994, 34.2963347 ], [ 129.3768208, 34.2918429 ], [ 129.373105899999985, 34.29489 ], [ 129.3733207, 34.2967057 ], [ 129.3700527, 34.301188 ], [ 129.3694497, 34.3026555 ], [ 129.3638118, 34.2978446 ], [ 129.361391699999984, 34.299821799999989 ], [ 129.357491399999986, 34.2975821 ], [ 129.3565989, 34.2981142 ], [ 129.3532873, 34.2945102 ], [ 129.3509775, 34.2929029 ], [ 129.3521807, 34.2905624 ], [ 129.353405899999984, 34.2902942 ], [ 129.3529859, 34.2878715 ], [ 129.3507482, 34.2859742 ], [ 129.348850699999986, 34.2870091 ], [ 129.3482841, 34.2850731 ], [ 129.350844599999988, 34.2833156 ], [ 129.3527435, 34.2798796 ], [ 129.353155, 34.2780166 ], [ 129.354827, 34.2768884 ], [ 129.3593654, 34.2706383 ], [ 129.3625088, 34.2744899 ], [ 129.3659936, 34.2760288 ], [ 129.3681326, 34.2784642 ], [ 129.3715, 34.2791997 ], [ 129.3739115, 34.2785525 ], [ 129.3740697, 34.2809371 ], [ 129.3821582, 34.2861343 ], [ 129.3838499, 34.2862469 ], [ 129.3847112, 34.2884165 ], [ 129.386811, 34.2904123 ], [ 129.388128699999982, 34.2930827 ], [ 129.3909486, 34.295598 ], [ 129.393160500000022, 34.2967691 ], [ 129.3937585, 34.2992866 ], [ 129.3920563, 34.3009607 ] ] ], [ [ [ 129.3934717, 34.3167056 ], [ 129.394284699999986, 34.3195535 ], [ 129.3953114, 34.3199296 ], [ 129.39534949999998, 34.3234788 ], [ 129.3882648, 34.320524 ], [ 129.392289399999981, 34.3173883 ], [ 129.393770500000016, 34.3134559 ], [ 129.3950037, 34.3119028 ], [ 129.3991043, 34.312557 ], [ 129.399632800000035, 34.3137028 ], [ 129.404576599999984, 34.3138533 ], [ 129.4072004, 34.314743 ], [ 129.4084685, 34.3141491 ], [ 129.41221969999998, 34.3157607 ], [ 129.4134589, 34.3171631 ], [ 129.412823299999985, 34.3191859 ], [ 129.4109973, 34.3191921 ], [ 129.4089823, 34.3166677 ], [ 129.404072, 34.3151045 ], [ 129.4016159, 34.3171858 ], [ 129.3934717, 34.3167056 ] ] ], [ [ [ 129.4061323, 34.348798 ], [ 129.404306599999984, 34.3521499 ], [ 129.400802299999981, 34.3553609 ], [ 129.3979349, 34.3594337 ], [ 129.3963106, 34.3598667 ], [ 129.395152900000028, 34.3587265 ], [ 129.3961683, 34.3572872 ], [ 129.3939364, 34.356574 ], [ 129.391811, 34.3539044 ], [ 129.3923313, 34.3522308 ], [ 129.390453899999983, 34.347985 ], [ 129.390119699999985, 34.3443571 ], [ 129.3890434, 34.3401858 ], [ 129.3946508, 34.3372509 ], [ 129.3964569, 34.3367407 ], [ 129.3965781, 34.3339618 ], [ 129.4005559, 34.3373786 ], [ 129.403448, 34.3374642 ], [ 129.4039328, 34.335541 ], [ 129.406299499999989, 34.3357996 ], [ 129.4076388, 34.3381707 ], [ 129.4054636, 34.3418049 ], [ 129.4055683, 34.3438957 ], [ 129.4025676, 34.3465005 ], [ 129.4061323, 34.348798 ] ] ], [ [ [ 129.342309299999982, 34.3454091 ], [ 129.3420705, 34.3485896 ], [ 129.3462759, 34.347906 ], [ 129.3462298, 34.349571 ], [ 129.3482396, 34.3509249 ], [ 129.345275099999981, 34.3508522 ], [ 129.3417052, 34.349775 ], [ 129.340007900000018, 34.3482681 ], [ 129.3410702, 34.3454568 ], [ 129.342309299999982, 34.3454091 ] ] ], [ [ [ 129.4103848, 34.3547996 ], [ 129.411950599999983, 34.3571518 ], [ 129.4109655, 34.3602996 ], [ 129.4124708, 34.363261099999988 ], [ 129.410184499999986, 34.3626916 ], [ 129.4099101, 34.3606842 ], [ 129.4083384, 34.3594929 ], [ 129.4041614, 34.3610847 ], [ 129.4022822, 34.3593241 ], [ 129.4034648, 34.3569825 ], [ 129.4052542, 34.3565595 ], [ 129.4051178, 34.3532815 ], [ 129.4059599, 34.3507655 ], [ 129.4086005, 34.3510251 ], [ 129.4114051, 34.3536936 ], [ 129.4103848, 34.3547996 ] ] ], [ [ [ 129.4480878, 34.697495 ], [ 129.4514983, 34.7016784 ], [ 129.4488613, 34.7030464 ], [ 129.4497911, 34.7064443 ], [ 129.4478365, 34.7042781 ], [ 129.4422583, 34.7013373 ], [ 129.4425057, 34.698875 ], [ 129.440194099999985, 34.6979717 ], [ 129.4413419, 34.6964152 ], [ 129.43718370000002, 34.6951007 ], [ 129.4343959, 34.6926441 ], [ 129.4314654, 34.6911303 ], [ 129.428526, 34.6935732 ], [ 129.423958299999981, 34.6938455 ], [ 129.424364, 34.696955 ], [ 129.42211, 34.6973193 ], [ 129.4185264, 34.6956607 ], [ 129.416761400000013, 34.6919033 ], [ 129.414243299999981, 34.6908181 ], [ 129.4186566, 34.6891398 ], [ 129.418927599999989, 34.6880353 ], [ 129.4155318, 34.685049 ], [ 129.4148432, 34.6824728 ], [ 129.419760900000028, 34.6796627 ], [ 129.421472099999988, 34.6810473 ], [ 129.4244816, 34.6818056 ], [ 129.4286988, 34.6818842 ], [ 129.4285247, 34.6801409 ], [ 129.4322669, 34.6790425 ], [ 129.4320595, 34.6742917 ], [ 129.429492899999985, 34.6728365 ], [ 129.4279588, 34.6730067 ], [ 129.429391399999986, 34.6769595 ], [ 129.427601899999985, 34.6771794 ], [ 129.4251768, 34.679412299999989 ], [ 129.4192353, 34.6756466 ], [ 129.4083277, 34.678335 ], [ 129.4066248, 34.6763186 ], [ 129.4079385, 34.6737278 ], [ 129.4055745, 34.6733925 ], [ 129.403609, 34.6714985 ], [ 129.401413599999984, 34.671138299999988 ], [ 129.4003408, 34.6690926 ], [ 129.401270899999986, 34.6683036 ], [ 129.40343679999998, 34.6701104 ], [ 129.404623499999985, 34.6694197 ], [ 129.402276, 34.6663222 ], [ 129.4024542, 34.663987 ], [ 129.4001413, 34.6644932 ], [ 129.397310900000036, 34.6640276 ], [ 129.3952313, 34.6599591 ], [ 129.3949476, 34.6579838 ], [ 129.393048800000031, 34.6562855 ], [ 129.3955858, 34.652801499999988 ], [ 129.3939574, 34.6513639 ], [ 129.3911177, 34.654738 ], [ 129.3875689, 34.6530767 ], [ 129.388634699999983, 34.6509968 ], [ 129.386252499999983, 34.6494657 ], [ 129.383926799999983, 34.6495735 ], [ 129.3833962, 34.6481066 ], [ 129.387792099999984, 34.6440902 ], [ 129.387439299999983, 34.6426983 ], [ 129.3908922, 34.6403018 ], [ 129.389650599999982, 34.6392098 ], [ 129.3858486, 34.6399939 ], [ 129.383962699999984, 34.6427477 ], [ 129.381213699999989, 34.643364 ], [ 129.3788796, 34.6426132 ], [ 129.374337199999985, 34.6469529 ], [ 129.3723339, 34.6449955 ], [ 129.368901099999988, 34.6427406 ], [ 129.365352, 34.6384913 ], [ 129.3630147, 34.6393843 ], [ 129.363337699999988, 34.6442183 ], [ 129.362254, 34.6462455 ], [ 129.3585004, 34.6493762 ], [ 129.3526981, 34.6499962 ], [ 129.3454994, 34.64619 ], [ 129.3421926, 34.6454319 ], [ 129.3410556, 34.6441658 ], [ 129.3399033, 34.640662 ], [ 129.3354995, 34.6381325 ], [ 129.334208099999984, 34.6391213 ], [ 129.33520919999998, 34.6419676 ], [ 129.335025799999983, 34.6448946 ], [ 129.3337541, 34.6497245 ], [ 129.3309726, 34.6496203 ], [ 129.330669, 34.650876 ], [ 129.327776, 34.6505156 ], [ 129.325602, 34.6488284 ], [ 129.321137099999987, 34.6488419 ], [ 129.319655, 34.6468267 ], [ 129.3212001, 34.6420987 ], [ 129.3194005, 34.6408857 ], [ 129.3192622, 34.637516 ], [ 129.3183593, 34.6340597 ], [ 129.3193858, 34.6314193 ], [ 129.3176622, 34.6290684 ], [ 129.317733100000027, 34.6258968 ], [ 129.3153388, 34.6227848 ], [ 129.313355299999984, 34.6212376 ], [ 129.313157499999988, 34.6142479 ], [ 129.309193199999982, 34.6094151 ], [ 129.3088578, 34.6070464 ], [ 129.305009499999983, 34.6027418 ], [ 129.3050829, 34.5987176 ], [ 129.3072344, 34.5969504 ], [ 129.3064228, 34.5927444 ], [ 129.304973, 34.5920142 ], [ 129.306175700000011, 34.5891306 ], [ 129.3028694, 34.5885491 ], [ 129.3029511, 34.5870183 ], [ 129.298727, 34.5845115 ], [ 129.2982136, 34.5830446 ], [ 129.2988871, 34.5807595 ], [ 129.296362, 34.5746071 ], [ 129.2938547, 34.5720992 ], [ 129.2920768, 34.5713211 ], [ 129.290972499999981, 34.5696139 ], [ 129.2886715, 34.5705535 ], [ 129.2867987, 34.5692213 ], [ 129.2857325, 34.5627653 ], [ 129.288660099999987, 34.5562246 ], [ 129.2951986, 34.5561015 ], [ 129.2984799, 34.5582777 ], [ 129.301007, 34.5630852 ], [ 129.303627799999987, 34.564846 ], [ 129.3043973, 34.5676811 ], [ 129.3066907, 34.5660864 ], [ 129.3096717, 34.563130699999988 ], [ 129.307499500000034, 34.5604826 ], [ 129.3116102, 34.5578023 ], [ 129.312567799999982, 34.5602157 ], [ 129.313966599999986, 34.5600538 ], [ 129.315936099999988, 34.5576065 ], [ 129.3167464, 34.5542032 ], [ 129.3143814, 34.5529182 ], [ 129.315043799999984, 34.5514046 ], [ 129.3138095, 34.5497656 ], [ 129.317411099999987, 34.549541 ], [ 129.3202435, 34.5478612 ], [ 129.3226266, 34.5488824 ], [ 129.323619899999983, 34.5507665 ], [ 129.325381099999987, 34.5515258 ], [ 129.3277728, 34.5511133 ], [ 129.3277703, 34.549201 ], [ 129.3265097, 34.5472452 ], [ 129.3276381, 34.5438838 ], [ 129.3288928, 34.5432487 ], [ 129.3279437, 34.5413405 ], [ 129.3275746, 34.537845499999989 ], [ 129.329571, 34.5331254 ], [ 129.3319701, 34.5318943 ], [ 129.3333332, 34.5336618 ], [ 129.3337472, 34.5376932 ], [ 129.338167199999987, 34.5380873 ], [ 129.3421165, 34.5350435 ], [ 129.3434208, 34.5331009 ], [ 129.3408265, 34.5331435 ], [ 129.3378271, 34.535014 ], [ 129.3362698, 34.5313854 ], [ 129.334134, 34.5307438 ], [ 129.332502399999981, 34.5287487 ], [ 129.3291812, 34.5278911 ], [ 129.324966599999982, 34.529924 ], [ 129.324595200000033, 34.5323196 ], [ 129.325578799999988, 34.5333842 ], [ 129.3252694, 34.535354 ], [ 129.322554199999985, 34.536335 ], [ 129.321470399999981, 34.5379321 ], [ 129.3186872, 34.5362495 ], [ 129.320618199999984, 34.5343382 ], [ 129.3186537, 34.532705199999988 ], [ 129.3207415, 34.5314861 ], [ 129.3199981, 34.5301922 ], [ 129.3162453, 34.5292984 ], [ 129.3158472, 34.5270646 ], [ 129.3172478, 34.525614 ], [ 129.314685699999984, 34.5243851 ], [ 129.3119484, 34.5198773 ], [ 129.3144265, 34.5185848 ], [ 129.3138028, 34.5171848 ], [ 129.309464599999984, 34.5159403 ], [ 129.3097386, 34.5201278 ], [ 129.310835199999985, 34.5216397 ], [ 129.3097189, 34.5258204 ], [ 129.3084, 34.5258511 ], [ 129.304906099999982, 34.5206567 ], [ 129.3038229, 34.5202439 ], [ 129.3012426, 34.5132315 ], [ 129.3033362, 34.5119962 ], [ 129.302272099999982, 34.5100123 ], [ 129.3003098, 34.5100907 ], [ 129.298458399999987, 34.5077612 ], [ 129.2966949, 34.5066988 ], [ 129.296287799999988, 34.5038946 ], [ 129.296841799999982, 34.5022948 ], [ 129.296382699999981, 34.4987693 ], [ 129.2933684, 34.4968027 ], [ 129.2941523, 34.4953982 ], [ 129.2928961, 34.4939667 ], [ 129.292962599999981, 34.4922582 ], [ 129.2914053, 34.490499 ], [ 129.290902599999981, 34.4879979 ], [ 129.2930065, 34.4862209 ], [ 129.2895509, 34.4860607 ], [ 129.288814, 34.4844831 ], [ 129.285038200000031, 34.4818643 ], [ 129.2847765, 34.4797564 ], [ 129.2815804, 34.4811459 ], [ 129.2799291, 34.4756236 ], [ 129.277948, 34.4749315 ], [ 129.277054199999981, 34.4709507 ], [ 129.2739986, 34.4691596 ], [ 129.2743281, 34.4672836 ], [ 129.2732795, 34.4661244 ], [ 129.275801, 34.4647595 ], [ 129.277545299999986, 34.4649014 ], [ 129.278437699999984, 34.4634772 ], [ 129.2777912, 34.4612758 ], [ 129.2764656, 34.4610346 ], [ 129.2739823, 34.4566441 ], [ 129.277271900000017, 34.4547994 ], [ 129.278016, 34.453046 ], [ 129.2804697, 34.4528094 ], [ 129.286342, 34.4495487 ], [ 129.2880573, 34.4491567 ], [ 129.290652900000026, 34.4516405 ], [ 129.2941453, 34.4515828 ], [ 129.2980981, 34.4572794 ], [ 129.3002908, 34.4575684 ], [ 129.3030498, 34.4595934 ], [ 129.3023298, 34.4608529 ], [ 129.3051752, 34.461388 ], [ 129.3059576, 34.4629401 ], [ 129.308916899999986, 34.4637118 ], [ 129.3106833, 34.4609404 ], [ 129.309427299999982, 34.4604816 ], [ 129.3080749, 34.4578264 ], [ 129.3059854, 34.4567521 ], [ 129.3083059, 34.4554738 ], [ 129.310724599999986, 34.4557144 ], [ 129.3101754, 34.453217 ], [ 129.3119417, 34.4503233 ], [ 129.3084165, 34.4516505 ], [ 129.306399699999986, 34.4541898 ], [ 129.302368699999988, 34.4557566 ], [ 129.3020966, 34.4542095 ], [ 129.2995666, 34.4535012 ], [ 129.2985309, 34.4506982 ], [ 129.3016721, 34.4485734 ], [ 129.299246899999986, 34.4476056 ], [ 129.2976381, 34.4485007 ], [ 129.294423, 34.4469256 ], [ 129.29598, 34.4450683 ], [ 129.2925932, 34.4450554 ], [ 129.2920431, 34.4416873 ], [ 129.293028599999985, 34.4415503 ], [ 129.294722, 34.4377756 ], [ 129.2928149, 34.4356373 ], [ 129.295047600000032, 34.4339998 ], [ 129.294909499999989, 34.4328573 ], [ 129.290740500000027, 34.4334677 ], [ 129.2894929, 34.4345323 ], [ 129.291025499999989, 34.4390714 ], [ 129.2906003, 34.4402552 ], [ 129.2857333, 34.4436035 ], [ 129.2827925, 34.4435822 ], [ 129.2810111, 34.4442545 ], [ 129.2782044, 34.444057799999989 ], [ 129.2776106, 34.4413691 ], [ 129.276130599999988, 34.4422008 ], [ 129.274139599999984, 34.440699 ], [ 129.275424, 34.4384683 ], [ 129.273285, 34.4379293 ], [ 129.2721406, 34.4361347 ], [ 129.27393, 34.4332612 ], [ 129.276374299999986, 34.4333833 ], [ 129.279508099999987, 34.4319308 ], [ 129.274773499999981, 34.4315931 ], [ 129.2748449, 34.4295083 ], [ 129.2706222, 34.4260234 ], [ 129.2741963, 34.4189309 ], [ 129.275980799999985, 34.418941 ], [ 129.2777046, 34.4164881 ], [ 129.2829006, 34.417188599999989 ], [ 129.2845666, 34.4167824 ], [ 129.2835436, 34.4148556 ], [ 129.2798818, 34.4152807 ], [ 129.278455899999983, 34.4137566 ], [ 129.2768405, 34.4148993 ], [ 129.2735064, 34.4155352 ], [ 129.2717864, 34.4135842 ], [ 129.2726434, 34.4123702 ], [ 129.271974299999982, 34.4106439 ], [ 129.273897799999986, 34.4090761 ], [ 129.273619, 34.4072174 ], [ 129.2745689, 34.4045975 ], [ 129.273268799999983, 34.402593 ], [ 129.2728683, 34.3966217 ], [ 129.2711285, 34.394037 ], [ 129.271111099999985, 34.3915143 ], [ 129.2720296, 34.3904681 ], [ 129.2678998, 34.3856142 ], [ 129.2707548, 34.3855095 ], [ 129.2724048, 34.3847092 ], [ 129.272659399999981, 34.3822462 ], [ 129.277048799999989, 34.3834205 ], [ 129.2766135, 34.3800258 ], [ 129.274524899999989, 34.3783226 ], [ 129.2763429, 34.3770209 ], [ 129.2749356, 34.3749251 ], [ 129.270683099999985, 34.3747262 ], [ 129.26791590000002, 34.3718975 ], [ 129.2631275, 34.368495 ], [ 129.2628296, 34.3666898 ], [ 129.258972699999987, 34.3685015 ], [ 129.259074699999985, 34.3663405 ], [ 129.2569293, 34.3667648 ], [ 129.254176799999982, 34.3656833 ], [ 129.251574, 34.3654112 ], [ 129.251595399999985, 34.3633235 ], [ 129.2540139, 34.3612922 ], [ 129.2523266, 34.3589384 ], [ 129.2517886, 34.3556599 ], [ 129.248885699999988, 34.3561799 ], [ 129.2488869, 34.3575561 ], [ 129.2468012, 34.3603339 ], [ 129.2446228, 34.361052 ], [ 129.244159599999989, 34.3649708 ], [ 129.238608299999981, 34.366613 ], [ 129.2360615, 34.3652057 ], [ 129.2326562, 34.3662787 ], [ 129.227407299999982, 34.3626163 ], [ 129.2296389, 34.3598163 ], [ 129.2287143, 34.3579314 ], [ 129.2317649, 34.3568002 ], [ 129.2336359, 34.355127 ], [ 129.2335697, 34.3532761 ], [ 129.238347799999985, 34.3522292 ], [ 129.240245099999981, 34.3511864 ], [ 129.241795699999983, 34.3523515 ], [ 129.244073499999985, 34.3517626 ], [ 129.247035399999987, 34.3526422 ], [ 129.250530199999986, 34.3518556 ], [ 129.2541173, 34.349821 ], [ 129.255157199999985, 34.3523521 ], [ 129.2623499, 34.3550708 ], [ 129.2640707, 34.3542682 ], [ 129.2679173, 34.3561341 ], [ 129.268293299999982, 34.3570883 ], [ 129.2716878, 34.3569124 ], [ 129.269266, 34.3547659 ], [ 129.276070799999985, 34.354732 ], [ 129.278138, 34.3526631 ], [ 129.2790694, 34.3500935 ], [ 129.2785118, 34.3469816 ], [ 129.2801614, 34.3448208 ], [ 129.2836766, 34.3435518 ], [ 129.284471599999989, 34.3477565 ], [ 129.2868341, 34.3492399 ], [ 129.2878293, 34.3469152 ], [ 129.286633699999982, 34.3461248 ], [ 129.2877551, 34.3439695 ], [ 129.2880533, 34.3392219 ], [ 129.291553599999986, 34.3449994 ], [ 129.291162499999984, 34.3469272 ], [ 129.2920613, 34.3492509 ], [ 129.2897978, 34.3499402 ], [ 129.287498, 34.3529525 ], [ 129.287720299999989, 34.3555119 ], [ 129.2906347, 34.3531225 ], [ 129.295361499999984, 34.3531102 ], [ 129.296117899999985, 34.3546468 ], [ 129.293234899999987, 34.3562957 ], [ 129.292329199999983, 34.3587654 ], [ 129.2891574, 34.359042 ], [ 129.2865756, 34.3602294 ], [ 129.284731099999988, 34.3601933 ], [ 129.2841426, 34.3622693 ], [ 129.2847711, 34.3635352 ], [ 129.279552199999983, 34.3662123 ], [ 129.2833842, 34.3671897 ], [ 129.286838, 34.3651998 ], [ 129.288974599999989, 34.3660522 ], [ 129.288973299999981, 34.3672411 ], [ 129.2907057, 34.3715546 ], [ 129.2923415, 34.3725457 ], [ 129.29045, 34.3738107 ], [ 129.2870087, 34.3771442 ], [ 129.284941700000019, 34.3776787 ], [ 129.284313, 34.3840143 ], [ 129.2875242, 34.384987 ], [ 129.2877052, 34.3860958 ], [ 129.285294199999981, 34.3875694 ], [ 129.287506899999983, 34.3887323 ], [ 129.289195299999989, 34.3860067 ], [ 129.289139899999981, 34.3848712 ], [ 129.2864356, 34.3828435 ], [ 129.287301400000018, 34.3808099 ], [ 129.290023599999984, 34.3792771 ], [ 129.2899094, 34.3774618 ], [ 129.293442299999981, 34.3768732 ], [ 129.294729499999988, 34.3755023 ], [ 129.299426499999981, 34.3789203 ], [ 129.3001456, 34.3799569 ], [ 129.2968065, 34.3816691 ], [ 129.2986436, 34.3829077 ], [ 129.2996389, 34.3813661 ], [ 129.3021182, 34.3805291 ], [ 129.3053548, 34.3821847 ], [ 129.304970199999985, 34.3845226 ], [ 129.3091239, 34.3860166 ], [ 129.3101389, 34.3849209 ], [ 129.313288299999982, 34.3838326 ], [ 129.3101117, 34.3803993 ], [ 129.3089675, 34.3784555 ], [ 129.30676, 34.376844 ], [ 129.3033829, 34.3755477 ], [ 129.3055603, 34.3739324 ], [ 129.305148600000024, 34.372398 ], [ 129.3025409, 34.3732186 ], [ 129.2992774, 34.3702127 ], [ 129.2983347, 34.3676782 ], [ 129.299689299999983, 34.3662458 ], [ 129.3018935, 34.3684565 ], [ 129.3035017, 34.3668115 ], [ 129.303498, 34.3631538 ], [ 129.302544499999982, 34.3625482 ], [ 129.3032226, 34.3593061 ], [ 129.305045399999983, 34.3584495 ], [ 129.306757799999986, 34.3555331 ], [ 129.310056299999985, 34.3581626 ], [ 129.3111126, 34.3564941 ], [ 129.3079663, 34.3534422 ], [ 129.3062832, 34.3527073 ], [ 129.304583399999984, 34.3505443 ], [ 129.3019462, 34.3515754 ], [ 129.2997662, 34.3496339 ], [ 129.3008145, 34.3468821 ], [ 129.300339899999983, 34.3446345 ], [ 129.3019338, 34.3435331 ], [ 129.3019562, 34.3413144 ], [ 129.3055896, 34.3424203 ], [ 129.3075797, 34.3412291 ], [ 129.3092848, 34.3446693 ], [ 129.3105679, 34.3452826 ], [ 129.310518, 34.340179 ], [ 129.308708699999983, 34.3392478 ], [ 129.3074618, 34.3368961 ], [ 129.3105988, 34.3376472 ], [ 129.3108699, 34.3397318 ], [ 129.3139688, 34.3403946 ], [ 129.3155956, 34.3483944 ], [ 129.3178375, 34.3493081 ], [ 129.319739699999985, 34.3470693 ], [ 129.320235, 34.3503651 ], [ 129.3196024, 34.351518 ], [ 129.320569399999982, 34.3542161 ], [ 129.323889399999985, 34.3494468 ], [ 129.3258352, 34.3509209 ], [ 129.3258844, 34.3561963 ], [ 129.3216161, 34.3607903 ], [ 129.3240188, 34.3611144 ], [ 129.3248238, 34.3593403 ], [ 129.3287264, 34.3597945 ], [ 129.325272, 34.363997 ], [ 129.3238589, 34.364296599999989 ], [ 129.3236576, 34.3673094 ], [ 129.3202406, 34.3694853 ], [ 129.322244499999982, 34.3702546 ], [ 129.3250129, 34.3675493 ], [ 129.3282946, 34.3668881 ], [ 129.3296906, 34.3685256 ], [ 129.3282417, 34.3700996 ], [ 129.330446, 34.3730237 ], [ 129.3327593, 34.374503 ], [ 129.3365794, 34.3797262 ], [ 129.3382852, 34.3804951 ], [ 129.3388205, 34.3768335 ], [ 129.333982500000019, 34.3728456 ], [ 129.332342, 34.3685365 ], [ 129.333210799999989, 34.3667425 ], [ 129.3324699, 34.3652505 ], [ 129.3337675, 34.3633152 ], [ 129.336854599999981, 34.3679859 ], [ 129.3385791, 34.3693304 ], [ 129.3392302, 34.36687 ], [ 129.342750199999983, 34.3669434 ], [ 129.3435844, 34.3687699 ], [ 129.3427541, 34.3697737 ], [ 129.3438151, 34.3715575 ], [ 129.3474348, 34.3746453 ], [ 129.3478016, 34.3771479 ], [ 129.3499852, 34.3756682 ], [ 129.3495543, 34.3745598 ], [ 129.352269, 34.3737353 ], [ 129.3519935, 34.3727297 ], [ 129.348475800000017, 34.371674 ], [ 129.3476825, 34.3688513 ], [ 129.3464108, 34.3675912 ], [ 129.348252, 34.3664065 ], [ 129.3477007, 34.3652108 ], [ 129.3493351, 34.3637401 ], [ 129.3457066, 34.3615774 ], [ 129.342806199999984, 34.3613841 ], [ 129.344123, 34.3592776 ], [ 129.341271, 34.358467 ], [ 129.345523, 34.3544947 ], [ 129.3453168, 34.352036 ], [ 129.3489955, 34.3532939 ], [ 129.3492862, 34.3505165 ], [ 129.347596399999986, 34.3475736 ], [ 129.350046300000031, 34.3480628 ], [ 129.352327699999989, 34.3459194 ], [ 129.3487423, 34.3451498 ], [ 129.3468164, 34.3424513 ], [ 129.349058899999989, 34.3421491 ], [ 129.350497499999989, 34.3446312 ], [ 129.353388599999988, 34.3450546 ], [ 129.3502723, 34.3410696 ], [ 129.3518202, 34.3402262 ], [ 129.3530304, 34.3417068 ], [ 129.3558726, 34.3390428 ], [ 129.356018299999988, 34.3374465 ], [ 129.351823, 34.3381054 ], [ 129.348484499999984, 34.3372583 ], [ 129.345675199999988, 34.3383545 ], [ 129.3433114, 34.336733599999988 ], [ 129.3461058, 34.3352478 ], [ 129.350073899999984, 34.3343263 ], [ 129.350801499999989, 34.330705 ], [ 129.3464605, 34.3302242 ], [ 129.345394299999981, 34.3276845 ], [ 129.3468385, 34.325448 ], [ 129.349233199999986, 34.3242917 ], [ 129.3540008, 34.3189735 ], [ 129.348466799999983, 34.3209869 ], [ 129.3476114, 34.3208506 ], [ 129.3431656, 34.3239195 ], [ 129.3414541, 34.323437 ], [ 129.3386047, 34.3238479 ], [ 129.3377912, 34.3229399 ], [ 129.339342099999982, 34.3213162 ], [ 129.334245899999985, 34.3200808 ], [ 129.3332146, 34.3187775 ], [ 129.3366277, 34.3156428 ], [ 129.334805499999987, 34.3127066 ], [ 129.334970699999985, 34.3108252 ], [ 129.334246399999984, 34.3089819 ], [ 129.3357274, 34.3078807 ], [ 129.336292899999989, 34.3122596 ], [ 129.3389665, 34.3161263 ], [ 129.338900599999988, 34.3121858 ], [ 129.336277199999984, 34.3067739 ], [ 129.3379818, 34.305731 ], [ 129.3403477, 34.3056492 ], [ 129.3429346, 34.3043823 ], [ 129.3438507, 34.3023757 ], [ 129.3465239, 34.3004092 ], [ 129.3468239, 34.3029854 ], [ 129.349510399999986, 34.3053504 ], [ 129.350414299999983, 34.307455 ], [ 129.3520006, 34.3070071 ], [ 129.3531265, 34.3085525 ], [ 129.3566162, 34.308155 ], [ 129.3547605, 34.306629 ], [ 129.3533215, 34.3069724 ], [ 129.350001099999986, 34.3036363 ], [ 129.3491261, 34.3011521 ], [ 129.3505499, 34.2973257 ], [ 129.352653799999985, 34.2956444 ], [ 129.353918099999987, 34.2957994 ], [ 129.3563202, 34.2984968 ], [ 129.3571241, 34.3008309 ], [ 129.3601342, 34.3013725 ], [ 129.363046699999984, 34.3035481 ], [ 129.3640026, 34.305476 ], [ 129.3657939, 34.3062095 ], [ 129.366203499999983, 34.3082873 ], [ 129.3645017, 34.3084271 ], [ 129.365663399999988, 34.3110174 ], [ 129.3702575, 34.3108434 ], [ 129.3713242, 34.3119118 ], [ 129.370547, 34.3138774 ], [ 129.367717699999986, 34.3158768 ], [ 129.3676245, 34.3169321 ], [ 129.3649072, 34.3184147 ], [ 129.3661126, 34.3193922 ], [ 129.3711969, 34.3158788 ], [ 129.37494, 34.3174997 ], [ 129.3763859, 34.3160732 ], [ 129.3736994, 34.3144238 ], [ 129.3749836, 34.3117353 ], [ 129.3788629, 34.3121386 ], [ 129.379611399999987, 34.3129069 ], [ 129.3787156, 34.3160347 ], [ 129.3788107, 34.3179006 ], [ 129.376211100000035, 34.318295 ], [ 129.3751129, 34.3200326 ], [ 129.3780031, 34.324211 ], [ 129.3765558, 34.3248258 ], [ 129.3769881, 34.3272243 ], [ 129.374444499999981, 34.3285442 ], [ 129.373663099999987, 34.3312437 ], [ 129.367128399999984, 34.3302737 ], [ 129.367104399999988, 34.331365 ], [ 129.3691207, 34.3327556 ], [ 129.368850899999984, 34.335219 ], [ 129.3650824, 34.3373804 ], [ 129.3658939, 34.3384932 ], [ 129.369699, 34.3367081 ], [ 129.372107699999987, 34.337398 ], [ 129.3751186, 34.3362379 ], [ 129.3794867, 34.3355087 ], [ 129.3819473, 34.3333309 ], [ 129.385235, 34.334862 ], [ 129.385047499999985, 34.3304913 ], [ 129.388963500000017, 34.3318855 ], [ 129.390556500000031, 34.3347111 ], [ 129.392858499999988, 34.3366353 ], [ 129.388127699999984, 34.3406851 ], [ 129.3879441, 34.3427556 ], [ 129.3886087, 34.3465339 ], [ 129.3864, 34.3464617 ], [ 129.3842678, 34.342551 ], [ 129.3828155, 34.3442065 ], [ 129.3802059, 34.34367 ], [ 129.37228589999998, 34.3441259 ], [ 129.369111799999985, 34.3452381 ], [ 129.3652011, 34.3451391 ], [ 129.365683, 34.3470965 ], [ 129.368020699999988, 34.3461516 ], [ 129.3705569, 34.3471404 ], [ 129.375009, 34.3456245 ], [ 129.3813896, 34.3470209 ], [ 129.3839854, 34.348194 ], [ 129.385699, 34.3505372 ], [ 129.387550600000026, 34.3504163 ], [ 129.3902603, 34.3550934 ], [ 129.3894764, 34.356852 ], [ 129.393497300000035, 34.3598184 ], [ 129.3933792, 34.362407 ], [ 129.3856643, 34.3654854 ], [ 129.3867009, 34.3680046 ], [ 129.3890783, 34.3689049 ], [ 129.38894209999998, 34.3702113 ], [ 129.3844152, 34.3718146 ], [ 129.383277, 34.3691607 ], [ 129.3809493, 34.367549499999988 ], [ 129.3755553, 34.3703724 ], [ 129.376382399999983, 34.3723386 ], [ 129.3781893, 34.3710521 ], [ 129.3798491, 34.3718536 ], [ 129.381535899999989, 34.3712701 ], [ 129.382708, 34.3732311 ], [ 129.3800362, 34.3772259 ], [ 129.3769661, 34.3783902 ], [ 129.3758939, 34.38163 ], [ 129.377323599999983, 34.3819605 ], [ 129.377504099999982, 34.3840693 ], [ 129.3755788, 34.385583 ], [ 129.375403399999982, 34.3885116 ], [ 129.379083, 34.3869443 ], [ 129.3807172, 34.3887122 ], [ 129.3833002, 34.3851407 ], [ 129.386896799999988, 34.3828383 ], [ 129.3911685, 34.383724 ], [ 129.3890275, 34.3847946 ], [ 129.3875064, 34.387523 ], [ 129.387786100000028, 34.3902818 ], [ 129.3935825, 34.3923005 ], [ 129.3928067, 34.3977251 ], [ 129.39356189999998, 34.399578 ], [ 129.39503, 34.4004485 ], [ 129.394334499999985, 34.4031073 ], [ 129.396718, 34.4065335 ], [ 129.3952859, 34.4078836 ], [ 129.3971129, 34.4099283 ], [ 129.3966826, 34.4118761 ], [ 129.3939972, 34.4101789 ], [ 129.3901244, 34.4048079 ], [ 129.389638, 34.4009531 ], [ 129.3874169, 34.4016938 ], [ 129.3865127, 34.4036711 ], [ 129.383838199999985, 34.4036225 ], [ 129.3863905, 34.3997901 ], [ 129.3878622, 34.3991371 ], [ 129.3870751, 34.3973789 ], [ 129.384777899999989, 34.398847499999988 ], [ 129.3820598, 34.398791 ], [ 129.378711399999986, 34.3951336 ], [ 129.3773171, 34.3962593 ], [ 129.378750199999985, 34.3983301 ], [ 129.3761858, 34.3983921 ], [ 129.371026199999989, 34.3938646 ], [ 129.367508499999985, 34.3917603 ], [ 129.364859199999984, 34.3921266 ], [ 129.3630789, 34.3909244 ], [ 129.3561578, 34.3896856 ], [ 129.354013899999984, 34.3864413 ], [ 129.3517139, 34.3863049 ], [ 129.35249349999998, 34.3890304 ], [ 129.3559637, 34.3918037 ], [ 129.3575289, 34.3951294 ], [ 129.3601013, 34.3962629 ], [ 129.3625936, 34.3982142 ], [ 129.363444099999981, 34.3974221 ], [ 129.365870199999989, 34.3982301 ], [ 129.3672197, 34.4007404 ], [ 129.3663363, 34.4020195 ], [ 129.369146299999983, 34.4027515 ], [ 129.3691225, 34.4064956 ], [ 129.371338899999984, 34.4060657 ], [ 129.3717303, 34.4076046 ], [ 129.3760226, 34.4073585 ], [ 129.3758057, 34.4094616 ], [ 129.377173, 34.4113009 ], [ 129.375679099999985, 34.4135788 ], [ 129.378604199999984, 34.4134046 ], [ 129.3778946, 34.4200701 ], [ 129.3767351, 34.4207551 ], [ 129.374993499999988, 34.4262246 ], [ 129.370746, 34.427154 ], [ 129.3717158, 34.4239029 ], [ 129.3692986, 34.4215918 ], [ 129.367487399999987, 34.421119 ], [ 129.3674499, 34.4195791 ], [ 129.3655674, 34.4188776 ], [ 129.3647067, 34.4221419 ], [ 129.367349599999983, 34.424346299999989 ], [ 129.364895099999984, 34.4270239 ], [ 129.36578369999998, 34.4274874 ], [ 129.3658067, 34.4324841 ], [ 129.3692892, 34.4325869 ], [ 129.3680938, 34.4341349 ], [ 129.3706818, 34.4348207 ], [ 129.3750622, 34.4332983 ], [ 129.3746392, 34.4308395 ], [ 129.377631200000025, 34.4295901 ], [ 129.3831403, 34.4249258 ], [ 129.3850315, 34.4261728 ], [ 129.3850664, 34.4291282 ], [ 129.382478, 34.4334051 ], [ 129.3812757, 34.433673 ], [ 129.3805055, 34.4372392 ], [ 129.3811374, 34.4384018 ], [ 129.3834242, 34.4383433 ], [ 129.3829083, 34.4403028 ], [ 129.3798061, 34.4395699 ], [ 129.3786843, 34.4407883 ], [ 129.376198499999987, 34.4400451 ], [ 129.374335699999989, 34.4429624 ], [ 129.3752642, 34.4450687 ], [ 129.3695753, 34.4519346 ], [ 129.3709448, 34.4533227 ], [ 129.370599199999987, 34.4547785 ], [ 129.372082299999988, 34.4564319 ], [ 129.3741011, 34.4566683 ], [ 129.3755999, 34.4554924 ], [ 129.374678599999982, 34.4539068 ], [ 129.375446399999987, 34.4523644 ], [ 129.377195799999981, 34.4528035 ], [ 129.3794368, 34.4545949 ], [ 129.3833894, 34.4558686 ], [ 129.3863193, 34.4573055 ], [ 129.386662199999989, 34.4582005 ], [ 129.383522699999986, 34.460631 ], [ 129.385555499999981, 34.4629425 ], [ 129.3875059, 34.4635629 ], [ 129.389626, 34.463197 ], [ 129.391209100000026, 34.4642044 ], [ 129.389172699999989, 34.4654701 ], [ 129.389542799999987, 34.4668405 ], [ 129.3944857, 34.4712745 ], [ 129.397027900000012, 34.4724978 ], [ 129.3970449, 34.4775862 ], [ 129.3993012, 34.4767953 ], [ 129.4028859, 34.480382 ], [ 129.4072761, 34.4839259 ], [ 129.408434799999981, 34.4860489 ], [ 129.4112939, 34.4883456 ], [ 129.4097816, 34.490681 ], [ 129.4116659, 34.491773 ], [ 129.4128378, 34.4900498 ], [ 129.4164835, 34.4913702 ], [ 129.419849299999981, 34.4940735 ], [ 129.419864, 34.496577 ], [ 129.4230057, 34.4967854 ], [ 129.4269425, 34.4993276 ], [ 129.4273258, 34.5011546 ], [ 129.433579, 34.5045498 ], [ 129.4344849, 34.504586 ], [ 129.437132099999985, 34.5074691 ], [ 129.437244199999981, 34.5093856 ], [ 129.43556, 34.5112299 ], [ 129.4369797, 34.513801199999989 ], [ 129.4350691, 34.513856 ], [ 129.4373372, 34.5165634 ], [ 129.4384374, 34.5153771 ], [ 129.441636599999981, 34.5143005 ], [ 129.443438499999985, 34.5170945 ], [ 129.4434493, 34.5192124 ], [ 129.446298899999988, 34.5206153 ], [ 129.4507686, 34.524004 ], [ 129.4513499, 34.5261135 ], [ 129.4506776, 34.5282035 ], [ 129.4489412, 34.5279618 ], [ 129.4448011, 34.5295539 ], [ 129.4451751, 34.5305904 ], [ 129.449892, 34.5297739 ], [ 129.453867699999989, 34.5316262 ], [ 129.4559471, 34.53189 ], [ 129.458258799999982, 34.5358979 ], [ 129.4605046, 34.5371358 ], [ 129.46137, 34.5396972 ], [ 129.460791299999983, 34.5406847 ], [ 129.463458, 34.5422 ], [ 129.4594911, 34.5445827 ], [ 129.4603937, 34.5459511 ], [ 129.4592519, 34.5478077 ], [ 129.4589359, 34.5525248 ], [ 129.4621122, 34.5523889 ], [ 129.462957, 34.5536656 ], [ 129.4654246, 34.5529503 ], [ 129.4687197, 34.5502728 ], [ 129.4697817, 34.5520409 ], [ 129.4716286, 34.5530294 ], [ 129.472055, 34.5555755 ], [ 129.469903599999981, 34.5559666 ], [ 129.4696138, 34.5574223 ], [ 129.471716, 34.5608784 ], [ 129.469780499999985, 34.564721 ], [ 129.4700609, 34.5674053 ], [ 129.469338099999987, 34.5693015 ], [ 129.4703264, 34.5703263 ], [ 129.4725554, 34.569524 ], [ 129.4750718, 34.5709116 ], [ 129.4755682, 34.5723433 ], [ 129.4729946, 34.5735163 ], [ 129.4713226, 34.5750301 ], [ 129.476040899999987, 34.5847887 ], [ 129.4740761, 34.5863177 ], [ 129.471458499999983, 34.5873654 ], [ 129.4759992, 34.5913352 ], [ 129.4779845, 34.5917281 ], [ 129.4799409, 34.5931301 ], [ 129.479395499999981, 34.5945789 ], [ 129.473858399999983, 34.5947793 ], [ 129.472477699999985, 34.5969048 ], [ 129.474524799999983, 34.5974394 ], [ 129.4732081, 34.6004231 ], [ 129.4706014, 34.6008036 ], [ 129.471246, 34.6028955 ], [ 129.469984399999987, 34.6047428 ], [ 129.4712767, 34.6059093 ], [ 129.4701662, 34.6074634 ], [ 129.4624469, 34.6058712 ], [ 129.459089299999988, 34.607703 ], [ 129.453256399999987, 34.607451 ], [ 129.4513484, 34.6068671 ], [ 129.449638099999987, 34.6076454 ], [ 129.4511865, 34.6097454 ], [ 129.449940699999985, 34.6131604 ], [ 129.4486928, 34.6147727 ], [ 129.4467508, 34.6137564 ], [ 129.4456749, 34.6146184 ], [ 129.4411901, 34.6139264 ], [ 129.4412087, 34.612787 ], [ 129.4383262, 34.6122601 ], [ 129.4368916, 34.613215499999988 ], [ 129.43844630000001, 34.6153605 ], [ 129.436697, 34.6164813 ], [ 129.4344216, 34.6161811 ], [ 129.4335333, 34.6178248 ], [ 129.436297, 34.6178125 ], [ 129.4352974, 34.6208117 ], [ 129.4354333, 34.6224656 ], [ 129.4374718, 34.6242155 ], [ 129.439118899999983, 34.6232303 ], [ 129.437722399999984, 34.6216764 ], [ 129.438326599999982, 34.6181048 ], [ 129.441730899999982, 34.6187625 ], [ 129.444049399999983, 34.6170561 ], [ 129.4456193, 34.61857 ], [ 129.4495761, 34.6168986 ], [ 129.4509447, 34.614991 ], [ 129.452752799999985, 34.6139752 ], [ 129.452609199999984, 34.6121587 ], [ 129.457204499999989, 34.6123745 ], [ 129.457497599999982, 34.6139967 ], [ 129.453985300000028, 34.6163741 ], [ 129.4515227, 34.6171827 ], [ 129.4506692, 34.6226237 ], [ 129.446547399999986, 34.6230991 ], [ 129.4453983, 34.6257675 ], [ 129.447699799999981, 34.6277278 ], [ 129.445249, 34.6285899 ], [ 129.447191299999986, 34.6316077 ], [ 129.449077, 34.6286269 ], [ 129.4496088, 34.6260251 ], [ 129.452863799999989, 34.6269055 ], [ 129.453793599999983, 34.626096 ], [ 129.4547564, 34.6208779 ], [ 129.4570693, 34.6189062 ], [ 129.4572406, 34.6159193 ], [ 129.46014839999998, 34.6158943 ], [ 129.4612688, 34.6137249 ], [ 129.4641144, 34.6166568 ], [ 129.466038699999984, 34.6161907 ], [ 129.468970899999988, 34.6171572 ], [ 129.4702567, 34.6189494 ], [ 129.4726139, 34.618751 ], [ 129.472201499999983, 34.6165268 ], [ 129.4770684, 34.6176334 ], [ 129.4792701, 34.617719 ], [ 129.4801663, 34.6196294 ], [ 129.475990599999989, 34.6216772 ], [ 129.475254799999988, 34.6233828 ], [ 129.4722753, 34.6241486 ], [ 129.4711696, 34.6253797 ], [ 129.4711337, 34.6277666 ], [ 129.47679549999998, 34.6293469 ], [ 129.4793893, 34.6277421 ], [ 129.4822898, 34.6285002 ], [ 129.4838485, 34.6305255 ], [ 129.4815884, 34.632237 ], [ 129.4841136, 34.6328882 ], [ 129.4861137, 34.6349446 ], [ 129.490568599999989, 34.6429023 ], [ 129.489469499999984, 34.6445263 ], [ 129.4868262, 34.6452466 ], [ 129.4837254, 34.6440562 ], [ 129.4817529, 34.6407728 ], [ 129.480693, 34.6413481 ], [ 129.4825945, 34.6445594 ], [ 129.4792051, 34.6449991 ], [ 129.4761025, 34.6441997 ], [ 129.4745479, 34.6452498 ], [ 129.4754192, 34.6472815 ], [ 129.477499, 34.6495222 ], [ 129.4750831, 34.6512287 ], [ 129.4752308, 34.6529658 ], [ 129.469113599999986, 34.6555326 ], [ 129.4704384, 34.6582786 ], [ 129.4720466, 34.656717 ], [ 129.4739314, 34.6566696 ], [ 129.4796931, 34.6548677 ], [ 129.4821244, 34.6537151 ], [ 129.483765399999982, 34.655216 ], [ 129.4816006, 34.6575056 ], [ 129.483534599999984, 34.658406 ], [ 129.4852158, 34.6609952 ], [ 129.4907955, 34.6638 ], [ 129.4927583, 34.663822 ], [ 129.4952017, 34.6660493 ], [ 129.4973162, 34.6670282 ], [ 129.496574700000025, 34.6691079 ], [ 129.494393799999983, 34.6665547 ], [ 129.490392600000035, 34.6648314 ], [ 129.488438299999984, 34.6664739 ], [ 129.4853924, 34.6667133 ], [ 129.484384, 34.6729457 ], [ 129.485610399999985, 34.6747035 ], [ 129.487548, 34.6750596 ], [ 129.4875974, 34.6778557 ], [ 129.493659899999983, 34.6774188 ], [ 129.4945295, 34.6781865 ], [ 129.4916921, 34.6805954 ], [ 129.4930512, 34.6832497 ], [ 129.4890507, 34.683709 ], [ 129.4867232, 34.6824693 ], [ 129.4874117, 34.6791008 ], [ 129.4865082, 34.6756884 ], [ 129.482915600000013, 34.6751338 ], [ 129.478053599999981, 34.6776667 ], [ 129.4744457, 34.6738042 ], [ 129.471413899999988, 34.6779092 ], [ 129.474588, 34.6790481 ], [ 129.4758683, 34.6806147 ], [ 129.4745534, 34.6816816 ], [ 129.474696900000026, 34.6853627 ], [ 129.472054300000025, 34.6855306 ], [ 129.471389599999981, 34.6868151 ], [ 129.473165699999981, 34.6882544 ], [ 129.479637199999985, 34.6888126 ], [ 129.4798489, 34.6915319 ], [ 129.477276499999988, 34.6930735 ], [ 129.4747893, 34.6915796 ], [ 129.4738399, 34.6931738 ], [ 129.4715773, 34.6930945 ], [ 129.4707751, 34.6955817 ], [ 129.4657038, 34.695962 ], [ 129.464018399999986, 34.697844 ], [ 129.4614909, 34.6965594 ], [ 129.4595409, 34.6977159 ], [ 129.4579463, 34.6928889 ], [ 129.454796499999986, 34.6963921 ], [ 129.453945799999985, 34.697987 ], [ 129.451373599999982, 34.6988511 ], [ 129.4480878, 34.697495 ] ] ], [ [ [ 129.4854512, 34.6305886 ], [ 129.4869108, 34.6293637 ], [ 129.488823599999989, 34.630754 ], [ 129.4872714, 34.6318769 ], [ 129.4854512, 34.6305886 ] ] ], [ [ [ 129.4780212, 34.6827466 ], [ 129.4797642, 34.6798157 ], [ 129.4818526, 34.6809646 ], [ 129.4825519, 34.68283 ], [ 129.4795005, 34.6832949 ], [ 129.4780212, 34.6827466 ] ] ], [ [ [ 129.433085799999986, 34.7060419 ], [ 129.4331095, 34.7036578 ], [ 129.435680800000029, 34.7046526 ], [ 129.4365225, 34.7066243 ], [ 129.43474040000001, 34.7080208 ], [ 129.433085799999986, 34.7060419 ] ] ] ] } },
{ "type": "Feature", "properties": { "hokenjo": "長崎市" }, "geometry": { "type": "MultiPolygon", "coordinates": [ [ [ [ 129.7381402, 32.626094 ], [ 129.740039699999983, 32.6290266 ], [ 129.7391012, 32.6296109 ], [ 129.736349599999983, 32.6262544 ], [ 129.7381402, 32.626094 ] ] ], [ [ [ 129.754759, 32.666112 ], [ 129.7541697, 32.6647062 ], [ 129.751925199999988, 32.6650671 ], [ 129.751303899999982, 32.6670956 ], [ 129.746381499999984, 32.6617933 ], [ 129.7484502, 32.658459199999989 ], [ 129.7496563, 32.657988 ], [ 129.754588899999987, 32.6501697 ], [ 129.7572476, 32.6509076 ], [ 129.7585799, 32.6548844 ], [ 129.7568009, 32.6557183 ], [ 129.7564586, 32.6580028 ], [ 129.755411399999986, 32.6587005 ], [ 129.756835699999982, 32.6611776 ], [ 129.7596829, 32.6638689 ], [ 129.757497600000022, 32.6642041 ], [ 129.756925, 32.6655792 ], [ 129.754759, 32.666112 ] ] ], [ [ [ 129.7691089, 32.7103038 ], [ 129.7682891, 32.7121637 ], [ 129.7653944, 32.7128075 ], [ 129.761296499999986, 32.7152569 ], [ 129.760333299999985, 32.7127663 ], [ 129.761478899999986, 32.7093019 ], [ 129.76482009999998, 32.7065105 ], [ 129.7684956, 32.7056952 ], [ 129.772156699999982, 32.703048 ], [ 129.773063799999989, 32.701819199999989 ], [ 129.7754406, 32.7016413 ], [ 129.7794379, 32.7030434 ], [ 129.780144899999982, 32.7053283 ], [ 129.7751849, 32.7096677 ], [ 129.7725223, 32.7079814 ], [ 129.771406399999989, 32.7094591 ], [ 129.7691089, 32.7103038 ] ] ], [ [ [ 129.7582113, 32.7901509 ], [ 129.7602996, 32.7900654 ], [ 129.7614381, 32.7928485 ], [ 129.7579041, 32.7919112 ], [ 129.7582113, 32.7901509 ] ] ], [ [ [ 129.56305039999998, 32.8671485 ], [ 129.5631328, 32.8689483 ], [ 129.55773, 32.8689055 ], [ 129.5556843, 32.8701538 ], [ 129.5551782, 32.8681744 ], [ 129.5596309, 32.8663708 ], [ 129.56305039999998, 32.8671485 ] ] ], [ [ [ 129.6050166, 32.8864677 ], [ 129.6028076, 32.8870523 ], [ 129.6048682, 32.8908937 ], [ 129.6021189, 32.8911756 ], [ 129.598392599999983, 32.8893357 ], [ 129.5965219, 32.8867277 ], [ 129.5924894, 32.8850925 ], [ 129.5900978, 32.8817176 ], [ 129.591006099999987, 32.8805414 ], [ 129.599465399999985, 32.8802048 ], [ 129.602083099999987, 32.8812524 ], [ 129.6054293, 32.8850783 ], [ 129.6050166, 32.8864677 ] ] ], [ [ [ 129.7890233, 32.5689968 ], [ 129.7867183, 32.5693538 ], [ 129.7866018, 32.5707787 ], [ 129.786472299999986, 32.5669566 ], [ 129.7855224, 32.5661164 ], [ 129.782927299999983, 32.5687492 ], [ 129.7795955, 32.5689989 ], [ 129.777959399999986, 32.5679029 ], [ 129.7775498, 32.566389 ], [ 129.77536809999998, 32.5655028 ], [ 129.7749732, 32.5609133 ], [ 129.7740407, 32.557927899999989 ], [ 129.7750876, 32.5565253 ], [ 129.7730013, 32.5536708 ], [ 129.77386869999998, 32.5530177 ], [ 129.773976100000027, 32.5501586 ], [ 129.7753371, 32.5492074 ], [ 129.778686, 32.5507096 ], [ 129.781769199999985, 32.5548658 ], [ 129.7846015, 32.556208 ], [ 129.7895547, 32.5559364 ], [ 129.7911383, 32.5570905 ], [ 129.790110699999985, 32.5586091 ], [ 129.7906966, 32.564107 ], [ 129.7890233, 32.5689968 ] ] ], [ [ [ 129.7848979, 32.6968715 ], [ 129.7834651, 32.6983087 ], [ 129.780391399999985, 32.6990186 ], [ 129.780838599999981, 32.7025217 ], [ 129.7781814, 32.7025212 ], [ 129.7749207, 32.700976 ], [ 129.771699399999989, 32.7005836 ], [ 129.772441499999985, 32.6989617 ], [ 129.774271, 32.6982133 ], [ 129.7766399, 32.6955586 ], [ 129.7763396, 32.6931576 ], [ 129.7771405, 32.6914791 ], [ 129.779793, 32.6902719 ], [ 129.7857128, 32.6928075 ], [ 129.7848979, 32.6968715 ] ] ], [ [ [ 129.9722845, 32.7603476 ], [ 129.970495, 32.7596809 ], [ 129.9670351, 32.7600906 ], [ 129.9654488, 32.7621391 ], [ 129.9642388, 32.7609788 ], [ 129.965787, 32.7571394 ], [ 129.968253299999986, 32.7550107 ], [ 129.967327499999982, 32.7538921 ], [ 129.970572799999985, 32.7519618 ], [ 129.970274599999982, 32.7491617 ], [ 129.972886599999981, 32.7502749 ], [ 129.9773, 32.7492916 ], [ 129.978323499999988, 32.7476658 ], [ 129.982459799999987, 32.7488181 ], [ 129.9840902, 32.7472295 ], [ 129.986756499999984, 32.7475756 ], [ 129.989257899999984, 32.7503598 ], [ 129.9880392, 32.7516063 ], [ 129.9848787, 32.7527341 ], [ 129.9814792, 32.7502234 ], [ 129.977922799999988, 32.7526323 ], [ 129.9788575, 32.7571129 ], [ 129.98056889999998, 32.7577657 ], [ 129.9806931, 32.7600164 ], [ 129.9785094, 32.7605169 ], [ 129.9761623, 32.760147 ], [ 129.974663599999985, 32.7589986 ], [ 129.9722845, 32.7603476 ] ] ], [ [ [ 129.8495644, 32.8074722 ], [ 129.8480389, 32.8088267 ], [ 129.8464375, 32.8120961 ], [ 129.8444164, 32.8112364 ], [ 129.842046899999985, 32.8112711 ], [ 129.838629199999986, 32.8100608 ], [ 129.840180799999985, 32.8131669 ], [ 129.84056, 32.8159381 ], [ 129.839551299999982, 32.8165673 ], [ 129.835139200000015, 32.8158731 ], [ 129.832161899999988, 32.8171064 ], [ 129.8279483, 32.8177194 ], [ 129.8255533, 32.8162778 ], [ 129.8212522, 32.8148814 ], [ 129.818105, 32.8149967 ], [ 129.816956100000027, 32.8172386 ], [ 129.817543600000022, 32.8189089 ], [ 129.8191506, 32.8199397 ], [ 129.820541099999986, 32.8259331 ], [ 129.8161111, 32.8289775 ], [ 129.8143183, 32.8310347 ], [ 129.815214699999984, 32.8330225 ], [ 129.814545, 32.8349533 ], [ 129.8132264, 32.8356711 ], [ 129.8080917, 32.8366861 ], [ 129.8071747, 32.8385214 ], [ 129.8018328, 32.8431864 ], [ 129.8013881, 32.8455414 ], [ 129.801968599999981, 32.8486469 ], [ 129.8002806, 32.8504669 ], [ 129.800148899999982, 32.8536975 ], [ 129.79658329999998, 32.8550658 ], [ 129.7942817, 32.8572756 ], [ 129.7937092, 32.8590275 ], [ 129.793684399999989, 32.8623828 ], [ 129.791233299999988, 32.8633453 ], [ 129.7947017, 32.8664564 ], [ 129.7952311, 32.8696681 ], [ 129.7970994, 32.8709696 ], [ 129.7956739, 32.8733052 ], [ 129.793302, 32.8735586 ], [ 129.7913054, 32.872432 ], [ 129.791588599999983, 32.8705654 ], [ 129.789487399999985, 32.8696667 ], [ 129.7879973, 32.8732706 ], [ 129.789289199999985, 32.8770257 ], [ 129.7913462, 32.8782005 ], [ 129.789956, 32.8794711 ], [ 129.789532, 32.8820849 ], [ 129.790258599999987, 32.8841987 ], [ 129.7945574, 32.8893636 ], [ 129.7972814, 32.8888823 ], [ 129.796753099999989, 32.887387 ], [ 129.7944369, 32.8877993 ], [ 129.795177199999983, 32.8854626 ], [ 129.79454819999998, 32.8843075 ], [ 129.7960876, 32.882345 ], [ 129.80001919999998, 32.8815114 ], [ 129.800021099999981, 32.880317 ], [ 129.8026764, 32.8798844 ], [ 129.8023562, 32.8822383 ], [ 129.803101700000013, 32.8837391 ], [ 129.8066667, 32.8869205 ], [ 129.8080981, 32.8860866 ], [ 129.8084, 32.8899709 ], [ 129.809651299999985, 32.8918235 ], [ 129.809287399999988, 32.893781499999989 ], [ 129.8067443, 32.8930489 ], [ 129.8053713, 32.8935462 ], [ 129.804398, 32.8955826 ], [ 129.805502400000023, 32.8980263 ], [ 129.803813, 32.9012528 ], [ 129.805154099999982, 32.9077083 ], [ 129.8015086, 32.9081846 ], [ 129.7990754, 32.9100396 ], [ 129.797757599999983, 32.9097881 ], [ 129.794826299999983, 32.9062332 ], [ 129.7944666, 32.9081577 ], [ 129.792521099999988, 32.9083821 ], [ 129.791181699999981, 32.9067678 ], [ 129.791476599999982, 32.904178699999989 ], [ 129.792532199999982, 32.9025961 ], [ 129.7952573, 32.9025253 ], [ 129.794863099999986, 32.9008844 ], [ 129.790803, 32.9024435 ], [ 129.78864489999998, 32.9007979 ], [ 129.7878423, 32.9031053 ], [ 129.783794299999983, 32.907664 ], [ 129.785575599999987, 32.9105246 ], [ 129.784640199999984, 32.9125517 ], [ 129.7852168, 32.9142521 ], [ 129.7872744, 32.9151004 ], [ 129.7887102, 32.9144266 ], [ 129.7902152, 32.9122022 ], [ 129.7931637, 32.9143223 ], [ 129.784956099999988, 32.9184246 ], [ 129.7879078, 32.9191799 ], [ 129.788747199999989, 32.9208031 ], [ 129.788284399999981, 32.9255247 ], [ 129.7867853, 32.927552 ], [ 129.784829, 32.9285469 ], [ 129.7844053, 32.9299875 ], [ 129.7859785, 32.9325446 ], [ 129.7835125, 32.9342447 ], [ 129.785028899999986, 32.9369197 ], [ 129.783321699999988, 32.9411243 ], [ 129.7851403, 32.9469897 ], [ 129.786863499999981, 32.9490651 ], [ 129.7917616, 32.9520766 ], [ 129.7958382, 32.9518951 ], [ 129.7985544, 32.9541886 ], [ 129.8000063, 32.9511804 ], [ 129.799525099999983, 32.9488376 ], [ 129.7966471, 32.9474527 ], [ 129.796851, 32.9425538 ], [ 129.7956431, 32.939198 ], [ 129.7959103, 32.9358844 ], [ 129.7947077, 32.9338756 ], [ 129.7965259, 32.9330194 ], [ 129.7978157, 32.9383141 ], [ 129.8006843, 32.9395346 ], [ 129.8024112, 32.9378275 ], [ 129.8007901, 32.936829 ], [ 129.799905599999988, 32.9350252 ], [ 129.8009246, 32.9319844 ], [ 129.7984625, 32.9304079 ], [ 129.8011768, 32.9288061 ], [ 129.7977323, 32.9263945 ], [ 129.7984783, 32.9220584 ], [ 129.8014789, 32.9198876 ], [ 129.802076299999982, 32.918261 ], [ 129.804175499999985, 32.9180135 ], [ 129.8069901, 32.9165052 ], [ 129.809723, 32.9170297 ], [ 129.8090063, 32.9184986 ], [ 129.8114914, 32.9204272 ], [ 129.8129783, 32.9206105 ], [ 129.8135073, 32.9233033 ], [ 129.8164774, 32.9259941 ], [ 129.8144517, 32.928482 ], [ 129.816075899999987, 32.9325487 ], [ 129.816436399999986, 32.9353949 ], [ 129.81502949999998, 32.9358036 ], [ 129.815089299999983, 32.9381941 ], [ 129.816846199999986, 32.9381359 ], [ 129.817712400000033, 32.9400309 ], [ 129.8157363, 32.9422488 ], [ 129.8178038, 32.9443397 ], [ 129.8185305, 32.947347 ], [ 129.815538, 32.9493015 ], [ 129.816250599999989, 32.9502892 ], [ 129.815303199999988, 32.9558101 ], [ 129.811100499999981, 32.9604124 ], [ 129.809197399999988, 32.9602422 ], [ 129.8069468, 32.9619348 ], [ 129.8038636, 32.9631483 ], [ 129.8025097, 32.9649494 ], [ 129.79532, 32.9664122 ], [ 129.7918281, 32.9685781 ], [ 129.7867039, 32.9656922 ], [ 129.785627799999986, 32.9625689 ], [ 129.784073100000029, 32.9613969 ], [ 129.781466099999989, 32.9620294 ], [ 129.781172199999986, 32.9597719 ], [ 129.7781181, 32.9590839 ], [ 129.773305800000031, 32.9563358 ], [ 129.771983299999988, 32.9569003 ], [ 129.7686678, 32.9558864 ], [ 129.7658719, 32.9542711 ], [ 129.763471899999985, 32.9548417 ], [ 129.7564089, 32.9514453 ], [ 129.7483131, 32.9483125 ], [ 129.7446297, 32.9479278 ], [ 129.7408586, 32.946995 ], [ 129.74108529999998, 32.9442531 ], [ 129.7396947, 32.9390647 ], [ 129.7413919, 32.9368167 ], [ 129.7410947, 32.9357786 ], [ 129.7382039, 32.9328136 ], [ 129.7373131, 32.9302589 ], [ 129.7388369, 32.9275494 ], [ 129.7396153, 32.9231869 ], [ 129.741240299999987, 32.9220969 ], [ 129.74244, 32.9189992 ], [ 129.7376303, 32.9131292 ], [ 129.734686700000026, 32.9150231 ], [ 129.733305, 32.9149797 ], [ 129.729555299999987, 32.9112942 ], [ 129.7276331, 32.91225 ], [ 129.726079699999985, 32.9110914 ], [ 129.718931699999985, 32.9114097 ], [ 129.715559399999989, 32.9098461 ], [ 129.7090639, 32.9127306 ], [ 129.7086706, 32.9095494 ], [ 129.70588859999998, 32.9063092 ], [ 129.7016267, 32.9065303 ], [ 129.69862, 32.9036769 ], [ 129.692971700000015, 32.90344 ], [ 129.6907706, 32.9025783 ], [ 129.688325599999985, 32.903345 ], [ 129.6829022, 32.9039142 ], [ 129.6771789, 32.9018669 ], [ 129.6760736, 32.899425 ], [ 129.6733714, 32.8972397 ], [ 129.668542, 32.8954767 ], [ 129.6686824, 32.8939878 ], [ 129.6721824, 32.8885913 ], [ 129.6743395, 32.8845476 ], [ 129.677407099999982, 32.8842624 ], [ 129.6799643, 32.8796261 ], [ 129.679062099999982, 32.8746979 ], [ 129.677977299999981, 32.874019 ], [ 129.6772818, 32.8669023 ], [ 129.679408, 32.8659299 ], [ 129.681651499999987, 32.8629752 ], [ 129.6841771, 32.8583585 ], [ 129.685334399999988, 32.8523173 ], [ 129.690177399999982, 32.8487874 ], [ 129.6920285, 32.8466433 ], [ 129.6929352, 32.8433341 ], [ 129.697458899999987, 32.842618 ], [ 129.6983023, 32.8411619 ], [ 129.7007577, 32.8411659 ], [ 129.701077199999986, 32.8396183 ], [ 129.700111099999987, 32.8335718 ], [ 129.7028855, 32.831437 ], [ 129.7038703, 32.8334333 ], [ 129.7099551, 32.8329399 ], [ 129.7136783, 32.835308 ], [ 129.715804099999986, 32.8348752 ], [ 129.718381199999982, 32.8334299 ], [ 129.7188893, 32.830183 ], [ 129.718469, 32.8283696 ], [ 129.7196414, 32.8224465 ], [ 129.7229652, 32.8225554 ], [ 129.726508599999988, 32.8203089 ], [ 129.7272419, 32.8185227 ], [ 129.7295282, 32.8178027 ], [ 129.7317936, 32.8157278 ], [ 129.732612099999983, 32.8137716 ], [ 129.732325299999985, 32.8112304 ], [ 129.7337207, 32.807886599999989 ], [ 129.7369651, 32.8080166 ], [ 129.7393952, 32.8069346 ], [ 129.7411682, 32.8105711 ], [ 129.7418384, 32.8130587 ], [ 129.7437219, 32.8159904 ], [ 129.744622099999987, 32.8195746 ], [ 129.7460103, 32.8196511 ], [ 129.7459469, 32.8221251 ], [ 129.748044199999981, 32.8221625 ], [ 129.749663199999986, 32.821067 ], [ 129.752367599999985, 32.8204517 ], [ 129.7533178, 32.8194274 ], [ 129.75536409999998, 32.8198363 ], [ 129.7574294, 32.8189548 ], [ 129.7584848, 32.820626 ], [ 129.760189, 32.8198684 ], [ 129.7624467, 32.8234514 ], [ 129.7662134, 32.8217448 ], [ 129.763441699999987, 32.8173632 ], [ 129.7667648, 32.8159227 ], [ 129.7698172, 32.820743 ], [ 129.7747166, 32.81853 ], [ 129.7755018, 32.8170113 ], [ 129.7698035, 32.8079301 ], [ 129.7698696, 32.806843 ], [ 129.7680302, 32.8042343 ], [ 129.7662729, 32.8003446 ], [ 129.7677937, 32.7974217 ], [ 129.770057200000025, 32.7969221 ], [ 129.7745782, 32.7984092 ], [ 129.7773761, 32.7972922 ], [ 129.776728099999985, 32.7949468 ], [ 129.782317299999988, 32.7930439 ], [ 129.780700599999989, 32.7917551 ], [ 129.7830042, 32.7879698 ], [ 129.785366399999987, 32.7871996 ], [ 129.7897869, 32.7873404 ], [ 129.791009100000025, 32.7863726 ], [ 129.7894302, 32.7845671 ], [ 129.790926899999988, 32.7836689 ], [ 129.791165899999982, 32.779203 ], [ 129.7947007, 32.7783042 ], [ 129.795997199999988, 32.7794636 ], [ 129.80115, 32.7772893 ], [ 129.802488899999986, 32.7751578 ], [ 129.8001808, 32.7745854 ], [ 129.8015892, 32.7718641 ], [ 129.8006186, 32.7690242 ], [ 129.799531299999984, 32.7678967 ], [ 129.794365199999987, 32.7665535 ], [ 129.7965466, 32.7650575 ], [ 129.796241, 32.761406 ], [ 129.7971053, 32.7600399 ], [ 129.8003588, 32.760559199999989 ], [ 129.8008065, 32.7624954 ], [ 129.8030231, 32.7617099 ], [ 129.807392599999986, 32.7543326 ], [ 129.8082243, 32.7543238 ], [ 129.809280799999982, 32.7575244 ], [ 129.8073067, 32.7607114 ], [ 129.809327699999983, 32.7616266 ], [ 129.8113294, 32.7584944 ], [ 129.81369620000001, 32.7595459 ], [ 129.814920699999988, 32.7577849 ], [ 129.8148559, 32.7559774 ], [ 129.812988, 32.7532711 ], [ 129.811069299999986, 32.7523843 ], [ 129.809635499999985, 32.7505301 ], [ 129.805721399999982, 32.7477758 ], [ 129.8061136, 32.746552799999989 ], [ 129.8045088, 32.7441568 ], [ 129.806546699999984, 32.7440729 ], [ 129.8089042, 32.7423018 ], [ 129.8126086, 32.7416704 ], [ 129.8150909, 32.7382701 ], [ 129.8163513, 32.7412082 ], [ 129.8202872, 32.7439343 ], [ 129.820434, 32.7453492 ], [ 129.8234101, 32.7458796 ], [ 129.824272, 32.7472744 ], [ 129.8297561, 32.7439659 ], [ 129.8278743, 32.7424216 ], [ 129.8260362, 32.7398416 ], [ 129.82675949999998, 32.7384893 ], [ 129.829237399999982, 32.7391446 ], [ 129.831461599999983, 32.7375661 ], [ 129.8320602, 32.7353258 ], [ 129.8315696, 32.7328664 ], [ 129.8287939, 32.7311284 ], [ 129.82709730000002, 32.7324802 ], [ 129.8257348, 32.7318276 ], [ 129.8194504, 32.7231422 ], [ 129.820049600000033, 32.72035 ], [ 129.8228555, 32.7198471 ], [ 129.8244956, 32.7180284 ], [ 129.8274735, 32.7177221 ], [ 129.8303161, 32.7217695 ], [ 129.8293157, 32.7224817 ], [ 129.8333524, 32.7249662 ], [ 129.835559099999983, 32.72464 ], [ 129.8349526, 32.7203357 ], [ 129.837181, 32.7210159 ], [ 129.837089, 32.7243831 ], [ 129.8392469, 32.7262326 ], [ 129.8404577, 32.7256409 ], [ 129.8412401, 32.7227909 ], [ 129.845582, 32.7201349 ], [ 129.846894, 32.7227338 ], [ 129.8474635, 32.7263316 ], [ 129.8514495, 32.7281164 ], [ 129.853011399999986, 32.7297176 ], [ 129.854888800000026, 32.7299639 ], [ 129.8566075, 32.7314192 ], [ 129.857869599999987, 32.7344598 ], [ 129.855307399999987, 32.7352237 ], [ 129.8585989, 32.7372046 ], [ 129.8567133, 32.7410362 ], [ 129.858868, 32.7418568 ], [ 129.862504299999983, 32.7463533 ], [ 129.865323099999983, 32.7492246 ], [ 129.8704281, 32.7490037 ], [ 129.8705535, 32.7473923 ], [ 129.867477, 32.7473614 ], [ 129.8679794, 32.7453896 ], [ 129.8703772, 32.7454053 ], [ 129.8705234, 32.7430694 ], [ 129.867868, 32.7423484 ], [ 129.8685044, 32.7378507 ], [ 129.8660251, 32.7351314 ], [ 129.865012399999983, 32.732302 ], [ 129.8579562, 32.7267004 ], [ 129.859157, 32.721687 ], [ 129.8564357, 32.7225314 ], [ 129.8548013, 32.7212412 ], [ 129.8518248, 32.7207982 ], [ 129.8504935, 32.7173311 ], [ 129.849722600000035, 32.7116312 ], [ 129.8477998, 32.706 ], [ 129.8429267, 32.7056857 ], [ 129.8416355, 32.7021407 ], [ 129.8441666, 32.6996137 ], [ 129.847692699999982, 32.6994852 ], [ 129.8454281, 32.6966019 ], [ 129.840494399999983, 32.6959091 ], [ 129.8403621, 32.6977617 ], [ 129.837620099999981, 32.6979353 ], [ 129.8353037, 32.6998793 ], [ 129.834822699999989, 32.6977102 ], [ 129.8333121, 32.6974431 ], [ 129.8333873, 32.6940194 ], [ 129.8359141, 32.6921413 ], [ 129.8373216, 32.6891058 ], [ 129.8347071, 32.6896622 ], [ 129.8305064, 32.6881796 ], [ 129.828433599999983, 32.6879477 ], [ 129.820057, 32.6950737 ], [ 129.822993, 32.6949483 ], [ 129.8237828, 32.6961754 ], [ 129.82589980000003, 32.6956614 ], [ 129.828019399999988, 32.7012496 ], [ 129.8290637, 32.7071251 ], [ 129.826639199999988, 32.7080681 ], [ 129.8233933, 32.7071704 ], [ 129.8210799, 32.7056183 ], [ 129.817712400000033, 32.7062914 ], [ 129.8159186, 32.7015137 ], [ 129.8179982, 32.6997029 ], [ 129.8155366, 32.6991357 ], [ 129.8128063, 32.6975244 ], [ 129.8109594, 32.692953 ], [ 129.807269599999984, 32.692745 ], [ 129.804955399999983, 32.6907952 ], [ 129.801720499999988, 32.6916718 ], [ 129.8003573, 32.693504 ], [ 129.794222, 32.6932967 ], [ 129.7914235, 32.6920792 ], [ 129.7906122, 32.69022 ], [ 129.7943014, 32.6892511 ], [ 129.7941984, 32.6872846 ], [ 129.795314499999989, 32.6846086 ], [ 129.797703399999989, 32.6830091 ], [ 129.800339, 32.682872 ], [ 129.8033034, 32.6780256 ], [ 129.80742250000003, 32.6792638 ], [ 129.8061391, 32.6811219 ], [ 129.8105004, 32.6823427 ], [ 129.812907, 32.6836261 ], [ 129.812715699999984, 32.6851174 ], [ 129.8151231, 32.6872143 ], [ 129.8196586, 32.6855883 ], [ 129.81797, 32.680065 ], [ 129.8176656, 32.6762977 ], [ 129.816612900000024, 32.6725178 ], [ 129.817997599999984, 32.6678934 ], [ 129.816890799999982, 32.6543943 ], [ 129.814348099999989, 32.6535339 ], [ 129.8114788, 32.6561145 ], [ 129.809778599999987, 32.6558789 ], [ 129.8074828, 32.6528084 ], [ 129.807231699999988, 32.6508657 ], [ 129.8045876, 32.6494256 ], [ 129.803633599999984, 32.6443832 ], [ 129.8015107, 32.6402619 ], [ 129.799071699999985, 32.6399016 ], [ 129.798561299999989, 32.6376107 ], [ 129.7964692, 32.6362249 ], [ 129.7965184, 32.6338646 ], [ 129.793562, 32.6322402 ], [ 129.791861899999986, 32.6306138 ], [ 129.794001399999985, 32.6284898 ], [ 129.7901786, 32.6260641 ], [ 129.791329599999983, 32.6254019 ], [ 129.7917184, 32.6212703 ], [ 129.7906434, 32.6202616 ], [ 129.7905702, 32.614696699999989 ], [ 129.7846165, 32.6122935 ], [ 129.779890599999987, 32.611253 ], [ 129.7795758, 32.6092272 ], [ 129.7822176, 32.608697 ], [ 129.7824248, 32.6073014 ], [ 129.780122899999981, 32.6037811 ], [ 129.776170399999984, 32.602074 ], [ 129.774906, 32.6000029 ], [ 129.7725738, 32.5999554 ], [ 129.772034, 32.5987305 ], [ 129.767185899999987, 32.59489 ], [ 129.7611186, 32.5943763 ], [ 129.7575163, 32.5933807 ], [ 129.7559618, 32.5921358 ], [ 129.7577326, 32.5909871 ], [ 129.7573956, 32.5875911 ], [ 129.7556682, 32.5843269 ], [ 129.754314699999981, 32.5833054 ], [ 129.7515243, 32.5846721 ], [ 129.7549544, 32.5879363 ], [ 129.7549205, 32.5903813 ], [ 129.7512111, 32.5923761 ], [ 129.7494884, 32.5919419 ], [ 129.745795, 32.5865926 ], [ 129.7436109, 32.5855931 ], [ 129.742268199999984, 32.5834074 ], [ 129.7395205, 32.5833689 ], [ 129.738727499999982, 32.5821863 ], [ 129.7356681, 32.5806311 ], [ 129.737562699999984, 32.5776805 ], [ 129.7373234, 32.5745519 ], [ 129.7389234, 32.5726634 ], [ 129.738367499999981, 32.5700167 ], [ 129.741202, 32.5696491 ], [ 129.7417102, 32.5712317 ], [ 129.744675299999983, 32.5743076 ], [ 129.746898, 32.5749129 ], [ 129.7490148, 32.5744104 ], [ 129.752601299999981, 32.5746119 ], [ 129.7530931, 32.5785813 ], [ 129.7555777, 32.5808211 ], [ 129.7579341, 32.5809504 ], [ 129.763596799999988, 32.5830237 ], [ 129.7682734, 32.582965 ], [ 129.773893099999981, 32.5806852 ], [ 129.7782159, 32.5772866 ], [ 129.779490399999986, 32.575446 ], [ 129.778870899999987, 32.5734939 ], [ 129.7821161, 32.5744464 ], [ 129.784052799999984, 32.5779737 ], [ 129.780815600000011, 32.5771821 ], [ 129.7796616, 32.5776466 ], [ 129.7791949, 32.5820479 ], [ 129.78158, 32.583506299999989 ], [ 129.784542499999986, 32.5826213 ], [ 129.7909596, 32.5857717 ], [ 129.794916299999983, 32.5865112 ], [ 129.796830199999988, 32.5879337 ], [ 129.804509599999989, 32.5906994 ], [ 129.8056599, 32.5923957 ], [ 129.8095141, 32.5943484 ], [ 129.811050199999983, 32.5979972 ], [ 129.812476299999986, 32.5997861 ], [ 129.8140444, 32.6003436 ], [ 129.8162798, 32.6025431 ], [ 129.8178426, 32.6026836 ], [ 129.8227527, 32.6066039 ], [ 129.823834799999986, 32.6094988 ], [ 129.83031, 32.6129351 ], [ 129.832264399999985, 32.6155769 ], [ 129.8327674, 32.6185209 ], [ 129.8378219, 32.6209625 ], [ 129.837506599999983, 32.6225679 ], [ 129.8357638, 32.6235895 ], [ 129.8353036, 32.6266996 ], [ 129.836712299999988, 32.6292884 ], [ 129.834969299999983, 32.6320559 ], [ 129.8370677, 32.6355634 ], [ 129.839278299999989, 32.6370024 ], [ 129.837666499999983, 32.6380189 ], [ 129.837589399999985, 32.6400464 ], [ 129.8392714, 32.641686 ], [ 129.8413042, 32.6416168 ], [ 129.846329, 32.6379296 ], [ 129.8504742, 32.6394692 ], [ 129.8524228, 32.6386965 ], [ 129.853151, 32.6402662 ], [ 129.8565719, 32.6410786 ], [ 129.8574571, 32.6430299 ], [ 129.861736899999983, 32.642959 ], [ 129.862736399999989, 32.645209699999988 ], [ 129.865822899999984, 32.6436154 ], [ 129.8678568, 32.6445019 ], [ 129.8687578, 32.6465263 ], [ 129.8719983, 32.6459126 ], [ 129.872024399999987, 32.6505873 ], [ 129.8735709, 32.6517731 ], [ 129.8764225, 32.6517949 ], [ 129.8783215, 32.653718 ], [ 129.8800278, 32.6529463 ], [ 129.883691299999981, 32.6524267 ], [ 129.8847405, 32.6544301 ], [ 129.886845199999982, 32.6561257 ], [ 129.890892, 32.6582392 ], [ 129.892032799999981, 32.6603933 ], [ 129.896062199999989, 32.6627152 ], [ 129.895123899999987, 32.6639096 ], [ 129.89540359999998, 32.6668824 ], [ 129.8969213, 32.6689451 ], [ 129.900482899999986, 32.6714712 ], [ 129.9015262, 32.6737956 ], [ 129.9020318, 32.6768658 ], [ 129.901084, 32.6780446 ], [ 129.901876900000019, 32.6797847 ], [ 129.905789699999985, 32.6829037 ], [ 129.9064458, 32.6844369 ], [ 129.9103254, 32.6869211 ], [ 129.910449799999981, 32.688766 ], [ 129.9118738, 32.6896947 ], [ 129.9141692, 32.6933348 ], [ 129.9140678, 32.6962944 ], [ 129.915747899999985, 32.6989514 ], [ 129.9140994, 32.7032785 ], [ 129.9114801, 32.7027581 ], [ 129.9112212, 32.7062023 ], [ 129.9123428, 32.7067654 ], [ 129.913051199999984, 32.7123531 ], [ 129.9152595, 32.711613299999989 ], [ 129.916087, 32.7093769 ], [ 129.920428, 32.7079177 ], [ 129.921818699999989, 32.7062176 ], [ 129.923363599999988, 32.7081118 ], [ 129.9255784, 32.7081584 ], [ 129.926156, 32.7141083 ], [ 129.9273897, 32.714714 ], [ 129.926382099999984, 32.7170576 ], [ 129.928419099999985, 32.7180742 ], [ 129.9281245, 32.7208415 ], [ 129.9292385, 32.722892099999989 ], [ 129.9319698, 32.7227624 ], [ 129.9317249, 32.7214311 ], [ 129.933503299999984, 32.7171933 ], [ 129.9356837, 32.7202461 ], [ 129.9374994, 32.7212329 ], [ 129.9390843, 32.7238257 ], [ 129.9430623, 32.7259827 ], [ 129.9415601, 32.7285649 ], [ 129.939346299999983, 32.7291217 ], [ 129.940630699999986, 32.7318587 ], [ 129.9457605, 32.7359741 ], [ 129.9535289, 32.7370701 ], [ 129.9536915, 32.7396204 ], [ 129.956552599999981, 32.7415072 ], [ 129.956561, 32.7431949 ], [ 129.954921399999989, 32.7451467 ], [ 129.9532338, 32.7488281 ], [ 129.948542, 32.7529637 ], [ 129.9469426, 32.7552815 ], [ 129.947269399999982, 32.7588976 ], [ 129.9494578, 32.7605067 ], [ 129.951415199999985, 32.7609209 ], [ 129.95586, 32.7630892 ], [ 129.955255099999988, 32.7641455 ], [ 129.9583376, 32.7651635 ], [ 129.962156099999987, 32.7646905 ], [ 129.965912, 32.7651311 ], [ 129.9670003, 32.7631218 ], [ 129.9704319, 32.7635531 ], [ 129.9743823, 32.7622476 ], [ 129.9785226, 32.7621445 ], [ 129.9786631, 32.7634741 ], [ 129.9816816, 32.762858 ], [ 129.982213400000035, 32.7612792 ], [ 129.9877209, 32.7591055 ], [ 129.9908658, 32.7630325 ], [ 129.989405299999987, 32.7640872 ], [ 129.98992, 32.7670383 ], [ 129.987093099999981, 32.7716019 ], [ 129.988666099999989, 32.7730825 ], [ 129.988318599999985, 32.7747047 ], [ 129.9925275, 32.7790275 ], [ 129.9935403, 32.7819472 ], [ 129.990825799999982, 32.7840644 ], [ 129.9895272, 32.7874883 ], [ 129.9894764, 32.7946628 ], [ 129.9887728, 32.7968653 ], [ 129.98909, 32.7993542 ], [ 129.9914575, 32.8010428 ], [ 129.993103099999985, 32.8036014 ], [ 129.9925431, 32.8066139 ], [ 129.986352499999981, 32.8067886 ], [ 129.9853683, 32.8082561 ], [ 129.982641699999988, 32.8092669 ], [ 129.9803186, 32.8110925 ], [ 129.9794119, 32.8151647 ], [ 129.9779958, 32.8174583 ], [ 129.9753036, 32.8182719 ], [ 129.9742903, 32.8166353 ], [ 129.969331399999987, 32.812535 ], [ 129.961725299999983, 32.8104161 ], [ 129.9599733, 32.8104633 ], [ 129.9594864, 32.8123975 ], [ 129.957281099999989, 32.8117547 ], [ 129.9552153, 32.81629 ], [ 129.951582799999983, 32.8173778 ], [ 129.95034, 32.8194114 ], [ 129.947116099999988, 32.8188911 ], [ 129.9451967, 32.8193022 ], [ 129.938871899999981, 32.8165353 ], [ 129.934517199999988, 32.8161475 ], [ 129.9325025, 32.8173153 ], [ 129.9311367, 32.8200253 ], [ 129.924170299999986, 32.8208711 ], [ 129.9216997, 32.8188189 ], [ 129.9174797, 32.8136919 ], [ 129.9119722, 32.8109631 ], [ 129.910584199999988, 32.8116392 ], [ 129.908938300000017, 32.8104378 ], [ 129.903660300000013, 32.8093406 ], [ 129.8993058, 32.8103717 ], [ 129.8966639, 32.8103572 ], [ 129.8939517, 32.8116936 ], [ 129.891196899999983, 32.8099286 ], [ 129.890492199999983, 32.8083497 ], [ 129.888130599999982, 32.8078164 ], [ 129.887503899999984, 32.8064131 ], [ 129.8846192, 32.8057222 ], [ 129.88374109999998, 32.8039644 ], [ 129.8820978, 32.8049292 ], [ 129.8819681, 32.8072569 ], [ 129.880666099999985, 32.8081011 ], [ 129.87732, 32.8059514 ], [ 129.8750628, 32.806715 ], [ 129.872933099999983, 32.8044994 ], [ 129.8699006, 32.8027 ], [ 129.8702542, 32.7996731 ], [ 129.8692436, 32.7970769 ], [ 129.8665897, 32.7975383 ], [ 129.86731469999998, 32.8023322 ], [ 129.8701292, 32.8057144 ], [ 129.86952, 32.8076958 ], [ 129.8667656, 32.8084761 ], [ 129.8641472, 32.8012606 ], [ 129.862193599999983, 32.800325 ], [ 129.8608444, 32.7983842 ], [ 129.858115, 32.7992325 ], [ 129.8561358, 32.8018239 ], [ 129.854660599999988, 32.802125599999989 ], [ 129.851055, 32.8052742 ], [ 129.8518306, 32.8073808 ], [ 129.8495644, 32.8074722 ] ] ], [ [ [ 129.7975587, 32.8786407 ], [ 129.800822, 32.8770314 ], [ 129.8024084, 32.8787471 ], [ 129.796536299999985, 32.8806067 ], [ 129.7975587, 32.8786407 ] ] ], [ [ [ 129.808384500000017, 32.9165504 ], [ 129.8067139, 32.9162813 ], [ 129.804886399999987, 32.9167856 ], [ 129.802684, 32.9163387 ], [ 129.801156599999985, 32.9171219 ], [ 129.7999701, 32.9148382 ], [ 129.802564, 32.9150557 ], [ 129.803541599999988, 32.9127401 ], [ 129.807083399999982, 32.9129306 ], [ 129.808384500000017, 32.9165504 ] ] ] ] } }
]
}
