{
"type": "FeatureCollection",
"name": "okinawa",
"crs": { "type": "name", "properties": { "name": "urn:ogc:def:crs:OGC:1.3:CRS84" } },
"features": [
{ "type": "Feature", "properties": { "hokenjo": "宮古" }, "geometry": { "type": "MultiPolygon", "coordinates": [ [ [ [ 124.71133420000001, 24.67398 ], [ 124.7094972, 24.6742697 ], [ 124.7107944, 24.67735 ], [ 124.708575, 24.6747756 ], [ 124.7064878, 24.6756794 ], [ 124.6969011, 24.6770022 ], [ 124.6944892, 24.6765811 ], [ 124.688563299999984, 24.6746231 ], [ 124.6860222, 24.67445 ], [ 124.6825158, 24.6732708 ], [ 124.680399, 24.6712868 ], [ 124.676909400000014, 24.6689972 ], [ 124.6728975, 24.6652111 ], [ 124.6714839, 24.662085 ], [ 124.6708125, 24.6560536 ], [ 124.6729639, 24.6480069 ], [ 124.6753914, 24.6433006 ], [ 124.6773236, 24.6416925 ], [ 124.6805167, 24.6405411 ], [ 124.690272799999988, 24.63917 ], [ 124.692914699999989, 24.6381006 ], [ 124.7081803, 24.6381439 ], [ 124.7155292, 24.6417944 ], [ 124.7176122, 24.6438936 ], [ 124.7204439, 24.6456336 ], [ 124.726016899999976, 24.6504706 ], [ 124.7278933, 24.6537689 ], [ 124.7283628, 24.6573072 ], [ 124.7282537, 24.6603483 ], [ 124.7265167, 24.6667761 ], [ 124.720025299999989, 24.6713283 ], [ 124.71133420000001, 24.67398 ] ] ], [ [ [ 125.249641399999987, 24.7284899 ], [ 125.246288600000014, 24.7305416 ], [ 125.241891099999989, 24.7316522 ], [ 125.240738099999987, 24.7311844 ], [ 125.2406429, 24.7290158 ], [ 125.2386653, 24.7218108 ], [ 125.239295, 24.7184436 ], [ 125.242395800000011, 24.7152408 ], [ 125.2460832, 24.7135396 ], [ 125.2502733, 24.7131511 ], [ 125.256740599999986, 24.7155731 ], [ 125.2571844, 24.7177707 ], [ 125.2583333, 24.7193668 ], [ 125.2557047, 24.7240058 ], [ 125.252035600000013, 24.7275611 ], [ 125.249641399999987, 24.7284899 ] ] ], [ [ [ 124.7010766, 24.7545344 ], [ 124.699550699999989, 24.7567889 ], [ 124.6950015, 24.7619229 ], [ 124.6939716, 24.7621927 ], [ 124.6886092, 24.7614902 ], [ 124.6830728, 24.7589892 ], [ 124.6837629, 24.757044 ], [ 124.6867849, 24.7547695 ], [ 124.6922032, 24.7515739 ], [ 124.6950704, 24.7492656 ], [ 124.6972388, 24.7486363 ], [ 124.7034692, 24.7452316 ], [ 124.705944699999975, 24.7447074 ], [ 124.7064164, 24.7463187 ], [ 124.7046818, 24.7507052 ], [ 124.704065, 24.7543254 ], [ 124.7010766, 24.7545344 ] ] ], [ [ [ 125.261492, 24.8012947 ], [ 125.263036199999988, 24.8027653 ], [ 125.266037499999982, 24.8040548 ], [ 125.265081200000012, 24.8042023 ], [ 125.260468199999977, 24.8025354 ], [ 125.2565571, 24.8035218 ], [ 125.2575091, 24.8011064 ], [ 125.257469199999989, 24.7977027 ], [ 125.259008099999988, 24.7957771 ], [ 125.261447, 24.7990422 ], [ 125.261492, 24.8012947 ] ] ], [ [ [ 125.271174699999989, 24.9084153 ], [ 125.2692989, 24.9123036 ], [ 125.2670006, 24.9148047 ], [ 125.269711699999988, 24.9102381 ], [ 125.270727499999978, 24.9063244 ], [ 125.270357499999989, 24.9046797 ], [ 125.2686842, 24.9030833 ], [ 125.264555300000012, 24.9025814 ], [ 125.2623542, 24.9043819 ], [ 125.259381100000013, 24.9085325 ], [ 125.2572293, 24.907795 ], [ 125.260715299999987, 24.9057359 ], [ 125.2625928, 24.9014558 ], [ 125.2646119, 24.8989278 ], [ 125.2685639, 24.8954592 ], [ 125.2716514, 24.8922142 ], [ 125.2717661, 24.8892203 ], [ 125.2705731, 24.8874236 ], [ 125.2710614, 24.8854436 ], [ 125.272514199999975, 24.8831872 ], [ 125.2727214, 24.8806486 ], [ 125.2751156, 24.8801461 ], [ 125.2760508, 24.8775386 ], [ 125.2788219, 24.8756081 ], [ 125.27788, 24.8731267 ], [ 125.2799231, 24.8703736 ], [ 125.2809436, 24.8704586 ], [ 125.2824319, 24.8676039 ], [ 125.2835756, 24.8667128 ], [ 125.2847192, 24.8639036 ], [ 125.2844078, 24.8617797 ], [ 125.2856342, 24.8585336 ], [ 125.2895031, 24.8576949 ], [ 125.2905975, 24.8552453 ], [ 125.292545800000013, 24.8530531 ], [ 125.292538599999986, 24.8520303 ], [ 125.295304699999988, 24.8495344 ], [ 125.29645690000001, 24.8454844 ], [ 125.294055, 24.8422911 ], [ 125.296025199999988, 24.8383867 ], [ 125.293488, 24.8386035 ], [ 125.2910119, 24.8380337 ], [ 125.2895062, 24.841158 ], [ 125.2878483, 24.8432123 ], [ 125.2857506, 24.8414873 ], [ 125.2866576, 24.8402306 ], [ 125.2846456, 24.8394031 ], [ 125.2838018, 24.8413693 ], [ 125.2819164, 24.8414404 ], [ 125.2808214, 24.8398903 ], [ 125.2782354, 24.8383817 ], [ 125.277138600000015, 24.8368347 ], [ 125.27680239999998, 24.833369 ], [ 125.2799592, 24.8274431 ], [ 125.280546, 24.8241489 ], [ 125.278136899999978, 24.8224795 ], [ 125.279951, 24.8196045 ], [ 125.2799145, 24.8161641 ], [ 125.2813, 24.8159793 ], [ 125.2807195, 24.8133048 ], [ 125.2782945, 24.813463 ], [ 125.2768471, 24.8119959 ], [ 125.279162099999979, 24.8100929 ], [ 125.2784568, 24.8087136 ], [ 125.2763155, 24.8104916 ], [ 125.274390399999987, 24.8097998 ], [ 125.27271180000001, 24.8081414 ], [ 125.2750814, 24.8066339 ], [ 125.2716753, 24.8031198 ], [ 125.267699, 24.8017074 ], [ 125.2664252, 24.7990357 ], [ 125.261744600000014, 24.7987331 ], [ 125.2589073, 24.7955178 ], [ 125.256099400000011, 24.7944069 ], [ 125.2566739, 24.7924328 ], [ 125.2566631, 24.7885614 ], [ 125.2595063, 24.7839509 ], [ 125.2619869, 24.7825263 ], [ 125.2631491, 24.7841723 ], [ 125.266261199999988, 24.7825433 ], [ 125.267542, 24.7835816 ], [ 125.269255199999989, 24.7823703 ], [ 125.2707942, 24.7797413 ], [ 125.273180400000015, 24.7785391 ], [ 125.2744998, 24.7757549 ], [ 125.276992899999982, 24.773144 ], [ 125.279546599999989, 24.7677932 ], [ 125.2818147, 24.7652741 ], [ 125.2829968, 24.7606681 ], [ 125.2830808, 24.7565836 ], [ 125.2820125, 24.7563015 ], [ 125.2842614, 24.7534242 ], [ 125.284106400000013, 24.7514644 ], [ 125.2813161, 24.7502689 ], [ 125.277461699999989, 24.7495342 ], [ 125.2762669, 24.7518161 ], [ 125.2724299, 24.7540281 ], [ 125.2679328, 24.7508908 ], [ 125.2639483, 24.7558319 ], [ 125.260495299999988, 24.7592444 ], [ 125.2604522, 24.7617886 ], [ 125.2623547, 24.7638533 ], [ 125.2625133, 24.7679667 ], [ 125.2608261, 24.7681136 ], [ 125.2597047, 24.7632944 ], [ 125.256695599999986, 24.761175 ], [ 125.256715, 24.7594419 ], [ 125.2539475, 24.7566156 ], [ 125.25260080000001, 24.7565592 ], [ 125.253604700000011, 24.7532706 ], [ 125.258110800000011, 24.7471333 ], [ 125.259881899999982, 24.7427617 ], [ 125.260789699999989, 24.7387967 ], [ 125.2608333, 24.7357219 ], [ 125.261876699999988, 24.7349153 ], [ 125.2666833, 24.7338797 ], [ 125.2682289, 24.7331558 ], [ 125.2711861, 24.7294556 ], [ 125.273025600000011, 24.7282542 ], [ 125.2764953, 24.7277072 ], [ 125.2788664, 24.7261601 ], [ 125.2806439, 24.7261844 ], [ 125.2864311, 24.7239743 ], [ 125.288971699999976, 24.7233306 ], [ 125.2893556, 24.7224211 ], [ 125.2924114, 24.7197617 ], [ 125.295566099999988, 24.7189153 ], [ 125.296101499999978, 24.7220698 ], [ 125.297367200000011, 24.7236975 ], [ 125.294725, 24.7284075 ], [ 125.2938669, 24.7310475 ], [ 125.2944594, 24.7340933 ], [ 125.2984228, 24.732785 ], [ 125.2976078, 24.7318822 ], [ 125.2987378, 24.72847 ], [ 125.298453599999988, 24.7258244 ], [ 125.2963611, 24.7208322 ], [ 125.29791059999998, 24.7183447 ], [ 125.3001039, 24.7164046 ], [ 125.305724699999985, 24.7126458 ], [ 125.3088847, 24.7115724 ], [ 125.311348900000013, 24.7125981 ], [ 125.3141858, 24.7123389 ], [ 125.317399200000011, 24.7130639 ], [ 125.3222644, 24.7187461 ], [ 125.325533100000015, 24.7186942 ], [ 125.3281103, 24.7196111 ], [ 125.3332222, 24.7188722 ], [ 125.338204199999979, 24.7187456 ], [ 125.339957499999983, 24.7174789 ], [ 125.3411672, 24.7189333 ], [ 125.3435753, 24.7202322 ], [ 125.34639030000001, 24.7195217 ], [ 125.351365300000012, 24.7220081 ], [ 125.3529806, 24.721595 ], [ 125.360304199999987, 24.7249811 ], [ 125.361675399999982, 24.7245328 ], [ 125.3633769, 24.7260378 ], [ 125.3679392, 24.7270167 ], [ 125.3688603, 24.7286478 ], [ 125.3710086, 24.7293472 ], [ 125.372681700000015, 24.7287328 ], [ 125.3774242, 24.7252114 ], [ 125.378356700000012, 24.72554 ], [ 125.3834897, 24.7251606 ], [ 125.3863969, 24.7277267 ], [ 125.3925697, 24.7289789 ], [ 125.3980692, 24.7289508 ], [ 125.3993964, 24.7295881 ], [ 125.402464200000011, 24.7293681 ], [ 125.4031678, 24.7284658 ], [ 125.40697, 24.7298253 ], [ 125.409075, 24.7284997 ], [ 125.411630300000013, 24.7289736 ], [ 125.418606399999987, 24.7282058 ], [ 125.419695299999987, 24.7272858 ], [ 125.4232919, 24.7273767 ], [ 125.424585, 24.7262064 ], [ 125.4324936, 24.7297014 ], [ 125.4369153, 24.7281183 ], [ 125.43895, 24.7294419 ], [ 125.4424217, 24.7283886 ], [ 125.4452992, 24.7253819 ], [ 125.4496717, 24.72562 ], [ 125.4497706, 24.7285172 ], [ 125.4508817, 24.7299667 ], [ 125.4534247, 24.7306717 ], [ 125.4552394, 24.7303106 ], [ 125.457684199999974, 24.72766 ], [ 125.4583011, 24.7262614 ], [ 125.4624614, 24.7224147 ], [ 125.466220600000014, 24.7193806 ], [ 125.4684739, 24.7185853 ], [ 125.4693069, 24.7193356 ], [ 125.4642307, 24.724027 ], [ 125.461875, 24.7246144 ], [ 125.4581283, 24.7295944 ], [ 125.4547208, 24.7326906 ], [ 125.4543228, 24.7351661 ], [ 125.44892, 24.7406661 ], [ 125.4465284, 24.7426276 ], [ 125.445458300000013, 24.7450397 ], [ 125.4431408, 24.74652 ], [ 125.4421964, 24.7510036 ], [ 125.4408639, 24.7547556 ], [ 125.437011700000014, 24.7576817 ], [ 125.433310600000013, 24.7610106 ], [ 125.4313928, 24.76116 ], [ 125.4291792, 24.7600731 ], [ 125.426007199999987, 24.7600247 ], [ 125.418845299999987, 24.76291 ], [ 125.4179131, 24.7644547 ], [ 125.415090799999987, 24.7635997 ], [ 125.412192800000014, 24.7635953 ], [ 125.4076042, 24.7667808 ], [ 125.4060567, 24.7671136 ], [ 125.4026422, 24.7661783 ], [ 125.398863299999988, 24.7685558 ], [ 125.3970878, 24.7708603 ], [ 125.392976699999977, 24.7729322 ], [ 125.390845599999977, 24.7755944 ], [ 125.3906231, 24.7779264 ], [ 125.389084699999984, 24.7832286 ], [ 125.386362800000015, 24.7856222 ], [ 125.3828397, 24.7877803 ], [ 125.3812563, 24.7877748 ], [ 125.3778431, 24.7894183 ], [ 125.3758417, 24.7898528 ], [ 125.369609199999985, 24.7924439 ], [ 125.3643956, 24.7891103 ], [ 125.357835600000016, 24.7886644 ], [ 125.3550186, 24.7889689 ], [ 125.3524306, 24.7901194 ], [ 125.3498667, 24.7938422 ], [ 125.347358899999975, 24.7955739 ], [ 125.3441964, 24.7959161 ], [ 125.339122800000013, 24.7976869 ], [ 125.337471, 24.7975995 ], [ 125.3352037, 24.798919 ], [ 125.336776399999977, 24.7999299 ], [ 125.3353605, 24.802636 ], [ 125.333323299999989, 24.8023593 ], [ 125.3316314, 24.8050497 ], [ 125.330896400000015, 24.8105892 ], [ 125.331217199999983, 24.8160658 ], [ 125.3319511, 24.8179267 ], [ 125.3343307, 24.8193679 ], [ 125.3355281, 24.8208545 ], [ 125.3324156, 24.8243297 ], [ 125.3282336, 24.8265972 ], [ 125.3261022, 24.8283794 ], [ 125.3250708, 24.8305564 ], [ 125.32268, 24.8303536 ], [ 125.3204069, 24.8319444 ], [ 125.3181461, 24.8325817 ], [ 125.3165153, 24.8346122 ], [ 125.3131961, 24.8369642 ], [ 125.3131714, 24.8386792 ], [ 125.3120525, 24.840845 ], [ 125.3098644, 24.8421819 ], [ 125.3093389, 24.84573 ], [ 125.3078244, 24.8483358 ], [ 125.3063164, 24.8489956 ], [ 125.305290299999982, 24.8533561 ], [ 125.3053208, 24.8558494 ], [ 125.3062853, 24.8604633 ], [ 125.3046222, 24.8656078 ], [ 125.3031325, 24.8671531 ], [ 125.301191399999979, 24.8711692 ], [ 125.2994422, 24.8736681 ], [ 125.298496700000015, 24.8772386 ], [ 125.2964488, 24.8780582 ], [ 125.2957211, 24.8770353 ], [ 125.2937625, 24.8776494 ], [ 125.2913481, 24.8794836 ], [ 125.2885883, 24.8803222 ], [ 125.2850153, 24.8828675 ], [ 125.283488600000013, 24.8863083 ], [ 125.2833958, 24.8886775 ], [ 125.2825428, 24.8900256 ], [ 125.282950799999981, 24.8919381 ], [ 125.282091400000013, 24.8935453 ], [ 125.278333300000014, 24.8963206 ], [ 125.277127799999988, 24.8982667 ], [ 125.2755761, 24.8990731 ], [ 125.272196699999981, 24.902055 ], [ 125.271152500000014, 24.9062222 ], [ 125.271174699999989, 24.9084153 ] ] ], [ [ [ 125.1454225, 24.8350688 ], [ 125.143725, 24.8412782 ], [ 125.141692699999979, 24.8425678 ], [ 125.1398097, 24.8422287 ], [ 125.1389394, 24.8391608 ], [ 125.1399598, 24.8371399 ], [ 125.137453099999973, 24.8363869 ], [ 125.135357200000016, 24.8349107 ], [ 125.1362893, 24.8319796 ], [ 125.1367325, 24.8281038 ], [ 125.1354166, 24.8249386 ], [ 125.1363043, 24.8217228 ], [ 125.137758099999985, 24.8233368 ], [ 125.1397976, 24.8223331 ], [ 125.1395148, 24.8195192 ], [ 125.138246, 24.8168132 ], [ 125.1393478, 24.8150484 ], [ 125.142830600000011, 24.8145781 ], [ 125.1453243, 24.8132814 ], [ 125.143662, 24.8117357 ], [ 125.1449168, 24.8092617 ], [ 125.1471783, 24.8065376 ], [ 125.1486796, 24.8065981 ], [ 125.1526122, 24.8052181 ], [ 125.1549584, 24.8053726 ], [ 125.157253699999984, 24.8046799 ], [ 125.1587713, 24.8033751 ], [ 125.1618152, 24.8024988 ], [ 125.1669623, 24.8033435 ], [ 125.1684939, 24.8030283 ], [ 125.171460700000011, 24.8045355 ], [ 125.1744665, 24.8072479 ], [ 125.1752234, 24.8106884 ], [ 125.1767932, 24.8113563 ], [ 125.1754776, 24.8139634 ], [ 125.1687819, 24.8184706 ], [ 125.168235400000015, 24.8209867 ], [ 125.1658892, 24.8220063 ], [ 125.164965200000012, 24.8242481 ], [ 125.1623116, 24.8266491 ], [ 125.1606314, 24.8293949 ], [ 125.158700799999977, 24.8298162 ], [ 125.1579361, 24.8323175 ], [ 125.1562267, 24.832946 ], [ 125.154561299999983, 24.8315536 ], [ 125.1478134, 24.8324228 ], [ 125.1454225, 24.8350688 ] ] ], [ [ [ 125.171851099999984, 24.8632509 ], [ 125.1648211, 24.8652805 ], [ 125.1632744, 24.8654166 ], [ 125.1601821, 24.8620326 ], [ 125.1589311, 24.8616977 ], [ 125.15806259999998, 24.85905 ], [ 125.156634, 24.8567096 ], [ 125.1573017, 24.8558535 ], [ 125.1577695, 24.8519838 ], [ 125.1592826, 24.8476673 ], [ 125.1585354, 24.8442299 ], [ 125.159848899999986, 24.8399387 ], [ 125.1582524, 24.8385202 ], [ 125.15534, 24.8371879 ], [ 125.155934, 24.8349763 ], [ 125.1582429, 24.8339857 ], [ 125.159019399999977, 24.8307717 ], [ 125.1618193, 24.8294699 ], [ 125.1631066, 24.8263475 ], [ 125.1646151, 24.8261045 ], [ 125.1645452, 24.824802 ], [ 125.1657289, 24.8239132 ], [ 125.166231099999976, 24.8224769 ], [ 125.1694989, 24.821034 ], [ 125.171979099999987, 24.8169559 ], [ 125.1761164, 24.8146404 ], [ 125.177503500000014, 24.8118178 ], [ 125.182392100000015, 24.8118796 ], [ 125.1841462, 24.8114332 ], [ 125.1874771, 24.8089058 ], [ 125.1913054, 24.8079582 ], [ 125.195289, 24.8060581 ], [ 125.1990128, 24.8054439 ], [ 125.2011747, 24.803185 ], [ 125.2018492, 24.8054674 ], [ 125.2054027, 24.803967 ], [ 125.20791, 24.8049351 ], [ 125.216201399999974, 24.8067291 ], [ 125.2187903, 24.8089327 ], [ 125.2213276, 24.8138134 ], [ 125.2206127, 24.8172752 ], [ 125.221320699999978, 24.8205886 ], [ 125.220491, 24.8248592 ], [ 125.2183635, 24.8293378 ], [ 125.216999300000012, 24.8307907 ], [ 125.2153826, 24.8344529 ], [ 125.214692899999989, 24.8379414 ], [ 125.213154499999987, 24.8391943 ], [ 125.212180099999983, 24.8437822 ], [ 125.209083, 24.8470831 ], [ 125.205800900000014, 24.8471348 ], [ 125.2013556, 24.8505605 ], [ 125.1996481, 24.8507276 ], [ 125.1889763, 24.8545991 ], [ 125.185225800000012, 24.857288 ], [ 125.181197, 24.8596737 ], [ 125.178886299999988, 24.8615713 ], [ 125.1747347, 24.8617029 ], [ 125.171851099999984, 24.8632509 ] ] ], [ [ [ 125.309152, 24.9136146 ], [ 125.3108484, 24.9152576 ], [ 125.309756299999989, 24.9175408 ], [ 125.3068646, 24.9199251 ], [ 125.305066400000015, 24.9158683 ], [ 125.306779599999984, 24.9136259 ], [ 125.309152, 24.9136146 ] ] ], [ [ [ 125.2521239, 24.9320778 ], [ 125.249371900000014, 24.9347628 ], [ 125.2444422, 24.9383489 ], [ 125.2399078, 24.93827 ], [ 125.2389142, 24.9389589 ], [ 125.23623, 24.9374528 ], [ 125.233069699999973, 24.9364769 ], [ 125.2313317, 24.9353717 ], [ 125.2317747, 24.9330572 ], [ 125.2330142, 24.9319817 ], [ 125.233005600000013, 24.9297411 ], [ 125.235070099999987, 24.9276003 ], [ 125.2377467, 24.9266408 ], [ 125.241453, 24.9246464 ], [ 125.2426885, 24.9223601 ], [ 125.2450853, 24.9227175 ], [ 125.2473017, 24.9208201 ], [ 125.249295799999985, 24.9236814 ], [ 125.2468017, 24.9250553 ], [ 125.246984699999985, 24.9263819 ], [ 125.2502464, 24.9258894 ], [ 125.2510206, 24.9244832 ], [ 125.2559531, 24.9247325 ], [ 125.254769700000011, 24.9273875 ], [ 125.252747500000012, 24.9302067 ], [ 125.2521239, 24.9320778 ] ] ] ] } },
{ "type": "Feature", "properties": { "hokenjo": "中部" }, "geometry": { "type": "MultiPolygon", "coordinates": [ [ [ [ 127.81692169999998, 26.2834294 ], [ 127.81597, 26.2885297 ], [ 127.8144181, 26.2900843 ], [ 127.812378699999982, 26.2912438 ], [ 127.810486900000015, 26.2937919 ], [ 127.8132132, 26.2948196 ], [ 127.812937299999987, 26.2975311 ], [ 127.8112498, 26.2985061 ], [ 127.812782399999989, 26.3010528 ], [ 127.81409570000001, 26.3015801 ], [ 127.8162318, 26.3051509 ], [ 127.8201712, 26.304825 ], [ 127.822691099999986, 26.3030467 ], [ 127.827326, 26.3032017 ], [ 127.8287337, 26.3041305 ], [ 127.8279713, 26.3058847 ], [ 127.828763900000013, 26.307683 ], [ 127.8285018, 26.310736 ], [ 127.831096699999975, 26.3093784 ], [ 127.833575399999987, 26.3044694 ], [ 127.837329899999986, 26.3004014 ], [ 127.840332800000013, 26.3014644 ], [ 127.8431478, 26.3016133 ], [ 127.8463062, 26.3007472 ], [ 127.847055399999988, 26.3020282 ], [ 127.846708799999973, 26.3039667 ], [ 127.8442648, 26.3039767 ], [ 127.844087099999982, 26.3052804 ], [ 127.8416097, 26.3075632 ], [ 127.836086099999974, 26.3073349 ], [ 127.833446599999988, 26.3053926 ], [ 127.831161799999975, 26.3094331 ], [ 127.8285361, 26.3108067 ], [ 127.829266, 26.3131754 ], [ 127.8337099, 26.3129162 ], [ 127.8369682, 26.3147332 ], [ 127.8390561, 26.3141804 ], [ 127.847498, 26.3143898 ], [ 127.8478909, 26.3170878 ], [ 127.8464911, 26.3197428 ], [ 127.8420944, 26.3200408 ], [ 127.8400221, 26.3210505 ], [ 127.8401959, 26.3221019 ], [ 127.837173599999986, 26.3232884 ], [ 127.8348222, 26.3227777 ], [ 127.8359685, 26.3253752 ], [ 127.8346964, 26.3259489 ], [ 127.8360201, 26.3286033 ], [ 127.838084, 26.3312399 ], [ 127.8425589, 26.3346199 ], [ 127.8451448, 26.3363858 ], [ 127.8466466, 26.3362548 ], [ 127.8492179, 26.3372509 ], [ 127.8563774, 26.3428288 ], [ 127.857724099999984, 26.3426684 ], [ 127.8626308, 26.3444583 ], [ 127.8644588, 26.3426847 ], [ 127.8650948, 26.3407649 ], [ 127.8689184, 26.3360453 ], [ 127.8703535, 26.3304642 ], [ 127.871403300000011, 26.3312099 ], [ 127.8765824, 26.3273626 ], [ 127.8772423, 26.3259409 ], [ 127.8797035, 26.3236077 ], [ 127.8807368, 26.3216601 ], [ 127.884667099999987, 26.3191471 ], [ 127.8875247, 26.3159249 ], [ 127.8897818, 26.3120837 ], [ 127.8935243, 26.3096093 ], [ 127.899220899999989, 26.3045218 ], [ 127.904106099999979, 26.3032697 ], [ 127.905089499999988, 26.3023629 ], [ 127.9075293, 26.3023762 ], [ 127.909167400000015, 26.3010232 ], [ 127.9129224, 26.2994444 ], [ 127.912505299999978, 26.2980725 ], [ 127.915781400000014, 26.2943222 ], [ 127.9181544, 26.2957786 ], [ 127.9213336, 26.2948668 ], [ 127.921766099999985, 26.2975891 ], [ 127.9235854, 26.3020621 ], [ 127.9218052, 26.3025509 ], [ 127.9212628, 26.3059049 ], [ 127.9222296, 26.3069846 ], [ 127.920447599999974, 26.3100681 ], [ 127.917791600000015, 26.3166699 ], [ 127.9182467, 26.3186684 ], [ 127.9161812, 26.3192374 ], [ 127.9155214, 26.3219539 ], [ 127.9141174, 26.3226092 ], [ 127.9119423, 26.3260135 ], [ 127.9057314, 26.3307985 ], [ 127.9002017, 26.3322257 ], [ 127.8968604, 26.3341286 ], [ 127.8941008, 26.3366671 ], [ 127.893609699999985, 26.3379697 ], [ 127.8880231, 26.3408479 ], [ 127.886037099999982, 26.3433739 ], [ 127.885479499999988, 26.3449667 ], [ 127.8819902, 26.3483406 ], [ 127.87959619999998, 26.352774 ], [ 127.875018900000015, 26.3568266 ], [ 127.87343, 26.3598584 ], [ 127.8729346, 26.3620119 ], [ 127.8732696, 26.3659797 ], [ 127.8753084, 26.367176 ], [ 127.875668800000014, 26.3684137 ], [ 127.8749034, 26.3713371 ], [ 127.8754799, 26.374283 ], [ 127.8812409, 26.3764074 ], [ 127.880257, 26.3786578 ], [ 127.878757, 26.3785589 ], [ 127.8770881, 26.3812221 ], [ 127.8712574, 26.3881133 ], [ 127.8666688, 26.389198 ], [ 127.864023499999973, 26.3925255 ], [ 127.862270900000013, 26.3927352 ], [ 127.859347499999984, 26.3964298 ], [ 127.8567661, 26.3987559 ], [ 127.8532077, 26.4000949 ], [ 127.849713499999979, 26.4027186 ], [ 127.847683100000012, 26.4022485 ], [ 127.8441549, 26.4061319 ], [ 127.841914299999985, 26.4053808 ], [ 127.8406671, 26.4064811 ], [ 127.838264, 26.4106326 ], [ 127.8380936, 26.4121626 ], [ 127.8365339, 26.4140904 ], [ 127.8372719, 26.4155089 ], [ 127.839518399999974, 26.4163323 ], [ 127.838080599999984, 26.4183385 ], [ 127.833006399999988, 26.4178221 ], [ 127.830220399999988, 26.4186535 ], [ 127.826708400000015, 26.4228103 ], [ 127.8279606, 26.4249309 ], [ 127.83028059999998, 26.4241549 ], [ 127.831428100000011, 26.4259702 ], [ 127.8294271, 26.428031 ], [ 127.8308246, 26.4319318 ], [ 127.834792099999973, 26.4303399 ], [ 127.840388399999981, 26.42701 ], [ 127.8438176, 26.4316676 ], [ 127.840631099999982, 26.4335578 ], [ 127.8416394, 26.4353089 ], [ 127.842939699999988, 26.4372356 ], [ 127.84468170000001, 26.4397447 ], [ 127.846291900000011, 26.4405008 ], [ 127.8484164, 26.4426617 ], [ 127.8482969, 26.4444786 ], [ 127.8501693, 26.4483511 ], [ 127.8523264, 26.4505894 ], [ 127.8555911, 26.4523894 ], [ 127.85867420000001, 26.4524458 ], [ 127.860905, 26.4544094 ], [ 127.863555600000012, 26.4558936 ], [ 127.869314699999975, 26.4575131 ], [ 127.870774399999988, 26.4576089 ], [ 127.873118299999987, 26.4564767 ], [ 127.8744594, 26.4549311 ], [ 127.8851714, 26.4572778 ], [ 127.887030599999989, 26.4552869 ], [ 127.890859399999982, 26.4555258 ], [ 127.8940556, 26.4523869 ], [ 127.896525, 26.4505672 ], [ 127.8992794, 26.4494275 ], [ 127.902941899999988, 26.4487475 ], [ 127.905505, 26.4493794 ], [ 127.9097539, 26.4484033 ], [ 127.9115761, 26.4475256 ], [ 127.9164471, 26.4469942 ], [ 127.917673400000012, 26.4451523 ], [ 127.9170617, 26.4426353 ], [ 127.9240686, 26.4389817 ], [ 127.9256947, 26.4415967 ], [ 127.9272717, 26.4395639 ], [ 127.9310675, 26.4398781 ], [ 127.938524699999988, 26.4416386 ], [ 127.941576699999985, 26.4416442 ], [ 127.9465275, 26.4399572 ], [ 127.9483511, 26.4377172 ], [ 127.9495836, 26.4388444 ], [ 127.9492097, 26.4405667 ], [ 127.947555, 26.4419683 ], [ 127.944446899999988, 26.4422425 ], [ 127.943569700000012, 26.4432753 ], [ 127.9429864, 26.4469483 ], [ 127.9431346, 26.450689 ], [ 127.9440889, 26.4544419 ], [ 127.9477864, 26.4543742 ], [ 127.950493599999987, 26.4562931 ], [ 127.947654399999976, 26.4585442 ], [ 127.9465836, 26.4621669 ], [ 127.9468319, 26.4646047 ], [ 127.948634700000014, 26.4649442 ], [ 127.9512822, 26.4664764 ], [ 127.950091699999987, 26.4701794 ], [ 127.950871299999989, 26.4724312 ], [ 127.953791899999985, 26.4738581 ], [ 127.956152799999984, 26.4731265 ], [ 127.9605506, 26.4735486 ], [ 127.962064399999988, 26.473155 ], [ 127.9629794, 26.4709317 ], [ 127.9654017, 26.4683161 ], [ 127.9675569, 26.4681767 ], [ 127.9751458, 26.4702139 ], [ 127.9785922, 26.4720986 ], [ 127.9804456, 26.4713753 ], [ 127.9860117, 26.4739947 ], [ 127.9910614, 26.47508 ], [ 127.9905742, 26.4768208 ], [ 127.9925156, 26.4781116 ], [ 127.989309099999986, 26.4800811 ], [ 127.9915636, 26.4814997 ], [ 127.9944578, 26.4801533 ], [ 127.9982619, 26.4811494 ], [ 128.0006708, 26.483115 ], [ 128.002138299999984, 26.4859756 ], [ 128.0026114, 26.4893531 ], [ 128.0009389, 26.4906917 ], [ 128.001156899999984, 26.4934686 ], [ 127.9985356, 26.4951961 ], [ 127.997481400000012, 26.4971786 ], [ 127.996025, 26.49704 ], [ 127.993994699999973, 26.49919 ], [ 127.99359, 26.5025112 ], [ 127.991569700000014, 26.5042319 ], [ 127.996055, 26.5088672 ], [ 127.9976794, 26.5095975 ], [ 127.9964861, 26.511285 ], [ 127.9963333, 26.5135819 ], [ 127.9953817, 26.5157842 ], [ 127.9937667, 26.5152956 ], [ 127.9921511, 26.5184747 ], [ 127.989284700000013, 26.5177797 ], [ 127.9837278, 26.5189414 ], [ 127.9797158, 26.5204253 ], [ 127.9770667, 26.5239767 ], [ 127.978658299999978, 26.5251728 ], [ 127.978535, 26.5276125 ], [ 127.975985799999989, 26.5282222 ], [ 127.9736947, 26.5278975 ], [ 127.973536400000015, 26.5228939 ], [ 127.971010599999985, 26.5226322 ], [ 127.9688194, 26.5233639 ], [ 127.9665578, 26.5231606 ], [ 127.9637267, 26.5210717 ], [ 127.9624111, 26.5185711 ], [ 127.9602672, 26.5186236 ], [ 127.9584228, 26.5172983 ], [ 127.9592508, 26.5141061 ], [ 127.9568133, 26.5123447 ], [ 127.953735299999977, 26.5108978 ], [ 127.9498761, 26.5122892 ], [ 127.9479672, 26.5122178 ], [ 127.946933300000012, 26.5110906 ], [ 127.945206699999986, 26.5118347 ], [ 127.9409722, 26.510195 ], [ 127.939628099999979, 26.5133903 ], [ 127.9362861, 26.5192989 ], [ 127.9374844, 26.5207269 ], [ 127.9376681, 26.5225964 ], [ 127.9359372, 26.5255008 ], [ 127.934745, 26.5261253 ], [ 127.9337831, 26.5289147 ], [ 127.931458299999989, 26.5296836 ], [ 127.929259699999989, 26.5314544 ], [ 127.9269714, 26.5279372 ], [ 127.9247578, 26.5272319 ], [ 127.9222361, 26.5288347 ], [ 127.921145, 26.5284753 ], [ 127.9214403, 26.5241453 ], [ 127.9207144, 26.5208786 ], [ 127.9190639, 26.5177861 ], [ 127.916266900000011, 26.5159014 ], [ 127.9152147, 26.5165703 ], [ 127.9125106, 26.5164089 ], [ 127.9103883, 26.5169344 ], [ 127.9090428, 26.5184122 ], [ 127.906054700000013, 26.5175194 ], [ 127.9032009, 26.514946 ], [ 127.900658299999989, 26.5146033 ], [ 127.8986142, 26.5129444 ], [ 127.896724, 26.5124536 ], [ 127.8941228, 26.5127947 ], [ 127.8921553, 26.5123089 ], [ 127.89183, 26.5099483 ], [ 127.8894086, 26.5043672 ], [ 127.8871789, 26.5030975 ], [ 127.8838011, 26.5025953 ], [ 127.8796703, 26.5047735 ], [ 127.8796994, 26.5067042 ], [ 127.8750539, 26.5079444 ], [ 127.8730775, 26.5095664 ], [ 127.872695799999988, 26.5120069 ], [ 127.8704444, 26.5102428 ], [ 127.8667042, 26.5104306 ], [ 127.8653722, 26.5072114 ], [ 127.863845, 26.5066025 ], [ 127.8625992, 26.5044944 ], [ 127.86105139999998, 26.5047986 ], [ 127.8594725, 26.5078775 ], [ 127.8593222, 26.5094458 ], [ 127.857429400000015, 26.5096217 ], [ 127.856737200000012, 26.5077275 ], [ 127.8590533, 26.5070603 ], [ 127.859086100000013, 26.5042806 ], [ 127.857312499999978, 26.5004875 ], [ 127.855586199999976, 26.5001351 ], [ 127.8543469, 26.50179 ], [ 127.8502481, 26.5053917 ], [ 127.8438522, 26.5037964 ], [ 127.843385, 26.5002506 ], [ 127.840213299999988, 26.4955984 ], [ 127.843332799999985, 26.4916667 ], [ 127.8453496, 26.4867366 ], [ 127.8457855, 26.4826944 ], [ 127.8448495, 26.4806082 ], [ 127.839943100000013, 26.4781689 ], [ 127.835542499999988, 26.4794417 ], [ 127.8333067, 26.4761756 ], [ 127.8311639, 26.4712794 ], [ 127.826821099999989, 26.4681869 ], [ 127.8243083, 26.4672842 ], [ 127.821326399999975, 26.4675994 ], [ 127.819627200000014, 26.4655067 ], [ 127.81447, 26.4622794 ], [ 127.8119342, 26.4630797 ], [ 127.8112994, 26.4598189 ], [ 127.8099147, 26.457235 ], [ 127.8058542, 26.4542556 ], [ 127.8038175, 26.45491 ], [ 127.8018939, 26.4523031 ], [ 127.800921399999979, 26.4500036 ], [ 127.802197799999988, 26.4490991 ], [ 127.802595700000012, 26.4450724 ], [ 127.803922499999985, 26.4447245 ], [ 127.801706400000015, 26.4402681 ], [ 127.799588300000011, 26.4378306 ], [ 127.795624300000014, 26.4360944 ], [ 127.792545, 26.4374014 ], [ 127.7899819, 26.4360867 ], [ 127.7875203, 26.4362622 ], [ 127.787052199999977, 26.4348081 ], [ 127.7825311, 26.4353531 ], [ 127.781156900000013, 26.4389247 ], [ 127.7775492, 26.4400811 ], [ 127.7736839, 26.4423694 ], [ 127.77152670000001, 26.4460733 ], [ 127.7654947, 26.4379956 ], [ 127.7640072, 26.4374631 ], [ 127.761319199999988, 26.4351044 ], [ 127.759200799999988, 26.4339044 ], [ 127.7567472, 26.4315138 ], [ 127.7528158, 26.430455 ], [ 127.747836100000015, 26.4275589 ], [ 127.7439258, 26.4240689 ], [ 127.7443711, 26.4228383 ], [ 127.741887699999978, 26.4222675 ], [ 127.7362653, 26.4223768 ], [ 127.7333538, 26.4250202 ], [ 127.731725700000013, 26.4299308 ], [ 127.7288601, 26.4331629 ], [ 127.7279041, 26.4351962 ], [ 127.7255419, 26.4382391 ], [ 127.724970700000014, 26.4400279 ], [ 127.7209412, 26.4395459 ], [ 127.7144626, 26.4408952 ], [ 127.7119273, 26.4409796 ], [ 127.711904099999984, 26.4392154 ], [ 127.7139272, 26.4382165 ], [ 127.715672699999985, 26.4347787 ], [ 127.716809700000013, 26.4336206 ], [ 127.7152795, 26.430411 ], [ 127.7152921, 26.4286025 ], [ 127.7142282, 26.425011 ], [ 127.7142738, 26.4222467 ], [ 127.713531199999977, 26.4171119 ], [ 127.713855700000011, 26.4146183 ], [ 127.714968, 26.4128262 ], [ 127.713483900000014, 26.4112938 ], [ 127.715218199999981, 26.4092461 ], [ 127.7162135, 26.4061659 ], [ 127.7159341, 26.4037954 ], [ 127.7165132, 26.4018864 ], [ 127.7196424, 26.397372 ], [ 127.723317099999974, 26.3906145 ], [ 127.7239894, 26.3881567 ], [ 127.725559499999974, 26.3870436 ], [ 127.7259518, 26.3849457 ], [ 127.7276306, 26.3840459 ], [ 127.7272694, 26.3827288 ], [ 127.729014400000011, 26.3819084 ], [ 127.730129, 26.3802613 ], [ 127.731353399999989, 26.3747418 ], [ 127.733496899999977, 26.3715191 ], [ 127.7358855, 26.3665744 ], [ 127.73797350000001, 26.3641453 ], [ 127.7383494, 26.3618737 ], [ 127.739279599999975, 26.3579934 ], [ 127.7401428, 26.3570557 ], [ 127.7413735, 26.3503006 ], [ 127.7451601, 26.3514613 ], [ 127.7448829, 26.3479568 ], [ 127.7459087, 26.3447189 ], [ 127.7458568, 26.3426302 ], [ 127.747232200000013, 26.3397197 ], [ 127.7456246, 26.3379369 ], [ 127.745280799999989, 26.3348638 ], [ 127.7427774, 26.3343443 ], [ 127.7427596, 26.3309596 ], [ 127.745190900000011, 26.3268338 ], [ 127.7461133, 26.322727 ], [ 127.748147399999979, 26.3218927 ], [ 127.749354, 26.3202963 ], [ 127.7524929, 26.3218449 ], [ 127.7519819, 26.3231643 ], [ 127.7536828, 26.3241221 ], [ 127.755052799999973, 26.3219005 ], [ 127.7531117, 26.320927 ], [ 127.752716499999977, 26.318396 ], [ 127.7536811, 26.316856 ], [ 127.753858799999989, 26.3141885 ], [ 127.7551142, 26.3139477 ], [ 127.755462799999989, 26.3107846 ], [ 127.7600787, 26.3098656 ], [ 127.7587578, 26.3071013 ], [ 127.758543100000011, 26.3046413 ], [ 127.757241600000015, 26.3017084 ], [ 127.7581253, 26.3000947 ], [ 127.7569993, 26.295026 ], [ 127.756124, 26.294095 ], [ 127.7530107, 26.2957676 ], [ 127.751377299999987, 26.2934959 ], [ 127.752582299999986, 26.2918415 ], [ 127.7504863, 26.2899787 ], [ 127.7476556, 26.2897033 ], [ 127.744101899999976, 26.2874208 ], [ 127.7431077, 26.2847741 ], [ 127.740727100000015, 26.2835308 ], [ 127.7410583, 26.28129 ], [ 127.7388266, 26.2809452 ], [ 127.737853, 26.2832214 ], [ 127.7328246, 26.2821619 ], [ 127.7307731, 26.2803716 ], [ 127.7316267, 26.2785691 ], [ 127.7284759, 26.2761471 ], [ 127.7260935, 26.2770222 ], [ 127.726800399999973, 26.2738892 ], [ 127.72429, 26.2728121 ], [ 127.726856699999985, 26.2688869 ], [ 127.7270967, 26.2668894 ], [ 127.729364699999977, 26.2675603 ], [ 127.7305725, 26.2642183 ], [ 127.7281517, 26.2616317 ], [ 127.731950599999976, 26.2591289 ], [ 127.731043599999978, 26.2562856 ], [ 127.7318639, 26.2550733 ], [ 127.735292800000011, 26.2536072 ], [ 127.7388167, 26.2533958 ], [ 127.7399469, 26.2557408 ], [ 127.7395236, 26.2574161 ], [ 127.7422514, 26.2579744 ], [ 127.7449222, 26.2556767 ], [ 127.748135, 26.2540264 ], [ 127.749426899999989, 26.2523644 ], [ 127.7516514, 26.2529181 ], [ 127.7529572, 26.2513281 ], [ 127.7538006, 26.2519064 ], [ 127.7567364, 26.2513122 ], [ 127.757495, 26.2498553 ], [ 127.759716399999974, 26.2516181 ], [ 127.7615639, 26.2516989 ], [ 127.763378300000014, 26.2529331 ], [ 127.7645683, 26.2556683 ], [ 127.766739699999988, 26.2545225 ], [ 127.76926060000001, 26.2540889 ], [ 127.7684297, 26.2512447 ], [ 127.765966400000011, 26.2505081 ], [ 127.7651789, 26.2483431 ], [ 127.7658633, 26.2466142 ], [ 127.7648769, 26.2436125 ], [ 127.768110799999988, 26.2410447 ], [ 127.7663167, 26.2402111 ], [ 127.7671217, 26.2385822 ], [ 127.7717214, 26.2371706 ], [ 127.775112799999988, 26.2378319 ], [ 127.7770242, 26.23617 ], [ 127.777952199999973, 26.2369428 ], [ 127.7823486, 26.2342192 ], [ 127.7875089, 26.2319238 ], [ 127.789288, 26.2359725 ], [ 127.7893286, 26.2391422 ], [ 127.7885722, 26.2408014 ], [ 127.789518300000012, 26.2485369 ], [ 127.792074199999988, 26.2521255 ], [ 127.793285700000013, 26.2523285 ], [ 127.7935363, 26.2553932 ], [ 127.7944173, 26.2574218 ], [ 127.796094, 26.2588531 ], [ 127.7970227, 26.2609924 ], [ 127.7979893, 26.2654617 ], [ 127.8008378, 26.2688542 ], [ 127.803243200000011, 26.2693891 ], [ 127.8070904, 26.2734089 ], [ 127.809437, 26.2751981 ], [ 127.811448399999975, 26.2736496 ], [ 127.816202, 26.2773747 ], [ 127.814940799999988, 26.2787992 ], [ 127.8161904, 26.2804381 ], [ 127.81692169999998, 26.2834294 ] ] ], [ [ [ 127.841677499999989, 26.3291537 ], [ 127.843816199999978, 26.3269812 ], [ 127.853506, 26.3245391 ], [ 127.855623, 26.3261814 ], [ 127.857977599999984, 26.3281391 ], [ 127.8551826, 26.3309686 ], [ 127.858398, 26.3335489 ], [ 127.8599843, 26.3320278 ], [ 127.8617673, 26.3319956 ], [ 127.866307299999988, 26.3273469 ], [ 127.8699451, 26.3299643 ], [ 127.8683811, 26.3360081 ], [ 127.8648796, 26.340594 ], [ 127.8617243, 26.3436837 ], [ 127.855212099999989, 26.3415114 ], [ 127.8492891, 26.3367538 ], [ 127.843162, 26.3343572 ], [ 127.8406614, 26.3328797 ], [ 127.837254, 26.329425 ], [ 127.8396354, 26.327527 ], [ 127.841677499999989, 26.3291537 ] ] ], [ [ [ 127.9462124, 26.253724 ], [ 127.9468838, 26.2564206 ], [ 127.948251099999979, 26.25801 ], [ 127.9445575, 26.2622443 ], [ 127.937512200000015, 26.2623681 ], [ 127.938659699999988, 26.2588625 ], [ 127.9384693, 26.2529918 ], [ 127.936717, 26.2503844 ], [ 127.9351778, 26.2499248 ], [ 127.933474499999988, 26.2474781 ], [ 127.934125, 26.2465073 ], [ 127.9378472, 26.2444358 ], [ 127.9377464, 26.243293 ], [ 127.9404134, 26.2417336 ], [ 127.94212060000001, 26.2418626 ], [ 127.9430597, 26.2448137 ], [ 127.9425381, 26.2460366 ], [ 127.9466021, 26.2480998 ], [ 127.9462124, 26.253724 ] ] ], [ [ [ 127.97912860000001, 26.2922144 ], [ 127.979998599999988, 26.2880864 ], [ 127.9812847, 26.2902422 ], [ 127.97912860000001, 26.2922144 ] ] ], [ [ [ 127.992818499999984, 26.2987935 ], [ 127.9952728, 26.3004383 ], [ 127.9953281, 26.3020589 ], [ 127.9927688, 26.3031824 ], [ 127.992815299999975, 26.3040819 ], [ 127.989571899999987, 26.3028983 ], [ 127.9883578, 26.3018264 ], [ 127.989885, 26.2987342 ], [ 127.992818499999984, 26.2987935 ] ] ], [ [ [ 127.92994179999998, 26.3155014 ], [ 127.9283318, 26.3168968 ], [ 127.9269881, 26.3196964 ], [ 127.925902, 26.3202329 ], [ 127.924655199999989, 26.323232 ], [ 127.920931799999977, 26.3232931 ], [ 127.917338399999977, 26.3219007 ], [ 127.918858299999982, 26.3182906 ], [ 127.9200892, 26.3173503 ], [ 127.9228161, 26.3175043 ], [ 127.9290972, 26.3140013 ], [ 127.92994179999998, 26.3155014 ] ] ], [ [ [ 127.9661422, 26.3240216 ], [ 127.9595099, 26.3265532 ], [ 127.9571124, 26.3289289 ], [ 127.9526919, 26.3291237 ], [ 127.9553996, 26.3286904 ], [ 127.9538589, 26.3269807 ], [ 127.9504447, 26.3270971 ], [ 127.9513715, 26.3246457 ], [ 127.9505911, 26.3220089 ], [ 127.95187989999998, 26.3206465 ], [ 127.952841099999986, 26.3144771 ], [ 127.9550278, 26.3130684 ], [ 127.9554634, 26.311105 ], [ 127.9599481, 26.3092029 ], [ 127.9611737, 26.3118113 ], [ 127.9602666, 26.3132673 ], [ 127.9609108, 26.3167934 ], [ 127.966385100000011, 26.3187766 ], [ 127.967432699999989, 26.3227567 ], [ 127.9661422, 26.3240216 ] ] ], [ [ [ 127.9743104, 26.3501345 ], [ 127.974541299999984, 26.3539756 ], [ 127.970034899999987, 26.3549882 ], [ 127.9693287, 26.3616106 ], [ 127.965682799999982, 26.3650854 ], [ 127.9674972, 26.3624007 ], [ 127.9554219, 26.3564138 ], [ 127.951459500000013, 26.3576829 ], [ 127.945354, 26.3564456 ], [ 127.9431878, 26.3556443 ], [ 127.943203799999978, 26.3539585 ], [ 127.9462221, 26.350605 ], [ 127.943137499999978, 26.3450309 ], [ 127.946497600000015, 26.3417624 ], [ 127.9442252, 26.3388496 ], [ 127.9487419, 26.3399708 ], [ 127.954399400000014, 26.3399535 ], [ 127.959432399999983, 26.3382591 ], [ 127.9627435, 26.3400055 ], [ 127.9743104, 26.3501345 ] ] ], [ [ [ 127.987808199999989, 26.3781326 ], [ 127.9901634, 26.3786239 ], [ 127.9902573, 26.3807381 ], [ 127.9890437, 26.3818155 ], [ 127.987992800000015, 26.385075 ], [ 127.987223300000011, 26.3837777 ], [ 127.984406299999989, 26.3819773 ], [ 127.983785, 26.3799572 ], [ 127.9809227, 26.3789116 ], [ 127.978321799999989, 26.3794511 ], [ 127.9736888, 26.376486 ], [ 127.9720759, 26.3710476 ], [ 127.9691197, 26.3679302 ], [ 127.9694867, 26.3674549 ], [ 127.968942, 26.3627252 ], [ 127.9696405, 26.3620112 ], [ 127.970641, 26.355351 ], [ 127.975220099999987, 26.3544747 ], [ 127.9768782, 26.3532269 ], [ 127.9780421, 26.354843 ], [ 127.980932399999986, 26.3555007 ], [ 127.9828875, 26.3579643 ], [ 127.987539500000011, 26.3598831 ], [ 127.9915918, 26.3590599 ], [ 127.99373989999998, 26.3616197 ], [ 127.994805599999978, 26.3651101 ], [ 127.9934347, 26.3668162 ], [ 127.9956513, 26.3682228 ], [ 127.9936326, 26.3699266 ], [ 127.9929413, 26.3741033 ], [ 127.9922699, 26.3746949 ], [ 127.9859747, 26.3742457 ], [ 127.9866206, 26.3768219 ], [ 127.987808199999989, 26.3781326 ] ] ], [ [ [ 128.0011874, 26.3909635 ], [ 128.0032788, 26.3978391 ], [ 128.0039688, 26.3984986 ], [ 127.9998924, 26.40085 ], [ 127.9998235, 26.4000406 ], [ 127.995474300000012, 26.3994741 ], [ 127.9955074, 26.3978824 ], [ 127.9935212, 26.3954879 ], [ 127.9897506, 26.3931854 ], [ 127.989439600000011, 26.3909624 ], [ 127.9914544, 26.3889702 ], [ 127.9884774, 26.3867897 ], [ 127.990063399999983, 26.3850823 ], [ 127.9919389, 26.387221 ], [ 127.9928475, 26.3833531 ], [ 127.994733299999979, 26.3837302 ], [ 127.9979696, 26.3820499 ], [ 127.998983, 26.3875106 ], [ 128.0011874, 26.3909635 ] ] ] ] } },
{ "type": "Feature", "properties": { "hokenjo": "那覇市" }, "geometry": { "type": "MultiPolygon", "coordinates": [ [ [ [ 127.6766825, 26.2454908 ], [ 127.674973400000013, 26.2460981 ], [ 127.6686348, 26.2460995 ], [ 127.669288599999987, 26.2424451 ], [ 127.670533400000011, 26.2410895 ], [ 127.672180200000014, 26.2410803 ], [ 127.672257399999978, 26.2386171 ], [ 127.6690683, 26.2386113 ], [ 127.6670877, 26.2377072 ], [ 127.667078499999988, 26.2322764 ], [ 127.673667, 26.2322762 ], [ 127.675084, 26.2361392 ], [ 127.6750898, 26.2401984 ], [ 127.6770934, 26.2401974 ], [ 127.6770894, 26.2365203 ], [ 127.6780878, 26.2364978 ], [ 127.6780922, 26.2401977 ], [ 127.6793974, 26.2401982 ], [ 127.6793941, 26.2364032 ], [ 127.6800271, 26.2361529 ], [ 127.6800236, 26.2318816 ], [ 127.6808903, 26.2294651 ], [ 127.681049500000015, 26.2265626 ], [ 127.676744599999978, 26.2242501 ], [ 127.6739162, 26.2235065 ], [ 127.670923699999989, 26.2209472 ], [ 127.6651147, 26.2215528 ], [ 127.661719599999984, 26.2173344 ], [ 127.664787, 26.2146932 ], [ 127.6664865, 26.2112637 ], [ 127.674330399999988, 26.2091766 ], [ 127.6739225, 26.2073018 ], [ 127.6711708, 26.2052339 ], [ 127.669826699999987, 26.2076685 ], [ 127.6657881, 26.209549 ], [ 127.663159600000014, 26.2132397 ], [ 127.6575929, 26.2135172 ], [ 127.6554849, 26.2145995 ], [ 127.654227399999982, 26.2166944 ], [ 127.65206, 26.2177688 ], [ 127.648887, 26.2166766 ], [ 127.6467758, 26.2146755 ], [ 127.6453597, 26.2115769 ], [ 127.6442531, 26.2115245 ], [ 127.6417662, 26.2075261 ], [ 127.6425231, 26.2070935 ], [ 127.64187050000001, 26.2038753 ], [ 127.6349453, 26.2036134 ], [ 127.6338766, 26.2063151 ], [ 127.630458499999989, 26.2061845 ], [ 127.6309107, 26.2004024 ], [ 127.631787300000013, 26.1819519 ], [ 127.6311804, 26.1787479 ], [ 127.636018599999986, 26.1782395 ], [ 127.6361283, 26.1783471 ], [ 127.6350928, 26.2003929 ], [ 127.6357912, 26.2015992 ], [ 127.6410646, 26.2018004 ], [ 127.6365048, 26.1987071 ], [ 127.637965, 26.1971703 ], [ 127.6395892, 26.1929634 ], [ 127.6421166, 26.189895 ], [ 127.6436603, 26.1887165 ], [ 127.644214299999987, 26.1780802 ], [ 127.6438327, 26.1774179 ], [ 127.653239199999973, 26.1764286 ], [ 127.655245600000015, 26.1766719 ], [ 127.66019750000001, 26.1790506 ], [ 127.66134, 26.1808419 ], [ 127.6644753, 26.1829361 ], [ 127.665653100000014, 26.1819058 ], [ 127.6673542, 26.1832908 ], [ 127.668933900000013, 26.1818981 ], [ 127.6708511, 26.1821553 ], [ 127.6736383, 26.1850725 ], [ 127.6777678, 26.1865594 ], [ 127.68056, 26.1891053 ], [ 127.682079699999989, 26.1964603 ], [ 127.683244699999989, 26.1984306 ], [ 127.687955800000012, 26.1951919 ], [ 127.689741399999974, 26.1943519 ], [ 127.693542799999989, 26.1944697 ], [ 127.6965936, 26.1960622 ], [ 127.6993181, 26.1955297 ], [ 127.7011022, 26.1943036 ], [ 127.7038797, 26.1913186 ], [ 127.7077431, 26.1903233 ], [ 127.711818099999974, 26.1936186 ], [ 127.713185, 26.1958983 ], [ 127.716225799999989, 26.1963217 ], [ 127.7182275, 26.1958167 ], [ 127.7216108, 26.1984336 ], [ 127.7227856, 26.2031853 ], [ 127.7223961, 26.2060572 ], [ 127.722518900000011, 26.2097036 ], [ 127.72616330000001, 26.2130994 ], [ 127.7274814, 26.2150861 ], [ 127.7317, 26.2165992 ], [ 127.733555599999988, 26.2181683 ], [ 127.7359303, 26.2178122 ], [ 127.7362061, 26.2246667 ], [ 127.7331858, 26.2264997 ], [ 127.7356761, 26.23012 ], [ 127.7381156, 26.2315997 ], [ 127.7385964, 26.2337406 ], [ 127.738356900000014, 26.2363406 ], [ 127.7349125, 26.2361108 ], [ 127.732812199999984, 26.2372772 ], [ 127.7300861, 26.2356619 ], [ 127.7272864, 26.2346806 ], [ 127.7258594, 26.2334408 ], [ 127.7203408, 26.2336192 ], [ 127.716662499999984, 26.2332875 ], [ 127.7152975, 26.2339203 ], [ 127.7086914, 26.2333892 ], [ 127.7063494, 26.23461 ], [ 127.7040383, 26.2334911 ], [ 127.7015833, 26.2350864 ], [ 127.7009328, 26.2371183 ], [ 127.697808900000012, 26.2367492 ], [ 127.6960478, 26.2397656 ], [ 127.690763100000012, 26.2410664 ], [ 127.6888156, 26.2423231 ], [ 127.6850825, 26.2425797 ], [ 127.682817, 26.2432722 ], [ 127.6809963, 26.2439139 ], [ 127.6798876, 26.2443062 ], [ 127.6766825, 26.2454908 ] ] ] ] } },
{ "type": "Feature", "properties": { "hokenjo": "南部" }, "geometry": { "type": "MultiPolygon", "coordinates": [ [ [ [ 127.674973400000013, 26.2460981 ], [ 127.6749407, 26.2503773 ], [ 127.6689295, 26.2506294 ], [ 127.6686348, 26.2460995 ], [ 127.674973400000013, 26.2460981 ] ] ], [ [ [ 127.7349125, 26.2361108 ], [ 127.738356900000014, 26.2363406 ], [ 127.739716099999981, 26.2394711 ], [ 127.741654199999985, 26.2399472 ], [ 127.7435717, 26.2434111 ], [ 127.7473308, 26.2447206 ], [ 127.7507111, 26.2489756 ], [ 127.7512767, 26.2513069 ], [ 127.7529572, 26.2513281 ], [ 127.7516514, 26.2529181 ], [ 127.749426899999989, 26.2523644 ], [ 127.748135, 26.2540264 ], [ 127.7449222, 26.2556767 ], [ 127.7422514, 26.2579744 ], [ 127.7395236, 26.2574161 ], [ 127.7399469, 26.2557408 ], [ 127.7388167, 26.2533958 ], [ 127.735292800000011, 26.2536072 ], [ 127.7318639, 26.2550733 ], [ 127.731043599999978, 26.2562856 ], [ 127.731950599999976, 26.2591289 ], [ 127.7281517, 26.2616317 ], [ 127.7305725, 26.2642183 ], [ 127.729364699999977, 26.2675603 ], [ 127.7270967, 26.2668894 ], [ 127.726856699999985, 26.2688869 ], [ 127.72429, 26.2728121 ], [ 127.7234584, 26.271479 ], [ 127.719918799999988, 26.2707794 ], [ 127.719526699999989, 26.2746011 ], [ 127.715636499999974, 26.2748308 ], [ 127.7126327, 26.2745017 ], [ 127.711040099999977, 26.2718159 ], [ 127.7092954, 26.2721255 ], [ 127.708244, 26.2736575 ], [ 127.7066058, 26.2731289 ], [ 127.705277700000011, 26.2689919 ], [ 127.7041309, 26.2672861 ], [ 127.7017202, 26.2658281 ], [ 127.7002141, 26.2656892 ], [ 127.691699599999978, 26.2565464 ], [ 127.690870499999988, 26.2551339 ], [ 127.6866682, 26.2568259 ], [ 127.6781552, 26.2567609 ], [ 127.678351299999989, 26.2558029 ], [ 127.683659299999974, 26.2557852 ], [ 127.6837106, 26.2483853 ], [ 127.685325, 26.2483883 ], [ 127.68533450000001, 26.2461273 ], [ 127.6836716, 26.2454072 ], [ 127.6850825, 26.2425797 ], [ 127.6888156, 26.2423231 ], [ 127.690763100000012, 26.2410664 ], [ 127.6960478, 26.2397656 ], [ 127.697808900000012, 26.2367492 ], [ 127.7009328, 26.2371183 ], [ 127.7015833, 26.2350864 ], [ 127.7040383, 26.2334911 ], [ 127.7063494, 26.23461 ], [ 127.7086914, 26.2333892 ], [ 127.7152975, 26.2339203 ], [ 127.716662499999984, 26.2332875 ], [ 127.7203408, 26.2336192 ], [ 127.7258594, 26.2334408 ], [ 127.7272864, 26.2346806 ], [ 127.7300861, 26.2356619 ], [ 127.732812199999984, 26.2372772 ], [ 127.7349125, 26.2361108 ] ] ], [ [ [ 127.667899799999986, 26.2618362 ], [ 127.669383599999989, 26.2625004 ], [ 127.6540634, 26.2577769 ], [ 127.6541363, 26.2575807 ], [ 127.667899799999986, 26.2618362 ] ] ] ] } },
{ "type": "Feature", "properties": { "hokenjo": "南部" }, "geometry": { "type": "MultiPolygon", "coordinates": [ [ [ [ 127.2951631, 26.1644269 ], [ 127.29549080000001, 26.1666789 ], [ 127.2966883, 26.1671125 ], [ 127.2962161, 26.1725056 ], [ 127.2931044, 26.1750606 ], [ 127.2920183, 26.1730058 ], [ 127.2905303, 26.1725394 ], [ 127.289478300000013, 26.1696244 ], [ 127.2876144, 26.1665878 ], [ 127.2898283, 26.1657889 ], [ 127.2896989, 26.1628697 ], [ 127.2927444, 26.1621583 ], [ 127.2951631, 26.1644269 ] ] ], [ [ [ 127.241993099999988, 26.1734519 ], [ 127.244236699999988, 26.1754131 ], [ 127.2414047, 26.1784706 ], [ 127.2377506, 26.1806375 ], [ 127.2367692, 26.1828114 ], [ 127.2374503, 26.1802203 ], [ 127.2344497, 26.1763956 ], [ 127.2330214, 26.1759853 ], [ 127.233943599999975, 26.1700506 ], [ 127.2323211, 26.1686769 ], [ 127.2343781, 26.1631144 ], [ 127.2360189, 26.1645042 ], [ 127.238809699999976, 26.1630364 ], [ 127.2409175, 26.1626042 ], [ 127.242436399999974, 26.163625 ], [ 127.2409453, 26.1656153 ], [ 127.241864400000011, 26.1696389 ], [ 127.241993099999988, 26.1734519 ] ] ], [ [ [ 127.29455, 26.1790025 ], [ 127.2936628, 26.1804733 ], [ 127.2937181, 26.184339 ], [ 127.2929313, 26.1859871 ], [ 127.2890444, 26.1876233 ], [ 127.2860858, 26.1871142 ], [ 127.282481100000012, 26.1830803 ], [ 127.2857219, 26.1780286 ], [ 127.2863233, 26.1760522 ], [ 127.2893863, 26.1758933 ], [ 127.290837499999981, 26.1770589 ], [ 127.2933697, 26.1758708 ], [ 127.29455, 26.1790025 ] ] ], [ [ [ 127.2915094, 26.1984511 ], [ 127.289555, 26.1992425 ], [ 127.2859042, 26.2042403 ], [ 127.2839717, 26.2079222 ], [ 127.2815931, 26.2091189 ], [ 127.2809153, 26.2115061 ], [ 127.279905, 26.2118656 ], [ 127.2746081, 26.2084203 ], [ 127.2712717, 26.2082889 ], [ 127.2703386, 26.2043789 ], [ 127.269388600000013, 26.2022364 ], [ 127.26559970000001, 26.1995806 ], [ 127.2656703, 26.196955 ], [ 127.26771810000001, 26.1966956 ], [ 127.268318099999988, 26.1938581 ], [ 127.2716514, 26.1970592 ], [ 127.2739219, 26.1967761 ], [ 127.2762325, 26.1950464 ], [ 127.274397799999988, 26.1917878 ], [ 127.2755261, 26.18895 ], [ 127.2758025, 26.1867081 ], [ 127.2773608, 26.1870378 ], [ 127.2790592, 26.1891392 ], [ 127.2812408, 26.1896414 ], [ 127.2855403, 26.1894064 ], [ 127.2847587, 26.1906886 ], [ 127.2871422, 26.19328 ], [ 127.289155, 26.1941036 ], [ 127.2908117, 26.1935339 ], [ 127.2933778, 26.1943747 ], [ 127.2915472, 26.1969147 ], [ 127.2915094, 26.1984511 ] ] ], [ [ [ 127.2939194, 26.2133306 ], [ 127.2954592, 26.2129969 ], [ 127.295985299999984, 26.2171881 ], [ 127.294124400000015, 26.2167525 ], [ 127.2939194, 26.2133306 ] ] ], [ [ [ 127.245798900000011, 26.2111617 ], [ 127.2481022, 26.2125208 ], [ 127.2497525, 26.2158322 ], [ 127.2502842, 26.2221461 ], [ 127.2494269, 26.2230528 ], [ 127.2479308, 26.2231819 ], [ 127.246558600000014, 26.2214786 ], [ 127.2449389, 26.2209092 ], [ 127.2409628, 26.2212761 ], [ 127.2393411, 26.2197828 ], [ 127.2403881, 26.2184497 ], [ 127.2389192, 26.2143833 ], [ 127.239208600000012, 26.2112703 ], [ 127.2431211, 26.2082944 ], [ 127.2443394, 26.2089064 ], [ 127.245798900000011, 26.2111617 ] ] ], [ [ [ 127.2845433, 26.2202856 ], [ 127.2833089, 26.2195492 ], [ 127.2850411, 26.2171414 ], [ 127.2869478, 26.2163858 ], [ 127.2884597, 26.2189753 ], [ 127.2845433, 26.2202856 ] ] ], [ [ [ 127.317567200000013, 26.2465497 ], [ 127.3142086, 26.2453639 ], [ 127.3121528, 26.2462353 ], [ 127.311064699999989, 26.2476036 ], [ 127.3112122, 26.2510544 ], [ 127.3100589, 26.25196 ], [ 127.31017, 26.2504536 ], [ 127.3085411, 26.2486969 ], [ 127.3069111, 26.2489361 ], [ 127.306257800000012, 26.2467214 ], [ 127.3079422, 26.2455072 ], [ 127.308198600000011, 26.2433744 ], [ 127.307095, 26.2404194 ], [ 127.3022153, 26.2378133 ], [ 127.3005553, 26.2381053 ], [ 127.2987092, 26.2411844 ], [ 127.296192800000014, 26.2420814 ], [ 127.293517200000011, 26.239805 ], [ 127.293492199999989, 26.2356133 ], [ 127.2905981, 26.2335683 ], [ 127.288633100000013, 26.2339692 ], [ 127.2868408, 26.2330211 ], [ 127.2823347, 26.2337025 ], [ 127.280965, 26.2310297 ], [ 127.282451400000014, 26.2294803 ], [ 127.2828403, 26.2275381 ], [ 127.2869975, 26.2277806 ], [ 127.2914608, 26.2271206 ], [ 127.294217800000013, 26.2256919 ], [ 127.295964200000014, 26.2235655 ], [ 127.297973599999978, 26.2257036 ], [ 127.2992067, 26.2249039 ], [ 127.3003717, 26.2270975 ], [ 127.3022588, 26.227285 ], [ 127.303713699999975, 26.2263894 ], [ 127.3035092, 26.2242608 ], [ 127.3020836, 26.2237342 ], [ 127.3039481, 26.2210853 ], [ 127.3033575, 26.2197611 ], [ 127.3076825, 26.2185281 ], [ 127.3085933, 26.2212789 ], [ 127.3081147, 26.2222581 ], [ 127.3102339, 26.2250111 ], [ 127.3133219, 26.2259025 ], [ 127.3142281, 26.2274031 ], [ 127.3134717, 26.2300147 ], [ 127.3142917, 26.2318142 ], [ 127.312577800000014, 26.2323444 ], [ 127.3127222, 26.2345275 ], [ 127.3112972, 26.2349733 ], [ 127.310948399999987, 26.2373619 ], [ 127.312624199999988, 26.2387478 ], [ 127.3162097, 26.2399658 ], [ 127.3200919, 26.2399433 ], [ 127.322436900000014, 26.2350803 ], [ 127.321347800000012, 26.2340983 ], [ 127.3217031, 26.2317014 ], [ 127.327456099999978, 26.2320458 ], [ 127.3328467, 26.2295861 ], [ 127.3324872, 26.2330756 ], [ 127.3290253, 26.2324692 ], [ 127.3274708, 26.2355339 ], [ 127.329683100000011, 26.2369992 ], [ 127.3305253, 26.2387531 ], [ 127.332524699999979, 26.2401303 ], [ 127.3293439, 26.2411336 ], [ 127.326341700000015, 26.2445078 ], [ 127.324190800000011, 26.2443697 ], [ 127.317567200000013, 26.2465497 ] ] ], [ [ [ 126.8348472, 26.3366514 ], [ 126.8316114, 26.3390147 ], [ 126.831755300000012, 26.3410564 ], [ 126.8308503, 26.3422342 ], [ 126.8284528, 26.3427789 ], [ 126.8241631, 26.3400258 ], [ 126.8225136, 26.3372447 ], [ 126.824877199999989, 26.335715 ], [ 126.8308606, 26.3364314 ], [ 126.8341464, 26.3357319 ], [ 126.8348472, 26.3366514 ] ] ], [ [ [ 126.8367497, 26.3409717 ], [ 126.837219399999981, 26.3364483 ], [ 126.8423703, 26.3384058 ], [ 126.8425956, 26.3413836 ], [ 126.84053, 26.3433092 ], [ 126.8389403, 26.3436508 ], [ 126.837882499999978, 26.3436847 ], [ 126.8367497, 26.3409717 ] ] ], [ [ [ 126.7912528, 26.3796981 ], [ 126.7899292, 26.3802675 ], [ 126.7892125, 26.3821008 ], [ 126.786345799999978, 26.3858147 ], [ 126.7790294, 26.3910572 ], [ 126.776135, 26.3913364 ], [ 126.7703861, 26.3912656 ], [ 126.7689, 26.3904367 ], [ 126.765870799999988, 26.3902053 ], [ 126.763905799999975, 26.3893339 ], [ 126.758898299999984, 26.3892092 ], [ 126.7572781, 26.3874639 ], [ 126.7544772, 26.3872103 ], [ 126.7521086, 26.3853714 ], [ 126.7461006, 26.3823283 ], [ 126.7402114, 26.378335 ], [ 126.735699199999985, 26.3770122 ], [ 126.73349, 26.3758392 ], [ 126.7273411, 26.374525 ], [ 126.7188483, 26.3743358 ], [ 126.7172119, 26.3745983 ], [ 126.712796399999988, 26.3722178 ], [ 126.7094108, 26.3674236 ], [ 126.708268599999982, 26.3630581 ], [ 126.7115267, 26.3643686 ], [ 126.7120617, 26.3616264 ], [ 126.709112499999989, 26.3547583 ], [ 126.7107082, 26.3540775 ], [ 126.71314, 26.3596916 ], [ 126.714036, 26.3596706 ], [ 126.714887499999975, 26.3559086 ], [ 126.7173156, 26.3532747 ], [ 126.7253925, 26.348735 ], [ 126.7272603, 26.34922 ], [ 126.7287119, 26.3484586 ], [ 126.7329364, 26.3476242 ], [ 126.7388378, 26.3472406 ], [ 126.742106100000015, 26.3461908 ], [ 126.7461741, 26.3458015 ], [ 126.751076900000015, 26.3430842 ], [ 126.753241399999979, 26.3408814 ], [ 126.7562225, 26.340605 ], [ 126.7581494, 26.3421308 ], [ 126.7601584, 26.3414232 ], [ 126.7552147, 26.3385875 ], [ 126.75753490000001, 26.3369651 ], [ 126.759044499999973, 26.3376236 ], [ 126.76343, 26.3344244 ], [ 126.7624025, 26.3329767 ], [ 126.764759500000011, 26.3307453 ], [ 126.7659406, 26.3311842 ], [ 126.768196300000014, 26.3293286 ], [ 126.770030299999988, 26.3263678 ], [ 126.769767500000015, 26.3243206 ], [ 126.768221399999987, 26.3219389 ], [ 126.7705469, 26.3205025 ], [ 126.7709483, 26.3186506 ], [ 126.7761508, 26.3143664 ], [ 126.7757925, 26.3119756 ], [ 126.7768308, 26.3085828 ], [ 126.780630599999981, 26.3048517 ], [ 126.7824197, 26.3048969 ], [ 126.7847992, 26.3037917 ], [ 126.7863531, 26.3019808 ], [ 126.788370299999983, 26.3018797 ], [ 126.792006699999973, 26.299835 ], [ 126.793549399999975, 26.2997819 ], [ 126.795452, 26.2974066 ], [ 126.7970969, 26.2966744 ], [ 126.799858899999975, 26.2935489 ], [ 126.8014789, 26.2926239 ], [ 126.803454300000013, 26.2929658 ], [ 126.80708580000001, 26.292325 ], [ 126.8100533, 26.2909911 ], [ 126.8126331, 26.2918511 ], [ 126.8135522, 26.2935997 ], [ 126.8103472, 26.2979322 ], [ 126.810159399999989, 26.3025028 ], [ 126.8077081, 26.3034933 ], [ 126.80396829999998, 26.3072606 ], [ 126.805281400000013, 26.3103514 ], [ 126.805950299999978, 26.3154158 ], [ 126.8070402, 26.3199902 ], [ 126.8054139, 26.3238251 ], [ 126.8075422, 26.3288894 ], [ 126.8097447, 26.3314556 ], [ 126.815539699999974, 26.3352908 ], [ 126.8161967, 26.3362947 ], [ 126.814043899999987, 26.3376711 ], [ 126.814175, 26.3392783 ], [ 126.816658300000014, 26.3412436 ], [ 126.81737360000001, 26.3406813 ], [ 126.826185, 26.3460253 ], [ 126.8239094, 26.3463842 ], [ 126.8224606, 26.3487703 ], [ 126.823033900000013, 26.3501906 ], [ 126.821484200000015, 26.3511661 ], [ 126.8175817, 26.3510003 ], [ 126.8174914, 26.352695 ], [ 126.8124108, 26.3584917 ], [ 126.810128299999988, 26.3602494 ], [ 126.808072200000012, 26.3608222 ], [ 126.8089703, 26.3627358 ], [ 126.81063, 26.3633642 ], [ 126.8095942, 26.3653861 ], [ 126.8070061, 26.3673375 ], [ 126.8068967, 26.3688633 ], [ 126.8047125, 26.3704961 ], [ 126.8005067, 26.3679694 ], [ 126.797975, 26.3685642 ], [ 126.7956122, 26.3711081 ], [ 126.794908099999986, 26.3735586 ], [ 126.7933933, 26.3747344 ], [ 126.7912528, 26.3796981 ] ] ], [ [ [ 126.8879775, 26.3466294 ], [ 126.891557499999976, 26.3492861 ], [ 126.89408, 26.3497828 ], [ 126.89596419999998, 26.3494247 ], [ 126.8979608, 26.3503411 ], [ 126.8936453, 26.3501944 ], [ 126.891883100000015, 26.3508714 ], [ 126.8876178, 26.3480933 ], [ 126.8862811, 26.3461781 ], [ 126.8835742, 26.3452786 ], [ 126.8873892, 26.3440997 ], [ 126.8879775, 26.3466294 ] ] ], [ [ [ 127.1484869, 26.3736331 ], [ 127.1487964, 26.3761211 ], [ 127.1509344, 26.3776767 ], [ 127.151173300000011, 26.3798997 ], [ 127.1468544, 26.3819853 ], [ 127.1461147, 26.3819614 ], [ 127.144573099999988, 26.3774811 ], [ 127.1419661, 26.3762567 ], [ 127.1388472, 26.3770075 ], [ 127.138112299999989, 26.3746959 ], [ 127.1408035, 26.3742783 ], [ 127.140147499999983, 26.3706597 ], [ 127.1377422, 26.3696775 ], [ 127.1379127, 26.3669774 ], [ 127.137069200000013, 26.3658182 ], [ 127.1382228, 26.3634406 ], [ 127.141848099999976, 26.3596275 ], [ 127.1423861, 26.3580594 ], [ 127.1409631, 26.3558781 ], [ 127.1446525, 26.3532536 ], [ 127.14553140000001, 26.3520208 ], [ 127.144397200000014, 26.3498308 ], [ 127.1460078, 26.3492594 ], [ 127.1465433, 26.3518661 ], [ 127.148185799999979, 26.3521242 ], [ 127.1491289, 26.3536147 ], [ 127.1517228, 26.3550256 ], [ 127.1531192, 26.3543294 ], [ 127.15449, 26.3556197 ], [ 127.156509399999976, 26.3559594 ], [ 127.160055, 26.3586864 ], [ 127.1615372, 26.3638797 ], [ 127.1589411, 26.3635231 ], [ 127.1535125, 26.3611331 ], [ 127.1496668, 26.3631096 ], [ 127.1489018, 26.3663305 ], [ 127.146542199999985, 26.3704728 ], [ 127.1463361, 26.3716986 ], [ 127.1484869, 26.3736331 ] ] ], [ [ [ 127.101031400000011, 26.3819642 ], [ 127.104229199999978, 26.3833136 ], [ 127.1050925, 26.3850328 ], [ 127.1050672, 26.3870408 ], [ 127.1038342, 26.3877572 ], [ 127.100209400000011, 26.3876106 ], [ 127.101031400000011, 26.3819642 ] ] ], [ [ [ 127.245898899999986, 26.5925119 ], [ 127.2434881, 26.5946656 ], [ 127.2408286, 26.5980956 ], [ 127.2400781, 26.6000178 ], [ 127.2369136, 26.6017383 ], [ 127.2312906, 26.6020656 ], [ 127.2272792, 26.6010528 ], [ 127.225526399999978, 26.5985906 ], [ 127.2233119, 26.5967342 ], [ 127.220649400000013, 26.5959361 ], [ 127.216569399999983, 26.5926556 ], [ 127.2150797, 26.5890986 ], [ 127.2113856, 26.5858067 ], [ 127.2099833, 26.5822269 ], [ 127.210572500000012, 26.5804667 ], [ 127.2089858, 26.5785092 ], [ 127.2081328, 26.5759761 ], [ 127.209261900000016, 26.5748536 ], [ 127.2121031, 26.5749553 ], [ 127.217484399999989, 26.5774092 ], [ 127.2242769, 26.5778042 ], [ 127.229169399999989, 26.578825 ], [ 127.232873099999978, 26.5791036 ], [ 127.23466830000001, 26.5799536 ], [ 127.237246399999989, 26.57662 ], [ 127.2415189, 26.5774264 ], [ 127.243281400000015, 26.5800103 ], [ 127.245896699999989, 26.5825147 ], [ 127.2482111, 26.5863169 ], [ 127.245898899999986, 26.5925119 ] ] ], [ [ [ 127.3410489, 26.1393219 ], [ 127.343216099999978, 26.1387753 ], [ 127.343553299999982, 26.1409867 ], [ 127.345625, 26.1427606 ], [ 127.346564699999973, 26.1450994 ], [ 127.344912799999989, 26.1464956 ], [ 127.3427919, 26.1457111 ], [ 127.3426161, 26.1439542 ], [ 127.340823300000011, 26.1418106 ], [ 127.3410489, 26.1393219 ] ] ], [ [ [ 127.337429700000015, 26.1635844 ], [ 127.3371869, 26.1607556 ], [ 127.339730300000014, 26.1611528 ], [ 127.339609700000011, 26.1633722 ], [ 127.3405658, 26.1642917 ], [ 127.337429700000015, 26.1635844 ] ] ], [ [ [ 127.636018599999986, 26.1782395 ], [ 127.6311804, 26.1787479 ], [ 127.631887899999981, 26.1757038 ], [ 127.635295, 26.175834 ], [ 127.636018599999986, 26.1782395 ] ] ], [ [ [ 127.3697989, 26.218715 ], [ 127.3679419, 26.2199503 ], [ 127.3665978, 26.2222578 ], [ 127.3622814, 26.2243783 ], [ 127.3576047, 26.2252247 ], [ 127.3571672, 26.2264686 ], [ 127.355445300000014, 26.2250081 ], [ 127.3528219, 26.2254614 ], [ 127.352806399999977, 26.2226206 ], [ 127.3544883, 26.2214567 ], [ 127.3546447, 26.2164694 ], [ 127.3516531, 26.2144206 ], [ 127.3509186, 26.2124528 ], [ 127.3482519, 26.2106319 ], [ 127.3500683, 26.2075842 ], [ 127.3491558, 26.2049156 ], [ 127.345444399999977, 26.2017772 ], [ 127.345948600000014, 26.1937119 ], [ 127.3448231, 26.19031 ], [ 127.347017799999989, 26.1879636 ], [ 127.347798899999987, 26.1858872 ], [ 127.3458297, 26.1840256 ], [ 127.343679200000011, 26.1834331 ], [ 127.3411494, 26.1851561 ], [ 127.3392764, 26.1823342 ], [ 127.3412408, 26.1785533 ], [ 127.3420911, 26.1736172 ], [ 127.341635, 26.1710783 ], [ 127.3446047, 26.1704633 ], [ 127.3472114, 26.1689911 ], [ 127.3482733, 26.1670506 ], [ 127.34495, 26.1597792 ], [ 127.346758099999988, 26.1588303 ], [ 127.3463769, 26.1560383 ], [ 127.3447722, 26.1541797 ], [ 127.3456025, 26.1527325 ], [ 127.3466458, 26.1483492 ], [ 127.3457086, 26.1463575 ], [ 127.3489019, 26.1458328 ], [ 127.349275800000015, 26.1503969 ], [ 127.351830799999988, 26.1556153 ], [ 127.3543861, 26.1569636 ], [ 127.3577639, 26.1571111 ], [ 127.3585764, 26.1557175 ], [ 127.3616939, 26.1556722 ], [ 127.363277499999981, 26.1567047 ], [ 127.3617217, 26.1643992 ], [ 127.3623439, 26.1651844 ], [ 127.360779400000013, 26.1696142 ], [ 127.3615686, 26.1722817 ], [ 127.3597022, 26.1751225 ], [ 127.3597272, 26.1794103 ], [ 127.3584081, 26.1806239 ], [ 127.3604461, 26.1831683 ], [ 127.364319400000014, 26.1845164 ], [ 127.369261400000013, 26.1896822 ], [ 127.371418600000013, 26.1891086 ], [ 127.3698494, 26.1932469 ], [ 127.37122810000001, 26.194745 ], [ 127.370587199999989, 26.1979325 ], [ 127.367597, 26.197846 ], [ 127.368068, 26.2002217 ], [ 127.3696873, 26.2012914 ], [ 127.373881399999988, 26.202135 ], [ 127.3737664, 26.2081217 ], [ 127.371918099999988, 26.2088878 ], [ 127.3711681, 26.2115278 ], [ 127.372112800000011, 26.2153347 ], [ 127.3697989, 26.218715 ] ] ], [ [ [ 127.3764297, 26.1972556 ], [ 127.377967500000011, 26.1967731 ], [ 127.3802403, 26.1980258 ], [ 127.3802778, 26.1990753 ], [ 127.3759006, 26.1998953 ], [ 127.3764297, 26.1972556 ] ] ], [ [ [ 127.3171106, 26.2046358 ], [ 127.3151456, 26.2064306 ], [ 127.313203300000012, 26.2068922 ], [ 127.311090599999986, 26.2087761 ], [ 127.3104778, 26.2135597 ], [ 127.3093608, 26.2157636 ], [ 127.308585, 26.2107428 ], [ 127.3098339, 26.2088608 ], [ 127.3095964, 26.2066947 ], [ 127.3103986, 26.2046653 ], [ 127.3103469, 26.2019844 ], [ 127.3095403, 26.2004558 ], [ 127.3110847, 26.1986817 ], [ 127.313432800000015, 26.1978303 ], [ 127.3141786, 26.2002075 ], [ 127.3169617, 26.202775 ], [ 127.3171106, 26.2046358 ] ] ], [ [ [ 127.451565300000013, 26.2130306 ], [ 127.4521828, 26.2147892 ], [ 127.455165, 26.2180672 ], [ 127.456554700000012, 26.2209972 ], [ 127.4551775, 26.2213508 ], [ 127.45275310000001, 26.2245844 ], [ 127.44975860000001, 26.2206814 ], [ 127.4482733, 26.2203233 ], [ 127.4472058, 26.2185583 ], [ 127.445173900000015, 26.2128992 ], [ 127.4403661, 26.2039067 ], [ 127.4388319, 26.2034167 ], [ 127.438538099999974, 26.2015606 ], [ 127.4395103, 26.2003756 ], [ 127.4427169, 26.2013961 ], [ 127.4441778, 26.2004997 ], [ 127.446888299999983, 26.2030272 ], [ 127.4477542, 26.2088181 ], [ 127.4496097, 26.212205 ], [ 127.451565300000013, 26.2130306 ] ] ], [ [ [ 127.334853599999988, 26.2250703 ], [ 127.3346786, 26.2274961 ], [ 127.3323967, 26.2268078 ], [ 127.334853599999988, 26.2250703 ] ] ], [ [ [ 127.372112500000014, 26.2276622 ], [ 127.373031399999988, 26.230215 ], [ 127.3702922, 26.2334111 ], [ 127.3699489, 26.23615 ], [ 127.3688856, 26.2368525 ], [ 127.3670914, 26.2342742 ], [ 127.366141399999989, 26.2318372 ], [ 127.3677606, 26.2303025 ], [ 127.368248099999988, 26.2282322 ], [ 127.3671917, 26.2239503 ], [ 127.368946099999988, 26.2234869 ], [ 127.3693486, 26.2252589 ], [ 127.372112500000014, 26.2276622 ] ] ], [ [ [ 127.4520956, 26.2270817 ], [ 127.452875800000015, 26.2290047 ], [ 127.4518583, 26.2303536 ], [ 127.452359699999988, 26.2340261 ], [ 127.4514064, 26.234325 ], [ 127.4491928, 26.2327689 ], [ 127.4495139, 26.2298175 ], [ 127.4520956, 26.2270817 ] ] ], [ [ [ 127.4559239, 26.2415833 ], [ 127.455123300000011, 26.2397328 ], [ 127.455371899999989, 26.2376845 ], [ 127.4587606, 26.2389228 ], [ 127.4589686, 26.2413858 ], [ 127.45749, 26.2423308 ], [ 127.4559239, 26.2415833 ] ] ], [ [ [ 127.4042658, 26.2488547 ], [ 127.4073069, 26.2491681 ], [ 127.4063242, 26.2518392 ], [ 127.4048789, 26.2534675 ], [ 127.405412200000015, 26.2544653 ], [ 127.403153300000014, 26.2566044 ], [ 127.4010839, 26.2554761 ], [ 127.402272200000013, 26.2535094 ], [ 127.4027381, 26.2510581 ], [ 127.4042658, 26.2488547 ] ] ], [ [ [ 127.5783189, 26.2647997 ], [ 127.5770214, 26.2627033 ], [ 127.574727199999984, 26.2612269 ], [ 127.5751847, 26.2586064 ], [ 127.5781369, 26.2591417 ], [ 127.5793969, 26.2603083 ], [ 127.578569399999978, 26.2623033 ], [ 127.579503299999985, 26.2641517 ], [ 127.5783189, 26.2647997 ] ] ], [ [ [ 127.5850819, 26.2630639 ], [ 127.584329700000012, 26.2636106 ], [ 127.5794722, 26.2625456 ], [ 127.580192799999978, 26.2608325 ], [ 127.584536700000015, 26.2621058 ], [ 127.5850819, 26.2630639 ] ] ], [ [ [ 127.5412058, 26.2663269 ], [ 127.54108669999998, 26.2645572 ], [ 127.542578600000013, 26.2638756 ], [ 127.545474399999989, 26.2654419 ], [ 127.5538297, 26.2638981 ], [ 127.5542119, 26.2655886 ], [ 127.54662780000001, 26.2669975 ], [ 127.5412058, 26.2663269 ] ] ], [ [ [ 131.195112099999989, 24.4683119 ], [ 131.194527199999982, 24.4701858 ], [ 131.1913908, 24.4712859 ], [ 131.18642939999998, 24.4714244 ], [ 131.181865599999981, 24.4723233 ], [ 131.1808366, 24.4709531 ], [ 131.1843858, 24.4637206 ], [ 131.186357499999986, 24.4618872 ], [ 131.1892656, 24.4614811 ], [ 131.192153, 24.4631864 ], [ 131.195112099999989, 24.4683119 ] ] ], [ [ [ 131.2652067, 25.8669119 ], [ 131.2626922, 25.8686406 ], [ 131.258159399999982, 25.8704822 ], [ 131.2517286, 25.8720361 ], [ 131.244011699999987, 25.8721011 ], [ 131.2407342, 25.8724194 ], [ 131.2390828, 25.8718639 ], [ 131.235615, 25.8721347 ], [ 131.2280911, 25.8703803 ], [ 131.226280799999984, 25.8703322 ], [ 131.220601599999981, 25.8665586 ], [ 131.2197851, 25.8644529 ], [ 131.221031399999987, 25.8587008 ], [ 131.2208072, 25.8571753 ], [ 131.218243300000012, 25.8514583 ], [ 131.2172711, 25.8479611 ], [ 131.21699719999998, 25.8405378 ], [ 131.21767939999998, 25.8349253 ], [ 131.217289199999982, 25.8311067 ], [ 131.2134675, 25.8228936 ], [ 131.2207286, 25.8175358 ], [ 131.224664, 25.8152784 ], [ 131.2314586, 25.8128171 ], [ 131.233526899999987, 25.8126064 ], [ 131.2377578, 25.8132931 ], [ 131.239468599999981, 25.8130728 ], [ 131.2438771, 25.8137804 ], [ 131.245938099999989, 25.8146644 ], [ 131.2512367, 25.8160331 ], [ 131.255269299999981, 25.8166043 ], [ 131.2571132, 25.8175028 ], [ 131.2635977, 25.8234819 ], [ 131.2658744, 25.8264159 ], [ 131.2674414, 25.8300722 ], [ 131.2676031, 25.8316572 ], [ 131.2667888, 25.8345445 ], [ 131.2674051, 25.8386553 ], [ 131.270603099999988, 25.8472567 ], [ 131.273304199999984, 25.8525619 ], [ 131.2732231, 25.8546744 ], [ 131.271447199999983, 25.8584817 ], [ 131.269471899999985, 25.8614431 ], [ 131.2652067, 25.8669119 ] ] ], [ [ [ 131.3240133, 25.9557556 ], [ 131.319324199999983, 25.9563789 ], [ 131.312053599999984, 25.9555694 ], [ 131.306295, 25.9556314 ], [ 131.292741799999988, 25.9587202 ], [ 131.2859019, 25.9610003 ], [ 131.285119399999985, 25.9607831 ], [ 131.2839916, 25.957814 ], [ 131.283949899999982, 25.9555973 ], [ 131.285074, 25.9483817 ], [ 131.286578099999986, 25.9440746 ], [ 131.288274199999989, 25.9410358 ], [ 131.2912369, 25.9378003 ], [ 131.2917047, 25.9365317 ], [ 131.2942361, 25.9336861 ], [ 131.2951617, 25.9341814 ], [ 131.299106099999989, 25.9303697 ], [ 131.3053481, 25.9284083 ], [ 131.311288499999989, 25.9280133 ], [ 131.318906699999985, 25.9290278 ], [ 131.32213059999998, 25.9306778 ], [ 131.323145499999981, 25.9319036 ], [ 131.3237976, 25.9353168 ], [ 131.325453899999985, 25.9391744 ], [ 131.3280542, 25.9426908 ], [ 131.3300806, 25.9473467 ], [ 131.3321133, 25.9510919 ], [ 131.3308664, 25.9531851 ], [ 131.3240133, 25.9557556 ] ] ], [ [ [ 127.7267405, 26.0937358 ], [ 127.7265389, 26.0952454 ], [ 127.728147799999974, 26.0973477 ], [ 127.731578399999989, 26.0982247 ], [ 127.7343145, 26.0992946 ], [ 127.7354573, 26.1022764 ], [ 127.737738, 26.1045621 ], [ 127.7384401, 26.107962 ], [ 127.7394136, 26.1095274 ], [ 127.7430036, 26.1113386 ], [ 127.7430351, 26.1132964 ], [ 127.744750400000015, 26.1148454 ], [ 127.747176499999981, 26.1182575 ], [ 127.7501471, 26.119951 ], [ 127.755841, 26.1197866 ], [ 127.7583726, 26.1237929 ], [ 127.7622076, 26.1247311 ], [ 127.7622285, 26.1259513 ], [ 127.7673214, 26.1261428 ], [ 127.768211400000013, 26.1275964 ], [ 127.7673371, 26.1304242 ], [ 127.769705699999975, 26.1324101 ], [ 127.771002, 26.1323894 ], [ 127.775347299999979, 26.1349967 ], [ 127.7811643, 26.1348523 ], [ 127.783671700000014, 26.134126 ], [ 127.7849146, 26.132621 ], [ 127.7872822, 26.1328283 ], [ 127.7928992, 26.1349467 ], [ 127.798139, 26.140961 ], [ 127.7984828, 26.142585 ], [ 127.8001902, 26.1433805 ], [ 127.8028028, 26.1468153 ], [ 127.8045818, 26.1471386 ], [ 127.8066571, 26.1494028 ], [ 127.808554699999988, 26.1476428 ], [ 127.8103261, 26.1487522 ], [ 127.8082284, 26.1514836 ], [ 127.810707, 26.1534908 ], [ 127.8118901, 26.1552925 ], [ 127.815016899999975, 26.1566068 ], [ 127.818243099999989, 26.157387 ], [ 127.821562, 26.1604949 ], [ 127.8246314, 26.1650412 ], [ 127.8271265, 26.1666089 ], [ 127.8297677, 26.1654004 ], [ 127.831127599999974, 26.166877 ], [ 127.830216900000011, 26.1687303 ], [ 127.830139, 26.1714492 ], [ 127.830775, 26.1735456 ], [ 127.8300006, 26.1754789 ], [ 127.8311416, 26.1762944 ], [ 127.8280196, 26.179397 ], [ 127.825587200000015, 26.1791829 ], [ 127.8229681, 26.1799373 ], [ 127.8213006, 26.182195 ], [ 127.82246640000001, 26.1886261 ], [ 127.8210994, 26.1916534 ], [ 127.815492699999979, 26.1913962 ], [ 127.815403899999978, 26.190643 ], [ 127.808038299999978, 26.1897159 ], [ 127.80475770000001, 26.188188 ], [ 127.8026637, 26.1881983 ], [ 127.798302, 26.187064 ], [ 127.7950197, 26.1855917 ], [ 127.793669, 26.1841869 ], [ 127.7931515, 26.1821074 ], [ 127.79114509999998, 26.1809893 ], [ 127.790685900000014, 26.1784287 ], [ 127.790924899999979, 26.174404 ], [ 127.790514300000012, 26.1712322 ], [ 127.7872466, 26.1706245 ], [ 127.7853232, 26.1722977 ], [ 127.782254799999976, 26.1720524 ], [ 127.7778133, 26.1724955 ], [ 127.779495900000015, 26.1758034 ], [ 127.776052799999988, 26.1800181 ], [ 127.777115, 26.1824937 ], [ 127.7787587, 26.1830796 ], [ 127.7781084, 26.187283 ], [ 127.7760673, 26.1886198 ], [ 127.774293, 26.1895349 ], [ 127.7738478, 26.1911967 ], [ 127.7705513, 26.1928 ], [ 127.769101299999988, 26.1980201 ], [ 127.7690988, 26.200322 ], [ 127.770970799999986, 26.2023574 ], [ 127.765676, 26.2047473 ], [ 127.7671995, 26.2074913 ], [ 127.7700303, 26.2074911 ], [ 127.768729599999986, 26.2100629 ], [ 127.771822500000013, 26.2121412 ], [ 127.7734891, 26.2118596 ], [ 127.7739712, 26.2146011 ], [ 127.777627599999988, 26.2167333 ], [ 127.782789699999981, 26.2249001 ], [ 127.7844718, 26.226063 ], [ 127.787347900000015, 26.2260677 ], [ 127.7899545, 26.2300036 ], [ 127.7875089, 26.2319238 ], [ 127.7823486, 26.2342192 ], [ 127.777952199999973, 26.2369428 ], [ 127.7770242, 26.23617 ], [ 127.775112799999988, 26.2378319 ], [ 127.7717214, 26.2371706 ], [ 127.7671217, 26.2385822 ], [ 127.7663167, 26.2402111 ], [ 127.768110799999988, 26.2410447 ], [ 127.7648769, 26.2436125 ], [ 127.7658633, 26.2466142 ], [ 127.7651789, 26.2483431 ], [ 127.765966400000011, 26.2505081 ], [ 127.7684297, 26.2512447 ], [ 127.76926060000001, 26.2540889 ], [ 127.766739699999988, 26.2545225 ], [ 127.7645683, 26.2556683 ], [ 127.763378300000014, 26.2529331 ], [ 127.7615639, 26.2516989 ], [ 127.759716399999974, 26.2516181 ], [ 127.757495, 26.2498553 ], [ 127.7567364, 26.2513122 ], [ 127.7538006, 26.2519064 ], [ 127.7529572, 26.2513281 ], [ 127.7512767, 26.2513069 ], [ 127.7507111, 26.2489756 ], [ 127.7473308, 26.2447206 ], [ 127.7435717, 26.2434111 ], [ 127.741654199999985, 26.2399472 ], [ 127.739716099999981, 26.2394711 ], [ 127.738356900000014, 26.2363406 ], [ 127.7385964, 26.2337406 ], [ 127.7381156, 26.2315997 ], [ 127.7356761, 26.23012 ], [ 127.7331858, 26.2264997 ], [ 127.7362061, 26.2246667 ], [ 127.7359303, 26.2178122 ], [ 127.733555599999988, 26.2181683 ], [ 127.7317, 26.2165992 ], [ 127.7274814, 26.2150861 ], [ 127.72616330000001, 26.2130994 ], [ 127.722518900000011, 26.2097036 ], [ 127.7223961, 26.2060572 ], [ 127.7227856, 26.2031853 ], [ 127.7216108, 26.1984336 ], [ 127.7182275, 26.1958167 ], [ 127.716225799999989, 26.1963217 ], [ 127.713185, 26.1958983 ], [ 127.711818099999974, 26.1936186 ], [ 127.7077431, 26.1903233 ], [ 127.7038797, 26.1913186 ], [ 127.7011022, 26.1943036 ], [ 127.6993181, 26.1955297 ], [ 127.6965936, 26.1960622 ], [ 127.693542799999989, 26.1944697 ], [ 127.689741399999974, 26.1943519 ], [ 127.687955800000012, 26.1951919 ], [ 127.683244699999989, 26.1984306 ], [ 127.682079699999989, 26.1964603 ], [ 127.68056, 26.1891053 ], [ 127.6777678, 26.1865594 ], [ 127.6736383, 26.1850725 ], [ 127.6708511, 26.1821553 ], [ 127.668933900000013, 26.1818981 ], [ 127.6673542, 26.1832908 ], [ 127.665653100000014, 26.1819058 ], [ 127.6644753, 26.1829361 ], [ 127.66134, 26.1808419 ], [ 127.66019750000001, 26.1790506 ], [ 127.655245600000015, 26.1766719 ], [ 127.653239199999973, 26.1764286 ], [ 127.6438327, 26.1774179 ], [ 127.642983, 26.1766845 ], [ 127.6407479, 26.1773831 ], [ 127.64004460000001, 26.1753332 ], [ 127.642833, 26.1733617 ], [ 127.64592660000001, 26.1747771 ], [ 127.6482574, 26.1738266 ], [ 127.648549100000011, 26.1690169 ], [ 127.652345, 26.1691362 ], [ 127.6526479, 26.1669332 ], [ 127.6504289, 26.1658629 ], [ 127.6516792, 26.1642442 ], [ 127.65358329999998, 26.1653552 ], [ 127.653892, 26.1633313 ], [ 127.648670599999988, 26.1603703 ], [ 127.646779099999989, 26.1600606 ], [ 127.6468318, 26.1564303 ], [ 127.647968, 26.1545141 ], [ 127.6495346, 26.1546404 ], [ 127.6487281, 26.1574824 ], [ 127.6494652, 26.1603022 ], [ 127.6540967, 26.1619953 ], [ 127.659220600000012, 26.1614576 ], [ 127.6603694, 26.1619923 ], [ 127.6618859, 26.1600003 ], [ 127.6641746, 26.158913 ], [ 127.66591840000001, 26.1572711 ], [ 127.669267499999989, 26.1521592 ], [ 127.664789899999988, 26.1512736 ], [ 127.66499469999998, 26.1504854 ], [ 127.65941, 26.1492482 ], [ 127.657288299999976, 26.1474713 ], [ 127.6479648, 26.1453038 ], [ 127.650771400000011, 26.1353271 ], [ 127.6498947, 26.1344011 ], [ 127.650232500000016, 26.1321956 ], [ 127.651427399999989, 26.1308346 ], [ 127.6528695, 26.1260575 ], [ 127.6557766, 26.1272809 ], [ 127.6535951, 26.1328471 ], [ 127.653476799999979, 26.1352687 ], [ 127.660175699999982, 26.1368388 ], [ 127.660919099999987, 26.134204 ], [ 127.6585613, 26.1336493 ], [ 127.6589447, 26.1320674 ], [ 127.6676437, 26.1339616 ], [ 127.667138599999987, 26.1319733 ], [ 127.6626307, 26.1300288 ], [ 127.6634089, 26.1264936 ], [ 127.6646782, 26.1263526 ], [ 127.6646992, 26.1239788 ], [ 127.6624106, 26.1211979 ], [ 127.6627387, 26.1199387 ], [ 127.661502, 26.116378 ], [ 127.664445300000011, 26.1145892 ], [ 127.663847600000011, 26.1119358 ], [ 127.6619811, 26.11029 ], [ 127.66131369999998, 26.1071949 ], [ 127.659824399999977, 26.1054492 ], [ 127.6589457, 26.1025656 ], [ 127.658635300000014, 26.0978466 ], [ 127.658979799999983, 26.0941713 ], [ 127.6584913, 26.0919456 ], [ 127.6564727, 26.0912759 ], [ 127.6579075, 26.0886249 ], [ 127.6568093, 26.0867346 ], [ 127.656545900000012, 26.0843887 ], [ 127.6576665, 26.081695 ], [ 127.6588578, 26.0806456 ], [ 127.6619042, 26.0815283 ], [ 127.6636397, 26.0802695 ], [ 127.6672522, 26.0788127 ], [ 127.6734563, 26.0784125 ], [ 127.6746946, 26.0777043 ], [ 127.677396699999989, 26.0745638 ], [ 127.6803559, 26.0749267 ], [ 127.6823386, 26.0766762 ], [ 127.6846164, 26.0799541 ], [ 127.6866338, 26.0815224 ], [ 127.694687699999989, 26.0853683 ], [ 127.696861399999989, 26.0868032 ], [ 127.6992626, 26.0872885 ], [ 127.706931399999988, 26.0900465 ], [ 127.7087942, 26.0901484 ], [ 127.7134181, 26.0875464 ], [ 127.7170427, 26.0880691 ], [ 127.7205976, 26.0898949 ], [ 127.7240964, 26.0899713 ], [ 127.7255919, 26.0909093 ], [ 127.7267405, 26.0937358 ] ] ], [ [ [ 127.770832399999989, 26.1274363 ], [ 127.773637799999975, 26.126735 ], [ 127.7759146, 26.1292571 ], [ 127.776331, 26.1310307 ], [ 127.775367, 26.1320108 ], [ 127.7728957, 26.1321473 ], [ 127.770999299999986, 26.131496 ], [ 127.7692518, 26.128596 ], [ 127.770832399999989, 26.1274363 ] ] ], [ [ [ 127.6666641, 26.1532925 ], [ 127.667628799999989, 26.1537648 ], [ 127.664744, 26.1583064 ], [ 127.6600837, 26.1608533 ], [ 127.6561138, 26.1599925 ], [ 127.654229799999982, 26.1614282 ], [ 127.6502803, 26.1598583 ], [ 127.6492603, 26.1578003 ], [ 127.6501762, 26.1545989 ], [ 127.6498649, 26.1529947 ], [ 127.659641900000011, 26.1516563 ], [ 127.6666641, 26.1532925 ] ] ], [ [ [ 127.89533, 26.1599391 ], [ 127.8994904, 26.1619801 ], [ 127.9026376, 26.1645894 ], [ 127.909339099999983, 26.1694456 ], [ 127.9094935, 26.171836 ], [ 127.904978, 26.1681978 ], [ 127.9009354, 26.1681319 ], [ 127.897918300000015, 26.1672972 ], [ 127.8970678, 26.1653141 ], [ 127.888810299999975, 26.1623982 ], [ 127.8849763, 26.158731 ], [ 127.883776699999984, 26.1548757 ], [ 127.8858527, 26.154872 ], [ 127.887650599999986, 26.153864 ], [ 127.8921849, 26.1577495 ], [ 127.89533, 26.1599391 ] ] ], [ [ [ 128.229420799999986, 27.8761631 ], [ 128.227573899999982, 27.8780247 ], [ 128.2276881, 27.8805917 ], [ 128.2267708, 27.8833814 ], [ 128.225250599999981, 27.8849975 ], [ 128.222713299999981, 27.8852825 ], [ 128.2215953, 27.8852625 ], [ 128.219562199999984, 27.8814972 ], [ 128.218052199999988, 27.8798244 ], [ 128.2175028, 27.8777881 ], [ 128.218333900000033, 27.8763606 ], [ 128.2213, 27.8734408 ], [ 128.2229394, 27.8686964 ], [ 128.222888899999987, 27.8671228 ], [ 128.2263131, 27.8643056 ], [ 128.2294728, 27.8632742 ], [ 128.234015299999982, 27.8603633 ], [ 128.2356967, 27.8625178 ], [ 128.235143599999986, 27.8636642 ], [ 128.2364139, 27.8664067 ], [ 128.233051099999983, 27.8711139 ], [ 128.233418299999983, 27.8727753 ], [ 128.232361699999984, 27.8742128 ], [ 128.229420799999986, 27.8761631 ] ] ] ] } },
{ "type": "Feature", "properties": { "hokenjo": "八重山" }, "geometry": { "type": "MultiPolygon", "coordinates": [ [ [ [ 123.8031183, 24.0679778 ], [ 123.796220299999987, 24.0702303 ], [ 123.7904408, 24.0715064 ], [ 123.7871194, 24.0717492 ], [ 123.7841975, 24.0714472 ], [ 123.7766819, 24.071425 ], [ 123.7696458, 24.06814 ], [ 123.7687668, 24.0684007 ], [ 123.7649223, 24.0664469 ], [ 123.763482200000013, 24.064935 ], [ 123.7592736, 24.0634778 ], [ 123.754228899999987, 24.0628622 ], [ 123.7538417, 24.0611183 ], [ 123.7547819, 24.0588381 ], [ 123.7533605, 24.0571701 ], [ 123.753079199999988, 24.0531072 ], [ 123.7551008, 24.0506997 ], [ 123.7571472, 24.0494408 ], [ 123.7604408, 24.0485122 ], [ 123.7649944, 24.0485817 ], [ 123.7668592, 24.0477022 ], [ 123.7724328, 24.0475753 ], [ 123.774893600000013, 24.0468272 ], [ 123.781958499999988, 24.0478153 ], [ 123.7847128, 24.0459342 ], [ 123.7882778, 24.0456158 ], [ 123.7953494, 24.0458719 ], [ 123.7960069, 24.0476103 ], [ 123.798931900000014, 24.0489931 ], [ 123.803043100000011, 24.0488633 ], [ 123.8050043, 24.050286 ], [ 123.80577310000001, 24.0532164 ], [ 123.8098842, 24.0586103 ], [ 123.8105969, 24.0607833 ], [ 123.81020359999998, 24.0632897 ], [ 123.8089869, 24.0651103 ], [ 123.807048299999977, 24.0664481 ], [ 123.8031183, 24.0679778 ] ] ], [ [ [ 123.568958900000013, 24.1952953 ], [ 123.5694422, 24.1963822 ], [ 123.564943899999989, 24.1957492 ], [ 123.564379199999976, 24.1963906 ], [ 123.5609625, 24.19527 ], [ 123.5611225, 24.1924075 ], [ 123.563203300000012, 24.1940869 ], [ 123.5667214, 24.1952333 ], [ 123.568958900000013, 24.1952953 ] ] ], [ [ [ 123.7997617, 24.4223989 ], [ 123.7956683, 24.4254694 ], [ 123.7923333, 24.4271342 ], [ 123.781995, 24.4373222 ], [ 123.7779756, 24.4369669 ], [ 123.770260600000015, 24.4368986 ], [ 123.7670178, 24.4351344 ], [ 123.765954199999982, 24.4328186 ], [ 123.76408, 24.4303581 ], [ 123.7645269, 24.4266961 ], [ 123.7667247, 24.4255433 ], [ 123.7678775, 24.428275 ], [ 123.7701336, 24.4282356 ], [ 123.7724394, 24.4266269 ], [ 123.773764699999987, 24.4246683 ], [ 123.7742703, 24.4223206 ], [ 123.7727253, 24.4176133 ], [ 123.768254700000014, 24.416445 ], [ 123.7674174, 24.4171568 ], [ 123.7611511, 24.4143569 ], [ 123.7607753, 24.4112242 ], [ 123.7585103, 24.4082781 ], [ 123.753185, 24.4050669 ], [ 123.751188899999988, 24.4030353 ], [ 123.751213299999989, 24.4013192 ], [ 123.7538439, 24.3978031 ], [ 123.7537089, 24.3932094 ], [ 123.7525592, 24.3914028 ], [ 123.75099, 24.3917053 ], [ 123.746831700000016, 24.3912265 ], [ 123.7460258, 24.3937336 ], [ 123.7430622, 24.3937336 ], [ 123.7423863, 24.3900297 ], [ 123.743259399999985, 24.3882758 ], [ 123.7460158, 24.3887986 ], [ 123.7474043, 24.3839957 ], [ 123.748594700000012, 24.3815539 ], [ 123.7506078, 24.3803313 ], [ 123.7529936, 24.3769711 ], [ 123.7528278, 24.3739661 ], [ 123.7501897, 24.3711289 ], [ 123.745039199999979, 24.3687189 ], [ 123.743037199999975, 24.3684197 ], [ 123.7437453, 24.3653719 ], [ 123.7460556, 24.3620869 ], [ 123.7452283, 24.3605856 ], [ 123.7465444, 24.3593064 ], [ 123.7509642, 24.3599158 ], [ 123.7520264, 24.3592731 ], [ 123.752586099999988, 24.3553986 ], [ 123.75349749999998, 24.3532256 ], [ 123.750535, 24.3502794 ], [ 123.7476261, 24.3462947 ], [ 123.746560299999985, 24.3458828 ], [ 123.744650599999986, 24.3426769 ], [ 123.747022199999989, 24.3400806 ], [ 123.750151699999989, 24.3383928 ], [ 123.750370800000013, 24.3364867 ], [ 123.747538600000013, 24.3314844 ], [ 123.7471447, 24.3293564 ], [ 123.747461699999988, 24.3254331 ], [ 123.7465872, 24.3236692 ], [ 123.748059199999986, 24.3222828 ], [ 123.7502019, 24.3165139 ], [ 123.7504358, 24.3143939 ], [ 123.7515778, 24.3126928 ], [ 123.7485358, 24.3114494 ], [ 123.7464072, 24.3139792 ], [ 123.7453253, 24.3184978 ], [ 123.74261580000001, 24.3198689 ], [ 123.7402497, 24.3152 ], [ 123.739381099999974, 24.3184956 ], [ 123.7402089, 24.3195808 ], [ 123.7395294, 24.3215042 ], [ 123.737416700000011, 24.3244969 ], [ 123.7370444, 24.3271836 ], [ 123.7377094, 24.3294189 ], [ 123.7366947, 24.3308833 ], [ 123.734756100000013, 24.3317903 ], [ 123.7313533, 24.3305942 ], [ 123.729368899999983, 24.3311542 ], [ 123.7283314, 24.333875 ], [ 123.7297533, 24.3394772 ], [ 123.7294025, 24.3416897 ], [ 123.726758600000011, 24.3434014 ], [ 123.724863899999988, 24.3434894 ], [ 123.724646400000012, 24.3408603 ], [ 123.72265, 24.3391275 ], [ 123.7201408, 24.3381822 ], [ 123.71930780000001, 24.3365456 ], [ 123.717096900000016, 24.3348194 ], [ 123.71485220000001, 24.3347397 ], [ 123.713975, 24.3325947 ], [ 123.714271900000014, 24.3294286 ], [ 123.7107122, 24.3320614 ], [ 123.7113022, 24.3331556 ], [ 123.7095058, 24.33744 ], [ 123.7060222, 24.339935 ], [ 123.7056725, 24.3425964 ], [ 123.7037589, 24.3452766 ], [ 123.7056386, 24.3468669 ], [ 123.706005300000015, 24.3482039 ], [ 123.7043592, 24.349729 ], [ 123.7009803, 24.3479314 ], [ 123.700217899999984, 24.346325 ], [ 123.7012353, 24.3453703 ], [ 123.700672700000013, 24.3400104 ], [ 123.701796399999978, 24.3356489 ], [ 123.70279690000001, 24.3334697 ], [ 123.7042942, 24.332545 ], [ 123.70596279999998, 24.3298636 ], [ 123.70672639999998, 24.3261692 ], [ 123.7086003, 24.3236853 ], [ 123.7080114, 24.3203961 ], [ 123.7088886, 24.3187253 ], [ 123.7114697, 24.3179494 ], [ 123.7102372, 24.3148733 ], [ 123.706173600000014, 24.3154156 ], [ 123.70443419999998, 24.3149228 ], [ 123.7035669, 24.3162297 ], [ 123.7046586, 24.3186744 ], [ 123.7023989, 24.3235842 ], [ 123.7007383, 24.3258103 ], [ 123.6987053, 24.3266311 ], [ 123.6959625, 24.3268597 ], [ 123.6921111, 24.3283161 ], [ 123.6865683, 24.3327161 ], [ 123.6831381, 24.3308508 ], [ 123.680616699999987, 24.3252964 ], [ 123.6800006, 24.3222114 ], [ 123.6830467, 24.3220197 ], [ 123.6840006, 24.3202756 ], [ 123.6831219, 24.31723 ], [ 123.6847319, 24.3129231 ], [ 123.687035599999987, 24.3105164 ], [ 123.6845175, 24.3085122 ], [ 123.681857799999989, 24.3077619 ], [ 123.6787753, 24.3128947 ], [ 123.676834199999988, 24.3117411 ], [ 123.6742422, 24.3114139 ], [ 123.673791099999988, 24.3125869 ], [ 123.670611099999988, 24.3140011 ], [ 123.665259699999979, 24.3100028 ], [ 123.66356780000001, 24.3106508 ], [ 123.661665, 24.3084042 ], [ 123.6637267, 24.3063114 ], [ 123.663625799999977, 24.3051075 ], [ 123.6677692, 24.3014358 ], [ 123.6697117, 24.2966431 ], [ 123.673645799999989, 24.2919267 ], [ 123.6746647, 24.2898325 ], [ 123.6802364, 24.2832842 ], [ 123.6862547, 24.2820733 ], [ 123.6908725, 24.2818164 ], [ 123.693664399999989, 24.2835661 ], [ 123.6963981, 24.2835889 ], [ 123.6999597, 24.2817006 ], [ 123.7032014, 24.2792506 ], [ 123.7068739, 24.2782178 ], [ 123.709909200000013, 24.2782231 ], [ 123.7159644, 24.2776189 ], [ 123.719033599999989, 24.2783272 ], [ 123.7197142, 24.2824989 ], [ 123.7216044, 24.2867608 ], [ 123.7200469, 24.2896647 ], [ 123.720212199999978, 24.2919897 ], [ 123.7216203, 24.2965208 ], [ 123.7207547, 24.2981806 ], [ 123.7230547, 24.2996058 ], [ 123.7331797, 24.2962211 ], [ 123.736953899999975, 24.2942283 ], [ 123.7409125, 24.2904575 ], [ 123.740601700000013, 24.2887528 ], [ 123.7493506, 24.2840642 ], [ 123.752668899999989, 24.2808186 ], [ 123.754875799999979, 24.2796753 ], [ 123.7633783, 24.2783175 ], [ 123.766946699999977, 24.2771792 ], [ 123.773494199999973, 24.2762314 ], [ 123.7761383, 24.2746228 ], [ 123.778105599999989, 24.2746903 ], [ 123.781291700000011, 24.2764203 ], [ 123.784231699999978, 24.2763186 ], [ 123.786417199999988, 24.2751219 ], [ 123.78973830000001, 24.2751458 ], [ 123.795169199999989, 24.2735211 ], [ 123.7997283, 24.271585 ], [ 123.801892200000012, 24.2712803 ], [ 123.8056789, 24.2696006 ], [ 123.8114756, 24.2711022 ], [ 123.8191708, 24.2704231 ], [ 123.8232211, 24.2715686 ], [ 123.8299692, 24.2722208 ], [ 123.833276099999978, 24.2720194 ], [ 123.844778299999987, 24.2676139 ], [ 123.8496922, 24.2643264 ], [ 123.851910599999982, 24.2619842 ], [ 123.8625522, 24.2562994 ], [ 123.86447, 24.2557433 ], [ 123.869538100000014, 24.2560681 ], [ 123.8740581, 24.2551739 ], [ 123.8780053, 24.2553772 ], [ 123.8805781, 24.2562389 ], [ 123.8825539, 24.2612194 ], [ 123.881193299999978, 24.2645269 ], [ 123.884240800000015, 24.26982 ], [ 123.8829306, 24.2714717 ], [ 123.8833703, 24.2755311 ], [ 123.880431699999988, 24.2755508 ], [ 123.8788803, 24.2762767 ], [ 123.8793775, 24.2789289 ], [ 123.8810078, 24.2804211 ], [ 123.8844083, 24.2807878 ], [ 123.8855203, 24.2800003 ], [ 123.8909414, 24.2804842 ], [ 123.891903599999978, 24.2782289 ], [ 123.8962092, 24.277855 ], [ 123.898484200000013, 24.2749508 ], [ 123.9007403, 24.2738231 ], [ 123.902778599999976, 24.2740728 ], [ 123.9044872, 24.2752469 ], [ 123.9030739, 24.2790056 ], [ 123.9026278, 24.2829539 ], [ 123.9034903, 24.2836742 ], [ 123.903461399999983, 24.2885175 ], [ 123.9023089, 24.2907628 ], [ 123.90198310000001, 24.2953069 ], [ 123.8996844, 24.29877 ], [ 123.8990708, 24.3010086 ], [ 123.902064700000011, 24.3043339 ], [ 123.90124, 24.3059772 ], [ 123.9021444, 24.3083331 ], [ 123.9044686, 24.3094822 ], [ 123.9071411, 24.3120733 ], [ 123.906182199999989, 24.3130539 ], [ 123.907924200000011, 24.3152231 ], [ 123.9088472, 24.3178861 ], [ 123.9103506, 24.3194658 ], [ 123.9126858, 24.3199939 ], [ 123.910648400000014, 24.3223037 ], [ 123.9109675, 24.3240067 ], [ 123.9142331, 24.3253761 ], [ 123.915900600000015, 24.3243011 ], [ 123.9185914, 24.3240247 ], [ 123.9217072, 24.3213614 ], [ 123.9229817, 24.31813 ], [ 123.9248142, 24.3177419 ], [ 123.9280539, 24.3158839 ], [ 123.9282169, 24.3198408 ], [ 123.9257956, 24.3215406 ], [ 123.9246606, 24.3244017 ], [ 123.92511, 24.3263731 ], [ 123.9278756, 24.32787 ], [ 123.9297211, 24.3280503 ], [ 123.928790299999989, 24.3302158 ], [ 123.927284199999988, 24.3316583 ], [ 123.926726699999989, 24.3338667 ], [ 123.9284147, 24.3378964 ], [ 123.9272997, 24.3395844 ], [ 123.9267836, 24.3426547 ], [ 123.927959199999989, 24.3445686 ], [ 123.93257939999998, 24.3471819 ], [ 123.936162200000012, 24.3495836 ], [ 123.9374403, 24.35334 ], [ 123.938136699999987, 24.3586344 ], [ 123.9406192, 24.3604831 ], [ 123.9396214, 24.3650408 ], [ 123.9385064, 24.3656222 ], [ 123.934896400000014, 24.3655042 ], [ 123.927257199999985, 24.3657356 ], [ 123.922562, 24.3665678 ], [ 123.9214972, 24.368575 ], [ 123.9182572, 24.3716794 ], [ 123.9184419, 24.3745469 ], [ 123.916953299999989, 24.3784278 ], [ 123.908566899999983, 24.3826247 ], [ 123.9060719, 24.3846169 ], [ 123.9028439, 24.3855992 ], [ 123.8997267, 24.3837931 ], [ 123.8968067, 24.3845439 ], [ 123.8947461, 24.3868189 ], [ 123.8914008, 24.3875175 ], [ 123.889913100000015, 24.3848772 ], [ 123.8868697, 24.3847814 ], [ 123.882335799999979, 24.3886197 ], [ 123.880808300000012, 24.3926389 ], [ 123.8813806, 24.3944864 ], [ 123.8808636, 24.3962681 ], [ 123.8811097, 24.3994369 ], [ 123.879510799999977, 24.4010544 ], [ 123.87002360000001, 24.4045739 ], [ 123.8684278, 24.4043175 ], [ 123.8681181, 24.4015292 ], [ 123.867033599999985, 24.3993897 ], [ 123.867385, 24.3980803 ], [ 123.864055, 24.3949842 ], [ 123.8616711, 24.3948028 ], [ 123.8558278, 24.3978717 ], [ 123.8546081, 24.3990178 ], [ 123.854834200000013, 24.4025792 ], [ 123.848479199999986, 24.4044869 ], [ 123.845198599999989, 24.4032369 ], [ 123.844350800000015, 24.4023372 ], [ 123.839120799999989, 24.4035903 ], [ 123.8324858, 24.4075303 ], [ 123.8317388, 24.4056161 ], [ 123.830071100000012, 24.4047814 ], [ 123.829509, 24.3991534 ], [ 123.8265472, 24.3971444 ], [ 123.824070600000013, 24.3973644 ], [ 123.8224564, 24.3960044 ], [ 123.8213962, 24.3916667 ], [ 123.8196594, 24.3921156 ], [ 123.816973600000011, 24.3910597 ], [ 123.815698599999976, 24.3940967 ], [ 123.814431700000014, 24.3940528 ], [ 123.8106283, 24.3982189 ], [ 123.809537799999987, 24.3999122 ], [ 123.810345, 24.4013625 ], [ 123.8104064, 24.4041903 ], [ 123.8118856, 24.4051189 ], [ 123.8131853, 24.4083614 ], [ 123.811873100000014, 24.4112569 ], [ 123.8096922, 24.4115958 ], [ 123.8050469, 24.4131425 ], [ 123.8011443, 24.415624 ], [ 123.79994, 24.4187131 ], [ 123.7997617, 24.4223989 ] ] ], [ [ [ 123.741354, 24.3571226 ], [ 123.73943890000001, 24.3583397 ], [ 123.7357739, 24.3589097 ], [ 123.73174419999998, 24.3612125 ], [ 123.7312514, 24.3630133 ], [ 123.733370599999986, 24.3646047 ], [ 123.7308878, 24.3654458 ], [ 123.7298714, 24.3630019 ], [ 123.7283806, 24.3629342 ], [ 123.7242097, 24.3645036 ], [ 123.724499199999983, 24.3615628 ], [ 123.7241108, 24.3591811 ], [ 123.726938600000011, 24.3572167 ], [ 123.7302989, 24.3527927 ], [ 123.733238299999982, 24.3514525 ], [ 123.7348364, 24.3496419 ], [ 123.738375, 24.3477181 ], [ 123.740816899999984, 24.3458602 ], [ 123.7419377, 24.3457919 ], [ 123.7446014, 24.3480842 ], [ 123.743492499999988, 24.3508722 ], [ 123.743862199999981, 24.3540444 ], [ 123.7416136, 24.3554892 ], [ 123.741354, 24.3571226 ] ] ], [ [ [ 123.7221956, 24.3756278 ], [ 123.723439700000014, 24.3765142 ], [ 123.726699200000013, 24.3767342 ], [ 123.72841360000001, 24.3779328 ], [ 123.7251022, 24.3801239 ], [ 123.7181785, 24.3780414 ], [ 123.7144725, 24.3779172 ], [ 123.712852500000011, 24.3769725 ], [ 123.7110944, 24.3739672 ], [ 123.7115116, 24.3706253 ], [ 123.7185617, 24.3651642 ], [ 123.7197803, 24.3672353 ], [ 123.7204425, 24.3727064 ], [ 123.7221956, 24.3756278 ] ] ], [ [ [ 123.0156632, 24.472154 ], [ 123.0126628, 24.4737027 ], [ 123.0074835, 24.473353 ], [ 123.006565299999977, 24.4743669 ], [ 123.0047801, 24.4741845 ], [ 123.0014262, 24.4702636 ], [ 122.9991127, 24.47 ], [ 122.995061099999987, 24.4731371 ], [ 122.990299499999978, 24.4718072 ], [ 122.9892501, 24.4708263 ], [ 122.9796769, 24.4685076 ], [ 122.9770525, 24.4685665 ], [ 122.9744013, 24.4673099 ], [ 122.973351900000011, 24.4684197 ], [ 122.9707076, 24.4679676 ], [ 122.9704695, 24.4694294 ], [ 122.967688699999982, 24.4697257 ], [ 122.964307099999985, 24.4722069 ], [ 122.9625699, 24.4725558 ], [ 122.9600409, 24.4709435 ], [ 122.9552551, 24.4667361 ], [ 122.9546728, 24.4645306 ], [ 122.954983500000012, 24.4620087 ], [ 122.950622599999988, 24.4597866 ], [ 122.9434292, 24.4581635 ], [ 122.9411105, 24.4559825 ], [ 122.9413029, 24.453868 ], [ 122.942673199999987, 24.4518531 ], [ 122.939348699999982, 24.4480752 ], [ 122.9367092, 24.4504998 ], [ 122.934933, 24.4508682 ], [ 122.9338857, 24.4486634 ], [ 122.935708299999988, 24.4471738 ], [ 122.9389981, 24.446373 ], [ 122.9401561, 24.4441392 ], [ 122.9440195, 24.4438107 ], [ 122.948065, 24.4443048 ], [ 122.95130970000001, 24.4422738 ], [ 122.95198, 24.4410506 ], [ 122.9548514, 24.442 ], [ 122.958233299999989, 24.4408382 ], [ 122.9633202, 24.4400369 ], [ 122.966608799999989, 24.4376322 ], [ 122.9712189, 24.4377207 ], [ 122.9737855, 24.437091 ], [ 122.9749158, 24.438586 ], [ 122.982000700000015, 24.438141 ], [ 122.9816858, 24.440548 ], [ 122.982608200000016, 24.4420959 ], [ 122.984532099999981, 24.4429668 ], [ 122.98856880000001, 24.4408092 ], [ 122.9900058, 24.4414354 ], [ 122.9971655, 24.4397193 ], [ 123.002291199999974, 24.4412637 ], [ 123.00434869999998, 24.4404915 ], [ 123.0068944, 24.4382721 ], [ 123.0092189, 24.4382774 ], [ 123.010547100000011, 24.4367063 ], [ 123.0119716, 24.4373835 ], [ 123.0143423, 24.4406093 ], [ 123.0167749, 24.4413035 ], [ 123.0178549, 24.4430751 ], [ 123.0194222, 24.4437099 ], [ 123.0202632, 24.4456333 ], [ 123.0231205, 24.4467091 ], [ 123.0240153, 24.4478227 ], [ 123.0278767, 24.4496384 ], [ 123.029486, 24.4499381 ], [ 123.034570199999976, 24.4542959 ], [ 123.0342332, 24.4563609 ], [ 123.0350143, 24.4573402 ], [ 123.0372631, 24.4577492 ], [ 123.040276800000015, 24.4598678 ], [ 123.0428975, 24.4603822 ], [ 123.0437183, 24.4626474 ], [ 123.042029, 24.4639907 ], [ 123.0385485, 24.4629346 ], [ 123.03353869999998, 24.4652514 ], [ 123.028325, 24.4669767 ], [ 123.024871800000014, 24.4691359 ], [ 123.019978, 24.4711288 ], [ 123.0161193, 24.470881 ], [ 123.0156632, 24.472154 ] ] ], [ [ [ 123.825050599999983, 24.4742075 ], [ 123.8233336, 24.4759094 ], [ 123.8212158, 24.476635 ], [ 123.8173628, 24.4771542 ], [ 123.8152386, 24.4768947 ], [ 123.8137344, 24.4747131 ], [ 123.8138681, 24.4733256 ], [ 123.8168972, 24.4692153 ], [ 123.8197486, 24.4679122 ], [ 123.8244467, 24.4679919 ], [ 123.825365299999987, 24.4688214 ], [ 123.8263822, 24.4717211 ], [ 123.825050599999983, 24.4742075 ] ] ], [ [ [ 123.55245859999998, 25.7204733 ], [ 123.5551967, 25.7207556 ], [ 123.5545861, 25.7232928 ], [ 123.550373900000011, 25.7255769 ], [ 123.5461708, 25.7250567 ], [ 123.54507430000001, 25.7228927 ], [ 123.55245859999998, 25.7204733 ] ] ], [ [ [ 123.5415344, 25.7259794 ], [ 123.5445683, 25.7261006 ], [ 123.5447926, 25.7278944 ], [ 123.5415842, 25.7335 ], [ 123.54145, 25.7345019 ], [ 123.538771399999987, 25.7324164 ], [ 123.5413412, 25.7279211 ], [ 123.5415344, 25.7259794 ] ] ], [ [ [ 123.4877436, 25.7484358 ], [ 123.4868425, 25.7494867 ], [ 123.483240299999977, 25.7494944 ], [ 123.480416399999982, 25.7500339 ], [ 123.4764697, 25.7518006 ], [ 123.469791399999977, 25.7499944 ], [ 123.4642686, 25.7472258 ], [ 123.4601728, 25.7439692 ], [ 123.4584094, 25.7412853 ], [ 123.457920800000011, 25.7393242 ], [ 123.4595281, 25.7352206 ], [ 123.4641569, 25.7346253 ], [ 123.4658169, 25.7357936 ], [ 123.4702528, 25.7371314 ], [ 123.4714317, 25.7383214 ], [ 123.47395, 25.7385989 ], [ 123.4744143, 25.7397743 ], [ 123.4786411, 25.7413647 ], [ 123.4824039, 25.7404783 ], [ 123.4847525, 25.74104 ], [ 123.488493600000012, 25.7405208 ], [ 123.4916614, 25.7413986 ], [ 123.4935614, 25.7430667 ], [ 123.493056700000011, 25.7445169 ], [ 123.490991699999981, 25.7466278 ], [ 123.4877436, 25.7484358 ] ] ], [ [ [ 123.6859608, 25.9196569 ], [ 123.6885003, 25.9220164 ], [ 123.6874501, 25.9245098 ], [ 123.6825931, 25.9287806 ], [ 123.6804544, 25.9286714 ], [ 123.6776186, 25.9263375 ], [ 123.6760028, 25.9234736 ], [ 123.6792161, 25.9198911 ], [ 123.681356099999988, 25.9192764 ], [ 123.6859608, 25.9196569 ] ] ], [ [ [ 123.936596699999981, 24.2143808 ], [ 123.9366186, 24.2173217 ], [ 123.934783900000014, 24.2191833 ], [ 123.934503099999986, 24.2213875 ], [ 123.9292117, 24.2204828 ], [ 123.925135799999978, 24.2208008 ], [ 123.920787799999985, 24.2174517 ], [ 123.9221736, 24.2163328 ], [ 123.9225564, 24.214545 ], [ 123.925645, 24.2112089 ], [ 123.929904599999986, 24.209046 ], [ 123.9322615, 24.2088781 ], [ 123.9358892, 24.2119058 ], [ 123.936596699999981, 24.2143808 ] ] ], [ [ [ 123.9543753, 24.2373875 ], [ 123.954467799999989, 24.2396394 ], [ 123.9524283, 24.2421544 ], [ 123.9506197, 24.2428192 ], [ 123.9484739, 24.2424344 ], [ 123.94599190000001, 24.2399897 ], [ 123.941091899999989, 24.2365781 ], [ 123.93896, 24.2346561 ], [ 123.9390153, 24.2321675 ], [ 123.9364128, 24.2283531 ], [ 123.9360808, 24.2257786 ], [ 123.9382433, 24.2248008 ], [ 123.9416944, 24.2258025 ], [ 123.946247500000013, 24.2306933 ], [ 123.9490933, 24.2322569 ], [ 123.9543753, 24.2373875 ] ] ], [ [ [ 124.0242772, 24.2500443 ], [ 124.021694, 24.2477404 ], [ 124.0162408, 24.2470522 ], [ 124.0037138, 24.2522511 ], [ 124.0042413, 24.2538644 ], [ 124.003635300000013, 24.252286 ], [ 124.0005698, 24.2542028 ], [ 123.9983386, 24.2539541 ], [ 123.9931808, 24.2504981 ], [ 123.9910078, 24.2472597 ], [ 123.99116810000001, 24.24129 ], [ 123.9924414, 24.2379342 ], [ 123.9946908, 24.2364708 ], [ 123.9960931, 24.2330036 ], [ 123.9984831, 24.2303931 ], [ 124.0013286, 24.2241533 ], [ 124.0041189, 24.2213678 ], [ 124.0077269, 24.2203603 ], [ 124.0109144, 24.2206114 ], [ 124.0137967, 24.2214636 ], [ 124.0213306, 24.2262672 ], [ 124.026865, 24.2302664 ], [ 124.0291475, 24.2332439 ], [ 124.030249200000014, 24.23783 ], [ 124.0298708, 24.241925 ], [ 124.0286894, 24.2454133 ], [ 124.0256842, 24.2494011 ], [ 124.0242772, 24.2500443 ] ] ], [ [ [ 124.0990064, 24.3289192 ], [ 124.095513900000014, 24.333208 ], [ 124.0953053, 24.3344174 ], [ 124.0929202, 24.3368502 ], [ 124.0868714, 24.3404878 ], [ 124.0834, 24.3393667 ], [ 124.0805939, 24.3360611 ], [ 124.0792028, 24.3280222 ], [ 124.0781933, 24.3259172 ], [ 124.075995800000015, 24.3252906 ], [ 124.077011399999989, 24.3218028 ], [ 124.0766236, 24.3206117 ], [ 124.0785936, 24.3158314 ], [ 124.0802308, 24.3134431 ], [ 124.082013100000012, 24.3122858 ], [ 124.084725, 24.3117564 ], [ 124.088849400000015, 24.3122583 ], [ 124.0925633, 24.3136564 ], [ 124.097750800000014, 24.3187203 ], [ 124.10201690000001, 24.3208761 ], [ 124.1003239, 24.3240878 ], [ 124.0990064, 24.3289192 ] ] ], [ [ [ 124.1553843, 24.3294123 ], [ 124.1558614, 24.3302463 ], [ 124.160335, 24.3314294 ], [ 124.1565456, 24.3330934 ], [ 124.153287800000015, 24.3345248 ], [ 124.1406723, 24.3323253 ], [ 124.1416037, 24.3274343 ], [ 124.1474287, 24.3283622 ], [ 124.1544421, 24.328479 ], [ 124.1553843, 24.3294123 ] ], [ [ 124.154397499999988, 24.3285962 ], [ 124.1474065, 24.3284785 ], [ 124.1470019, 24.3305879 ], [ 124.150558, 24.3310492 ], [ 124.15273040000001, 24.3309321 ], [ 124.15469109999998, 24.3299964 ], [ 124.155287, 24.3294754 ], [ 124.154397499999988, 24.3285962 ] ] ], [ [ [ 123.9911839, 24.3439108 ], [ 123.9923144, 24.3467669 ], [ 123.9836383, 24.3521303 ], [ 123.9795736, 24.3536206 ], [ 123.9743875, 24.3547972 ], [ 123.9725769, 24.3547606 ], [ 123.9697372, 24.35332 ], [ 123.9671447, 24.352665 ], [ 123.9647361, 24.3513275 ], [ 123.963512199999982, 24.3484008 ], [ 123.9673942, 24.3453214 ], [ 123.96918860000001, 24.3431606 ], [ 123.9692872, 24.3397628 ], [ 123.9686894, 24.3384072 ], [ 123.96613, 24.3380478 ], [ 123.9625989, 24.3368844 ], [ 123.961456899999988, 24.3357769 ], [ 123.9587742, 24.3355917 ], [ 123.9538597, 24.3365794 ], [ 123.9525169, 24.3352194 ], [ 123.9516944, 24.3329644 ], [ 123.9543593, 24.3319196 ], [ 123.9551219, 24.3329561 ], [ 123.9607328, 24.3341978 ], [ 123.9630003, 24.3327033 ], [ 123.9706975, 24.3325778 ], [ 123.971590800000016, 24.3317083 ], [ 123.9753717, 24.3317989 ], [ 123.9833303, 24.3310411 ], [ 123.9861697, 24.3304189 ], [ 123.9884444, 24.3289175 ], [ 123.988298300000011, 24.3259458 ], [ 123.988926699999979, 24.3245233 ], [ 123.9916117, 24.3235411 ], [ 123.993636399999986, 24.323515 ], [ 123.996655599999983, 24.3253531 ], [ 124.0026478, 24.3268372 ], [ 124.0036964, 24.3294767 ], [ 124.0024264, 24.3327297 ], [ 123.999541099999988, 24.3349864 ], [ 123.994937799999988, 24.3361333 ], [ 123.9922342, 24.3377925 ], [ 123.9896747, 24.3409183 ], [ 123.989332800000014, 24.3429047 ], [ 123.9911839, 24.3439108 ] ] ], [ [ [ 123.9313228, 24.3411647 ], [ 123.933854400000016, 24.3417517 ], [ 123.9355, 24.3432739 ], [ 123.9361711, 24.3456917 ], [ 123.935671899999988, 24.3467244 ], [ 123.9344336, 24.3460867 ], [ 123.9346494, 24.343925 ], [ 123.9328936, 24.3438967 ], [ 123.930565, 24.3425081 ], [ 123.9313228, 24.3411647 ] ] ], [ [ [ 124.001115, 24.3602283 ], [ 124.0044028, 24.3619122 ], [ 124.0013481, 24.3656942 ], [ 123.9994697, 24.3668456 ], [ 123.996495, 24.3653303 ], [ 123.995694199999988, 24.3642519 ], [ 123.9964222, 24.3623056 ], [ 124.001115, 24.3602283 ] ] ], [ [ [ 124.148987, 24.4541203 ], [ 124.1504261, 24.4536951 ], [ 124.1526861, 24.455427 ], [ 124.152028399999978, 24.4581208 ], [ 124.148436100000012, 24.462129 ], [ 124.1461483, 24.4576865 ], [ 124.1479903, 24.4562026 ], [ 124.148987, 24.4541203 ] ] ], [ [ [ 124.3320234, 24.6063036 ], [ 124.329287, 24.6060425 ], [ 124.3220105, 24.6076202 ], [ 124.31982690000001, 24.6086827 ], [ 124.316468799999981, 24.6121199 ], [ 124.3121623, 24.6105332 ], [ 124.3116331, 24.6087204 ], [ 124.311817, 24.6032255 ], [ 124.3111523, 24.5996021 ], [ 124.311582800000011, 24.5946609 ], [ 124.3090306, 24.5900669 ], [ 124.3083636, 24.5873202 ], [ 124.30652809999998, 24.5849822 ], [ 124.30428, 24.5834118 ], [ 124.301829099999978, 24.5806223 ], [ 124.3015525, 24.578343 ], [ 124.3005521, 24.5769499 ], [ 124.2989859, 24.5726201 ], [ 124.2975423, 24.5700446 ], [ 124.293835800000011, 24.5681094 ], [ 124.2924538, 24.5679271 ], [ 124.2867098, 24.5638395 ], [ 124.2845705, 24.5619566 ], [ 124.283046200000015, 24.5616952 ], [ 124.2825836, 24.5587853 ], [ 124.284291799999977, 24.5557695 ], [ 124.287282, 24.5549769 ], [ 124.2891267, 24.5515818 ], [ 124.2905366, 24.5504927 ], [ 124.2920832, 24.5509387 ], [ 124.2938512, 24.5482545 ], [ 124.293962600000015, 24.5445605 ], [ 124.294742, 24.5412388 ], [ 124.2929298, 24.5393556 ], [ 124.2887549, 24.5393939 ], [ 124.2866972, 24.5376852 ], [ 124.2855784, 24.5349381 ], [ 124.2861402, 24.5313006 ], [ 124.284204199999976, 24.5275747 ], [ 124.282744, 24.5264524 ], [ 124.2810076, 24.5216915 ], [ 124.2799334, 24.5207424 ], [ 124.2795149, 24.5176983 ], [ 124.2783889, 24.5155089 ], [ 124.2772296, 24.5092042 ], [ 124.278910199999984, 24.5073062 ], [ 124.2771704, 24.5054926 ], [ 124.2749947, 24.5047217 ], [ 124.2736386, 24.5074799 ], [ 124.2711948, 24.5081356 ], [ 124.2701294, 24.5106692 ], [ 124.268811199999988, 24.5111668 ], [ 124.2674392, 24.5144287 ], [ 124.2624888, 24.5173797 ], [ 124.259538, 24.5184796 ], [ 124.2584885, 24.5197132 ], [ 124.2562522, 24.518445 ], [ 124.25146789999998, 24.5130241 ], [ 124.2464186, 24.5083143 ], [ 124.2449298, 24.504027 ], [ 124.2388733, 24.4987629 ], [ 124.229288, 24.4978857 ], [ 124.230443, 24.4951375 ], [ 124.2293907, 24.4903156 ], [ 124.2309756, 24.489159 ], [ 124.230566900000014, 24.4871531 ], [ 124.2287646, 24.4873654 ], [ 124.2267916, 24.4856874 ], [ 124.2243721, 24.4819926 ], [ 124.2223838, 24.4739931 ], [ 124.220748399999977, 24.4717287 ], [ 124.2208199, 24.4685663 ], [ 124.224769200000011, 24.4679494 ], [ 124.2263819, 24.4644235 ], [ 124.225799099999989, 24.4609242 ], [ 124.2260729, 24.4592037 ], [ 124.2228905, 24.4553625 ], [ 124.218760499999973, 24.4542165 ], [ 124.216835199999977, 24.4558261 ], [ 124.212101600000011, 24.4557498 ], [ 124.210808599999979, 24.455033 ], [ 124.205632, 24.4579011 ], [ 124.2026032, 24.4581361 ], [ 124.2007619, 24.4567986 ], [ 124.196277400000014, 24.4576223 ], [ 124.192690099999979, 24.4576333 ], [ 124.187975099999989, 24.4558909 ], [ 124.185972799999988, 24.4542429 ], [ 124.184042100000013, 24.4514246 ], [ 124.178727, 24.448749 ], [ 124.177096800000015, 24.4493683 ], [ 124.174434, 24.4486609 ], [ 124.172502099999974, 24.4497722 ], [ 124.169712300000015, 24.4494864 ], [ 124.164425, 24.4510578 ], [ 124.162419, 24.4521699 ], [ 124.1573932, 24.4529618 ], [ 124.156571399999976, 24.4536724 ], [ 124.1525921, 24.4544861 ], [ 124.150028, 24.4521583 ], [ 124.1496055, 24.4505069 ], [ 124.1464035, 24.4490437 ], [ 124.1437258, 24.44695 ], [ 124.142310099999989, 24.4452034 ], [ 124.1419861, 24.4430496 ], [ 124.1397523, 24.4424994 ], [ 124.1364466, 24.444885 ], [ 124.1344013, 24.4477547 ], [ 124.1351877, 24.4490235 ], [ 124.1377016, 24.4501814 ], [ 124.1407386, 24.4500602 ], [ 124.1412171, 24.4514342 ], [ 124.1392136, 24.4532169 ], [ 124.1393201, 24.4564858 ], [ 124.1409385, 24.4573439 ], [ 124.1417375, 24.4595816 ], [ 124.1428606, 24.4599543 ], [ 124.144204, 24.4636279 ], [ 124.1435467, 24.4660888 ], [ 124.140360300000012, 24.4706363 ], [ 124.1336309, 24.4758782 ], [ 124.1258836, 24.4782724 ], [ 124.120503299999982, 24.4816334 ], [ 124.1176115, 24.4823725 ], [ 124.1126492, 24.4794109 ], [ 124.113533, 24.477409 ], [ 124.1156229, 24.4764456 ], [ 124.1177759, 24.4772765 ], [ 124.1204626, 24.4760843 ], [ 124.122047599999973, 24.4743956 ], [ 124.1232675, 24.4744444 ], [ 124.1248679, 24.4722265 ], [ 124.1254925, 24.4687651 ], [ 124.1244589, 24.4663332 ], [ 124.1227229, 24.4649105 ], [ 124.1214012, 24.4649686 ], [ 124.1166949, 24.4625976 ], [ 124.117930800000011, 24.4613571 ], [ 124.1172132, 24.4588544 ], [ 124.1179681, 24.4583142 ], [ 124.1183409, 24.4551383 ], [ 124.1166255, 24.4549574 ], [ 124.117396, 24.4519688 ], [ 124.1173735, 24.4488714 ], [ 124.1202291, 24.4486588 ], [ 124.1184464, 24.446075 ], [ 124.115622799999983, 24.4450483 ], [ 124.1137036, 24.445788 ], [ 124.1106211, 24.4441857 ], [ 124.1059194, 24.4450735 ], [ 124.105913099999981, 24.4483939 ], [ 124.1035457, 24.4488204 ], [ 124.1023808, 24.4509725 ], [ 124.100517400000015, 24.4511782 ], [ 124.099662599999988, 24.4533899 ], [ 124.0981112, 24.4529363 ], [ 124.0946584, 24.4540525 ], [ 124.0929125, 24.4538273 ], [ 124.090828699999989, 24.4524312 ], [ 124.0882537, 24.4518638 ], [ 124.085984, 24.4523338 ], [ 124.0820714, 24.4521455 ], [ 124.07939660000001, 24.4539749 ], [ 124.0766487, 24.4533342 ], [ 124.0778176, 24.4497869 ], [ 124.080584199999976, 24.4491648 ], [ 124.07792950000001, 24.443713 ], [ 124.0769963, 24.4405568 ], [ 124.075320100000013, 24.4393828 ], [ 124.072233399999988, 24.4384488 ], [ 124.072371499999988, 24.4366704 ], [ 124.071292199999988, 24.4354844 ], [ 124.0719559, 24.433606 ], [ 124.0702448, 24.4306669 ], [ 124.069925700000013, 24.4288222 ], [ 124.0724455, 24.426939 ], [ 124.0770453, 24.4261874 ], [ 124.07929, 24.4239509 ], [ 124.0811887, 24.4203829 ], [ 124.082128900000015, 24.4199363 ], [ 124.0842702, 24.4163703 ], [ 124.0852408, 24.4160687 ], [ 124.0856403, 24.4199892 ], [ 124.087286600000013, 24.4214379 ], [ 124.0877689, 24.4232154 ], [ 124.093470700000012, 24.427699 ], [ 124.097793599999974, 24.4299693 ], [ 124.0992183, 24.4316831 ], [ 124.102963800000012, 24.4334048 ], [ 124.107839200000015, 24.4334908 ], [ 124.111528299999989, 24.4321612 ], [ 124.1120472, 24.4299313 ], [ 124.114576500000013, 24.4315096 ], [ 124.1143554, 24.433395 ], [ 124.1162821, 24.4344783 ], [ 124.1205451, 24.4345229 ], [ 124.123539099999988, 24.4331044 ], [ 124.124827400000015, 24.4310106 ], [ 124.1241779, 24.4283705 ], [ 124.1284056, 24.425252 ], [ 124.130234699999988, 24.4230946 ], [ 124.132672199999988, 24.4215916 ], [ 124.133946400000013, 24.4194274 ], [ 124.1342061, 24.4154583 ], [ 124.1369747, 24.4144075 ], [ 124.141289500000013, 24.4145622 ], [ 124.143089300000014, 24.4137646 ], [ 124.144258900000011, 24.4107009 ], [ 124.143295299999977, 24.4059528 ], [ 124.141304, 24.4036353 ], [ 124.1397371, 24.4008713 ], [ 124.1407743, 24.3965348 ], [ 124.1410936, 24.3923286 ], [ 124.1399463, 24.3893846 ], [ 124.137234299999989, 24.3854616 ], [ 124.1318301, 24.3805167 ], [ 124.1270184, 24.3778516 ], [ 124.1232839, 24.3788588 ], [ 124.1202322, 24.377815 ], [ 124.1163118, 24.374342 ], [ 124.1114747, 24.3670999 ], [ 124.111513399999978, 24.3655416 ], [ 124.11514480000001, 24.3639836 ], [ 124.1180427, 24.3604875 ], [ 124.1205513, 24.3593733 ], [ 124.1235275, 24.3569359 ], [ 124.125607800000012, 24.356163 ], [ 124.1318808, 24.3555639 ], [ 124.1367862, 24.3539097 ], [ 124.1398082, 24.3522966 ], [ 124.1446056, 24.3511064 ], [ 124.1441627, 24.3494409 ], [ 124.1494789, 24.3432668 ], [ 124.1470384, 24.3409155 ], [ 124.14732810000001, 24.3389863 ], [ 124.1451808, 24.3387184 ], [ 124.1453925, 24.337107 ], [ 124.1534509, 24.3381234 ], [ 124.1537289, 24.3366365 ], [ 124.1574789, 24.3377948 ], [ 124.1589233, 24.3356991 ], [ 124.1568441, 24.3344618 ], [ 124.1595971, 24.3332472 ], [ 124.1627875, 24.3340897 ], [ 124.1653424, 24.3320047 ], [ 124.166403100000011, 24.3301718 ], [ 124.167821, 24.3307815 ], [ 124.1697795, 24.3298913 ], [ 124.171271499999989, 24.3310745 ], [ 124.172606699999989, 24.3307548 ], [ 124.1811797, 24.3305214 ], [ 124.184469799999974, 24.331547 ], [ 124.1871841, 24.3329964 ], [ 124.192376, 24.3351082 ], [ 124.197332699999976, 24.3412074 ], [ 124.200852, 24.3431879 ], [ 124.2017397, 24.3446746 ], [ 124.200919699999986, 24.3466919 ], [ 124.1983763, 24.3483431 ], [ 124.199706299999988, 24.3505593 ], [ 124.1991947, 24.3528104 ], [ 124.2028226, 24.3546928 ], [ 124.205451899999986, 24.3546238 ], [ 124.2086497, 24.3555465 ], [ 124.211176, 24.3550542 ], [ 124.215112300000015, 24.355312 ], [ 124.2178132, 24.3543779 ], [ 124.218307, 24.3518695 ], [ 124.2209749, 24.3494129 ], [ 124.2289773, 24.345582 ], [ 124.2360617, 24.3450991 ], [ 124.2396462, 24.3468213 ], [ 124.2425596, 24.3494101 ], [ 124.246039400000015, 24.3549294 ], [ 124.2485782, 24.3573481 ], [ 124.24975, 24.359437 ], [ 124.2495532, 24.3655413 ], [ 124.2499197, 24.3677314 ], [ 124.252786, 24.3750843 ], [ 124.2540509, 24.380237 ], [ 124.2519965, 24.3826333 ], [ 124.252328600000013, 24.3889056 ], [ 124.251864700000013, 24.3911539 ], [ 124.2521975, 24.3953271 ], [ 124.253078300000013, 24.3986816 ], [ 124.2580903, 24.4123628 ], [ 124.2576653, 24.4155367 ], [ 124.256579099999982, 24.41722 ], [ 124.25515390000001, 24.4224199 ], [ 124.251591100000013, 24.4263389 ], [ 124.2499941, 24.4302935 ], [ 124.250651, 24.4351284 ], [ 124.2524209, 24.4391947 ], [ 124.2551423, 24.439146 ], [ 124.2579199, 24.4438056 ], [ 124.2574984, 24.4464723 ], [ 124.2553912, 24.4474409 ], [ 124.2515551, 24.4510315 ], [ 124.2504712, 24.4555993 ], [ 124.2510718, 24.4565196 ], [ 124.2507448, 24.4595732 ], [ 124.251017799999985, 24.4626788 ], [ 124.252442300000013, 24.4668361 ], [ 124.2543989, 24.4697113 ], [ 124.2563209, 24.4708081 ], [ 124.2602833, 24.4770729 ], [ 124.2628164, 24.4799704 ], [ 124.2653046, 24.481576 ], [ 124.269995, 24.4827611 ], [ 124.2704017, 24.4845153 ], [ 124.2721821, 24.4859892 ], [ 124.278441500000014, 24.4882647 ], [ 124.28234759999998, 24.4891412 ], [ 124.281454, 24.4903687 ], [ 124.2809309, 24.4950213 ], [ 124.28153660000001, 24.4980158 ], [ 124.281643, 24.5033076 ], [ 124.282193, 24.505451 ], [ 124.28377, 24.5083127 ], [ 124.2858453, 24.5098842 ], [ 124.2872936, 24.5092572 ], [ 124.289148599999976, 24.5103602 ], [ 124.290976500000014, 24.5129509 ], [ 124.295551300000014, 24.5146629 ], [ 124.297972800000011, 24.5186701 ], [ 124.301263299999974, 24.5218642 ], [ 124.3034076, 24.5246712 ], [ 124.30607, 24.5260593 ], [ 124.3072594, 24.5293438 ], [ 124.308917099999988, 24.5314943 ], [ 124.306097, 24.5351081 ], [ 124.3041846, 24.5357371 ], [ 124.303215, 24.5380324 ], [ 124.3032447, 24.5417256 ], [ 124.3044899, 24.5465155 ], [ 124.3090827, 24.5504426 ], [ 124.310263600000013, 24.5530954 ], [ 124.3121684, 24.5555418 ], [ 124.3151907, 24.5573135 ], [ 124.3171372, 24.5575971 ], [ 124.3186951, 24.5587549 ], [ 124.321509400000011, 24.5592297 ], [ 124.324103400000013, 24.5635463 ], [ 124.3256185, 24.564784 ], [ 124.3299652, 24.566349 ], [ 124.332222199999975, 24.5701346 ], [ 124.3344258, 24.5710991 ], [ 124.3371539, 24.5787357 ], [ 124.336438199999989, 24.5804152 ], [ 124.3370131, 24.5823475 ], [ 124.3405164, 24.5873351 ], [ 124.339415699999989, 24.5883932 ], [ 124.3369442, 24.593969 ], [ 124.3368825, 24.5980334 ], [ 124.338450599999987, 24.5987818 ], [ 124.3387382, 24.6033119 ], [ 124.3381032, 24.6049818 ], [ 124.3348354, 24.6053508 ], [ 124.3320234, 24.6063036 ] ] ] ] } },
{ "type": "Feature", "properties": { "hokenjo": "北部" }, "geometry": { "type": "MultiPolygon", "coordinates": [ [ [ [ 127.8744173, 26.6489636 ], [ 127.8730336, 26.6497644 ], [ 127.870891199999988, 26.6526003 ], [ 127.866552200000015, 26.6539234 ], [ 127.8626631, 26.6533726 ], [ 127.857952, 26.6513206 ], [ 127.8548052, 26.648313 ], [ 127.8569517, 26.6414895 ], [ 127.8593249, 26.6386923 ], [ 127.8594418, 26.6355603 ], [ 127.8584698, 26.6315672 ], [ 127.8599436, 26.6290294 ], [ 127.8623176, 26.6295386 ], [ 127.864387799999989, 26.6353814 ], [ 127.8665057, 26.6375487 ], [ 127.8707396, 26.6406788 ], [ 127.8728577, 26.6468542 ], [ 127.8744173, 26.6489636 ] ] ], [ [ [ 127.8210806, 26.6446808 ], [ 127.8205783, 26.6472986 ], [ 127.817545399999986, 26.6502518 ], [ 127.8152281, 26.6511988 ], [ 127.812733900000012, 26.6506103 ], [ 127.8103203, 26.6482342 ], [ 127.811456099999987, 26.6465417 ], [ 127.8129347, 26.6484042 ], [ 127.815802800000014, 26.6474453 ], [ 127.814761100000013, 26.6458881 ], [ 127.8155267, 26.6444325 ], [ 127.817453299999983, 26.6439697 ], [ 127.8210806, 26.6446808 ] ] ], [ [ [ 127.90016559999998, 26.6056183 ], [ 127.902303499999988, 26.6039795 ], [ 127.9118062, 26.6011539 ], [ 127.914341399999984, 26.6015269 ], [ 127.9171332, 26.6038798 ], [ 127.9187125, 26.6078665 ], [ 127.9207345, 26.6093152 ], [ 127.9267841, 26.608689 ], [ 127.9290964, 26.6081139 ], [ 127.9337102, 26.6040408 ], [ 127.936876399999989, 26.6027315 ], [ 127.9378299, 26.603093 ], [ 127.9402136, 26.6015581 ], [ 127.94358290000001, 26.6028085 ], [ 127.9473044, 26.6009812 ], [ 127.9523122, 26.5966181 ], [ 127.9555052, 26.5952386 ], [ 127.958879, 26.5943887 ], [ 127.965018, 26.5908606 ], [ 127.966863, 26.5915856 ], [ 127.968429499999985, 26.5908161 ], [ 127.9701704, 26.5912045 ], [ 127.9739359, 26.59006 ], [ 127.9781483, 26.5881647 ], [ 127.9799328, 26.5883449 ], [ 127.9830031, 26.5849634 ], [ 127.983420299999977, 26.5808322 ], [ 127.9834133, 26.5747782 ], [ 127.98123480000001, 26.57228 ], [ 127.980272, 26.5664582 ], [ 127.9759656, 26.5589673 ], [ 127.972902800000014, 26.5564431 ], [ 127.970674299999985, 26.5533732 ], [ 127.967716599999989, 26.5518445 ], [ 127.966492800000012, 26.5481731 ], [ 127.964867, 26.5449843 ], [ 127.9642983, 26.5415594 ], [ 127.9622947, 26.5407126 ], [ 127.9598769, 26.5414197 ], [ 127.960266, 26.5443597 ], [ 127.958131400000013, 26.5466166 ], [ 127.9559951, 26.5462422 ], [ 127.9524869, 26.5446529 ], [ 127.9514139, 26.5426515 ], [ 127.948365599999988, 26.5392242 ], [ 127.9458075, 26.5371438 ], [ 127.9416998, 26.5357884 ], [ 127.939399599999987, 26.5362549 ], [ 127.9366147, 26.5382001 ], [ 127.9371601, 26.5417059 ], [ 127.933994700000014, 26.5434773 ], [ 127.932033899999979, 26.5424492 ], [ 127.9341521, 26.5411492 ], [ 127.934347500000015, 26.538589 ], [ 127.929259699999989, 26.5314544 ], [ 127.931458299999989, 26.5296836 ], [ 127.9337831, 26.5289147 ], [ 127.934745, 26.5261253 ], [ 127.9359372, 26.5255008 ], [ 127.9376681, 26.5225964 ], [ 127.9374844, 26.5207269 ], [ 127.9362861, 26.5192989 ], [ 127.939628099999979, 26.5133903 ], [ 127.9409722, 26.510195 ], [ 127.945206699999986, 26.5118347 ], [ 127.946933300000012, 26.5110906 ], [ 127.9479672, 26.5122178 ], [ 127.9498761, 26.5122892 ], [ 127.953735299999977, 26.5108978 ], [ 127.9568133, 26.5123447 ], [ 127.9592508, 26.5141061 ], [ 127.9584228, 26.5172983 ], [ 127.9602672, 26.5186236 ], [ 127.9624111, 26.5185711 ], [ 127.9637267, 26.5210717 ], [ 127.9665578, 26.5231606 ], [ 127.9688194, 26.5233639 ], [ 127.971010599999985, 26.5226322 ], [ 127.973536400000015, 26.5228939 ], [ 127.9736947, 26.5278975 ], [ 127.975985799999989, 26.5282222 ], [ 127.978535, 26.5276125 ], [ 127.978658299999978, 26.5251728 ], [ 127.9770667, 26.5239767 ], [ 127.9797158, 26.5204253 ], [ 127.9837278, 26.5189414 ], [ 127.989284700000013, 26.5177797 ], [ 127.9921511, 26.5184747 ], [ 127.9937667, 26.5152956 ], [ 127.9953817, 26.5157842 ], [ 127.9963333, 26.5135819 ], [ 127.9964861, 26.511285 ], [ 127.9976794, 26.5095975 ], [ 128.000012199999986, 26.5098486 ], [ 128.0021131, 26.5060911 ], [ 128.0036206, 26.5052597 ], [ 128.0066411, 26.5064014 ], [ 128.006325299999986, 26.50855 ], [ 128.0050233, 26.5095161 ], [ 128.0051736, 26.5110339 ], [ 128.0077072, 26.5136236 ], [ 128.0108258, 26.5148817 ], [ 128.012116099999986, 26.5130528 ], [ 128.015107799999981, 26.5129472 ], [ 128.016537799999981, 26.5119497 ], [ 128.0207711, 26.5110514 ], [ 128.022774699999985, 26.5114586 ], [ 128.0256853, 26.5104747 ], [ 128.0278894, 26.5117514 ], [ 128.030962499999987, 26.5121578 ], [ 128.0327561, 26.5141892 ], [ 128.0326872, 26.5160567 ], [ 128.0311003, 26.5183133 ], [ 128.039265799999981, 26.5207797 ], [ 128.048391399999986, 26.5207406 ], [ 128.0508936, 26.5210789 ], [ 128.053019399999982, 26.5203736 ], [ 128.0511208, 26.5251239 ], [ 128.0494444, 26.5254178 ], [ 128.0461139, 26.5299317 ], [ 128.0460717, 26.5320586 ], [ 128.0451275, 26.5355122 ], [ 128.0441114, 26.5373092 ], [ 128.0418719, 26.5386353 ], [ 128.04175, 26.5409431 ], [ 128.0389778, 26.5434061 ], [ 128.037444199999982, 26.5462444 ], [ 128.035731700000014, 26.5481883 ], [ 128.0352197, 26.5517842 ], [ 128.0390248, 26.5522468 ], [ 128.042005, 26.5555819 ], [ 128.0414092, 26.5587756 ], [ 128.0427072, 26.5591592 ], [ 128.0435172, 26.5566091 ], [ 128.041785799999985, 26.5538325 ], [ 128.0414739, 26.5515092 ], [ 128.042315799999983, 26.549585 ], [ 128.044570599999986, 26.5479139 ], [ 128.049279499999983, 26.5490314 ], [ 128.0510978, 26.5473422 ], [ 128.052679399999988, 26.5480553 ], [ 128.056014299999987, 26.5510674 ], [ 128.0579022, 26.5505981 ], [ 128.0642178, 26.5516728 ], [ 128.066827499999988, 26.5504869 ], [ 128.0686772, 26.5488914 ], [ 128.0708539, 26.5493192 ], [ 128.076768099999981, 26.5464133 ], [ 128.07980329999998, 26.5434339 ], [ 128.08134, 26.5407708 ], [ 128.0870533, 26.5380006 ], [ 128.0876556, 26.5365672 ], [ 128.090816400000023, 26.5363075 ], [ 128.093124700000033, 26.5345278 ], [ 128.0948306, 26.5354561 ], [ 128.0923464, 26.5374925 ], [ 128.0929547, 26.5400597 ], [ 128.0958267, 26.5415553 ], [ 128.0985561, 26.540035 ], [ 128.1017328, 26.5390025 ], [ 128.101933300000013, 26.5404472 ], [ 128.100241899999986, 26.5430956 ], [ 128.103315, 26.5462272 ], [ 128.1060244, 26.5476492 ], [ 128.107429199999984, 26.5492856 ], [ 128.1108156, 26.5510403 ], [ 128.1163946, 26.55155 ], [ 128.12117, 26.5537769 ], [ 128.1260244, 26.5552136 ], [ 128.127400599999987, 26.5546906 ], [ 128.134466700000019, 26.5555469 ], [ 128.137784400000015, 26.5542719 ], [ 128.13974, 26.5558567 ], [ 128.1387881, 26.5624992 ], [ 128.1375586, 26.5653431 ], [ 128.1379981, 26.5663894 ], [ 128.1419864, 26.5682606 ], [ 128.147819199999986, 26.5687122 ], [ 128.1489642, 26.5695414 ], [ 128.1445703, 26.5721428 ], [ 128.141816899999981, 26.5762 ], [ 128.139772199999982, 26.5799639 ], [ 128.136665, 26.5870118 ], [ 128.1347092, 26.5891369 ], [ 128.131098899999984, 26.5902517 ], [ 128.1286417, 26.5926872 ], [ 128.1263234, 26.5976932 ], [ 128.123642599999982, 26.6026867 ], [ 128.126583900000014, 26.60294 ], [ 128.130014200000033, 26.6011253 ], [ 128.136074399999984, 26.6006889 ], [ 128.1373697, 26.5993383 ], [ 128.1391997, 26.6008922 ], [ 128.1411017, 26.60039 ], [ 128.1420683, 26.5989061 ], [ 128.1460444, 26.5979767 ], [ 128.151558599999987, 26.5977597 ], [ 128.151, 26.5993228 ], [ 128.151451399999985, 26.6016881 ], [ 128.1528394, 26.6040453 ], [ 128.1549008, 26.6053972 ], [ 128.15513, 26.6087633 ], [ 128.153590799999989, 26.6111243 ], [ 128.1532561, 26.6131786 ], [ 128.1506919, 26.6136614 ], [ 128.1490033, 26.6153653 ], [ 128.1488546, 26.6180008 ], [ 128.1479808, 26.61877 ], [ 128.1455718, 26.6232194 ], [ 128.1468944, 26.6270972 ], [ 128.1487703, 26.6294372 ], [ 128.1521219, 26.6303119 ], [ 128.155734699999982, 26.6302192 ], [ 128.1594336, 26.6308311 ], [ 128.163053099999985, 26.6286092 ], [ 128.16946249999998, 26.6283508 ], [ 128.174315799999988, 26.6273044 ], [ 128.1745483, 26.6265753 ], [ 128.178525799999989, 26.6256014 ], [ 128.1820342, 26.6239594 ], [ 128.1908397, 26.6250206 ], [ 128.1941247, 26.6246181 ], [ 128.198336399999988, 26.6256661 ], [ 128.2041669, 26.6258483 ], [ 128.2053439, 26.6252728 ], [ 128.209332499999988, 26.6263761 ], [ 128.2129225, 26.6262522 ], [ 128.2168089, 26.6291653 ], [ 128.218903899999987, 26.6288228 ], [ 128.2210489, 26.6295235 ], [ 128.2231811, 26.6286111 ], [ 128.224336099999988, 26.6303547 ], [ 128.2257419, 26.6299175 ], [ 128.2286028, 26.6311947 ], [ 128.2316773, 26.6317208 ], [ 128.2346042, 26.630375 ], [ 128.2385458, 26.6319408 ], [ 128.2389894, 26.6345919 ], [ 128.2405511, 26.6348697 ], [ 128.2446244, 26.6376656 ], [ 128.2433714, 26.6392728 ], [ 128.245622199999985, 26.6404842 ], [ 128.246447499999988, 26.6427956 ], [ 128.247618599999981, 26.6437489 ], [ 128.2501928, 26.643335 ], [ 128.252566699999988, 26.6460153 ], [ 128.2526389, 26.6481061 ], [ 128.250876399999981, 26.6507558 ], [ 128.2523811, 26.6532975 ], [ 128.2556942, 26.6548636 ], [ 128.2562936, 26.6586108 ], [ 128.2586514, 26.6585417 ], [ 128.2605839, 26.6576428 ], [ 128.2615073, 26.6593985 ], [ 128.263708900000012, 26.6591356 ], [ 128.263576699999987, 26.6623125 ], [ 128.26531, 26.6645614 ], [ 128.2647742, 26.6677308 ], [ 128.268209399999989, 26.6687817 ], [ 128.27066750000003, 26.6707033 ], [ 128.2740403, 26.6707294 ], [ 128.274630799999983, 26.6722986 ], [ 128.276951699999984, 26.6747361 ], [ 128.278320799999989, 26.6750269 ], [ 128.2794075, 26.6777553 ], [ 128.279221899999982, 26.6796344 ], [ 128.277925, 26.6810703 ], [ 128.27939139999998, 26.6837 ], [ 128.2787061, 26.6855097 ], [ 128.2800758, 26.6876444 ], [ 128.2799, 26.6918767 ], [ 128.283662199999981, 26.6940383 ], [ 128.2814989, 26.6967008 ], [ 128.283410799999984, 26.6978272 ], [ 128.2862122, 26.6963292 ], [ 128.288062199999985, 26.6969981 ], [ 128.2877231, 26.6984169 ], [ 128.291228099999984, 26.6996811 ], [ 128.291527, 26.7013082 ], [ 128.294016699999986, 26.7019414 ], [ 128.2906161, 26.705901 ], [ 128.2911083, 26.7085464 ], [ 128.2957642, 26.7107381 ], [ 128.297266899999983, 26.7103581 ], [ 128.29897219999998, 26.7113992 ], [ 128.2993758, 26.7128092 ], [ 128.297260600000016, 26.7159669 ], [ 128.2954014, 26.715245 ], [ 128.2936575, 26.7174244 ], [ 128.2957357, 26.7196522 ], [ 128.2988747, 26.7209953 ], [ 128.3032369, 26.7208033 ], [ 128.303318599999983, 26.7223892 ], [ 128.304563299999984, 26.7248506 ], [ 128.306415, 26.72626 ], [ 128.3061261, 26.7298831 ], [ 128.3116919, 26.7328181 ], [ 128.3170897, 26.7345639 ], [ 128.31888, 26.7355908 ], [ 128.3179927, 26.737185 ], [ 128.3188883, 26.7405183 ], [ 128.3179772, 26.7423106 ], [ 128.3199447, 26.7460781 ], [ 128.3236253, 26.7488147 ], [ 128.3252422, 26.7484036 ], [ 128.3269478, 26.7493228 ], [ 128.3265697, 26.7526361 ], [ 128.3254633, 26.7541978 ], [ 128.3234708, 26.7544744 ], [ 128.321183099999985, 26.7569572 ], [ 128.323253599999987, 26.7597008 ], [ 128.322672499999982, 26.76124 ], [ 128.324457199999983, 26.7653253 ], [ 128.3256072, 26.7662522 ], [ 128.3245636, 26.7686506 ], [ 128.3223203, 26.7703811 ], [ 128.3227283, 26.7729147 ], [ 128.3242181, 26.7734136 ], [ 128.3249092, 26.7759528 ], [ 128.3264714, 26.778495 ], [ 128.325778899999989, 26.7807011 ], [ 128.3261, 26.7824706 ], [ 128.3233064, 26.7856731 ], [ 128.3225769, 26.78898 ], [ 128.3205594, 26.7886353 ], [ 128.316989399999983, 26.7931606 ], [ 128.3176933, 26.7945319 ], [ 128.3196666, 26.7947257 ], [ 128.3214672, 26.7966492 ], [ 128.320631099999986, 26.7987961 ], [ 128.319251899999983, 26.7998981 ], [ 128.317825, 26.8059869 ], [ 128.3184948, 26.8102622 ], [ 128.3206936, 26.8121817 ], [ 128.317253699999981, 26.8153461 ], [ 128.3157503, 26.8195686 ], [ 128.3145561, 26.821335 ], [ 128.3093328, 26.8241506 ], [ 128.3076753, 26.8272511 ], [ 128.3056872, 26.8285181 ], [ 128.3046564, 26.8309611 ], [ 128.305171699999988, 26.8333425 ], [ 128.306631899999985, 26.8355042 ], [ 128.3065933, 26.8385203 ], [ 128.3054675, 26.8414292 ], [ 128.306502199999983, 26.8434603 ], [ 128.30366189999998, 26.8458811 ], [ 128.301665, 26.8456186 ], [ 128.2978783, 26.8463128 ], [ 128.295258599999983, 26.8442164 ], [ 128.2954617, 26.8426789 ], [ 128.2925553, 26.8413461 ], [ 128.2901924, 26.8416199 ], [ 128.2897547, 26.8463406 ], [ 128.2854956, 26.8473239 ], [ 128.2826403, 26.8504006 ], [ 128.2803, 26.8516228 ], [ 128.28114, 26.8541753 ], [ 128.280076899999983, 26.8563306 ], [ 128.278155, 26.8559167 ], [ 128.2704814, 26.8588619 ], [ 128.268908899999985, 26.8599619 ], [ 128.267588099999983, 26.8621906 ], [ 128.263927199999983, 26.8646281 ], [ 128.2619522, 26.8664558 ], [ 128.26221, 26.8702306 ], [ 128.265213099999983, 26.8729081 ], [ 128.2636436, 26.8741608 ], [ 128.2574481, 26.8755147 ], [ 128.2518342, 26.8713139 ], [ 128.249079199999983, 26.8704844 ], [ 128.2466703, 26.8679647 ], [ 128.2450914, 26.86408 ], [ 128.2441417, 26.8589875 ], [ 128.244603899999987, 26.8573594 ], [ 128.246491099999986, 26.8545158 ], [ 128.249907799999988, 26.8536364 ], [ 128.253118299999983, 26.8510778 ], [ 128.253609399999988, 26.8481746 ], [ 128.2534776, 26.8435831 ], [ 128.2525033, 26.8398337 ], [ 128.2505248, 26.8377597 ], [ 128.248746399999987, 26.8370669 ], [ 128.2481028, 26.8344592 ], [ 128.2462531, 26.8314731 ], [ 128.2444006, 26.8309797 ], [ 128.243916899999988, 26.8278167 ], [ 128.24411, 26.8253464 ], [ 128.242513299999985, 26.8226875 ], [ 128.2395864, 26.8205483 ], [ 128.237955299999982, 26.8183336 ], [ 128.237520599999982, 26.8162819 ], [ 128.2338886, 26.8116772 ], [ 128.2341356, 26.8094097 ], [ 128.233450299999987, 26.8078578 ], [ 128.2307083, 26.8050267 ], [ 128.230595300000033, 26.8018411 ], [ 128.232249599999989, 26.8001314 ], [ 128.231206899999989, 26.7972778 ], [ 128.227270300000015, 26.7975722 ], [ 128.2251243, 26.7954303 ], [ 128.2239702, 26.7897017 ], [ 128.221333099999981, 26.7879275 ], [ 128.218806299999983, 26.7844319 ], [ 128.2140296, 26.7815758 ], [ 128.2096486, 26.7771778 ], [ 128.2043722, 26.7744206 ], [ 128.205214, 26.7692962 ], [ 128.202458899999982, 26.7660331 ], [ 128.1991683, 26.7661589 ], [ 128.1980083, 26.7674511 ], [ 128.195610599999981, 26.7645122 ], [ 128.1923775, 26.7629575 ], [ 128.1894175, 26.7604669 ], [ 128.189087, 26.7574642 ], [ 128.187872, 26.7541552 ], [ 128.1845128, 26.750205 ], [ 128.1819389, 26.7488106 ], [ 128.1780244, 26.7481922 ], [ 128.1767561, 26.7484928 ], [ 128.1717261, 26.7470111 ], [ 128.1660986, 26.7438789 ], [ 128.1634608, 26.7430664 ], [ 128.1573253, 26.7427333 ], [ 128.1564842, 26.7454478 ], [ 128.1529286, 26.7453008 ], [ 128.150476699999984, 26.7411478 ], [ 128.1531775, 26.7411469 ], [ 128.15543390000002, 26.7402711 ], [ 128.157676899999984, 26.7374011 ], [ 128.159542499999986, 26.7337333 ], [ 128.1605286, 26.7298569 ], [ 128.1606922, 26.7261103 ], [ 128.1598459, 26.7231274 ], [ 128.158144199999981, 26.7215784 ], [ 128.1562317, 26.7187062 ], [ 128.1546823, 26.7176899 ], [ 128.1492812, 26.7146095 ], [ 128.1468966, 26.7136354 ], [ 128.14496, 26.7096558 ], [ 128.1440369, 26.7087697 ], [ 128.1347146, 26.7051376 ], [ 128.129100199999982, 26.7041951 ], [ 128.1263515, 26.7031 ], [ 128.1180981, 26.7032653 ], [ 128.114646099999987, 26.6995214 ], [ 128.1145218, 26.698086 ], [ 128.1127912, 26.6952549 ], [ 128.107334399999985, 26.6904006 ], [ 128.106155, 26.6884417 ], [ 128.1030629, 26.6848502 ], [ 128.098867899999988, 26.6809059 ], [ 128.0982866, 26.6797265 ], [ 128.0997739, 26.6766027 ], [ 128.102219599999984, 26.6758254 ], [ 128.104127799999986, 26.6742556 ], [ 128.1049161, 26.67006 ], [ 128.107664699999987, 26.6696764 ], [ 128.1081989, 26.6722239 ], [ 128.1100722, 26.672238 ], [ 128.111592799999983, 26.6710686 ], [ 128.1143198, 26.6713239 ], [ 128.114551, 26.6702173 ], [ 128.1193391, 26.6689138 ], [ 128.1231553, 26.6658108 ], [ 128.1219606, 26.6638262 ], [ 128.1245768, 26.661751 ], [ 128.123286899999982, 26.6602293 ], [ 128.1200647, 26.6591828 ], [ 128.1173369, 26.6591025 ], [ 128.1166969, 26.6607839 ], [ 128.114870599999989, 26.6610775 ], [ 128.111230299999988, 26.6593344 ], [ 128.1106342, 26.6605297 ], [ 128.113224699999989, 26.6621892 ], [ 128.113408099999987, 26.6647675 ], [ 128.1129247, 26.6674308 ], [ 128.110985299999982, 26.6670078 ], [ 128.1088939, 26.6647286 ], [ 128.108770199999981, 26.6628024 ], [ 128.1074448, 26.6623992 ], [ 128.1028011, 26.6639378 ], [ 128.1014581, 26.6616469 ], [ 128.10014, 26.6609244 ], [ 128.096863899999988, 26.6618047 ], [ 128.092464399999983, 26.6566358 ], [ 128.0909392, 26.6536883 ], [ 128.0884983, 26.6520903 ], [ 128.0872992, 26.6502933 ], [ 128.0841986, 26.6496781 ], [ 128.0839536, 26.6475423 ], [ 128.080387, 26.6458676 ], [ 128.0786991, 26.6443252 ], [ 128.0718704, 26.6444067 ], [ 128.0700166, 26.6432463 ], [ 128.0672394, 26.6426157 ], [ 128.063382099999984, 26.6408284 ], [ 128.0594039, 26.6378196 ], [ 128.056309699999986, 26.6369233 ], [ 128.052192, 26.6349589 ], [ 128.048964800000022, 26.6343716 ], [ 128.042261199999984, 26.6362318 ], [ 128.039497399999988, 26.6366066 ], [ 128.0374112, 26.6357689 ], [ 128.033821499999988, 26.6362515 ], [ 128.0344006, 26.6341699 ], [ 128.0310556, 26.6317379 ], [ 128.0311252, 26.6310943 ], [ 128.0273091, 26.6286799 ], [ 128.0245578, 26.6273884 ], [ 128.0237392, 26.6281512 ], [ 128.0124213, 26.6318995 ], [ 128.008517499999982, 26.630227 ], [ 128.0066813, 26.6306271 ], [ 128.0029786, 26.6331453 ], [ 128.0023026, 26.6344274 ], [ 128.003804, 26.6364881 ], [ 128.0037188, 26.6378358 ], [ 128.001656, 26.6407067 ], [ 127.999046299999989, 26.6431765 ], [ 127.990040799999989, 26.647014 ], [ 127.9886183, 26.6465925 ], [ 127.985167499999989, 26.6472842 ], [ 127.9836669, 26.6481425 ], [ 127.9823208, 26.651265 ], [ 127.9845389, 26.6507717 ], [ 127.99092779999998, 26.6517594 ], [ 127.9887958, 26.6553564 ], [ 127.9912539, 26.6598844 ], [ 127.9909025, 26.6618647 ], [ 127.9932514, 26.6634928 ], [ 127.9925078, 26.6664128 ], [ 127.9942742, 26.6676883 ], [ 127.9929092, 26.6703883 ], [ 127.9932289, 26.6720753 ], [ 127.9962278, 26.6749728 ], [ 127.99636, 26.6769364 ], [ 128.0000388, 26.6783029 ], [ 128.004334299999982, 26.6813494 ], [ 128.0057519, 26.6814592 ], [ 128.0082142, 26.6831408 ], [ 128.0083961, 26.6854825 ], [ 128.0057553, 26.6879144 ], [ 127.999897499999989, 26.6898233 ], [ 127.996903699999976, 26.6913174 ], [ 127.9919389, 26.6917683 ], [ 127.9885036, 26.6924847 ], [ 127.9875111, 26.6934103 ], [ 127.9844778, 26.6935511 ], [ 127.9789322, 26.6956386 ], [ 127.9785125, 26.6975539 ], [ 127.9753719, 26.6970289 ], [ 127.9719553, 26.6973928 ], [ 127.9728003, 26.6946131 ], [ 127.9704536, 26.6937367 ], [ 127.969876700000015, 26.6948197 ], [ 127.9670247, 26.6960275 ], [ 127.965776099999985, 26.69761 ], [ 127.9675958, 26.6997681 ], [ 127.9693739, 26.7004989 ], [ 127.9702375, 26.7027642 ], [ 127.9662708, 26.70329 ], [ 127.9655708, 26.7041975 ], [ 127.9620122, 26.7052408 ], [ 127.9589194, 26.7072383 ], [ 127.952865, 26.7082256 ], [ 127.9484908, 26.708005 ], [ 127.9475492, 26.7060189 ], [ 127.9431653, 26.7064081 ], [ 127.9346808, 26.7028022 ], [ 127.9319292, 26.7032397 ], [ 127.9314233, 26.7044725 ], [ 127.925610800000015, 26.7039533 ], [ 127.9249219, 26.7024627 ], [ 127.918249499999988, 26.7020735 ], [ 127.915268499999982, 26.7031795 ], [ 127.9111918, 26.7023281 ], [ 127.90878, 26.6994346 ], [ 127.9038016, 26.6990013 ], [ 127.902655799999977, 26.7005124 ], [ 127.89991, 26.7018913 ], [ 127.896631199999987, 26.7016051 ], [ 127.893632599999975, 26.7026938 ], [ 127.8924223, 26.7039981 ], [ 127.8894937, 26.7040902 ], [ 127.88687179999998, 26.7059744 ], [ 127.8856256, 26.7077754 ], [ 127.880214400000014, 26.7098973 ], [ 127.880186899999984, 26.7035695 ], [ 127.878895, 26.7002657 ], [ 127.8770158, 26.6986897 ], [ 127.878049899999979, 26.6977757 ], [ 127.8770324, 26.6953147 ], [ 127.8750501, 26.6935033 ], [ 127.87400310000001, 26.691135 ], [ 127.8736855, 26.6877668 ], [ 127.874258, 26.6846324 ], [ 127.876777, 26.6835034 ], [ 127.8820644, 26.6797978 ], [ 127.8839086, 26.6788545 ], [ 127.885932699999984, 26.6761014 ], [ 127.887961, 26.6746411 ], [ 127.8890367, 26.6724521 ], [ 127.890958, 26.6607728 ], [ 127.894527400000015, 26.6608496 ], [ 127.893210599999989, 26.6592695 ], [ 127.8896783, 26.6589231 ], [ 127.8884318, 26.6596243 ], [ 127.8857266, 26.6595266 ], [ 127.878973500000015, 26.6540944 ], [ 127.8805971, 26.6507022 ], [ 127.878804, 26.6466618 ], [ 127.8798821, 26.6452894 ], [ 127.880134899999987, 26.6411606 ], [ 127.878939199999976, 26.640893 ], [ 127.8802775, 26.6362702 ], [ 127.882692099999986, 26.6367941 ], [ 127.8851069, 26.6336004 ], [ 127.8868182, 26.629736 ], [ 127.8869824, 26.6253588 ], [ 127.8887679, 26.6234908 ], [ 127.8901154, 26.6194538 ], [ 127.8944916, 26.6146793 ], [ 127.8950149, 26.6135016 ], [ 127.893872800000011, 26.6119433 ], [ 127.8943221, 26.6079146 ], [ 127.8949167, 26.6065473 ], [ 127.898915300000013, 26.6050787 ], [ 127.90016559999998, 26.6056183 ] ] ], [ [ [ 127.8188376, 26.7327571 ], [ 127.8158317, 26.7341497 ], [ 127.811186299999989, 26.7380499 ], [ 127.80789870000001, 26.7391244 ], [ 127.8042362, 26.7385079 ], [ 127.8017519, 26.7373633 ], [ 127.798191100000011, 26.7367086 ], [ 127.7947667, 26.7344708 ], [ 127.7918695, 26.7335702 ], [ 127.788188800000015, 26.7333555 ], [ 127.7864681, 26.7341173 ], [ 127.7830303, 26.7333061 ], [ 127.77980860000001, 26.7346994 ], [ 127.777843100000013, 26.7349817 ], [ 127.7763267, 26.7339628 ], [ 127.7685672, 26.7371308 ], [ 127.760415, 26.7377825 ], [ 127.7546683, 26.7353503 ], [ 127.752388599999975, 26.7329211 ], [ 127.7522317, 26.7294819 ], [ 127.749971699999989, 26.7253217 ], [ 127.7489167, 26.7222467 ], [ 127.7495258, 26.7180769 ], [ 127.7517994, 26.7138792 ], [ 127.7558439, 26.7098 ], [ 127.7608019, 26.7085339 ], [ 127.7692611, 26.708442 ], [ 127.7722223, 26.7087056 ], [ 127.777228099999988, 26.7084011 ], [ 127.7805064, 26.7093886 ], [ 127.786334400000015, 26.7099358 ], [ 127.7926444, 26.7097503 ], [ 127.7952045, 26.7093239 ], [ 127.7971056, 26.7079808 ], [ 127.8032614, 26.7070361 ], [ 127.8037225, 26.7050361 ], [ 127.8060189, 26.7057521 ], [ 127.8099315, 26.7059256 ], [ 127.8109408, 26.7068558 ], [ 127.82244, 26.7085994 ], [ 127.8286575, 26.7099481 ], [ 127.828680299999974, 26.7115564 ], [ 127.83006420000001, 26.7137958 ], [ 127.8313325, 26.7171869 ], [ 127.8308553, 26.7208828 ], [ 127.8290196, 26.7240124 ], [ 127.8250236, 26.7270908 ], [ 127.8214533, 26.7283642 ], [ 127.8188376, 26.7327571 ] ] ], [ [ [ 127.9262056, 26.8984211 ], [ 127.9277342, 26.9013889 ], [ 127.9257586, 26.9024494 ], [ 127.9222036, 26.9024947 ], [ 127.920397799999989, 26.9020433 ], [ 127.921926899999988, 26.8969428 ], [ 127.921196900000012, 26.895775 ], [ 127.9220889, 26.8940811 ], [ 127.926419400000015, 26.8931175 ], [ 127.9289989, 26.8915264 ], [ 127.930798599999989, 26.8917633 ], [ 127.9337811, 26.8942742 ], [ 127.9324911, 26.89494 ], [ 127.927828600000012, 26.8953236 ], [ 127.9262056, 26.8984211 ] ] ], [ [ [ 127.9506928, 26.947915 ], [ 127.9474583, 26.9510636 ], [ 127.9422704, 26.9527027 ], [ 127.93761, 26.9556961 ], [ 127.9351828, 26.95279 ], [ 127.93102420000001, 26.95121 ], [ 127.9246378, 26.9497767 ], [ 127.9230056, 26.9480689 ], [ 127.9196939, 26.9479033 ], [ 127.9169681, 26.9457536 ], [ 127.9167289, 26.9442811 ], [ 127.9138517, 26.9391856 ], [ 127.9119514, 26.9367647 ], [ 127.913816900000015, 26.9345756 ], [ 127.917899399999982, 26.9351014 ], [ 127.920485, 26.9362278 ], [ 127.92048530000001, 26.9339669 ], [ 127.9221214, 26.9312081 ], [ 127.9211144, 26.9299272 ], [ 127.92080030000001, 26.9269086 ], [ 127.9199508, 26.9264403 ], [ 127.919738099999989, 26.9224408 ], [ 127.9214608, 26.9190717 ], [ 127.9234694, 26.9179719 ], [ 127.9251472, 26.9182008 ], [ 127.927475800000011, 26.9170011 ], [ 127.9301436, 26.913802 ], [ 127.934662499999988, 26.914425 ], [ 127.9366386, 26.9139892 ], [ 127.9389183, 26.9118897 ], [ 127.94241310000001, 26.9120922 ], [ 127.9445839, 26.9133733 ], [ 127.9474275, 26.9130125 ], [ 127.948705, 26.9136722 ], [ 127.9519233, 26.9135231 ], [ 127.9539933, 26.9144064 ], [ 127.95318469999998, 26.9163642 ], [ 127.9517503, 26.9173456 ], [ 127.9502122, 26.9239801 ], [ 127.95140880000001, 26.9257511 ], [ 127.9503462, 26.927566 ], [ 127.9508823, 26.9287387 ], [ 127.9531875, 26.9286718 ], [ 127.954369, 26.9298758 ], [ 127.955411700000013, 26.9341314 ], [ 127.9571611, 26.9350681 ], [ 127.9567139, 26.9431306 ], [ 127.955339400000014, 26.9457681 ], [ 127.9506928, 26.947915 ] ] ], [ [ [ 127.9544592, 26.9734119 ], [ 127.95745, 26.9737222 ], [ 127.9577767, 26.9757294 ], [ 127.9548933, 26.9757308 ], [ 127.9477933, 26.9779764 ], [ 127.94495, 26.9778814 ], [ 127.9445739, 26.9766444 ], [ 127.9484531, 26.9734114 ], [ 127.9544592, 26.9734119 ] ] ], [ [ [ 127.9158686, 26.9913131 ], [ 127.9206986, 26.9892483 ], [ 127.9247644, 26.9930214 ], [ 127.9271981, 26.9988947 ], [ 127.924198300000015, 27.0008197 ], [ 127.920636699999989, 26.9997589 ], [ 127.9189558, 26.9983242 ], [ 127.914441899999986, 26.9965175 ], [ 127.9127378, 26.9952442 ], [ 127.914294399999974, 26.9925144 ], [ 127.9158686, 26.9913131 ] ] ], [ [ [ 128.0201514, 27.0892297 ], [ 128.0218975, 27.0901964 ], [ 128.022276399999981, 27.0927236 ], [ 128.0207547, 27.0944983 ], [ 128.015443299999987, 27.09232 ], [ 128.0144917, 27.0926025 ], [ 128.0085056, 27.0901572 ], [ 128.006250599999987, 27.0902183 ], [ 128.004308899999984, 27.0892794 ], [ 127.995682800000012, 27.0888731 ], [ 127.993840600000013, 27.0837942 ], [ 127.9905539, 27.0809233 ], [ 127.9891611, 27.077245 ], [ 127.987321400000013, 27.0747642 ], [ 127.9822617, 27.0705028 ], [ 127.975223299999982, 27.0666211 ], [ 127.969900299999978, 27.0629625 ], [ 127.967025799999973, 27.0571653 ], [ 127.959969699999988, 27.05022 ], [ 127.955654400000014, 27.0472614 ], [ 127.954418600000011, 27.0459428 ], [ 127.9512792, 27.0450078 ], [ 127.9490469, 27.0414744 ], [ 127.946816099999978, 27.0369028 ], [ 127.947050600000011, 27.0354742 ], [ 127.945725, 27.0334056 ], [ 127.9412078, 27.0285483 ], [ 127.9376533, 27.0252753 ], [ 127.933081899999976, 27.0219372 ], [ 127.9322322, 27.0192967 ], [ 127.9324275, 27.01414 ], [ 127.9341111, 27.01077 ], [ 127.937804700000015, 27.0073081 ], [ 127.937727799999976, 27.0024572 ], [ 127.9360894, 26.9987756 ], [ 127.9345305, 26.9979395 ], [ 127.932574, 26.9982103 ], [ 127.934582800000015, 26.9948906 ], [ 127.935845, 26.9949619 ], [ 127.937087199999979, 26.9982189 ], [ 127.9404428, 27.0051697 ], [ 127.940587799999989, 27.0093219 ], [ 127.9417665, 27.0154047 ], [ 127.9433937, 27.0162023 ], [ 127.9469872, 27.0201397 ], [ 127.9488317, 27.0203331 ], [ 127.9517419, 27.0215881 ], [ 127.956041899999974, 27.0223817 ], [ 127.9587711, 27.0212097 ], [ 127.961655, 27.0220897 ], [ 127.96329, 27.0218719 ], [ 127.9667156, 27.0253181 ], [ 127.966702200000014, 27.0290914 ], [ 127.963506700000011, 27.0299889 ], [ 127.963152799999989, 27.0314717 ], [ 127.964735800000014, 27.03488 ], [ 127.9673558, 27.0371397 ], [ 127.96847360000001, 27.0364753 ], [ 127.97253929999998, 27.0402882 ], [ 127.9782433, 27.0414539 ], [ 127.9803208, 27.0401092 ], [ 127.983480599999979, 27.04023 ], [ 127.9865739, 27.0422161 ], [ 127.9913583, 27.0442314 ], [ 127.9916067, 27.0452106 ], [ 127.9957489, 27.0520672 ], [ 127.9969811, 27.0571039 ], [ 127.9988022, 27.0614536 ], [ 127.997384200000013, 27.0619097 ], [ 127.9967039, 27.0638061 ], [ 127.9974094, 27.0675581 ], [ 127.9993569, 27.0686419 ], [ 127.9994072, 27.0698375 ], [ 128.001177499999983, 27.0747514 ], [ 128.0028283, 27.0772169 ], [ 128.0056008, 27.0799136 ], [ 128.0073653, 27.0804667 ], [ 128.008915299999984, 27.0825769 ], [ 128.0158525, 27.08902 ], [ 128.0183669, 27.0897814 ], [ 128.0201514, 27.0892297 ] ] ], [ [ [ 128.032351399999982, 26.6368628 ], [ 128.0346961, 26.6371153 ], [ 128.03542, 26.6409819 ], [ 128.0336503, 26.6413714 ], [ 128.03189279999998, 26.6427142 ], [ 128.030879700000014, 26.6402669 ], [ 128.032351399999982, 26.6368628 ] ] ], [ [ [ 128.023776699999985, 26.6670958 ], [ 128.021624799999984, 26.6717863 ], [ 128.021022, 26.6745614 ], [ 128.021354699999989, 26.6772806 ], [ 128.020097199999981, 26.6806442 ], [ 128.019779699999987, 26.6792381 ], [ 128.0173872, 26.6783578 ], [ 128.0137444, 26.6789992 ], [ 128.0093386, 26.6785394 ], [ 128.0083875, 26.6767967 ], [ 128.0049775, 26.6747294 ], [ 128.003621399999986, 26.6757981 ], [ 128.000788299999982, 26.6745883 ], [ 127.998245, 26.67087 ], [ 127.995582200000015, 26.6713892 ], [ 127.996173899999988, 26.66841 ], [ 127.9943856, 26.6657694 ], [ 127.99554, 26.6643869 ], [ 127.9936767, 26.6600819 ], [ 127.9962119, 26.6585756 ], [ 127.997134399999979, 26.6562397 ], [ 128.0008642, 26.6558986 ], [ 128.002088499999985, 26.6569656 ], [ 128.0036422, 26.6564083 ], [ 128.0038817, 26.6535922 ], [ 128.007339699999989, 26.6514033 ], [ 128.010264399999983, 26.6509181 ], [ 128.0095297, 26.6542772 ], [ 128.012201399999981, 26.6568631 ], [ 128.014908099999985, 26.6574778 ], [ 128.020521699999989, 26.6542206 ], [ 128.0282494, 26.6503672 ], [ 128.030238199999985, 26.6502087 ], [ 128.0328075, 26.6481531 ], [ 128.0347803, 26.6503997 ], [ 128.0348564, 26.6519078 ], [ 128.033561099999986, 26.6559593 ], [ 128.0318672, 26.6589875 ], [ 128.0287582, 26.6609035 ], [ 128.0266011, 26.6630353 ], [ 128.023776699999985, 26.6670958 ] ] ], [ [ [ 128.1028514, 26.6652356 ], [ 128.104201099999983, 26.6667597 ], [ 128.103570599999983, 26.6688201 ], [ 128.10166, 26.6699086 ], [ 128.100558299999989, 26.6695333 ], [ 128.0980194, 26.6667878 ], [ 128.100246699999985, 26.6665558 ], [ 128.1028514, 26.6652356 ] ] ], [ [ [ 128.0268319, 26.7087472 ], [ 128.0277275, 26.7103194 ], [ 128.025243099999983, 26.7114667 ], [ 128.0166667, 26.7144937 ], [ 128.014673099999982, 26.7136556 ], [ 128.012609699999985, 26.7138003 ], [ 128.0099219, 26.7116786 ], [ 128.0083358, 26.7085272 ], [ 128.009001900000015, 26.7040494 ], [ 128.011488899999989, 26.6992956 ], [ 128.0131975, 26.6984719 ], [ 128.014017199999984, 26.6968753 ], [ 128.016355299999987, 26.6956789 ], [ 128.018339699999984, 26.6962394 ], [ 128.0212367, 26.69454 ], [ 128.0234725, 26.6952961 ], [ 128.0264431, 26.6997817 ], [ 128.0273933, 26.7000958 ], [ 128.0268319, 26.7087472 ] ] ], [ [ [ 128.330389699999984, 26.7480086 ], [ 128.330399200000016, 26.7473175 ], [ 128.334630299999986, 26.7452299 ], [ 128.3342906, 26.747625 ], [ 128.330389699999984, 26.7480086 ] ] ] ] } }
]
}
