{
"type": "FeatureCollection",
"name": "shimane",
"crs": { "type": "name", "properties": { "name": "urn:ogc:def:crs:OGC:1.3:CRS84" } },
"features": [
{ "type": "Feature", "properties": { "hokenjo": "隠岐" }, "geometry": { "type": "MultiPolygon", "coordinates": [ [ [ [ 133.0778642, 35.9930764 ], [ 133.079922499999981, 35.9968786 ], [ 133.0771794, 36.0 ], [ 133.0760067, 35.9948564 ], [ 133.0778642, 35.9930764 ] ] ], [ [ [ 133.048559399999988, 35.9986239 ], [ 133.052260599999983, 35.9959206 ], [ 133.0543189, 36.0021669 ], [ 133.051268599999986, 36.0017878 ], [ 133.048559399999988, 35.9986239 ] ] ], [ [ [ 133.0106678, 36.03252 ], [ 133.0069111, 36.0319906 ], [ 133.0038269, 36.0329253 ], [ 133.000165, 36.0319542 ], [ 133.0009719, 36.0270675 ], [ 133.0044653, 36.0226686 ], [ 133.002344199999982, 36.020455 ], [ 133.007563299999987, 36.018883599999988 ], [ 133.0032803, 36.0161742 ], [ 133.0038486, 36.0136394 ], [ 133.0082567, 36.0104514 ], [ 133.0079103, 36.0060636 ], [ 133.005671899999982, 36.0042894 ], [ 133.009303599999981, 36.001935 ], [ 133.0157561, 36.0034219 ], [ 133.020143100000013, 36.0060642 ], [ 133.023400600000031, 36.0066669 ], [ 133.026727199999982, 36.0058669 ], [ 133.0270947, 36.0022622 ], [ 133.0300406, 35.9999417 ], [ 133.03117, 36.0027747 ], [ 133.030804099999983, 36.0058685 ], [ 133.03315360000002, 36.0064761 ], [ 133.0381633, 36.0030114 ], [ 133.0420508, 36.0083461 ], [ 133.041458399999982, 36.0130991 ], [ 133.0478847, 36.0092842 ], [ 133.045634399999983, 36.0066333 ], [ 133.048136400000033, 36.0042342 ], [ 133.0535543, 36.0036958 ], [ 133.0563958, 36.0053067 ], [ 133.056516099999982, 36.00059 ], [ 133.0551161, 35.997075 ], [ 133.057043099999987, 35.9945689 ], [ 133.06229, 35.9942983 ], [ 133.0657625, 35.9959714 ], [ 133.0664483, 36.0031475 ], [ 133.0646094, 36.004297199999989 ], [ 133.069282800000025, 36.0073831 ], [ 133.07306029999998, 36.0108586 ], [ 133.0651311, 36.0118553 ], [ 133.062109199999981, 36.010385 ], [ 133.0548939, 36.0129817 ], [ 133.0510333, 36.0166147 ], [ 133.0445872, 36.0188111 ], [ 133.042501099999981, 36.0205517 ], [ 133.0415169, 36.02361 ], [ 133.0352858, 36.0286397 ], [ 133.0310442, 36.0286397 ], [ 133.027128299999987, 36.0318503 ], [ 133.0258508, 36.029765 ], [ 133.0220133, 36.0299181 ], [ 133.017487499999987, 36.0313542 ], [ 133.0135789, 36.0307853 ], [ 133.0106678, 36.03252 ] ] ], [ [ [ 133.121806099999986, 36.11531 ], [ 133.116768899999983, 36.1149494 ], [ 133.1125567, 36.1201206 ], [ 133.1104475, 36.1199064 ], [ 133.104507800000022, 36.1167928 ], [ 133.0997764, 36.1183286 ], [ 133.0941075, 36.117095 ], [ 133.0905483, 36.1109097 ], [ 133.0938543, 36.10884 ], [ 133.0924219, 36.1036544 ], [ 133.0905347, 36.1029444 ], [ 133.0913094, 36.0964745 ], [ 133.088121199999989, 36.0960374 ], [ 133.0865588, 36.0975201 ], [ 133.088148099999984, 36.0998689 ], [ 133.0852247, 36.10247 ], [ 133.0873847, 36.1059128 ], [ 133.087766099999982, 36.1101097 ], [ 133.086038299999984, 36.1126614 ], [ 133.083269699999988, 36.1141711 ], [ 133.080001899999985, 36.1125542 ], [ 133.0814244, 36.1101769 ], [ 133.077198899999985, 36.1088644 ], [ 133.080883299999982, 36.1067519 ], [ 133.0818179, 36.1034964 ], [ 133.0767607, 36.1026523 ], [ 133.0754111, 36.1063786 ], [ 133.0713931, 36.1056611 ], [ 133.0698803, 36.1011037 ], [ 133.0677211, 36.1000989 ], [ 133.0643283, 36.1010675 ], [ 133.06436309999998, 36.0981553 ], [ 133.0663686, 36.0924211 ], [ 133.070004399999988, 36.0867994 ], [ 133.0696786, 36.0835717 ], [ 133.073432199999985, 36.0808794 ], [ 133.0714758, 36.0764967 ], [ 133.0680342, 36.0768006 ], [ 133.0686864, 36.0736294 ], [ 133.0722461, 36.0729647 ], [ 133.07396, 36.07479 ], [ 133.079004199999986, 36.0726778 ], [ 133.0748472, 36.0636089 ], [ 133.0743206, 36.0585731 ], [ 133.0703767, 36.0592261 ], [ 133.070439199999981, 36.0543369 ], [ 133.0724769, 36.0516444 ], [ 133.0704603, 36.0497686 ], [ 133.0710839, 36.0467442 ], [ 133.06827, 36.0419786 ], [ 133.070471699999985, 36.0380378 ], [ 133.0779667, 36.0370056 ], [ 133.0805172, 36.0380192 ], [ 133.0822919, 36.0406161 ], [ 133.076988299999982, 36.0443053 ], [ 133.080787499999985, 36.0468683 ], [ 133.0878506, 36.0462264 ], [ 133.08855029999998, 36.0489981 ], [ 133.0859661, 36.0510281 ], [ 133.087753099999986, 36.0527942 ], [ 133.0970203, 36.0493194 ], [ 133.1038058, 36.0500178 ], [ 133.105005, 36.0533131 ], [ 133.0997439, 36.0545239 ], [ 133.096778299999983, 36.0574958 ], [ 133.10305, 36.0576108 ], [ 133.105905799999988, 36.0612158 ], [ 133.1083456, 36.0621961 ], [ 133.1081442, 36.0647025 ], [ 133.099927500000035, 36.069027 ], [ 133.0969853, 36.0722689 ], [ 133.1093433, 36.0678456 ], [ 133.1115819, 36.0662572 ], [ 133.1158725, 36.0663419 ], [ 133.1180536, 36.0710003 ], [ 133.1162008, 36.0756869 ], [ 133.1133078, 36.0775147 ], [ 133.1157383, 36.0791208 ], [ 133.12183, 36.0765514 ], [ 133.1234031, 36.0743803 ], [ 133.126386699999983, 36.0754789 ], [ 133.1314864, 36.0734058 ], [ 133.134344700000014, 36.0767914 ], [ 133.1366831, 36.082205 ], [ 133.1402008, 36.0820528 ], [ 133.1407214, 36.0790953 ], [ 133.1438439, 36.0752086 ], [ 133.1465081, 36.0740258 ], [ 133.151427499999983, 36.0748089 ], [ 133.150532199999986, 36.0774961 ], [ 133.145925, 36.07967 ], [ 133.1454808, 36.0825317 ], [ 133.1373283, 36.0843172 ], [ 133.1353647, 36.0863339 ], [ 133.1311667, 36.0857422 ], [ 133.129251899999986, 36.0834442 ], [ 133.1191083, 36.0814489 ], [ 133.11755, 36.0847183 ], [ 133.1223364, 36.0858249 ], [ 133.124290799999983, 36.08866 ], [ 133.127711399999981, 36.0905586 ], [ 133.1260044, 36.0944508 ], [ 133.1264897, 36.0978758 ], [ 133.1297717, 36.0997372 ], [ 133.1344761, 36.1006025 ], [ 133.1359608, 36.1020897 ], [ 133.1289854, 36.1071531 ], [ 133.1301114, 36.1108717 ], [ 133.1264481, 36.1110069 ], [ 133.121806099999986, 36.11531 ] ] ], [ [ [ 133.0781556, 36.1426628 ], [ 133.0729447, 36.1409336 ], [ 133.069205, 36.1427361 ], [ 133.0656281, 36.1373617 ], [ 133.065434399999987, 36.1353733 ], [ 133.0622803, 36.1343572 ], [ 133.055324399999989, 36.1297064 ], [ 133.0469186, 36.1293147 ], [ 133.043026699999984, 36.1341981 ], [ 133.0362625, 36.1349661 ], [ 133.0306522, 36.1375711 ], [ 133.026021899999989, 36.1371378 ], [ 133.0243017, 36.1343667 ], [ 133.019923899999981, 36.1344847 ], [ 133.0174472, 36.1368558 ], [ 133.0145125, 36.1376164 ], [ 133.0124936, 36.1357744 ], [ 133.0139156, 36.1305306 ], [ 133.0140897, 36.1261261 ], [ 133.012285599999984, 36.1207753 ], [ 133.0127786, 36.1154919 ], [ 133.0063917, 36.1119756 ], [ 133.005473099999989, 36.1077189 ], [ 132.99939329999998, 36.1142811 ], [ 132.993250599999982, 36.1137769 ], [ 132.9906403, 36.1124442 ], [ 132.9898772, 36.1091775 ], [ 132.987414199999989, 36.1094817 ], [ 132.9872892, 36.1139931 ], [ 132.986054199999984, 36.1162514 ], [ 132.9793594, 36.1139931 ], [ 132.9767647, 36.1105508 ], [ 132.9722969, 36.1079942 ], [ 132.9690922, 36.10319 ], [ 132.966872199999983, 36.1022831 ], [ 132.964574699999986, 36.0977611 ], [ 132.967905799999983, 36.0927306 ], [ 132.960239699999988, 36.0920394 ], [ 132.953635599999984, 36.0856153 ], [ 132.950936899999988, 36.0855883 ], [ 132.951873600000027, 36.0816967 ], [ 132.950625, 36.0800292 ], [ 132.947280799999987, 36.0797194 ], [ 132.947239400000029, 36.0766556 ], [ 132.9534122, 36.0770408 ], [ 132.953108899999989, 36.0747517 ], [ 132.950486399999988, 36.072775 ], [ 132.9508319, 36.0700106 ], [ 132.949418899999984, 36.06801 ], [ 132.9459119, 36.0669903 ], [ 132.9460369, 36.0648781 ], [ 132.9539106, 36.0606536 ], [ 132.954416399999985, 36.0586711 ], [ 132.9614369, 36.0603103 ], [ 132.9646669, 36.0597469 ], [ 132.9688117, 36.0575389 ], [ 132.973240299999986, 36.0573028 ], [ 132.974737799999986, 36.0525881 ], [ 132.9861114, 36.0489664 ], [ 132.9900203, 36.0430356 ], [ 132.9949758, 36.0410136 ], [ 132.997582199999982, 36.0383889 ], [ 132.9995156, 36.0401858 ], [ 133.0004719, 36.0439539 ], [ 132.99675, 36.0463308 ], [ 132.9928961, 36.0520931 ], [ 132.9935892, 36.0567231 ], [ 132.990317799999985, 36.0599672 ], [ 132.9890561, 36.0636003 ], [ 132.983026099999989, 36.0685906 ], [ 132.98394, 36.0713561 ], [ 132.981941399999982, 36.075665 ], [ 132.9786767, 36.0791431 ], [ 132.9767036, 36.0833867 ], [ 132.977185, 36.0853464 ], [ 132.9803178, 36.0861522 ], [ 132.9813236, 36.0890697 ], [ 132.984001399999983, 36.0924606 ], [ 132.9852089, 36.0864789 ], [ 132.98933, 36.0851386 ], [ 132.992425699999984, 36.0883661 ], [ 132.9914072, 36.0921556 ], [ 132.995096, 36.0925696 ], [ 132.9992387, 36.0909377 ], [ 133.000712, 36.0932536 ], [ 133.0032469, 36.0918442 ], [ 133.0069997, 36.0952997 ], [ 133.008019599999983, 36.0985003 ], [ 133.006620199999986, 36.1029856 ], [ 133.011652199999986, 36.100894 ], [ 133.0129876, 36.0978498 ], [ 133.0113896, 36.0933067 ], [ 133.0070694, 36.0926133 ], [ 133.0054319, 36.0904164 ], [ 133.0079992, 36.0866542 ], [ 133.0077775, 36.0837592 ], [ 133.011539199999987, 36.0752833 ], [ 133.0148269, 36.0741344 ], [ 133.0197039, 36.0684394 ], [ 133.0220814, 36.0638939 ], [ 133.026911899999988, 36.0648233 ], [ 133.033711399999987, 36.0633086 ], [ 133.0370936, 36.0650094 ], [ 133.037717499999985, 36.0623286 ], [ 133.0426797, 36.0629369 ], [ 133.044849199999987, 36.0603911 ], [ 133.0479886, 36.0644581 ], [ 133.051066099999986, 36.0660072 ], [ 133.0528128, 36.0693644 ], [ 133.0510214, 36.0700233 ], [ 133.0515136, 36.0756 ], [ 133.050389699999982, 36.0788389 ], [ 133.054809399999982, 36.0807994 ], [ 133.0569542, 36.0831336 ], [ 133.0560303, 36.088178899999988 ], [ 133.0500628, 36.0960536 ], [ 133.044866, 36.0950608 ], [ 133.0440533, 36.0978619 ], [ 133.0459969, 36.0988547 ], [ 133.041799699999984, 36.1015694 ], [ 133.039517, 36.106129 ], [ 133.0423391, 36.1108758 ], [ 133.04778, 36.1131737 ], [ 133.053227599999985, 36.1119539 ], [ 133.059503299999989, 36.1134246 ], [ 133.062802799999986, 36.1126733 ], [ 133.0652289, 36.1146739 ], [ 133.070291, 36.1136403 ], [ 133.0738466, 36.1179182 ], [ 133.080868899999984, 36.1208181 ], [ 133.085607499999981, 36.1272144 ], [ 133.088369199999988, 36.1299211 ], [ 133.087522799999988, 36.1321631 ], [ 133.0909086, 36.1342361 ], [ 133.089923299999981, 36.1373006 ], [ 133.08739079999998, 36.1369397 ], [ 133.08467109999998, 36.13872 ], [ 133.0804731, 36.1378578 ], [ 133.0813681, 36.1417506 ], [ 133.0781556, 36.1426628 ] ] ], [ [ [ 133.1661847, 36.1068278 ], [ 133.167183599999987, 36.1130072 ], [ 133.1642836, 36.1140328 ], [ 133.1615289, 36.1115967 ], [ 133.1564986, 36.105131899999989 ], [ 133.1581449, 36.1036345 ], [ 133.1627086, 36.1029467 ], [ 133.166268100000025, 36.0999836 ], [ 133.1681692, 36.1062478 ], [ 133.1661847, 36.1068278 ] ] ], [ [ [ 133.173649399999988, 36.1335306 ], [ 133.1796192, 36.1369494 ], [ 133.17501249999998, 36.1400844 ], [ 133.1727894, 36.1354889 ], [ 133.173649399999988, 36.1335306 ] ] ], [ [ [ 133.2832333, 36.3440328 ], [ 133.283197500000028, 36.3480683 ], [ 133.2790497, 36.3488878 ], [ 133.281054399999988, 36.3448775 ], [ 133.280031399999984, 36.3404953 ], [ 133.2764368, 36.3371163 ], [ 133.2734467, 36.3355497 ], [ 133.2711914, 36.3324011 ], [ 133.2676897, 36.3324989 ], [ 133.264780799999983, 36.3305083 ], [ 133.2634028, 36.3278892 ], [ 133.2595742, 36.3300239 ], [ 133.256427799999983, 36.3273878 ], [ 133.252655, 36.3289761 ], [ 133.2520075, 36.3316794 ], [ 133.247469199999983, 36.3343719 ], [ 133.2394783, 36.331504699999989 ], [ 133.237265, 36.3315331 ], [ 133.2335689, 36.3287561 ], [ 133.2263853, 36.32867 ], [ 133.224220299999985, 36.326045 ], [ 133.2259264, 36.3232358 ], [ 133.231824, 36.3193146 ], [ 133.224665, 36.3134125 ], [ 133.2186125, 36.3135156 ], [ 133.2164808, 36.3147531 ], [ 133.2140683, 36.3109061 ], [ 133.210132499999986, 36.3108328 ], [ 133.2084778, 36.3072333 ], [ 133.2109881, 36.3024178 ], [ 133.210591699999981, 36.3009194 ], [ 133.2049225, 36.3006717 ], [ 133.201218899999986, 36.2987617 ], [ 133.1991189, 36.3014881 ], [ 133.1958717, 36.3015217 ], [ 133.1962753, 36.2978042 ], [ 133.193939199999988, 36.2912197 ], [ 133.1968317, 36.2905831 ], [ 133.204841099999982, 36.2914547 ], [ 133.2067361, 36.2888598 ], [ 133.2005867, 36.2881164 ], [ 133.198610299999984, 36.2860019 ], [ 133.1995786, 36.2833061 ], [ 133.204341699999986, 36.2804731 ], [ 133.197996099999983, 36.2799828 ], [ 133.1925833, 36.2840886 ], [ 133.191693099999981, 36.2864161 ], [ 133.1856714, 36.2895847 ], [ 133.182583599999987, 36.2896664 ], [ 133.1818264, 36.2865219 ], [ 133.185185, 36.2857558 ], [ 133.1879389, 36.2819483 ], [ 133.187772199999984, 36.2738208 ], [ 133.186388599999987, 36.2675633 ], [ 133.1819553, 36.2605722 ], [ 133.1778497, 36.2589089 ], [ 133.176587499999982, 36.2559517 ], [ 133.177724399999988, 36.2497781 ], [ 133.185645, 36.249057199999989 ], [ 133.1882866, 36.249393 ], [ 133.1926469, 36.2454567 ], [ 133.190922199999989, 36.2377878 ], [ 133.1895506, 36.2363828 ], [ 133.190697799999981, 36.2306922 ], [ 133.187728099999987, 36.226863099999989 ], [ 133.1836092, 36.2238019 ], [ 133.185356899999988, 36.2146961 ], [ 133.1878417, 36.2123756 ], [ 133.1921878, 36.2146561 ], [ 133.19517350000001, 36.2138508 ], [ 133.1946969, 36.2114572 ], [ 133.1984931, 36.2117281 ], [ 133.2076222, 36.2099361 ], [ 133.209284699999984, 36.2084231 ], [ 133.207861399999985, 36.2031578 ], [ 133.2097689, 36.2008092 ], [ 133.2085806, 36.1980808 ], [ 133.2145033, 36.1938883 ], [ 133.2240658, 36.1884181 ], [ 133.2288594, 36.1884611 ], [ 133.234761599999985, 36.1895897 ], [ 133.2383346, 36.1916758 ], [ 133.24486109999998, 36.1901589 ], [ 133.2465569, 36.1872936 ], [ 133.24630639999998, 36.1843642 ], [ 133.2431178, 36.1820194 ], [ 133.238575, 36.1832981 ], [ 133.2371306, 36.1804928 ], [ 133.237901699999981, 36.177247799999989 ], [ 133.241187199999985, 36.1754375 ], [ 133.2362903, 36.1720767 ], [ 133.2349592, 36.1689194 ], [ 133.2402844, 36.1664608 ], [ 133.244938099999985, 36.1676886 ], [ 133.2475203, 36.170165 ], [ 133.244055799999984, 36.1760989 ], [ 133.2485389, 36.1747908 ], [ 133.2505506, 36.1723025 ], [ 133.2533258, 36.1714136 ], [ 133.2509517, 36.1678 ], [ 133.2483517, 36.1663281 ], [ 133.2478808, 36.1611292 ], [ 133.2528361, 36.1617911 ], [ 133.256038099999984, 36.1652725 ], [ 133.2561978, 36.1688439 ], [ 133.2633231, 36.1704428 ], [ 133.2605878, 36.1663372 ], [ 133.2653458, 36.1666922 ], [ 133.2676933, 36.1689903 ], [ 133.2738894, 36.1687467 ], [ 133.278018299999985, 36.1696078 ], [ 133.279048099999983, 36.1723731 ], [ 133.2768547, 36.1775358 ], [ 133.2783272, 36.1788483 ], [ 133.276678299999986, 36.1813914 ], [ 133.278958599999982, 36.1879992 ], [ 133.281996099999986, 36.1874917 ], [ 133.279688599999986, 36.1823072 ], [ 133.281404399999985, 36.1780375 ], [ 133.2837194, 36.1790139 ], [ 133.288593599999984, 36.1743817 ], [ 133.288916699999987, 36.1791537 ], [ 133.292931899999985, 36.1791372 ], [ 133.293968899999982, 36.1762144 ], [ 133.3005478, 36.1766692 ], [ 133.3030944, 36.1723729 ], [ 133.3056389, 36.1723117 ], [ 133.3087649, 36.1743634 ], [ 133.3136518, 36.1712313 ], [ 133.318158399999987, 36.1707243 ], [ 133.3254155, 36.167344 ], [ 133.3306388, 36.1680829 ], [ 133.3350692, 36.1704695 ], [ 133.3392936, 36.1696362 ], [ 133.339816499999984, 36.1718368 ], [ 133.3382545, 36.1757148 ], [ 133.33681439999998, 36.1838141 ], [ 133.3388971, 36.1876201 ], [ 133.3350475, 36.1938067 ], [ 133.3357174, 36.1971986 ], [ 133.332298, 36.1969014 ], [ 133.328725099999986, 36.1981574 ], [ 133.327528, 36.200651 ], [ 133.3225649, 36.1996854 ], [ 133.321799699999985, 36.1968962 ], [ 133.3150047, 36.1993529 ], [ 133.3093675, 36.1995462 ], [ 133.313504, 36.204341 ], [ 133.3210053, 36.2034381 ], [ 133.324750100000017, 36.2040779 ], [ 133.327804, 36.2018576 ], [ 133.331893399999984, 36.2013639 ], [ 133.3349504, 36.2027781 ], [ 133.338426699999985, 36.2081728 ], [ 133.336031800000029, 36.2103906 ], [ 133.339166799999987, 36.2131469 ], [ 133.3402074, 36.2164749 ], [ 133.3397109, 36.221568 ], [ 133.3451648, 36.2246789 ], [ 133.3437194, 36.2202412 ], [ 133.3457618, 36.2173196 ], [ 133.345048099999985, 36.2152732 ], [ 133.3479486, 36.2136744 ], [ 133.3512469, 36.2134541 ], [ 133.3475585, 36.2093841 ], [ 133.349436900000029, 36.2068635 ], [ 133.341745299999985, 36.2004481 ], [ 133.3396593, 36.1959062 ], [ 133.34359809999998, 36.1969194 ], [ 133.3493133, 36.1962321 ], [ 133.352155399999987, 36.1974986 ], [ 133.3546896, 36.2026756 ], [ 133.3597775, 36.2025846 ], [ 133.3610969, 36.2041335 ], [ 133.3678586, 36.2044484 ], [ 133.3701072, 36.2067078 ], [ 133.370193299999983, 36.2112522 ], [ 133.3717436, 36.2140594 ], [ 133.3703659, 36.2166164 ], [ 133.3721281, 36.2187519 ], [ 133.3719783, 36.2225914 ], [ 133.374103599999984, 36.2246419 ], [ 133.3748328, 36.2281397 ], [ 133.3777389, 36.2305917 ], [ 133.3766664, 36.2372547 ], [ 133.3731175, 36.242955599999988 ], [ 133.3762142, 36.2466367 ], [ 133.372692200000017, 36.2510031 ], [ 133.3747903, 36.2529689 ], [ 133.379436699999985, 36.2623536 ], [ 133.3825694, 36.2643169 ], [ 133.3819847, 36.2661439 ], [ 133.385205, 36.2675475 ], [ 133.3793497, 36.2709303 ], [ 133.3790783, 36.27651 ], [ 133.3734978, 36.2777547 ], [ 133.3740578, 36.2791067 ], [ 133.369798900000035, 36.2812044 ], [ 133.3626892, 36.2791056 ], [ 133.362003099999981, 36.2836917 ], [ 133.3634217, 36.2885956 ], [ 133.3582664, 36.2887825 ], [ 133.3561317, 36.2907933 ], [ 133.3578714, 36.294755 ], [ 133.362309399999987, 36.2952572 ], [ 133.3567492, 36.2993889 ], [ 133.34895419999998, 36.2974336 ], [ 133.3451192, 36.2986475 ], [ 133.3446253, 36.3010583 ], [ 133.339721699999984, 36.3043006 ], [ 133.3378511, 36.3086433 ], [ 133.3402686, 36.3113728 ], [ 133.3349594, 36.3123161 ], [ 133.329097499999989, 36.3090064 ], [ 133.32448, 36.3088908 ], [ 133.326138900000018, 36.3140144 ], [ 133.3244492, 36.3167803 ], [ 133.3219214, 36.3161017 ], [ 133.3163461, 36.3236714 ], [ 133.3089458, 36.3192108 ], [ 133.3056914, 36.3238103 ], [ 133.308127499999983, 36.3242767 ], [ 133.3098803, 36.3284461 ], [ 133.306618899999989, 36.3295786 ], [ 133.3057447, 36.3272256 ], [ 133.3027308, 36.325575 ], [ 133.296953299999984, 36.3281828 ], [ 133.2951086, 36.333635 ], [ 133.292947199999986, 36.3328397 ], [ 133.287876399999988, 36.3365356 ], [ 133.2854817, 36.3426697 ], [ 133.2832333, 36.3440328 ] ] ] ] } },
{ "type": "Feature", "properties": { "hokenjo": "雲南" }, "geometry": { "type": "MultiPolygon", "coordinates": [ [ [ [ 132.6700731, 35.1709214 ], [ 132.6663264, 35.170479199999988 ], [ 132.6609158, 35.1704678 ], [ 132.659026899999986, 35.1637767 ], [ 132.6536769, 35.1607544 ], [ 132.6489258, 35.1492289 ], [ 132.6421708, 35.1483736 ], [ 132.6378006, 35.1466131 ], [ 132.631835, 35.1415664 ], [ 132.629016899999982, 35.1363278 ], [ 132.633309199999985, 35.1349589 ], [ 132.6464378, 35.12657 ], [ 132.6517447, 35.1235836 ], [ 132.6510422, 35.1197561 ], [ 132.6560892, 35.1177033 ], [ 132.663780799999984, 35.1182878 ], [ 132.6670842, 35.1210392 ], [ 132.6720269, 35.11734 ], [ 132.6705964, 35.1118731 ], [ 132.668480599999981, 35.111645 ], [ 132.6635728, 35.1070192 ], [ 132.6666208, 35.1030275 ], [ 132.6683983, 35.1025147 ], [ 132.6662308, 35.0970261 ], [ 132.6608331, 35.093195 ], [ 132.6587342, 35.0901086 ], [ 132.6582014, 35.0853561 ], [ 132.6618608, 35.0861681 ], [ 132.665665, 35.0827386 ], [ 132.6689833, 35.0840222 ], [ 132.671712499999984, 35.0828622 ], [ 132.6701103, 35.0788589 ], [ 132.676725799999986, 35.0769386 ], [ 132.6801819, 35.0744186 ], [ 132.6806775, 35.0719692 ], [ 132.6837619, 35.0700086 ], [ 132.6880578, 35.0732189 ], [ 132.6916928, 35.0720417 ], [ 132.6930147, 35.0700267 ], [ 132.6988528, 35.0653403 ], [ 132.6993761, 35.0629314 ], [ 132.7034464, 35.0593994 ], [ 132.704702199999986, 35.0570903 ], [ 132.7101394, 35.0558961 ], [ 132.7151944, 35.0575875 ], [ 132.7174231, 35.0568828 ], [ 132.7217683, 35.0512489 ], [ 132.71851, 35.0498708 ], [ 132.7125692, 35.0382831 ], [ 132.7171017, 35.0333778 ], [ 132.7154817, 35.0286261 ], [ 132.7175456, 35.023645 ], [ 132.71383, 35.0224875 ], [ 132.7103281, 35.0262192 ], [ 132.7078783, 35.0244556 ], [ 132.7008353, 35.0247444 ], [ 132.6975811, 35.0263108 ], [ 132.6952789, 35.029164699999988 ], [ 132.691395799999981, 35.0261228 ], [ 132.6863233, 35.0249692 ], [ 132.686765799999989, 35.0211628 ], [ 132.6774997, 35.0161406 ], [ 132.6775036, 35.0136494 ], [ 132.674617499999982, 35.0109128 ], [ 132.66431, 35.00867 ], [ 132.6626714, 35.0056114 ], [ 132.6651625, 35.0001081 ], [ 132.6633017, 34.9950731 ], [ 132.6678369, 34.99211 ], [ 132.662359399999985, 34.9856942 ], [ 132.659562199999982, 34.9882511 ], [ 132.655575299999981, 34.9895014 ], [ 132.6491542, 34.9861667 ], [ 132.651650599999982, 34.9822803 ], [ 132.6569778, 34.9813389 ], [ 132.657869399999981, 34.9787875 ], [ 132.6546481, 34.9753608 ], [ 132.6568347, 34.9687964 ], [ 132.6623008, 34.9672033 ], [ 132.6672939, 34.9670714 ], [ 132.669903299999987, 34.9643189 ], [ 132.6733806, 34.9657044 ], [ 132.679375, 34.9656931 ], [ 132.6832589, 34.9670506 ], [ 132.6854547, 34.9646933 ], [ 132.681761699999981, 34.9596803 ], [ 132.683498899999989, 34.9568783 ], [ 132.682705299999981, 34.9524517 ], [ 132.6850944, 34.9505575 ], [ 132.6895169, 34.9522328 ], [ 132.6940208, 34.9520714 ], [ 132.6983692, 34.9536367 ], [ 132.7019831, 34.9514597 ], [ 132.7064622, 34.9548731 ], [ 132.7144156, 34.9533753 ], [ 132.7168714, 34.9495939 ], [ 132.7203932, 34.9479937 ], [ 132.7274381, 34.9533525 ], [ 132.7276817, 34.956445 ], [ 132.7326908, 34.9574119 ], [ 132.7405378, 34.9610358 ], [ 132.7405994, 34.9567381 ], [ 132.7438544, 34.9584731 ], [ 132.7497219, 34.9602589 ], [ 132.751353099999989, 34.9665994 ], [ 132.751353099999989, 34.9698158 ], [ 132.7490239, 34.9715028 ], [ 132.74513, 34.9768264 ], [ 132.7532328, 34.9788694 ], [ 132.755944199999988, 34.977275 ], [ 132.75999969999998, 34.9790619 ], [ 132.7687033, 34.9839486 ], [ 132.7652986, 34.9892667 ], [ 132.7669933, 34.9911967 ], [ 132.7634272, 34.9928719 ], [ 132.7658003, 34.9958181 ], [ 132.7697958, 34.9975831 ], [ 132.7773244, 34.9988608 ], [ 132.7813236, 35.00318 ], [ 132.787850599999985, 35.0048958 ], [ 132.786524700000029, 35.0088325 ], [ 132.7870264, 35.013300799999989 ], [ 132.7931261, 35.0197422 ], [ 132.799026400000031, 35.0213725 ], [ 132.802308899999986, 35.0242164 ], [ 132.804514399999988, 35.0247706 ], [ 132.8064656, 35.0276389 ], [ 132.8088344, 35.0285603 ], [ 132.8109231, 35.0320958 ], [ 132.8096381, 35.0340197 ], [ 132.813320799999985, 35.0359364 ], [ 132.81371919999998, 35.0405517 ], [ 132.827434399999987, 35.0470853 ], [ 132.8310281, 35.0456322 ], [ 132.836770299999984, 35.0471022 ], [ 132.8379386, 35.0509317 ], [ 132.8330889, 35.0547497 ], [ 132.8308367, 35.0586922 ], [ 132.8278478, 35.061219699999988 ], [ 132.8314892, 35.0659708 ], [ 132.83532169999998, 35.0690031 ], [ 132.8392572, 35.0705428 ], [ 132.8406589, 35.0742197 ], [ 132.8448275, 35.0769447 ], [ 132.8459064, 35.0807742 ], [ 132.8490603, 35.0834844 ], [ 132.8523567, 35.0847172 ], [ 132.854164699999984, 35.087042499999988 ], [ 132.8583673, 35.0889433 ], [ 132.8597457, 35.0923664 ], [ 132.861297799999988, 35.0957589 ], [ 132.8658441, 35.0980397 ], [ 132.8702619, 35.0990819 ], [ 132.8732723, 35.1023166 ], [ 132.8774919, 35.1015579 ], [ 132.883506899999986, 35.1049031 ], [ 132.8885606, 35.1056831 ], [ 132.8927383, 35.1050794 ], [ 132.897355, 35.1040606 ], [ 132.897355, 35.1014511 ], [ 132.90283, 35.0965767 ], [ 132.9049761, 35.0917492 ], [ 132.9077419, 35.0898992 ], [ 132.9094778, 35.0862169 ], [ 132.9203972, 35.0838511 ], [ 132.9236425, 35.08424 ], [ 132.9266136, 35.0811081 ], [ 132.933589399999988, 35.0839214 ], [ 132.9433669, 35.0789508 ], [ 132.947591099999983, 35.0757622 ], [ 132.95518389999998, 35.0782356 ], [ 132.9571431, 35.0779067 ], [ 132.9658069, 35.0797353 ], [ 132.9674072, 35.0811489 ], [ 132.971321099999983, 35.0815144 ], [ 132.9749567, 35.0831764 ], [ 132.978085599999986, 35.0865728 ], [ 132.9786689, 35.0911314 ], [ 132.982398099999983, 35.0975586 ], [ 132.9872983, 35.1006589 ], [ 132.9906964, 35.1013044 ], [ 132.9923086, 35.0983581 ], [ 132.9968108, 35.098515 ], [ 133.0001119, 35.0971911 ], [ 133.003264699999988, 35.0929642 ], [ 133.003533299999987, 35.0903022 ], [ 133.0073892, 35.0904508 ], [ 133.0146244, 35.0876467 ], [ 133.016414199999986, 35.0784094 ], [ 133.0239133, 35.0777567 ], [ 133.0285433, 35.0734414 ], [ 133.0313764, 35.0728653 ], [ 133.033105799999987, 35.0682444 ], [ 133.043425, 35.0676042 ], [ 133.0523608, 35.0702289 ], [ 133.0550558, 35.0746947 ], [ 133.0599828, 35.0810964 ], [ 133.067223899999988, 35.0809572 ], [ 133.071485800000033, 35.0822386 ], [ 133.081338599999981, 35.0805978 ], [ 133.085388599999987, 35.0781844 ], [ 133.0932106, 35.084235 ], [ 133.096201899999983, 35.08539 ], [ 133.1001269, 35.0829483 ], [ 133.1067803, 35.0823603 ], [ 133.111308899999983, 35.0855786 ], [ 133.119514399999986, 35.0848572 ], [ 133.1221694, 35.0839867 ], [ 133.1261958, 35.08026 ], [ 133.1265722, 35.0768808 ], [ 133.1341506, 35.0762319 ], [ 133.1353925, 35.0744908 ], [ 133.1408136, 35.0756383 ], [ 133.1396986, 35.0796625 ], [ 133.14129029999998, 35.0828411 ], [ 133.1374164, 35.0853531 ], [ 133.1366822, 35.0886967 ], [ 133.138571399999989, 35.0957847 ], [ 133.140923900000018, 35.09734 ], [ 133.1398189, 35.1000053 ], [ 133.1455858, 35.1053375 ], [ 133.1442092, 35.1112783 ], [ 133.1422508, 35.1126633 ], [ 133.1403042, 35.1172836 ], [ 133.1466489, 35.1236936 ], [ 133.145312499999989, 35.131725 ], [ 133.1484039, 35.1397731 ], [ 133.155156399999981, 35.1442986 ], [ 133.1551347, 35.1473772 ], [ 133.157455299999981, 35.1489058 ], [ 133.1617444, 35.1484289 ], [ 133.1661303, 35.1492097 ], [ 133.1683033, 35.1520969 ], [ 133.1709136, 35.1535475 ], [ 133.1756642, 35.154395 ], [ 133.1775772, 35.1558072 ], [ 133.1841642, 35.1569031 ], [ 133.18858419999998, 35.1617356 ], [ 133.191862499999985, 35.1627297 ], [ 133.1937217, 35.1654644 ], [ 133.194905299999988, 35.1698903 ], [ 133.1934642, 35.172544699999989 ], [ 133.1936469, 35.1775017 ], [ 133.1886567, 35.1851297 ], [ 133.1855553, 35.1851119 ], [ 133.1821325, 35.1880342 ], [ 133.1829314, 35.1929328 ], [ 133.1846583, 35.1953717 ], [ 133.183731100000017, 35.19849 ], [ 133.1808125, 35.2026703 ], [ 133.1763944, 35.2051767 ], [ 133.1737717, 35.2053764 ], [ 133.1718206, 35.2087225 ], [ 133.169277199999982, 35.2086656 ], [ 133.1638122, 35.2064225 ], [ 133.1596831, 35.2065739 ], [ 133.1576336, 35.2039047 ], [ 133.1528806, 35.2037981 ], [ 133.1517014, 35.2062717 ], [ 133.1534244, 35.2098083 ], [ 133.1514531, 35.2125794 ], [ 133.151707499999986, 35.2161611 ], [ 133.1498794, 35.2139769 ], [ 133.143819399999984, 35.2114628 ], [ 133.1396656, 35.2109717 ], [ 133.1323169, 35.2111775 ], [ 133.1303019, 35.2090381 ], [ 133.1231914, 35.2093839 ], [ 133.116868100000033, 35.2121933 ], [ 133.114793599999985, 35.2139567 ], [ 133.1073661, 35.2144117 ], [ 133.102931399999989, 35.222885 ], [ 133.1059586, 35.2265675 ], [ 133.105315, 35.2293856 ], [ 133.108139199999982, 35.2325153 ], [ 133.1087281, 35.2361417 ], [ 133.1066272, 35.2392406 ], [ 133.1002992, 35.2402081 ], [ 133.097908099999984, 35.2421831 ], [ 133.0952542, 35.2467672 ], [ 133.0924992, 35.2476733 ], [ 133.0919131, 35.250055 ], [ 133.085876899999988, 35.2486783 ], [ 133.076220799999987, 35.2505547 ], [ 133.0733131, 35.2498703 ], [ 133.0705314, 35.2554406 ], [ 133.072748599999983, 35.2591658 ], [ 133.0731586, 35.2637989 ], [ 133.070238099999983, 35.2655156 ], [ 133.0692458, 35.2678403 ], [ 133.0707644, 35.2705756 ], [ 133.069154699999984, 35.2757467 ], [ 133.065348299999982, 35.2786419 ], [ 133.06509029999998, 35.2855008 ], [ 133.0671606, 35.2885853 ], [ 133.066578599999985, 35.2906675 ], [ 133.0627467, 35.2923717 ], [ 133.064306099999982, 35.2973492 ], [ 133.063855599999982, 35.3003639 ], [ 133.0608083, 35.3034192 ], [ 133.061876399999989, 35.3072228 ], [ 133.064346699999987, 35.3097239 ], [ 133.0655717, 35.3194911 ], [ 133.064220299999988, 35.3209739 ], [ 133.062631399999987, 35.32649 ], [ 133.065025599999984, 35.3297022 ], [ 133.059873899999985, 35.3346567 ], [ 133.055883599999987, 35.3366703 ], [ 133.0534203, 35.3397328 ], [ 133.053483299999982, 35.3427772 ], [ 133.0499739, 35.345354199999989 ], [ 133.0497131, 35.3491811 ], [ 133.0465514, 35.3506808 ], [ 133.0451364, 35.3532231 ], [ 133.0464819, 35.3564231 ], [ 133.0450861, 35.3607975 ], [ 133.0497303, 35.3671531 ], [ 133.0481531, 35.3745067 ], [ 133.044837199999989, 35.3748575 ], [ 133.0416622, 35.3733178 ], [ 133.0365511, 35.3725436 ], [ 133.034943299999981, 35.3749219 ], [ 133.0322797, 35.3747944 ], [ 133.0302456, 35.3767378 ], [ 133.0241206, 35.3773353 ], [ 133.021770799999985, 35.3788286 ], [ 133.0185411, 35.3770339 ], [ 133.0174644, 35.3750431 ], [ 133.0113264, 35.3783628 ], [ 133.008991899999984, 35.3738228 ], [ 133.0110989, 35.3717653 ], [ 133.0109344, 35.3689706 ], [ 133.006140599999981, 35.3671133 ], [ 133.002160799999984, 35.3675511 ], [ 132.9976333, 35.3696692 ], [ 132.9956767, 35.372682499999989 ], [ 132.989118599999983, 35.3706025 ], [ 132.981605299999984, 35.3707233 ], [ 132.976427799999982, 35.3718139 ], [ 132.9731514, 35.3699283 ], [ 132.9569711, 35.3719864 ], [ 132.95385779999998, 35.3741472 ], [ 132.9520019, 35.3728906 ], [ 132.9481508, 35.3751808 ], [ 132.9455519, 35.3751403 ], [ 132.9419239, 35.3771347 ], [ 132.938786099999987, 35.3742039 ], [ 132.93693, 35.3708878 ], [ 132.933505, 35.3759308 ], [ 132.9279761, 35.3745364 ], [ 132.92559559999998, 35.3670769 ], [ 132.9228483, 35.3697808 ], [ 132.9195469, 35.3694889 ], [ 132.914211099999989, 35.3720142 ], [ 132.914027799999985, 35.3766072 ], [ 132.9095236, 35.3808839 ], [ 132.908415, 35.3767692 ], [ 132.9033072, 35.3714992 ], [ 132.8953033, 35.3717786 ], [ 132.891695, 35.3744011 ], [ 132.8833994, 35.3746931 ], [ 132.879743599999983, 35.3695778 ], [ 132.8832433, 35.3680231 ], [ 132.8843211, 35.3660875 ], [ 132.8781617, 35.3644656 ], [ 132.8731042, 35.3641397 ], [ 132.8696531, 35.3580092 ], [ 132.865307799999982, 35.3544503 ], [ 132.866174199999989, 35.3502239 ], [ 132.8688553, 35.3474983 ], [ 132.8688089, 35.3432431 ], [ 132.86672, 35.343255 ], [ 132.8631403, 35.3400175 ], [ 132.867440599999981, 35.3366208 ], [ 132.871648599999986, 35.3315667 ], [ 132.8693403, 35.3303367 ], [ 132.8659525, 35.3247761 ], [ 132.86324639999998, 35.321845 ], [ 132.86027439999998, 35.3232561 ], [ 132.8576833, 35.3196578 ], [ 132.8544772, 35.3191753 ], [ 132.8506428, 35.3202961 ], [ 132.84994, 35.3180475 ], [ 132.846180799999985, 35.3173036 ], [ 132.8404586, 35.3188706 ], [ 132.8397508, 35.3161031 ], [ 132.8370669, 35.3138614 ], [ 132.841715, 35.3037956 ], [ 132.8425469, 35.2984128 ], [ 132.831955599999986, 35.2979083 ], [ 132.8294258, 35.2991744 ], [ 132.824185299999982, 35.2996097 ], [ 132.81783919999998, 35.2977853 ], [ 132.8125942, 35.2975461 ], [ 132.815924400000029, 35.2908939 ], [ 132.8146036, 35.2891569 ], [ 132.808551099999988, 35.2879672 ], [ 132.805292799999989, 35.2880814 ], [ 132.80028249999998, 35.2851936 ], [ 132.7991, 35.2808689 ], [ 132.7949486, 35.2788461 ], [ 132.7956628, 35.2767914 ], [ 132.7939556, 35.2742925 ], [ 132.7924325, 35.268732199999988 ], [ 132.7904017, 35.2655194 ], [ 132.786814199999981, 35.2624256 ], [ 132.787149699999986, 35.2584772 ], [ 132.7890639, 35.2580783 ], [ 132.7934775, 35.2539228 ], [ 132.792275599999982, 35.2464564 ], [ 132.7899736, 35.2449039 ], [ 132.7845342, 35.2436825 ], [ 132.7817033, 35.2404214 ], [ 132.7812319, 35.2360294 ], [ 132.7763597, 35.2303097 ], [ 132.768429199999986, 35.2280325 ], [ 132.763814699999983, 35.2254897 ], [ 132.76279, 35.2228119 ], [ 132.7637164, 35.2201978 ], [ 132.762664199999989, 35.2168494 ], [ 132.766308899999984, 35.2158369 ], [ 132.7665064, 35.21167 ], [ 132.7636731, 35.2046136 ], [ 132.763333599999982, 35.1984981 ], [ 132.756811699999986, 35.1967431 ], [ 132.7567075, 35.1947269 ], [ 132.7535839, 35.190735 ], [ 132.7496164, 35.1827608 ], [ 132.74679, 35.1819872 ], [ 132.741616099999987, 35.1825192 ], [ 132.7393983, 35.1773603 ], [ 132.7371394, 35.1755408 ], [ 132.740956399999988, 35.1690092 ], [ 132.734231699999981, 35.1685464 ], [ 132.7302975, 35.1718853 ], [ 132.725855, 35.17019 ], [ 132.721793099999985, 35.1721019 ], [ 132.717487799999986, 35.1714656 ], [ 132.7106925, 35.1672642 ], [ 132.7098958, 35.1616742 ], [ 132.7029789, 35.1633736 ], [ 132.700762199999986, 35.1616636 ], [ 132.6951283, 35.1600256 ], [ 132.6901689, 35.1620581 ], [ 132.690965299999988, 35.1682856 ], [ 132.688015299999989, 35.1705386 ], [ 132.6783369, 35.1728392 ], [ 132.674573899999984, 35.1746189 ], [ 132.6700731, 35.1709214 ] ] ] ] } },
{ "type": "Feature", "properties": { "hokenjo": "益田" }, "geometry": { "type": "MultiPolygon", "coordinates": [ [ [ [ 132.0551853, 34.4677953 ], [ 132.0603328, 34.4678397 ], [ 132.0641822, 34.4688783 ], [ 132.067179399999986, 34.4720069 ], [ 132.061486699999989, 34.4793769 ], [ 132.0580708, 34.480325 ], [ 132.0574492, 34.4866161 ], [ 132.060038099999986, 34.4901514 ], [ 132.059742799999981, 34.4922703 ], [ 132.0562094, 34.4954636 ], [ 132.053626399999985, 34.4962267 ], [ 132.0522039, 34.4989156 ], [ 132.0475314, 34.5003922 ], [ 132.0438236, 34.4993967 ], [ 132.039358099999987, 34.4994942 ], [ 132.0364481, 34.5012619 ], [ 132.040698099999986, 34.5061636 ], [ 132.042628899999983, 34.5070883 ], [ 132.047124699999983, 34.5124742 ], [ 132.0488772, 34.5164753 ], [ 132.047286899999989, 34.5188492 ], [ 132.047836099999984, 34.5214897 ], [ 132.0527122, 34.5302658 ], [ 132.0576139, 34.5295711 ], [ 132.0588031, 34.5310775 ], [ 132.0625789, 34.5319139 ], [ 132.067513099999985, 34.5341269 ], [ 132.0742989, 34.5349461 ], [ 132.0760922, 34.5369253 ], [ 132.079890299999988, 34.5365433 ], [ 132.08395059999998, 34.53753 ], [ 132.088165299999986, 34.5415189 ], [ 132.0887667, 34.5440833 ], [ 132.0950669, 34.5479283 ], [ 132.100189199999988, 34.5550989 ], [ 132.1070986, 34.5573333 ], [ 132.109456699999981, 34.5612092 ], [ 132.1137406, 34.5626133 ], [ 132.1158678, 34.5677992 ], [ 132.119035, 34.5726339 ], [ 132.1178803, 34.5782981 ], [ 132.125528299999985, 34.5831514 ], [ 132.1242806, 34.5878411 ], [ 132.12678, 34.5923375 ], [ 132.129684199999986, 34.5954786 ], [ 132.12467, 34.5976547 ], [ 132.1206422, 34.6006433 ], [ 132.1165456, 34.6067189 ], [ 132.1170697, 34.6115336 ], [ 132.119407199999984, 34.6159189 ], [ 132.1223919, 34.6190347 ], [ 132.1219197, 34.6216469 ], [ 132.1266947, 34.6273578 ], [ 132.1308053, 34.6291653 ], [ 132.1308708, 34.6336506 ], [ 132.126759199999981, 34.6392519 ], [ 132.1277514, 34.6417797 ], [ 132.1344425, 34.6451375 ], [ 132.133503599999983, 34.6479961 ], [ 132.1362206, 34.6497781 ], [ 132.146085, 34.6620914 ], [ 132.1477942, 34.6675536 ], [ 132.1507475, 34.6698733 ], [ 132.15543169999998, 34.6769914 ], [ 132.15713, 34.6812794 ], [ 132.1609072, 34.6816481 ], [ 132.1597928, 34.6847975 ], [ 132.1610819, 34.6881192 ], [ 132.157510299999984, 34.69272 ], [ 132.151866100000035, 34.6927142 ], [ 132.1445522, 34.6939642 ], [ 132.142221899999981, 34.6915939 ], [ 132.1365222, 34.6948539 ], [ 132.136307499999987, 34.6965636 ], [ 132.1295897, 34.700034699999989 ], [ 132.1320433, 34.7023272 ], [ 132.130768599999982, 34.7080261 ], [ 132.129303099999987, 34.7085217 ], [ 132.129568899999981, 34.7127172 ], [ 132.12338219999998, 34.7149017 ], [ 132.121179399999988, 34.7149008 ], [ 132.118186399999985, 34.7117494 ], [ 132.114505, 34.7119342 ], [ 132.110465799999986, 34.7166067 ], [ 132.1103592, 34.7186253 ], [ 132.106992500000018, 34.7188897 ], [ 132.1014875, 34.7147486 ], [ 132.099347199999983, 34.7151119 ], [ 132.09255, 34.7125772 ], [ 132.0911039, 34.7101839 ], [ 132.083751899999982, 34.7051506 ], [ 132.079360799999989, 34.7072044 ], [ 132.0768158, 34.7063628 ], [ 132.069645, 34.7064556 ], [ 132.0653658, 34.7086089 ], [ 132.0652275, 34.7119792 ], [ 132.0610825, 34.7095158 ], [ 132.0575761, 34.7123042 ], [ 132.058135599999986, 34.7141678 ], [ 132.0532719, 34.7144439 ], [ 132.049257499999982, 34.7134564 ], [ 132.0457147, 34.7177453 ], [ 132.039725299999986, 34.7193369 ], [ 132.036820799999987, 34.7191036 ], [ 132.0351939, 34.7164386 ], [ 132.03618, 34.7112808 ], [ 132.039978099999985, 34.7093681 ], [ 132.0381442, 34.7062053 ], [ 132.0297383, 34.7058328 ], [ 132.0207517, 34.7007442 ], [ 132.015027799999984, 34.7043489 ], [ 132.0138586, 34.7088758 ], [ 132.0110158, 34.7102203 ], [ 132.0091739, 34.7137242 ], [ 132.005903099999983, 34.7144122 ], [ 132.0014172, 34.7173794 ], [ 132.0008292, 34.7137369 ], [ 131.997053599999987, 34.7132733 ], [ 131.9944294, 34.7147706 ], [ 131.988529699999987, 34.7155081 ], [ 131.9885036, 34.7123717 ], [ 131.981345, 34.7123608 ], [ 131.9818553, 34.7154353 ], [ 131.9763786, 34.7158783 ], [ 131.9741333, 34.7151442 ], [ 131.9687178, 34.7177642 ], [ 131.9669883, 34.7202239 ], [ 131.9626656, 34.7199719 ], [ 131.96098809999998, 34.7179364 ], [ 131.9577203, 34.7201794 ], [ 131.95882, 34.7226017 ], [ 131.9582164, 34.7261464 ], [ 131.9559858, 34.7271425 ], [ 131.9477233, 34.7238822 ], [ 131.9466108, 34.7270722 ], [ 131.9466544, 34.7321681 ], [ 131.9449136, 34.7368047 ], [ 131.9419981, 34.7379222 ], [ 131.9345333, 34.7359797 ], [ 131.9319256, 34.7399167 ], [ 131.9326792, 34.745046099999989 ], [ 131.9316169, 34.7489881 ], [ 131.92895919999998, 34.7486742 ], [ 131.9222608, 34.7513736 ], [ 131.9202089, 34.7536111 ], [ 131.9178225, 34.7525725 ], [ 131.913229699999988, 34.7541061 ], [ 131.9078058, 34.7532956 ], [ 131.903856099999985, 34.75389 ], [ 131.9021286, 34.7557325 ], [ 131.897504199999986, 34.7568464 ], [ 131.8948317, 34.7590447 ], [ 131.8940542, 34.7624475 ], [ 131.888987499999985, 34.7615714 ], [ 131.89099, 34.7593033 ], [ 131.886105, 34.7566781 ], [ 131.878814399999982, 34.7593889 ], [ 131.875843299999985, 34.7597747 ], [ 131.8696069, 34.7586483 ], [ 131.8691331, 34.7561958 ], [ 131.8646469, 34.7552861 ], [ 131.8671675, 34.7514586 ], [ 131.8693136, 34.7454728 ], [ 131.8742925, 34.7438206 ], [ 131.869068299999981, 34.7368836 ], [ 131.8712636, 34.7340339 ], [ 131.8688656, 34.7307286 ], [ 131.864992199999989, 34.7281881 ], [ 131.8645256, 34.7248422 ], [ 131.861203099999983, 34.7224758 ], [ 131.854394899999988, 34.7225313 ], [ 131.8562696, 34.7200614 ], [ 131.8551128, 34.7173173 ], [ 131.8491301, 34.7112805 ], [ 131.8381204, 34.7046278 ], [ 131.8287186, 34.6994934 ], [ 131.8212906, 34.6968183 ], [ 131.816347799999988, 34.694313 ], [ 131.812088, 34.6937314 ], [ 131.81079889999998, 34.6921128 ], [ 131.7999515, 34.6887556 ], [ 131.790105499999981, 34.68647 ], [ 131.7835509, 34.6858605 ], [ 131.7756243, 34.6826683 ], [ 131.7722378, 34.6824431 ], [ 131.7625083, 34.6790167 ], [ 131.752045, 34.6766964 ], [ 131.73968, 34.6746117 ], [ 131.724451099999982, 34.6738856 ], [ 131.7230878, 34.6762283 ], [ 131.719090600000015, 34.6760775 ], [ 131.714839399999988, 34.6730461 ], [ 131.709358899999984, 34.6755114 ], [ 131.704978899999986, 34.6726444 ], [ 131.7025553, 34.6729561 ], [ 131.6991636, 34.6756325 ], [ 131.6932189, 34.6773389 ], [ 131.690969199999984, 34.6771136 ], [ 131.68444359999998, 34.6671558 ], [ 131.6898814, 34.663085 ], [ 131.68834529999998, 34.6600642 ], [ 131.6887628, 34.6568133 ], [ 131.6952378, 34.6559733 ], [ 131.6965017, 34.6527975 ], [ 131.694421399999982, 34.6507472 ], [ 131.69511110000002, 34.6486217 ], [ 131.698863099999983, 34.6488617 ], [ 131.6970672, 34.6418853 ], [ 131.698059199999989, 34.640505 ], [ 131.697521099999989, 34.6357739 ], [ 131.6982686, 34.6317814 ], [ 131.6942306, 34.6277331 ], [ 131.69615109999998, 34.6228614 ], [ 131.6948186, 34.6206786 ], [ 131.699935, 34.6162331 ], [ 131.7066539, 34.6128964 ], [ 131.7184136, 34.6134033 ], [ 131.7188914, 34.6119869 ], [ 131.7169178, 34.6059903 ], [ 131.719840799999986, 34.6006797 ], [ 131.7173769, 34.5989047 ], [ 131.718989199999982, 34.5968156 ], [ 131.7204664, 34.5893717 ], [ 131.719965, 34.5862003 ], [ 131.7208392, 34.5820161 ], [ 131.725175, 34.5804953 ], [ 131.727343099999985, 34.5761494 ], [ 131.725243899999981, 34.5748044 ], [ 131.7244197, 34.5719917 ], [ 131.72, 34.5723883 ], [ 131.717723299999989, 34.5705731 ], [ 131.7141436, 34.5658267 ], [ 131.7131953, 34.5628097 ], [ 131.7060203, 34.56339 ], [ 131.7036106, 34.5611169 ], [ 131.7053886, 34.5596125 ], [ 131.700925, 34.5510108 ], [ 131.7031422, 34.5504669 ], [ 131.7051081, 34.5420533 ], [ 131.7012125, 34.5387336 ], [ 131.7067381, 34.533075599999989 ], [ 131.701415, 34.530610599999989 ], [ 131.6953019, 34.5237914 ], [ 131.6877175, 34.5212856 ], [ 131.6853375, 34.5169158 ], [ 131.6835006, 34.5186406 ], [ 131.6784786, 34.5168417 ], [ 131.672577499999989, 34.5106517 ], [ 131.6692683, 34.5106542 ], [ 131.667969699999986, 34.5040953 ], [ 131.670522799999986, 34.5022 ], [ 131.6755056, 34.5009642 ], [ 131.679835, 34.4932717 ], [ 131.6821286, 34.4928406 ], [ 131.6823656, 34.488074399999988 ], [ 131.680665299999987, 34.4853775 ], [ 131.6815717, 34.4814056 ], [ 131.683453300000025, 34.4784908 ], [ 131.688759399999981, 34.4791778 ], [ 131.6934219, 34.4815761 ], [ 131.6960967, 34.4808592 ], [ 131.700012499999985, 34.4747147 ], [ 131.698879399999981, 34.470115 ], [ 131.693907199999984, 34.4657158 ], [ 131.6941492, 34.4624514 ], [ 131.696472799999981, 34.4580522 ], [ 131.6955372, 34.4546064 ], [ 131.6991017, 34.4514594 ], [ 131.6971675, 34.44616 ], [ 131.6938964, 34.4435661 ], [ 131.695315300000033, 34.4388344 ], [ 131.6974253, 34.4353078 ], [ 131.7019939, 34.4360058 ], [ 131.70612939999998, 34.4333247 ], [ 131.7100653, 34.4317981 ], [ 131.712869399999988, 34.4284947 ], [ 131.7173419, 34.4300103 ], [ 131.721125, 34.4286786 ], [ 131.7259206, 34.4301656 ], [ 131.729611399999982, 34.4327019 ], [ 131.7332361, 34.4303397 ], [ 131.737835, 34.4285961 ], [ 131.741219699999988, 34.4291103 ], [ 131.745452799999981, 34.4352783 ], [ 131.7484842, 34.4359761 ], [ 131.7519467, 34.4390108 ], [ 131.7573089, 34.4393892 ], [ 131.756668099999985, 34.4368461 ], [ 131.758681699999983, 34.4343233 ], [ 131.7613939, 34.4336658 ], [ 131.7707839, 34.4370867 ], [ 131.772864199999987, 34.4350242 ], [ 131.7769439, 34.4347842 ], [ 131.7800408, 34.4356972 ], [ 131.786576699999983, 34.4344533 ], [ 131.7938197, 34.4362131 ], [ 131.7949361, 34.4328947 ], [ 131.7944422, 34.4265067 ], [ 131.7932217, 34.4223422 ], [ 131.7869236, 34.4123906 ], [ 131.7878342, 34.4081194 ], [ 131.7854417, 34.4056778 ], [ 131.7847783, 34.3998608 ], [ 131.778783299999986, 34.3985819 ], [ 131.774712199999982, 34.3947908 ], [ 131.7726783, 34.3872844 ], [ 131.7694792, 34.3866297 ], [ 131.7651358, 34.38344 ], [ 131.7634567, 34.3809356 ], [ 131.7636033, 34.3771064 ], [ 131.767218899999989, 34.3748606 ], [ 131.7659344, 34.3717317 ], [ 131.76743, 34.3672022 ], [ 131.766163899999981, 34.3648725 ], [ 131.7697025, 34.3598481 ], [ 131.771235, 34.3557903 ], [ 131.777964699999984, 34.3534156 ], [ 131.779494699999987, 34.3445617 ], [ 131.7746072, 34.3375197 ], [ 131.777562499999988, 34.3329264 ], [ 131.779894399999989, 34.3336661 ], [ 131.7844647, 34.3317261 ], [ 131.7880667, 34.3287572 ], [ 131.790569399999981, 34.3300697 ], [ 131.7961378, 34.3265628 ], [ 131.7964675, 34.3188786 ], [ 131.7992811, 34.3169467 ], [ 131.8024475, 34.3169939 ], [ 131.8063239, 34.3123772 ], [ 131.809143299999988, 34.3115811 ], [ 131.8130969, 34.3123772 ], [ 131.8165431, 34.3102389 ], [ 131.8194608, 34.3029722 ], [ 131.8234639, 34.3052869 ], [ 131.831436699999983, 34.3026153 ], [ 131.8340608, 34.3111558 ], [ 131.836874699999981, 34.3111386 ], [ 131.8383258, 34.3087467 ], [ 131.8413081, 34.3083808 ], [ 131.845186399999989, 34.3109753 ], [ 131.847132499999987, 34.30851 ], [ 131.850721099999987, 34.3066125 ], [ 131.854615599999988, 34.3064836 ], [ 131.8603417, 34.3046208 ], [ 131.8650806, 34.3061311 ], [ 131.869576099999989, 34.3049697 ], [ 131.872865, 34.3084742 ], [ 131.8797156, 34.3095575 ], [ 131.881677199999984, 34.3090883 ], [ 131.885266699999988, 34.3106706 ], [ 131.8864194, 34.3135714 ], [ 131.8840131, 34.3212947 ], [ 131.8864886, 34.3228697 ], [ 131.887545599999982, 34.3272375 ], [ 131.8905306, 34.3243294 ], [ 131.8958003, 34.3220067 ], [ 131.8973753, 34.3195756 ], [ 131.8998292, 34.3190733 ], [ 131.9036011, 34.32291 ], [ 131.9087003, 34.3254786 ], [ 131.913281399999988, 34.3302869 ], [ 131.915047499999986, 34.3354636 ], [ 131.918941099999984, 34.3379844 ], [ 131.9214892, 34.335505 ], [ 131.92764889999998, 34.3346389 ], [ 131.9302358, 34.3330772 ], [ 131.9348678, 34.3279417 ], [ 131.9421731, 34.3253231 ], [ 131.944743599999981, 34.3207061 ], [ 131.946484699999985, 34.32029 ], [ 131.9501233, 34.3146158 ], [ 131.9553144, 34.3101558 ], [ 131.9556469, 34.3079597 ], [ 131.958681399999989, 34.3063436 ], [ 131.9609792, 34.3080178 ], [ 131.9635056, 34.3135953 ], [ 131.9627764, 34.3171436 ], [ 131.9607589, 34.3207942 ], [ 131.962436699999984, 34.3229697 ], [ 131.970415799999984, 34.3237189 ], [ 131.974170600000036, 34.3289506 ], [ 131.9754686, 34.3332014 ], [ 131.97547, 34.3374356 ], [ 131.9740153, 34.3411283 ], [ 131.9797806, 34.3427847 ], [ 131.9806261, 34.3470069 ], [ 131.9836358, 34.3509642 ], [ 131.9895961, 34.3523817 ], [ 131.9900308, 34.3542611 ], [ 131.99422, 34.3580628 ], [ 131.994545, 34.3616031 ], [ 131.9978428, 34.3648825 ], [ 132.0009981, 34.3662269 ], [ 132.0072228, 34.3647836 ], [ 132.012111399999981, 34.3674008 ], [ 132.0125725, 34.3700419 ], [ 132.0117608, 34.3750342 ], [ 132.013521699999984, 34.3820256 ], [ 132.0093994, 34.3856694 ], [ 132.007457499999987, 34.3859486 ], [ 132.007035799999983, 34.3908508 ], [ 132.005145, 34.3935125 ], [ 132.00026, 34.3972775 ], [ 131.9978289, 34.4041908 ], [ 131.9975186, 34.4070894 ], [ 131.994609699999984, 34.4080608 ], [ 131.994408599999986, 34.4102269 ], [ 131.989876399999986, 34.4139542 ], [ 131.9918394, 34.4160514 ], [ 131.99492, 34.4221364 ], [ 131.9965106, 34.4236694 ], [ 131.9974619, 34.4277886 ], [ 132.0062978, 34.4323111 ], [ 132.0098561, 34.4314183 ], [ 132.0110669, 34.4342989 ], [ 132.016233299999982, 34.4374694 ], [ 132.0173208, 34.4402714 ], [ 132.0154244, 34.4520422 ], [ 132.019169399999981, 34.4567292 ], [ 132.0220792, 34.4575547 ], [ 132.0232786, 34.4611525 ], [ 132.0348158, 34.4634056 ], [ 132.0390539, 34.4688878 ], [ 132.0410661, 34.4679928 ], [ 132.0459367, 34.4694897 ], [ 132.0487128, 34.4688283 ], [ 132.0498417, 34.4663914 ], [ 132.0551853, 34.4677953 ] ] ], [ [ [ 131.8361089, 34.8378508 ], [ 131.8335189, 34.8373953 ], [ 131.8333342, 34.8352469 ], [ 131.83753249999998, 34.8335372 ], [ 131.841932499999984, 34.8339281 ], [ 131.8416244, 34.8360231 ], [ 131.8361089, 34.8378508 ] ] ] ] } },
{ "type": "Feature", "properties": { "hokenjo": "県央" }, "geometry": { "type": "MultiPolygon", "coordinates": [ [ [ [ 132.634029199999986, 34.9048042 ], [ 132.6412494, 34.9037744 ], [ 132.6428411, 34.9090072 ], [ 132.6471067, 34.9104442 ], [ 132.649405799999982, 34.9154228 ], [ 132.6515219, 34.9178042 ], [ 132.651158899999984, 34.9198558 ], [ 132.6560175, 34.92323 ], [ 132.6608119, 34.9232619 ], [ 132.6657619, 34.9276514 ], [ 132.6670425, 34.9307975 ], [ 132.6717103, 34.9308011 ], [ 132.6759281, 34.9327742 ], [ 132.6788703, 34.9392206 ], [ 132.6819572, 34.9442614 ], [ 132.6844903, 34.9464394 ], [ 132.6850944, 34.9505575 ], [ 132.682705299999981, 34.9524517 ], [ 132.683498899999989, 34.9568783 ], [ 132.681761699999981, 34.9596803 ], [ 132.6854547, 34.9646933 ], [ 132.6832589, 34.9670506 ], [ 132.679375, 34.9656931 ], [ 132.6733806, 34.9657044 ], [ 132.669903299999987, 34.9643189 ], [ 132.6672939, 34.9670714 ], [ 132.6623008, 34.9672033 ], [ 132.6568347, 34.9687964 ], [ 132.6546481, 34.9753608 ], [ 132.657869399999981, 34.9787875 ], [ 132.6569778, 34.9813389 ], [ 132.651650599999982, 34.9822803 ], [ 132.6491542, 34.9861667 ], [ 132.655575299999981, 34.9895014 ], [ 132.659562199999982, 34.9882511 ], [ 132.662359399999985, 34.9856942 ], [ 132.6678369, 34.99211 ], [ 132.6633017, 34.9950731 ], [ 132.6651625, 35.0001081 ], [ 132.6626714, 35.0056114 ], [ 132.66431, 35.00867 ], [ 132.674617499999982, 35.0109128 ], [ 132.6775036, 35.0136494 ], [ 132.6774997, 35.0161406 ], [ 132.686765799999989, 35.0211628 ], [ 132.6863233, 35.0249692 ], [ 132.691395799999981, 35.0261228 ], [ 132.6952789, 35.029164699999988 ], [ 132.6975811, 35.0263108 ], [ 132.7008353, 35.0247444 ], [ 132.7078783, 35.0244556 ], [ 132.7103281, 35.0262192 ], [ 132.71383, 35.0224875 ], [ 132.7175456, 35.023645 ], [ 132.7154817, 35.0286261 ], [ 132.7171017, 35.0333778 ], [ 132.7125692, 35.0382831 ], [ 132.71851, 35.0498708 ], [ 132.7217683, 35.0512489 ], [ 132.7174231, 35.0568828 ], [ 132.7151944, 35.0575875 ], [ 132.7101394, 35.0558961 ], [ 132.704702199999986, 35.0570903 ], [ 132.7034464, 35.0593994 ], [ 132.6993761, 35.0629314 ], [ 132.6988528, 35.0653403 ], [ 132.6930147, 35.0700267 ], [ 132.6916928, 35.0720417 ], [ 132.6880578, 35.0732189 ], [ 132.6837619, 35.0700086 ], [ 132.6806775, 35.0719692 ], [ 132.6801819, 35.0744186 ], [ 132.676725799999986, 35.0769386 ], [ 132.6701103, 35.0788589 ], [ 132.671712499999984, 35.0828622 ], [ 132.6689833, 35.0840222 ], [ 132.665665, 35.0827386 ], [ 132.6618608, 35.0861681 ], [ 132.6582014, 35.0853561 ], [ 132.6587342, 35.0901086 ], [ 132.6608331, 35.093195 ], [ 132.6662308, 35.0970261 ], [ 132.6683983, 35.1025147 ], [ 132.6666208, 35.1030275 ], [ 132.6635728, 35.1070192 ], [ 132.668480599999981, 35.111645 ], [ 132.6705964, 35.1118731 ], [ 132.6720269, 35.11734 ], [ 132.6670842, 35.1210392 ], [ 132.663780799999984, 35.1182878 ], [ 132.6560892, 35.1177033 ], [ 132.6510422, 35.1197561 ], [ 132.6517447, 35.1235836 ], [ 132.6464378, 35.12657 ], [ 132.633309199999985, 35.1349589 ], [ 132.629016899999982, 35.1363278 ], [ 132.631835, 35.1415664 ], [ 132.6378006, 35.1466131 ], [ 132.6421708, 35.1483736 ], [ 132.6489258, 35.1492289 ], [ 132.6536769, 35.1607544 ], [ 132.659026899999986, 35.1637767 ], [ 132.6609158, 35.1704678 ], [ 132.6663264, 35.170479199999988 ], [ 132.6680667, 35.1762042 ], [ 132.665398899999985, 35.1816531 ], [ 132.666394199999985, 35.1857983 ], [ 132.6612197, 35.1914389 ], [ 132.661635, 35.1943986 ], [ 132.6597089, 35.1995775 ], [ 132.6546725, 35.2025483 ], [ 132.655516899999981, 35.2049531 ], [ 132.6502022, 35.2068003 ], [ 132.6497525, 35.2094108 ], [ 132.646473899999989, 35.2105231 ], [ 132.6406892, 35.2091122 ], [ 132.6389006, 35.2056514 ], [ 132.6386397, 35.2025647 ], [ 132.6307708, 35.2022103 ], [ 132.628206399999982, 35.2037561 ], [ 132.6281514, 35.2070283 ], [ 132.6259125, 35.2089319 ], [ 132.6235264, 35.208045 ], [ 132.6200964, 35.2087256 ], [ 132.61561, 35.2131431 ], [ 132.6096461, 35.2120147 ], [ 132.6085003, 35.2174392 ], [ 132.6004297, 35.2172089 ], [ 132.5977028, 35.2194056 ], [ 132.5984044, 35.221165 ], [ 132.5936008, 35.2244539 ], [ 132.5900533, 35.2279064 ], [ 132.585397799999981, 35.228665 ], [ 132.5798031, 35.2342233 ], [ 132.5807931, 35.2399333 ], [ 132.5827294, 35.2418933 ], [ 132.5845325, 35.2461044 ], [ 132.581007199999988, 35.2501944 ], [ 132.5811883, 35.255185 ], [ 132.5799989, 35.2578317 ], [ 132.5792147, 35.2642883 ], [ 132.576826399999987, 35.2649472 ], [ 132.5755232, 35.2720379 ], [ 132.5754532, 35.2720662 ], [ 132.575422299999985, 35.2720801 ], [ 132.5751139, 35.272246 ], [ 132.5750232, 35.2722962 ], [ 132.5725881, 35.2696717 ], [ 132.5656411, 35.2674843 ], [ 132.563095, 35.2673512 ], [ 132.5615822, 35.2643469 ], [ 132.5589996, 35.265488399999988 ], [ 132.555433099999988, 35.2645718 ], [ 132.551177599999988, 35.2604594 ], [ 132.542632699999984, 35.2590319 ], [ 132.5386565, 35.2571416 ], [ 132.5350694, 35.2535231 ], [ 132.530189799999988, 35.2529115 ], [ 132.5297659, 35.2505975 ], [ 132.527153299999981, 35.2474616 ], [ 132.5286854, 35.2447937 ], [ 132.527467299999984, 35.2420785 ], [ 132.5241112, 35.2405104 ], [ 132.519800799999985, 35.2398296 ], [ 132.517300899999981, 35.2406153 ], [ 132.508038699999986, 35.2365371 ], [ 132.5033702, 35.2323763 ], [ 132.5043044, 35.2304862 ], [ 132.4982579, 35.2276308 ], [ 132.494250600000015, 35.2277681 ], [ 132.492049, 35.2303374 ], [ 132.489411, 35.2305903 ], [ 132.4870225, 35.2285223 ], [ 132.4881062, 35.225151 ], [ 132.4830907, 35.2206885 ], [ 132.4761727, 35.2183804 ], [ 132.467699399999987, 35.2173641 ], [ 132.4680664, 35.21552 ], [ 132.4652572, 35.209225 ], [ 132.4588363, 35.2053219 ], [ 132.455966, 35.2047163 ], [ 132.450852, 35.1991036 ], [ 132.445211, 35.1962938 ], [ 132.4369556, 35.193064899999989 ], [ 132.4325507, 35.1907387 ], [ 132.4250505, 35.1889507 ], [ 132.4213777, 35.1890405 ], [ 132.4221522, 35.1833357 ], [ 132.415612899999985, 35.1827141 ], [ 132.4169058, 35.1773405 ], [ 132.415252, 35.1755075 ], [ 132.4121237, 35.1758455 ], [ 132.407054, 35.1733189 ], [ 132.40315, 35.1696303 ], [ 132.404451, 35.1677159 ], [ 132.4023597, 35.1653718 ], [ 132.404392799999982, 35.16005 ], [ 132.4013252, 35.1567197 ], [ 132.39647, 35.1571523 ], [ 132.393158699999987, 35.1548536 ], [ 132.3943753, 35.1523576 ], [ 132.390792299999987, 35.1463294 ], [ 132.383912399999986, 35.1473176 ], [ 132.3828672, 35.1440208 ], [ 132.3876632, 35.1435498 ], [ 132.3910435, 35.1401405 ], [ 132.3913789, 35.1369406 ], [ 132.389383, 35.1317413 ], [ 132.3851869, 35.1275302 ], [ 132.3809843, 35.1262738 ], [ 132.377740099999983, 35.1271141 ], [ 132.3639425, 35.1196383 ], [ 132.3655824, 35.114781 ], [ 132.363463, 35.112774 ], [ 132.358767299999982, 35.1118325 ], [ 132.3534439, 35.1064531 ], [ 132.3499902, 35.1082164 ], [ 132.3482984, 35.1060923 ], [ 132.3444673, 35.1040119 ], [ 132.336838699999987, 35.1014394 ], [ 132.3393542, 35.0962354 ], [ 132.345295199999981, 35.0922345 ], [ 132.338746, 35.0933814 ], [ 132.3341007, 35.0965947 ], [ 132.3316764, 35.0952836 ], [ 132.331222699999984, 35.092983 ], [ 132.3254777, 35.0897558 ], [ 132.323396699999989, 35.0843232 ], [ 132.3271949, 35.0819995 ], [ 132.3281485, 35.0777282 ], [ 132.326420899999988, 35.0751368 ], [ 132.317954, 35.0731754 ], [ 132.316316299999983, 35.0685948 ], [ 132.3168575, 35.06634 ], [ 132.3141393, 35.0641504 ], [ 132.3198128, 35.0580086 ], [ 132.3188556, 35.0557294 ], [ 132.3214614, 35.0548158 ], [ 132.3236747, 35.0517581 ], [ 132.3263131, 35.0536117 ], [ 132.325019699999984, 35.0570917 ], [ 132.327522499999986, 35.0586569 ], [ 132.33058, 35.0542592 ], [ 132.3338344, 35.0544961 ], [ 132.3345003, 35.051345 ], [ 132.3390431, 35.0489931 ], [ 132.344130299999989, 35.050831699999989 ], [ 132.3502489, 35.0472553 ], [ 132.3536967, 35.0468483 ], [ 132.3563881, 35.0439303 ], [ 132.3544483, 35.0413161 ], [ 132.3578464, 35.0356589 ], [ 132.3612611, 35.0350817 ], [ 132.363742799999983, 35.0332375 ], [ 132.362066699999986, 35.0295858 ], [ 132.3640283, 35.0281136 ], [ 132.3608786, 35.0219983 ], [ 132.3641456, 35.0166086 ], [ 132.3654331, 35.0119839 ], [ 132.3685717, 35.0101097 ], [ 132.3684053, 35.0071222 ], [ 132.3722333, 35.0062403 ], [ 132.3735314, 35.0076092 ], [ 132.378859399999982, 35.0050233 ], [ 132.3803044, 35.0015011 ], [ 132.3836775, 34.9984483 ], [ 132.38637, 34.9965361 ], [ 132.3881647, 34.993335 ], [ 132.389295799999985, 34.9857217 ], [ 132.3859247, 34.9825647 ], [ 132.387533599999983, 34.9772864 ], [ 132.3934453, 34.9784283 ], [ 132.396128299999987, 34.9766292 ], [ 132.4001744, 34.9757117 ], [ 132.402679399999982, 34.9764006 ], [ 132.4092928, 34.9735881 ], [ 132.413436099999984, 34.9727106 ], [ 132.4162786, 34.9756808 ], [ 132.419747199999989, 34.976700799999989 ], [ 132.4256292, 34.9766097 ], [ 132.4292058, 34.9708939 ], [ 132.4284475, 34.9691989 ], [ 132.4339, 34.9660978 ], [ 132.4376225, 34.9648428 ], [ 132.4374172, 34.9602753 ], [ 132.4397358, 34.9582339 ], [ 132.44094530000001, 34.962535 ], [ 132.443452799999989, 34.9652342 ], [ 132.4480633, 34.9655717 ], [ 132.4532083, 34.9643633 ], [ 132.461692199999987, 34.956795 ], [ 132.4625211, 34.9511947 ], [ 132.465089399999982, 34.9486492 ], [ 132.4630056, 34.9469678 ], [ 132.458958599999988, 34.9500375 ], [ 132.453539399999983, 34.9464764 ], [ 132.449846400000013, 34.9477003 ], [ 132.4451994, 34.9466786 ], [ 132.4426633, 34.9445914 ], [ 132.4406228, 34.9454378 ], [ 132.437860799999982, 34.9422208 ], [ 132.4351528, 34.9409967 ], [ 132.4343872, 34.9366753 ], [ 132.430326899999983, 34.9322011 ], [ 132.4286478, 34.9273714 ], [ 132.4260203, 34.9277017 ], [ 132.4202197, 34.9262803 ], [ 132.41623, 34.9296806 ], [ 132.4120414, 34.9280539 ], [ 132.39817, 34.9372211 ], [ 132.3941939, 34.9357031 ], [ 132.3840056, 34.9357944 ], [ 132.3818339, 34.9392525 ], [ 132.378636699999987, 34.9412842 ], [ 132.3728461, 34.9400656 ], [ 132.3680689, 34.9405317 ], [ 132.3647681, 34.9350519 ], [ 132.3651083, 34.9332392 ], [ 132.359345599999983, 34.9291664 ], [ 132.3516789, 34.9254575 ], [ 132.3509764, 34.9220586 ], [ 132.3465606, 34.9201386 ], [ 132.339697199999989, 34.9204067 ], [ 132.339725, 34.9173489 ], [ 132.337155, 34.9171117 ], [ 132.3331981, 34.9194644 ], [ 132.3280308, 34.9202675 ], [ 132.3291044, 34.9176833 ], [ 132.3236847, 34.9168122 ], [ 132.321255, 34.9136975 ], [ 132.323492499999986, 34.9097003 ], [ 132.3146203, 34.9106514 ], [ 132.310235799999987, 34.9086569 ], [ 132.3113428, 34.9034622 ], [ 132.308571699999987, 34.8998531 ], [ 132.306077200000033, 34.8990056 ], [ 132.30829140000003, 34.8961192 ], [ 132.3063075, 34.8937544 ], [ 132.3101175, 34.8867197 ], [ 132.3162131, 34.8846217 ], [ 132.323688900000036, 34.8779842 ], [ 132.3261042, 34.8778478 ], [ 132.3314164, 34.8712575 ], [ 132.3355642, 34.8675358 ], [ 132.3359308, 34.8652719 ], [ 132.339144200000021, 34.8614317 ], [ 132.3451825, 34.8605606 ], [ 132.3473894, 34.857923299999989 ], [ 132.3510269, 34.8578997 ], [ 132.354110599999984, 34.8603889 ], [ 132.3588044, 34.8604306 ], [ 132.365705599999984, 34.8622736 ], [ 132.37091, 34.8606142 ], [ 132.373694699999987, 34.8609294 ], [ 132.3764989, 34.8582997 ], [ 132.380807799999985, 34.8575733 ], [ 132.381049700000034, 34.85449 ], [ 132.379227499999985, 34.8523753 ], [ 132.3803833, 34.8502858 ], [ 132.384076099999987, 34.8483597 ], [ 132.38472969999998, 34.8454225 ], [ 132.3883439, 34.8433022 ], [ 132.3898247, 34.8393233 ], [ 132.392525800000016, 34.8386364 ], [ 132.3931828, 34.8358514 ], [ 132.3904081, 34.832385 ], [ 132.3908628, 34.8285294 ], [ 132.390438599999982, 34.8193167 ], [ 132.3874544, 34.8177028 ], [ 132.3834406, 34.8107633 ], [ 132.3854125, 34.8091589 ], [ 132.3852525, 34.8063617 ], [ 132.3830011, 34.8025589 ], [ 132.384024200000027, 34.8003978 ], [ 132.383048299999984, 34.7947967 ], [ 132.3819383, 34.7926853 ], [ 132.3813969, 34.7858378 ], [ 132.385186399999981, 34.7849267 ], [ 132.387441699999982, 34.7827436 ], [ 132.392846099999986, 34.7837447 ], [ 132.396680799999984, 34.7794233 ], [ 132.3988822, 34.780957199999989 ], [ 132.398620599999987, 34.7833392 ], [ 132.40370919999998, 34.7866953 ], [ 132.406758599999989, 34.7895464 ], [ 132.4068939, 34.7916936 ], [ 132.4144906, 34.7971703 ], [ 132.4203369, 34.7973147 ], [ 132.4247125, 34.7990831 ], [ 132.4239183, 34.8032872 ], [ 132.424414399999989, 34.8069142 ], [ 132.4211575, 34.8117769 ], [ 132.421058099999982, 34.8139331 ], [ 132.4257494, 34.8124986 ], [ 132.429917499999988, 34.8142219 ], [ 132.436620600000026, 34.8209525 ], [ 132.4399769, 34.8181647 ], [ 132.445985799999988, 34.8151964 ], [ 132.445178299999981, 34.8133153 ], [ 132.4540022, 34.8092917 ], [ 132.4566817, 34.8074061 ], [ 132.456686099999985, 34.8043431 ], [ 132.4539886, 34.802096399999989 ], [ 132.4616708, 34.8023447 ], [ 132.4657939, 34.8016592 ], [ 132.471987499999983, 34.8022503 ], [ 132.474333100000024, 34.7998056 ], [ 132.480052799999982, 34.7999772 ], [ 132.4835444, 34.7971536 ], [ 132.48648559999998, 34.7977219 ], [ 132.4950164, 34.8014347 ], [ 132.4984378, 34.798795 ], [ 132.5010797, 34.7995275 ], [ 132.5051478, 34.7960153 ], [ 132.5085861, 34.7974022 ], [ 132.5112675, 34.8014344 ], [ 132.5134736, 34.8007925 ], [ 132.5183781, 34.8039003 ], [ 132.5205014, 34.8036461 ], [ 132.5272417, 34.7988731 ], [ 132.533209699999986, 34.7973233 ], [ 132.5378508, 34.7950014 ], [ 132.543648599999983, 34.7965525 ], [ 132.546525299999985, 34.8026436 ], [ 132.5540847, 34.8082839 ], [ 132.5588333, 34.8069547 ], [ 132.5624894, 34.8076806 ], [ 132.565215599999988, 34.8060847 ], [ 132.5679958, 34.8065392 ], [ 132.568451399999987, 34.8107378 ], [ 132.5801764, 34.8158772 ], [ 132.5858456, 34.8230072 ], [ 132.5902719, 34.8213311 ], [ 132.5919831, 34.8236369 ], [ 132.592118299999981, 34.8270361 ], [ 132.5968632, 34.8307243 ], [ 132.600276399999984, 34.8318603 ], [ 132.605436699999984, 34.8306994 ], [ 132.612494699999985, 34.8334642 ], [ 132.610948899999983, 34.8378092 ], [ 132.613966399999981, 34.8411739 ], [ 132.6196433, 34.8435011 ], [ 132.6218139, 34.8422003 ], [ 132.6246797, 34.8429928 ], [ 132.631180300000011, 34.8431322 ], [ 132.633128299999981, 34.8398678 ], [ 132.635688099999982, 34.838935299999989 ], [ 132.6394786, 34.8397275 ], [ 132.6430369, 34.8376497 ], [ 132.6475069, 34.8400742 ], [ 132.652770799999985, 34.8401806 ], [ 132.6532756, 34.8369328 ], [ 132.657317799999987, 34.8354917 ], [ 132.659760799999987, 34.8323353 ], [ 132.6674447, 34.8322767 ], [ 132.6706686, 34.8378747 ], [ 132.6711225, 34.8421356 ], [ 132.6751631, 34.8475944 ], [ 132.6838597, 34.8513511 ], [ 132.6896189, 34.8502864 ], [ 132.693964199999982, 34.8435447 ], [ 132.6986575, 34.8429475 ], [ 132.702510599999982, 34.8473011 ], [ 132.710597799999988, 34.8498603 ], [ 132.7101353, 34.8582808 ], [ 132.706351399999988, 34.8622783 ], [ 132.7046111, 34.870505799999989 ], [ 132.7020908, 34.8798669 ], [ 132.699832499999985, 34.8822339 ], [ 132.692185, 34.8829836 ], [ 132.687725, 34.8846544 ], [ 132.6815197, 34.8843497 ], [ 132.679337799999985, 34.8860794 ], [ 132.6787294, 34.8907125 ], [ 132.6768439, 34.8936203 ], [ 132.6745575, 34.8944275 ], [ 132.66675859999998, 34.8903169 ], [ 132.6640286, 34.8897483 ], [ 132.6593264, 34.8922167 ], [ 132.6578786, 34.8972417 ], [ 132.655691099999984, 34.8994883 ], [ 132.6512483, 34.9007039 ], [ 132.645646699999986, 34.8990133 ], [ 132.6373811, 34.8985764 ], [ 132.6348631, 34.8991319 ], [ 132.6333611, 34.9015253 ], [ 132.634029199999986, 34.9048042 ] ] ] ] } },
{ "type": "Feature", "properties": { "hokenjo": "出雲" }, "geometry": { "type": "MultiPolygon", "coordinates": [ [ [ [ 132.9031628, 35.5119658 ], [ 132.895953099999986, 35.5127803 ], [ 132.8896911, 35.5105719 ], [ 132.88161, 35.5109664 ], [ 132.876932499999981, 35.5101269 ], [ 132.869357799999989, 35.5109089 ], [ 132.8663644, 35.5133758 ], [ 132.8622494, 35.5107903 ], [ 132.8601122, 35.5072633 ], [ 132.8562494, 35.51012 ], [ 132.8534831, 35.5077092 ], [ 132.8470697, 35.5064864 ], [ 132.8419317, 35.503215 ], [ 132.8380158, 35.5026139 ], [ 132.8367122, 35.5042256 ], [ 132.83103, 35.5050497 ], [ 132.830845, 35.503326099999988 ], [ 132.8270528, 35.5012086 ], [ 132.825909199999984, 35.497506099999988 ], [ 132.8193394, 35.4974628 ], [ 132.817027199999984, 35.4984819 ], [ 132.8126992, 35.496887799999989 ], [ 132.811632799999984, 35.4952039 ], [ 132.80641, 35.4930522 ], [ 132.805054399999989, 35.4902414 ], [ 132.8019683, 35.4882539 ], [ 132.8019783, 35.4850111 ], [ 132.800322800000032, 35.4834883 ], [ 132.7953694, 35.48423 ], [ 132.7912464, 35.4830039 ], [ 132.7901617, 35.4813844 ], [ 132.7827467, 35.4806775 ], [ 132.779785299999986, 35.4789303 ], [ 132.775225799999987, 35.4805706 ], [ 132.7700911, 35.4777069 ], [ 132.7669961, 35.478205 ], [ 132.7583467, 35.4753269 ], [ 132.75546749999998, 35.4761564 ], [ 132.7474192, 35.4721578 ], [ 132.7413297, 35.4720489 ], [ 132.731524399999984, 35.4693567 ], [ 132.7301761, 35.4676611 ], [ 132.7358458, 35.4663883 ], [ 132.7475872, 35.4611672 ], [ 132.752175599999987, 35.4579387 ], [ 132.757092199999988, 35.4560615 ], [ 132.7555425, 35.4528267 ], [ 132.757665, 35.4505451 ], [ 132.753432, 35.447564 ], [ 132.746888, 35.4511401 ], [ 132.7464799, 35.4485039 ], [ 132.7392549, 35.4463546 ], [ 132.722226799999987, 35.4468572 ], [ 132.71561029999998, 35.4430197 ], [ 132.710298599999987, 35.4420564 ], [ 132.706094399999984, 35.4421578 ], [ 132.7026608, 35.4450075 ], [ 132.7013739, 35.4486289 ], [ 132.693557199999987, 35.450639699999989 ], [ 132.6849014, 35.451715 ], [ 132.6833325, 35.4499128 ], [ 132.6879683, 35.4416764 ], [ 132.6844581, 35.441205 ], [ 132.684096399999987, 35.4439594 ], [ 132.6792386, 35.4443761 ], [ 132.6785022, 35.447085 ], [ 132.6757017, 35.4478006 ], [ 132.668236399999984, 35.444561899999989 ], [ 132.6667986, 35.4427989 ], [ 132.663777499999981, 35.4446408 ], [ 132.6585139, 35.4446914 ], [ 132.6585622, 35.4426358 ], [ 132.6554386, 35.4400786 ], [ 132.6538903, 35.4415203 ], [ 132.6505531, 35.4414078 ], [ 132.6471611, 35.4381861 ], [ 132.644443099999989, 35.4417622 ], [ 132.642475, 35.4387714 ], [ 132.6456336, 35.4377578 ], [ 132.6454067, 35.4350939 ], [ 132.6421244, 35.43506 ], [ 132.6409701, 35.4313261 ], [ 132.637370799999985, 35.4325992 ], [ 132.634425, 35.4318267 ], [ 132.6317383, 35.4348967 ], [ 132.6293675, 35.4352006 ], [ 132.6275511, 35.4330319 ], [ 132.6284047, 35.428621899999989 ], [ 132.6266594, 35.4259267 ], [ 132.6237947, 35.4251353 ], [ 132.624131899999981, 35.4203481 ], [ 132.622774199999981, 35.4185622 ], [ 132.6305578, 35.4171906 ], [ 132.6357103, 35.4183806 ], [ 132.640477799999985, 35.4160156 ], [ 132.6446617, 35.416223099999989 ], [ 132.6477758, 35.4139256 ], [ 132.6497483, 35.4108528 ], [ 132.6563406, 35.4105889 ], [ 132.6616929, 35.4068341 ], [ 132.6618851, 35.4052227 ], [ 132.6687406, 35.4028746 ], [ 132.671738399999981, 35.4006647 ], [ 132.6735684, 35.3944511 ], [ 132.6729559, 35.392426 ], [ 132.674802699999987, 35.387401 ], [ 132.6747124, 35.3722065 ], [ 132.671386899999987, 35.3550012 ], [ 132.6694617, 35.3485398 ], [ 132.6625205, 35.3309495 ], [ 132.655968, 35.3189235 ], [ 132.6517872, 35.3128045 ], [ 132.643229099999985, 35.3019412 ], [ 132.638791, 35.2992469 ], [ 132.63669059999998, 35.2956775 ], [ 132.6323796, 35.2921991 ], [ 132.6285617, 35.2879101 ], [ 132.6241747, 35.2861627 ], [ 132.6156571, 35.2809912 ], [ 132.607777100000021, 35.2791207 ], [ 132.6041033, 35.2775799 ], [ 132.5995484, 35.2773214 ], [ 132.5980002, 35.2761828 ], [ 132.5926311, 35.2763244 ], [ 132.5856849, 35.275078 ], [ 132.581242299999985, 35.2713222 ], [ 132.5755232, 35.2720379 ], [ 132.576826399999987, 35.2649472 ], [ 132.5792147, 35.2642883 ], [ 132.5799989, 35.2578317 ], [ 132.5811883, 35.255185 ], [ 132.581007199999988, 35.2501944 ], [ 132.5845325, 35.2461044 ], [ 132.5827294, 35.2418933 ], [ 132.5807931, 35.2399333 ], [ 132.5798031, 35.2342233 ], [ 132.585397799999981, 35.228665 ], [ 132.5900533, 35.2279064 ], [ 132.5936008, 35.2244539 ], [ 132.5984044, 35.221165 ], [ 132.5977028, 35.2194056 ], [ 132.6004297, 35.2172089 ], [ 132.6085003, 35.2174392 ], [ 132.6096461, 35.2120147 ], [ 132.61561, 35.2131431 ], [ 132.6200964, 35.2087256 ], [ 132.6235264, 35.208045 ], [ 132.6259125, 35.2089319 ], [ 132.6281514, 35.2070283 ], [ 132.628206399999982, 35.2037561 ], [ 132.6307708, 35.2022103 ], [ 132.6386397, 35.2025647 ], [ 132.6389006, 35.2056514 ], [ 132.6406892, 35.2091122 ], [ 132.646473899999989, 35.2105231 ], [ 132.6497525, 35.2094108 ], [ 132.6502022, 35.2068003 ], [ 132.655516899999981, 35.2049531 ], [ 132.6546725, 35.2025483 ], [ 132.6597089, 35.1995775 ], [ 132.661635, 35.1943986 ], [ 132.6612197, 35.1914389 ], [ 132.666394199999985, 35.1857983 ], [ 132.665398899999985, 35.1816531 ], [ 132.6680667, 35.1762042 ], [ 132.6663264, 35.170479199999988 ], [ 132.6700731, 35.1709214 ], [ 132.674573899999984, 35.1746189 ], [ 132.6783369, 35.1728392 ], [ 132.688015299999989, 35.1705386 ], [ 132.690965299999988, 35.1682856 ], [ 132.6901689, 35.1620581 ], [ 132.6951283, 35.1600256 ], [ 132.700762199999986, 35.1616636 ], [ 132.7029789, 35.1633736 ], [ 132.7098958, 35.1616742 ], [ 132.7106925, 35.1672642 ], [ 132.717487799999986, 35.1714656 ], [ 132.721793099999985, 35.1721019 ], [ 132.725855, 35.17019 ], [ 132.7302975, 35.1718853 ], [ 132.734231699999981, 35.1685464 ], [ 132.740956399999988, 35.1690092 ], [ 132.7371394, 35.1755408 ], [ 132.7393983, 35.1773603 ], [ 132.741616099999987, 35.1825192 ], [ 132.74679, 35.1819872 ], [ 132.7496164, 35.1827608 ], [ 132.7535839, 35.190735 ], [ 132.7567075, 35.1947269 ], [ 132.756811699999986, 35.1967431 ], [ 132.763333599999982, 35.1984981 ], [ 132.7636731, 35.2046136 ], [ 132.7665064, 35.21167 ], [ 132.766308899999984, 35.2158369 ], [ 132.762664199999989, 35.2168494 ], [ 132.7637164, 35.2201978 ], [ 132.76279, 35.2228119 ], [ 132.763814699999983, 35.2254897 ], [ 132.768429199999986, 35.2280325 ], [ 132.7763597, 35.2303097 ], [ 132.7812319, 35.2360294 ], [ 132.7817033, 35.2404214 ], [ 132.7845342, 35.2436825 ], [ 132.7899736, 35.2449039 ], [ 132.792275599999982, 35.2464564 ], [ 132.7934775, 35.2539228 ], [ 132.7890639, 35.2580783 ], [ 132.787149699999986, 35.2584772 ], [ 132.786814199999981, 35.2624256 ], [ 132.7904017, 35.2655194 ], [ 132.7924325, 35.268732199999988 ], [ 132.7939556, 35.2742925 ], [ 132.7956628, 35.2767914 ], [ 132.7949486, 35.2788461 ], [ 132.7991, 35.2808689 ], [ 132.80028249999998, 35.2851936 ], [ 132.805292799999989, 35.2880814 ], [ 132.808551099999988, 35.2879672 ], [ 132.8146036, 35.2891569 ], [ 132.815924400000029, 35.2908939 ], [ 132.8125942, 35.2975461 ], [ 132.81783919999998, 35.2977853 ], [ 132.824185299999982, 35.2996097 ], [ 132.8294258, 35.2991744 ], [ 132.831955599999986, 35.2979083 ], [ 132.8425469, 35.2984128 ], [ 132.841715, 35.3037956 ], [ 132.8370669, 35.3138614 ], [ 132.8397508, 35.3161031 ], [ 132.8404586, 35.3188706 ], [ 132.846180799999985, 35.3173036 ], [ 132.84994, 35.3180475 ], [ 132.8506428, 35.3202961 ], [ 132.8544772, 35.3191753 ], [ 132.8576833, 35.3196578 ], [ 132.86027439999998, 35.3232561 ], [ 132.86324639999998, 35.321845 ], [ 132.8659525, 35.3247761 ], [ 132.8693403, 35.3303367 ], [ 132.871648599999986, 35.3315667 ], [ 132.867440599999981, 35.3366208 ], [ 132.8631403, 35.3400175 ], [ 132.86672, 35.343255 ], [ 132.8688089, 35.3432431 ], [ 132.8688553, 35.3474983 ], [ 132.866174199999989, 35.3502239 ], [ 132.865307799999982, 35.3544503 ], [ 132.8696531, 35.3580092 ], [ 132.8731042, 35.3641397 ], [ 132.8781617, 35.3644656 ], [ 132.8843211, 35.3660875 ], [ 132.8832433, 35.3680231 ], [ 132.879743599999983, 35.3695778 ], [ 132.8833994, 35.3746931 ], [ 132.8819442, 35.3766306 ], [ 132.8848882, 35.3802301 ], [ 132.8815454, 35.3862206 ], [ 132.8764842, 35.3871094 ], [ 132.876978899999983, 35.3923714 ], [ 132.8766075, 35.3997292 ], [ 132.887838599999981, 35.4028711 ], [ 132.890130299999981, 35.4045697 ], [ 132.8956392, 35.4119397 ], [ 132.9303961, 35.4346247 ], [ 132.9344142, 35.4453753 ], [ 132.912518299999988, 35.4649575 ], [ 132.9099464, 35.4711436 ], [ 132.911695, 35.4745883 ], [ 132.909916899999985, 35.4757314 ], [ 132.907660599999986, 35.4807536 ], [ 132.9054175, 35.489159199999989 ], [ 132.9065397, 35.4923475 ], [ 132.9053592, 35.4943161 ], [ 132.9069117, 35.4993894 ], [ 132.9026381, 35.5083533 ], [ 132.9031628, 35.5119658 ] ] ] ] } },
{ "type": "Feature", "properties": { "hokenjo": "松江市・島根県共同設置松江（県）" }, "geometry": { "type": "MultiPolygon", "coordinates": [ [ [ [ 133.065025599999984, 35.3297022 ], [ 133.062631399999987, 35.32649 ], [ 133.064220299999988, 35.3209739 ], [ 133.0655717, 35.3194911 ], [ 133.064346699999987, 35.3097239 ], [ 133.061876399999989, 35.3072228 ], [ 133.0608083, 35.3034192 ], [ 133.063855599999982, 35.3003639 ], [ 133.064306099999982, 35.2973492 ], [ 133.0627467, 35.2923717 ], [ 133.066578599999985, 35.2906675 ], [ 133.0671606, 35.2885853 ], [ 133.06509029999998, 35.2855008 ], [ 133.065348299999982, 35.2786419 ], [ 133.069154699999984, 35.2757467 ], [ 133.0707644, 35.2705756 ], [ 133.0692458, 35.2678403 ], [ 133.070238099999983, 35.2655156 ], [ 133.0731586, 35.2637989 ], [ 133.072748599999983, 35.2591658 ], [ 133.0705314, 35.2554406 ], [ 133.0733131, 35.2498703 ], [ 133.076220799999987, 35.2505547 ], [ 133.085876899999988, 35.2486783 ], [ 133.0919131, 35.250055 ], [ 133.0924992, 35.2476733 ], [ 133.0952542, 35.2467672 ], [ 133.097908099999984, 35.2421831 ], [ 133.1002992, 35.2402081 ], [ 133.1066272, 35.2392406 ], [ 133.1087281, 35.2361417 ], [ 133.108139199999982, 35.2325153 ], [ 133.105315, 35.2293856 ], [ 133.1059586, 35.2265675 ], [ 133.102931399999989, 35.222885 ], [ 133.1073661, 35.2144117 ], [ 133.114793599999985, 35.2139567 ], [ 133.116868100000033, 35.2121933 ], [ 133.1231914, 35.2093839 ], [ 133.1303019, 35.2090381 ], [ 133.1323169, 35.2111775 ], [ 133.1396656, 35.2109717 ], [ 133.143819399999984, 35.2114628 ], [ 133.1498794, 35.2139769 ], [ 133.151707499999986, 35.2161611 ], [ 133.152472499999988, 35.2188 ], [ 133.1588822, 35.2226594 ], [ 133.1632908, 35.2225839 ], [ 133.172265, 35.2275267 ], [ 133.1719058, 35.2290864 ], [ 133.1772647, 35.2303736 ], [ 133.1816239, 35.23444 ], [ 133.1896128, 35.2368264 ], [ 133.1935239, 35.2372817 ], [ 133.1981214, 35.2398722 ], [ 133.2049792, 35.2410619 ], [ 133.20632329999998, 35.2420575 ], [ 133.212022500000018, 35.2416969 ], [ 133.2154008, 35.2443667 ], [ 133.219677499999989, 35.2464225 ], [ 133.222787499999981, 35.2491061 ], [ 133.225606699999986, 35.24956 ], [ 133.228185, 35.2467969 ], [ 133.2332111, 35.2467456 ], [ 133.235660599999989, 35.249055 ], [ 133.243421899999987, 35.2504764 ], [ 133.245623099999989, 35.2536742 ], [ 133.250205, 35.2565294 ], [ 133.25194, 35.2592908 ], [ 133.2586681, 35.2613917 ], [ 133.2640642, 35.2584192 ], [ 133.269270799999987, 35.2588375 ], [ 133.2752111, 35.2578056 ], [ 133.2785972, 35.2591033 ], [ 133.282242199999985, 35.2624025 ], [ 133.2850497, 35.2611508 ], [ 133.2898425, 35.2615658 ], [ 133.2917953, 35.2607672 ], [ 133.2986875, 35.2645719 ], [ 133.302537199999989, 35.2631206 ], [ 133.305242199999981, 35.2658631 ], [ 133.31055139999998, 35.2679181 ], [ 133.3092164, 35.2701728 ], [ 133.3086572, 35.2757817 ], [ 133.307257199999981, 35.2819028 ], [ 133.3049531, 35.2834661 ], [ 133.3042681, 35.2861925 ], [ 133.2995119, 35.292268899999989 ], [ 133.302158600000013, 35.2956294 ], [ 133.3069064, 35.3034825 ], [ 133.3026275, 35.3053625 ], [ 133.3012339, 35.3089694 ], [ 133.292635599999983, 35.3207469 ], [ 133.296002499999986, 35.3220311 ], [ 133.2985592, 35.3251036 ], [ 133.2955744, 35.3288681 ], [ 133.296882499999981, 35.3322528 ], [ 133.295835, 35.333705 ], [ 133.2968903, 35.339066099999989 ], [ 133.295253299999985, 35.3406058 ], [ 133.296393599999988, 35.3454861 ], [ 133.296046400000023, 35.3493703 ], [ 133.302494199999984, 35.3567356 ], [ 133.308656899999988, 35.3664861 ], [ 133.3159736, 35.36549 ], [ 133.319284399999987, 35.3689517 ], [ 133.3182306, 35.3724031 ], [ 133.32414559999998, 35.3734597 ], [ 133.3236992, 35.3774244 ], [ 133.32012720000003, 35.380755 ], [ 133.31902359999998, 35.3834919 ], [ 133.3135667, 35.3873456 ], [ 133.315141399999987, 35.3917628 ], [ 133.321056699999986, 35.3955061 ], [ 133.319866099999984, 35.3975689 ], [ 133.3213044, 35.3999636 ], [ 133.320585, 35.4041494 ], [ 133.3215644, 35.4078019 ], [ 133.3205725, 35.4102775 ], [ 133.30869, 35.4308767 ], [ 133.3007206, 35.4363006 ], [ 133.290674699999983, 35.4394628 ], [ 133.272021699999982, 35.4460125 ], [ 133.2597369, 35.453882199999988 ], [ 133.222499699999986, 35.4802236 ], [ 133.222001899999981, 35.4814019 ], [ 133.2002228, 35.4664567 ], [ 133.1899928, 35.4635964 ], [ 133.1851519, 35.4608681 ], [ 133.1873917, 35.4445108 ], [ 133.191268300000019, 35.439902499999988 ], [ 133.191284699999983, 35.4324944 ], [ 133.1847558, 35.4251847 ], [ 133.1819797, 35.4198058 ], [ 133.1811286, 35.4147481 ], [ 133.1790878, 35.4126425 ], [ 133.1814747, 35.411335 ], [ 133.180242199999981, 35.4054483 ], [ 133.1820286, 35.4037611 ], [ 133.1782456, 35.3990442 ], [ 133.1750633, 35.3981972 ], [ 133.170482199999981, 35.3951264 ], [ 133.1685047, 35.3899539 ], [ 133.1642028, 35.3870652 ], [ 133.159049399999986, 35.3848003 ], [ 133.150832799999989, 35.3837697 ], [ 133.142544200000032, 35.3787186 ], [ 133.1387686, 35.3774981 ], [ 133.1374142, 35.3721272 ], [ 133.1332822, 35.3678783 ], [ 133.1306569, 35.3673608 ], [ 133.120252199999982, 35.3603733 ], [ 133.11556, 35.3604114 ], [ 133.115132499999987, 35.3588789 ], [ 133.108307199999985, 35.3595197 ], [ 133.1055006, 35.3588717 ], [ 133.0998328, 35.3555936 ], [ 133.0971614, 35.3528514 ], [ 133.09447190000003, 35.3522522 ], [ 133.090702199999981, 35.3495967 ], [ 133.086281899999989, 35.3428628 ], [ 133.082863299999985, 35.3396944 ], [ 133.068599399999982, 35.3312511 ], [ 133.065025599999984, 35.3297022 ] ] ] ] } },
{ "type": "Feature", "properties": { "hokenjo": "松江市・島根県共同設置松江（市）" }, "geometry": { "type": "MultiPolygon", "coordinates": [ [ [ [ 133.222001899999981, 35.4814019 ], [ 133.2160547, 35.4955553 ], [ 133.208020299999987, 35.5104961 ], [ 133.2042083, 35.5161253 ], [ 133.198631899999981, 35.5260156 ], [ 133.198124399999983, 35.5287319 ], [ 133.2010211, 35.535242499999988 ], [ 133.209773899999988, 35.5403025 ], [ 133.218514199999987, 35.546309199999989 ], [ 133.2277239, 35.5488703 ], [ 133.2338369, 35.5493783 ], [ 133.2385411, 35.5488325 ], [ 133.244621199999983, 35.549112 ], [ 133.245211399999988, 35.5503897 ], [ 133.2543631, 35.5538758 ], [ 133.256034699999987, 35.5533108 ], [ 133.2629114, 35.5542442 ], [ 133.264872199999985, 35.5556119 ], [ 133.2701481, 35.5559774 ], [ 133.2745711, 35.5554318 ], [ 133.284275, 35.5570996 ], [ 133.2978178, 35.5588514 ], [ 133.2999317, 35.5572894 ], [ 133.3063895, 35.5585369 ], [ 133.309681399999988, 35.5624478 ], [ 133.310955, 35.5600561 ], [ 133.31899439999998, 35.5625744 ], [ 133.3253528, 35.5656436 ], [ 133.3267792, 35.5679508 ], [ 133.3184525, 35.5702772 ], [ 133.3158139, 35.5696803 ], [ 133.311432199999985, 35.5722917 ], [ 133.3072842, 35.5761231 ], [ 133.303395, 35.573206899999988 ], [ 133.297235, 35.5758747 ], [ 133.2934147, 35.5767197 ], [ 133.287203299999987, 35.57446 ], [ 133.2847194, 35.5773842 ], [ 133.2821736, 35.5781817 ], [ 133.279290299999985, 35.5766517 ], [ 133.2779658, 35.5728892 ], [ 133.2749428, 35.5768403 ], [ 133.2675911, 35.5786656 ], [ 133.265469199999984, 35.5761219 ], [ 133.262565, 35.5747919 ], [ 133.2585656, 35.57484 ], [ 133.2580731, 35.5723722 ], [ 133.254903899999988, 35.5698517 ], [ 133.2499047, 35.5713042 ], [ 133.2540147, 35.5730508 ], [ 133.252016699999984, 35.5754906 ], [ 133.2497531, 35.5752903 ], [ 133.2445592, 35.5703339 ], [ 133.236683299999982, 35.5699625 ], [ 133.2368897, 35.5726044 ], [ 133.2249933, 35.5710914 ], [ 133.2239047, 35.5731208 ], [ 133.2256097, 35.575445 ], [ 133.2319206, 35.5767128 ], [ 133.2335717, 35.5793956 ], [ 133.22647139999998, 35.5781589 ], [ 133.217638099999988, 35.58015 ], [ 133.2159811, 35.5772147 ], [ 133.2156917, 35.5699814 ], [ 133.2131286, 35.5697056 ], [ 133.210941099999985, 35.5670856 ], [ 133.2074164, 35.567055 ], [ 133.2047019, 35.5693389 ], [ 133.198421199999984, 35.5697477 ], [ 133.194826399999982, 35.5681422 ], [ 133.1949592, 35.5747072 ], [ 133.1925578, 35.5801264 ], [ 133.1904906, 35.5800925 ], [ 133.1869906, 35.5777289 ], [ 133.1889544, 35.5751547 ], [ 133.186973599999988, 35.5719661 ], [ 133.1888097, 35.5705636 ], [ 133.192018099999984, 35.5621933 ], [ 133.1885869, 35.5617089 ], [ 133.1836078, 35.5673353 ], [ 133.1776686, 35.5674561 ], [ 133.1754206, 35.5645697 ], [ 133.1684364, 35.5633186 ], [ 133.165298899999982, 35.5644939 ], [ 133.166406699999982, 35.5676611 ], [ 133.1614836, 35.5719172 ], [ 133.1581942, 35.56723 ], [ 133.156261100000023, 35.5605694 ], [ 133.1508253, 35.5595775 ], [ 133.146785, 35.5608239 ], [ 133.1412564, 35.5609119 ], [ 133.1389781, 35.5629111 ], [ 133.1404847, 35.5677611 ], [ 133.1386142, 35.5678089 ], [ 133.134215, 35.5718364 ], [ 133.132745300000011, 35.5756669 ], [ 133.1340492, 35.5816806 ], [ 133.1284619, 35.5799733 ], [ 133.128393099999982, 35.5786464 ], [ 133.1222506, 35.5783278 ], [ 133.1188094, 35.5801419 ], [ 133.1190061, 35.5826794 ], [ 133.1142417, 35.5881625 ], [ 133.11219029999998, 35.5889289 ], [ 133.114454199999983, 35.5939856 ], [ 133.104081899999983, 35.5977708 ], [ 133.0966717, 35.5991169 ], [ 133.0972911, 35.6034639 ], [ 133.0948856, 35.6044658 ], [ 133.0926753, 35.6028994 ], [ 133.0902031, 35.6037586 ], [ 133.084045, 35.6016628 ], [ 133.0853275, 35.5987814 ], [ 133.0893275, 35.5985364 ], [ 133.094155, 35.5923906 ], [ 133.0982711, 35.5889392 ], [ 133.091568099999989, 35.5884433 ], [ 133.0925475, 35.5843556 ], [ 133.0973017, 35.5833636 ], [ 133.098332299999981, 35.5805058 ], [ 133.095847599999985, 35.5781594 ], [ 133.0925042, 35.5786094 ], [ 133.0890967, 35.5815114 ], [ 133.084886399999988, 35.5799625 ], [ 133.0756983, 35.5830533 ], [ 133.0686258, 35.5838594 ], [ 133.0659669, 35.5782889 ], [ 133.05937, 35.5821917 ], [ 133.057910599999985, 35.5795994 ], [ 133.0542953, 35.5775764 ], [ 133.047719699999988, 35.5768283 ], [ 133.0507225, 35.5744436 ], [ 133.053468899999984, 35.5746303 ], [ 133.055634699999985, 35.5727892 ], [ 133.0604056, 35.5715417 ], [ 133.060695, 35.5671531 ], [ 133.057801899999987, 35.5651436 ], [ 133.0535389, 35.564395 ], [ 133.0543686, 35.5621519 ], [ 133.0513594, 35.5594731 ], [ 133.0475917, 35.5585483 ], [ 133.05017, 35.5559692 ], [ 133.0490225, 35.5543683 ], [ 133.044158899999985, 35.5534675 ], [ 133.039636699999988, 35.5552522 ], [ 133.038761900000026, 35.5592639 ], [ 133.034542499999986, 35.5589408 ], [ 133.0337681, 35.5558344 ], [ 133.0307047, 35.5531975 ], [ 133.028698600000013, 35.5556514 ], [ 133.0266978, 35.5518928 ], [ 133.0288567, 35.5502222 ], [ 133.0306286, 35.5450494 ], [ 133.0284972, 35.5402175 ], [ 133.026447499999989, 35.5390458 ], [ 133.0240761, 35.5407783 ], [ 133.020565299999987, 35.5401725 ], [ 133.0149936, 35.5418025 ], [ 133.0143778, 35.5397894 ], [ 133.0097386, 35.5377897 ], [ 133.0032783, 35.5419492 ], [ 133.000443599999983, 35.539395 ], [ 132.9981975, 35.5394306 ], [ 132.9982277, 35.5436597 ], [ 132.993099699999988, 35.5438645 ], [ 132.989665299999984, 35.545040799999988 ], [ 132.9864622, 35.5442014 ], [ 132.9797317, 35.5456039 ], [ 132.9793119, 35.5406753 ], [ 132.971656, 35.5445876 ], [ 132.96787, 35.5429447 ], [ 132.969473099999988, 35.5386619 ], [ 132.9695444, 35.5316908 ], [ 132.9685797, 35.5289533 ], [ 132.974242799999985, 35.5275206 ], [ 132.9749386, 35.5205833 ], [ 132.9713703, 35.5159731 ], [ 132.96485389999998, 35.5147358 ], [ 132.9611481, 35.5154058 ], [ 132.9547828, 35.5182561 ], [ 132.949205, 35.5177042 ], [ 132.9466703, 35.516018099999989 ], [ 132.942403899999988, 35.5163744 ], [ 132.9414533, 35.5151408 ], [ 132.934782899999988, 35.5168456 ], [ 132.925333599999988, 35.5159347 ], [ 132.921379699999989, 35.5174894 ], [ 132.9177836, 35.5171572 ], [ 132.9122247, 35.5132481 ], [ 132.9050947, 35.5115075 ], [ 132.9031628, 35.5119658 ], [ 132.9026381, 35.5083533 ], [ 132.9069117, 35.4993894 ], [ 132.9053592, 35.4943161 ], [ 132.9065397, 35.4923475 ], [ 132.9054175, 35.489159199999989 ], [ 132.907660599999986, 35.4807536 ], [ 132.909916899999985, 35.4757314 ], [ 132.911695, 35.4745883 ], [ 132.9099464, 35.4711436 ], [ 132.912518299999988, 35.4649575 ], [ 132.9344142, 35.4453753 ], [ 132.9303961, 35.4346247 ], [ 132.8956392, 35.4119397 ], [ 132.890130299999981, 35.4045697 ], [ 132.887838599999981, 35.4028711 ], [ 132.8766075, 35.3997292 ], [ 132.876978899999983, 35.3923714 ], [ 132.8764842, 35.3871094 ], [ 132.8815454, 35.3862206 ], [ 132.8848882, 35.3802301 ], [ 132.8819442, 35.3766306 ], [ 132.8833994, 35.3746931 ], [ 132.891695, 35.3744011 ], [ 132.8953033, 35.3717786 ], [ 132.9033072, 35.3714992 ], [ 132.908415, 35.3767692 ], [ 132.9095236, 35.3808839 ], [ 132.914027799999985, 35.3766072 ], [ 132.914211099999989, 35.3720142 ], [ 132.9195469, 35.3694889 ], [ 132.9228483, 35.3697808 ], [ 132.92559559999998, 35.3670769 ], [ 132.9279761, 35.3745364 ], [ 132.933505, 35.3759308 ], [ 132.93693, 35.3708878 ], [ 132.938786099999987, 35.3742039 ], [ 132.9419239, 35.3771347 ], [ 132.9455519, 35.3751403 ], [ 132.9481508, 35.3751808 ], [ 132.9520019, 35.3728906 ], [ 132.95385779999998, 35.3741472 ], [ 132.9569711, 35.3719864 ], [ 132.9731514, 35.3699283 ], [ 132.976427799999982, 35.3718139 ], [ 132.981605299999984, 35.3707233 ], [ 132.989118599999983, 35.3706025 ], [ 132.9956767, 35.372682499999989 ], [ 132.9976333, 35.3696692 ], [ 133.002160799999984, 35.3675511 ], [ 133.006140599999981, 35.3671133 ], [ 133.0109344, 35.3689706 ], [ 133.0110989, 35.3717653 ], [ 133.008991899999984, 35.3738228 ], [ 133.0113264, 35.3783628 ], [ 133.0174644, 35.3750431 ], [ 133.0185411, 35.3770339 ], [ 133.021770799999985, 35.3788286 ], [ 133.0241206, 35.3773353 ], [ 133.0302456, 35.3767378 ], [ 133.0322797, 35.3747944 ], [ 133.034943299999981, 35.3749219 ], [ 133.0365511, 35.3725436 ], [ 133.0416622, 35.3733178 ], [ 133.044837199999989, 35.3748575 ], [ 133.0481531, 35.3745067 ], [ 133.0497303, 35.3671531 ], [ 133.0450861, 35.3607975 ], [ 133.0464819, 35.3564231 ], [ 133.0451364, 35.3532231 ], [ 133.0465514, 35.3506808 ], [ 133.0497131, 35.3491811 ], [ 133.0499739, 35.345354199999989 ], [ 133.053483299999982, 35.3427772 ], [ 133.0534203, 35.3397328 ], [ 133.055883599999987, 35.3366703 ], [ 133.059873899999985, 35.3346567 ], [ 133.065025599999984, 35.3297022 ], [ 133.068599399999982, 35.3312511 ], [ 133.082863299999985, 35.3396944 ], [ 133.086281899999989, 35.3428628 ], [ 133.090702199999981, 35.3495967 ], [ 133.09447190000003, 35.3522522 ], [ 133.0971614, 35.3528514 ], [ 133.0998328, 35.3555936 ], [ 133.1055006, 35.3588717 ], [ 133.108307199999985, 35.3595197 ], [ 133.115132499999987, 35.3588789 ], [ 133.11556, 35.3604114 ], [ 133.120252199999982, 35.3603733 ], [ 133.1306569, 35.3673608 ], [ 133.1332822, 35.3678783 ], [ 133.1374142, 35.3721272 ], [ 133.1387686, 35.3774981 ], [ 133.142544200000032, 35.3787186 ], [ 133.150832799999989, 35.3837697 ], [ 133.159049399999986, 35.3848003 ], [ 133.1642028, 35.3870652 ], [ 133.1685047, 35.3899539 ], [ 133.170482199999981, 35.3951264 ], [ 133.1750633, 35.3981972 ], [ 133.1782456, 35.3990442 ], [ 133.1820286, 35.4037611 ], [ 133.180242199999981, 35.4054483 ], [ 133.1814747, 35.411335 ], [ 133.1790878, 35.4126425 ], [ 133.1811286, 35.4147481 ], [ 133.1819797, 35.4198058 ], [ 133.1847558, 35.4251847 ], [ 133.191284699999983, 35.4324944 ], [ 133.191268300000019, 35.439902499999988 ], [ 133.1873917, 35.4445108 ], [ 133.1851519, 35.4608681 ], [ 133.1899928, 35.4635964 ], [ 133.2002228, 35.4664567 ], [ 133.222001899999981, 35.4814019 ] ] ], [ [ [ 133.052289699999989, 35.5646136 ], [ 133.05291440000002, 35.5682819 ], [ 133.0484869, 35.5672053 ], [ 133.052289699999989, 35.5646136 ] ] ], [ [ [ 133.124505299999981, 35.5930794 ], [ 133.1263706, 35.5962031 ], [ 133.1223789, 35.5948553 ], [ 133.12179279999998, 35.5917681 ], [ 133.1196539, 35.5900058 ], [ 133.1234986, 35.587454199999989 ], [ 133.1258536, 35.5896344 ], [ 133.124505299999981, 35.5930794 ] ] ] ] } },
{ "type": "Feature", "properties": { "hokenjo": "浜田" }, "geometry": { "type": "MultiPolygon", "coordinates": [ [ [ [ 132.3063075, 34.8937544 ], [ 132.30829140000003, 34.8961192 ], [ 132.306077200000033, 34.8990056 ], [ 132.308571699999987, 34.8998531 ], [ 132.3113428, 34.9034622 ], [ 132.310235799999987, 34.9086569 ], [ 132.3146203, 34.9106514 ], [ 132.323492499999986, 34.9097003 ], [ 132.321255, 34.9136975 ], [ 132.3236847, 34.9168122 ], [ 132.3291044, 34.9176833 ], [ 132.3280308, 34.9202675 ], [ 132.3331981, 34.9194644 ], [ 132.337155, 34.9171117 ], [ 132.339725, 34.9173489 ], [ 132.339697199999989, 34.9204067 ], [ 132.3465606, 34.9201386 ], [ 132.3509764, 34.9220586 ], [ 132.3516789, 34.9254575 ], [ 132.359345599999983, 34.9291664 ], [ 132.3651083, 34.9332392 ], [ 132.3647681, 34.9350519 ], [ 132.3680689, 34.9405317 ], [ 132.3728461, 34.9400656 ], [ 132.378636699999987, 34.9412842 ], [ 132.3818339, 34.9392525 ], [ 132.3840056, 34.9357944 ], [ 132.3941939, 34.9357031 ], [ 132.39817, 34.9372211 ], [ 132.4120414, 34.9280539 ], [ 132.41623, 34.9296806 ], [ 132.4202197, 34.9262803 ], [ 132.4260203, 34.9277017 ], [ 132.4286478, 34.9273714 ], [ 132.430326899999983, 34.9322011 ], [ 132.4343872, 34.9366753 ], [ 132.4351528, 34.9409967 ], [ 132.437860799999982, 34.9422208 ], [ 132.4406228, 34.9454378 ], [ 132.4426633, 34.9445914 ], [ 132.4451994, 34.9466786 ], [ 132.449846400000013, 34.9477003 ], [ 132.453539399999983, 34.9464764 ], [ 132.458958599999988, 34.9500375 ], [ 132.4630056, 34.9469678 ], [ 132.465089399999982, 34.9486492 ], [ 132.4625211, 34.9511947 ], [ 132.461692199999987, 34.956795 ], [ 132.4532083, 34.9643633 ], [ 132.4480633, 34.9655717 ], [ 132.443452799999989, 34.9652342 ], [ 132.44094530000001, 34.962535 ], [ 132.4397358, 34.9582339 ], [ 132.4374172, 34.9602753 ], [ 132.4376225, 34.9648428 ], [ 132.4339, 34.9660978 ], [ 132.4284475, 34.9691989 ], [ 132.4292058, 34.9708939 ], [ 132.4256292, 34.9766097 ], [ 132.419747199999989, 34.976700799999989 ], [ 132.4162786, 34.9756808 ], [ 132.413436099999984, 34.9727106 ], [ 132.4092928, 34.9735881 ], [ 132.402679399999982, 34.9764006 ], [ 132.4001744, 34.9757117 ], [ 132.396128299999987, 34.9766292 ], [ 132.3934453, 34.9784283 ], [ 132.387533599999983, 34.9772864 ], [ 132.3859247, 34.9825647 ], [ 132.389295799999985, 34.9857217 ], [ 132.3881647, 34.993335 ], [ 132.38637, 34.9965361 ], [ 132.3836775, 34.9984483 ], [ 132.3803044, 35.0015011 ], [ 132.378859399999982, 35.0050233 ], [ 132.3735314, 35.0076092 ], [ 132.3722333, 35.0062403 ], [ 132.3684053, 35.0071222 ], [ 132.3685717, 35.0101097 ], [ 132.3654331, 35.0119839 ], [ 132.3641456, 35.0166086 ], [ 132.3608786, 35.0219983 ], [ 132.3640283, 35.0281136 ], [ 132.362066699999986, 35.0295858 ], [ 132.363742799999983, 35.0332375 ], [ 132.3612611, 35.0350817 ], [ 132.3578464, 35.0356589 ], [ 132.3544483, 35.0413161 ], [ 132.3563881, 35.0439303 ], [ 132.3536967, 35.0468483 ], [ 132.3502489, 35.0472553 ], [ 132.344130299999989, 35.050831699999989 ], [ 132.3390431, 35.0489931 ], [ 132.3345003, 35.051345 ], [ 132.3338344, 35.0544961 ], [ 132.33058, 35.0542592 ], [ 132.327522499999986, 35.0586569 ], [ 132.325019699999984, 35.0570917 ], [ 132.3263131, 35.0536117 ], [ 132.3236747, 35.0517581 ], [ 132.3214614, 35.0548158 ], [ 132.3188556, 35.0557294 ], [ 132.3198128, 35.0580086 ], [ 132.3141393, 35.0641504 ], [ 132.310815599999984, 35.0578355 ], [ 132.3037115, 35.0529499 ], [ 132.2897807, 35.0480641 ], [ 132.2855994, 35.0482421 ], [ 132.280209899999988, 35.0433094 ], [ 132.2691704, 35.0393241 ], [ 132.2636186, 35.0382218 ], [ 132.2595445, 35.0385099 ], [ 132.256270199999989, 35.0411979 ], [ 132.2540067, 35.0412398 ], [ 132.2524788, 35.0380156 ], [ 132.2480492, 35.038158 ], [ 132.246965499999988, 35.0362436 ], [ 132.2401136, 35.0346912 ], [ 132.236275799999987, 35.0346036 ], [ 132.2331778, 35.0316467 ], [ 132.231322799999987, 35.0316254 ], [ 132.2309124, 35.0265631 ], [ 132.225654599999984, 35.0250859 ], [ 132.221739899999989, 35.0223536 ], [ 132.2149416, 35.0164514 ], [ 132.205631100000033, 35.0094589 ], [ 132.202103099999988, 35.0053617 ], [ 132.195411799999988, 35.001769599999989 ], [ 132.1935782, 34.9986308 ], [ 132.1891587, 34.9943334 ], [ 132.1827688, 34.9898219 ], [ 132.1688689, 34.9824029 ], [ 132.1546439, 34.9764649 ], [ 132.1518987, 34.9774155 ], [ 132.1515578, 34.9739914 ], [ 132.1479381, 34.9661542 ], [ 132.1442175, 34.9640096 ], [ 132.1375028, 34.9608147 ], [ 132.1277288, 34.9554103 ], [ 132.1180061, 34.9514931 ], [ 132.1107777, 34.9505452 ], [ 132.1051228, 34.9454558 ], [ 132.108557499999989, 34.9399607 ], [ 132.1062971, 34.935536899999988 ], [ 132.103404399999988, 34.933331 ], [ 132.0995106, 34.9328149 ], [ 132.094752799999981, 34.9346689 ], [ 132.090252, 34.932939399999988 ], [ 132.083966, 34.9284821 ], [ 132.085691, 34.9269067 ], [ 132.0820333, 34.924035 ], [ 132.0811588, 34.9220233 ], [ 132.0747992, 34.9188114 ], [ 132.0711665, 34.9129783 ], [ 132.0738919, 34.9102829 ], [ 132.075741599999986, 34.9113516 ], [ 132.077971, 34.9057836 ], [ 132.0756711, 34.9042775 ], [ 132.072046799999981, 34.9076328 ], [ 132.0684048, 34.9080083 ], [ 132.063521899999984, 34.9042134 ], [ 132.064124, 34.8989954 ], [ 132.070632499999988, 34.8921856 ], [ 132.068110599999983, 34.8906314 ], [ 132.0654429, 34.8923479 ], [ 132.057561, 34.8889665 ], [ 132.05891, 34.8844061 ], [ 132.0542677, 34.8830165 ], [ 132.0557451, 34.8788291 ], [ 132.0596133, 34.8775901 ], [ 132.0568384, 34.8730293 ], [ 132.0514777, 34.8710454 ], [ 132.044351399999982, 34.8721901 ], [ 132.04232589999998, 34.8743684 ], [ 132.046414199999987, 34.8768764 ], [ 132.0464332, 34.878312 ], [ 132.0411619, 34.8786752 ], [ 132.0402573, 34.8803754 ], [ 132.035952, 34.882069 ], [ 132.033097199999986, 34.8782253 ], [ 132.030139, 34.8798907 ], [ 132.0306856, 34.8749589 ], [ 132.0268352, 34.8751123 ], [ 132.026213499999983, 34.8719806 ], [ 132.0217049, 34.8714488 ], [ 132.018187899999987, 34.8721073 ], [ 132.013769699999983, 34.8703111 ], [ 132.0079548, 34.8654465 ], [ 132.009080899999987, 34.8614521 ], [ 132.0153274, 34.8591049 ], [ 132.0114911, 34.8529867 ], [ 132.0077827, 34.8488063 ], [ 132.008071299999983, 34.8472889 ], [ 132.0009168, 34.8440483 ], [ 131.995405799999986, 34.8424908 ], [ 131.9930497, 34.8397822 ], [ 131.994228599999985, 34.8350506 ], [ 131.9914866, 34.8324238 ], [ 131.9902386, 34.8287712 ], [ 131.9864184, 34.8266536 ], [ 131.9835043, 34.8263785 ], [ 131.9760144, 34.8212164 ], [ 131.9726392, 34.8232025 ], [ 131.967559699999981, 34.8207922 ], [ 131.96358859999998, 34.8202514 ], [ 131.9629017, 34.8179598 ], [ 131.9573322, 34.8173144 ], [ 131.955063599999988, 34.8154614 ], [ 131.9563669, 34.8133269 ], [ 131.9535942, 34.8089461 ], [ 131.9532931, 34.8057553 ], [ 131.951541599999985, 34.8027394 ], [ 131.9486825, 34.801075 ], [ 131.9487567, 34.7979797 ], [ 131.9467864, 34.7931372 ], [ 131.943421699999988, 34.7906326 ], [ 131.93823949999998, 34.7884942 ], [ 131.9349765, 34.7898368 ], [ 131.932278599999989, 34.787498 ], [ 131.932442899999984, 34.7849546 ], [ 131.9296799, 34.784745699999988 ], [ 131.925378100000017, 34.7824299 ], [ 131.92311429999998, 34.788693 ], [ 131.9167545, 34.7834852 ], [ 131.9160775, 34.778323 ], [ 131.914493099999987, 34.7740824 ], [ 131.910300899999982, 34.7734022 ], [ 131.90755919999998, 34.7752733 ], [ 131.903325599999988, 34.775555 ], [ 131.9009275, 34.7741722 ], [ 131.8972669, 34.7756842 ], [ 131.893599699999982, 34.7697767 ], [ 131.8950975, 34.7664708 ], [ 131.8940542, 34.7624475 ], [ 131.8948317, 34.7590447 ], [ 131.897504199999986, 34.7568464 ], [ 131.9021286, 34.7557325 ], [ 131.903856099999985, 34.75389 ], [ 131.9078058, 34.7532956 ], [ 131.913229699999988, 34.7541061 ], [ 131.9178225, 34.7525725 ], [ 131.9202089, 34.7536111 ], [ 131.9222608, 34.7513736 ], [ 131.92895919999998, 34.7486742 ], [ 131.9316169, 34.7489881 ], [ 131.9326792, 34.745046099999989 ], [ 131.9319256, 34.7399167 ], [ 131.9345333, 34.7359797 ], [ 131.9419981, 34.7379222 ], [ 131.9449136, 34.7368047 ], [ 131.9466544, 34.7321681 ], [ 131.9466108, 34.7270722 ], [ 131.9477233, 34.7238822 ], [ 131.9559858, 34.7271425 ], [ 131.9582164, 34.7261464 ], [ 131.95882, 34.7226017 ], [ 131.9577203, 34.7201794 ], [ 131.96098809999998, 34.7179364 ], [ 131.9626656, 34.7199719 ], [ 131.9669883, 34.7202239 ], [ 131.9687178, 34.7177642 ], [ 131.9741333, 34.7151442 ], [ 131.9763786, 34.7158783 ], [ 131.9818553, 34.7154353 ], [ 131.981345, 34.7123608 ], [ 131.9885036, 34.7123717 ], [ 131.988529699999987, 34.7155081 ], [ 131.9944294, 34.7147706 ], [ 131.997053599999987, 34.7132733 ], [ 132.0008292, 34.7137369 ], [ 132.0014172, 34.7173794 ], [ 132.005903099999983, 34.7144122 ], [ 132.0091739, 34.7137242 ], [ 132.0110158, 34.7102203 ], [ 132.0138586, 34.7088758 ], [ 132.015027799999984, 34.7043489 ], [ 132.0207517, 34.7007442 ], [ 132.0297383, 34.7058328 ], [ 132.0381442, 34.7062053 ], [ 132.039978099999985, 34.7093681 ], [ 132.03618, 34.7112808 ], [ 132.0351939, 34.7164386 ], [ 132.036820799999987, 34.7191036 ], [ 132.039725299999986, 34.7193369 ], [ 132.0457147, 34.7177453 ], [ 132.049257499999982, 34.7134564 ], [ 132.0532719, 34.7144439 ], [ 132.058135599999986, 34.7141678 ], [ 132.0575761, 34.7123042 ], [ 132.0610825, 34.7095158 ], [ 132.0652275, 34.7119792 ], [ 132.0653658, 34.7086089 ], [ 132.069645, 34.7064556 ], [ 132.0768158, 34.7063628 ], [ 132.079360799999989, 34.7072044 ], [ 132.083751899999982, 34.7051506 ], [ 132.0911039, 34.7101839 ], [ 132.09255, 34.7125772 ], [ 132.099347199999983, 34.7151119 ], [ 132.1014875, 34.7147486 ], [ 132.106992500000018, 34.7188897 ], [ 132.1103592, 34.7186253 ], [ 132.110465799999986, 34.7166067 ], [ 132.114505, 34.7119342 ], [ 132.118186399999985, 34.7117494 ], [ 132.121179399999988, 34.7149008 ], [ 132.12338219999998, 34.7149017 ], [ 132.129568899999981, 34.7127172 ], [ 132.129303099999987, 34.7085217 ], [ 132.130768599999982, 34.7080261 ], [ 132.1354125, 34.7074486 ], [ 132.137232499999982, 34.7093408 ], [ 132.141504699999984, 34.7100483 ], [ 132.143086899999986, 34.7160531 ], [ 132.1541622, 34.7199942 ], [ 132.1557847, 34.7231275 ], [ 132.1599286, 34.7254286 ], [ 132.1639492, 34.7257136 ], [ 132.1655247, 34.7279344 ], [ 132.1712503, 34.7297142 ], [ 132.176798599999984, 34.7339714 ], [ 132.1778472, 34.7366272 ], [ 132.184671899999984, 34.7337972 ], [ 132.187650599999984, 34.7342758 ], [ 132.1918767, 34.7373678 ], [ 132.1965281, 34.7385725 ], [ 132.1956869, 34.7444464 ], [ 132.203361699999988, 34.7488342 ], [ 132.2067697, 34.7460069 ], [ 132.2098858, 34.7448806 ], [ 132.214976399999983, 34.7456525 ], [ 132.2225003, 34.7497175 ], [ 132.2213442, 34.7519147 ], [ 132.2245575, 34.7577539 ], [ 132.222168899999986, 34.7602764 ], [ 132.2267814, 34.7645958 ], [ 132.2251867, 34.7699847 ], [ 132.2286511, 34.7708831 ], [ 132.2291156, 34.7732953 ], [ 132.2327783, 34.7731103 ], [ 132.2327292, 34.7759456 ], [ 132.235595800000027, 34.7766636 ], [ 132.2406858, 34.7804367 ], [ 132.2428622, 34.7837339 ], [ 132.241240299999987, 34.7875375 ], [ 132.2428492, 34.7920347 ], [ 132.2418358, 34.7944439 ], [ 132.243047499999989, 34.79801 ], [ 132.239367499999986, 34.7993078 ], [ 132.238379399999985, 34.8018589 ], [ 132.242792799999989, 34.8066892 ], [ 132.247005, 34.8058369 ], [ 132.2483875, 34.8069128 ], [ 132.2556942, 34.8074006 ], [ 132.259633899999983, 34.806825 ], [ 132.2606978, 34.8049814 ], [ 132.2639322, 34.8042775 ], [ 132.267910299999983, 34.8017594 ], [ 132.2685775, 34.7997311 ], [ 132.274706899999984, 34.7999528 ], [ 132.278569399999981, 34.79752 ], [ 132.274706399999985, 34.7916019 ], [ 132.279246100000023, 34.7899803 ], [ 132.2795567, 34.7843808 ], [ 132.284652199999982, 34.7805914 ], [ 132.2895633, 34.7783875 ], [ 132.293405, 34.7791647 ], [ 132.2986536, 34.7770094 ], [ 132.302203099999986, 34.7852814 ], [ 132.3067175, 34.7899911 ], [ 132.3058839, 34.7933456 ], [ 132.3129558, 34.7969961 ], [ 132.3158214, 34.8014169 ], [ 132.3190375, 34.8012639 ], [ 132.319563599999981, 34.7973217 ], [ 132.3248956, 34.7925597 ], [ 132.328041399999989, 34.7921711 ], [ 132.3338008, 34.7900422 ], [ 132.337983899999983, 34.7903633 ], [ 132.346786399999985, 34.7934439 ], [ 132.3523475, 34.7980664 ], [ 132.3568589, 34.7969525 ], [ 132.3603181, 34.79987 ], [ 132.373078599999985, 34.8012292 ], [ 132.378058899999985, 34.7991903 ], [ 132.383048299999984, 34.7947967 ], [ 132.384024200000027, 34.8003978 ], [ 132.3830011, 34.8025589 ], [ 132.3852525, 34.8063617 ], [ 132.3854125, 34.8091589 ], [ 132.3834406, 34.8107633 ], [ 132.3874544, 34.8177028 ], [ 132.390438599999982, 34.8193167 ], [ 132.3908628, 34.8285294 ], [ 132.3904081, 34.832385 ], [ 132.3931828, 34.8358514 ], [ 132.392525800000016, 34.8386364 ], [ 132.3898247, 34.8393233 ], [ 132.3883439, 34.8433022 ], [ 132.38472969999998, 34.8454225 ], [ 132.384076099999987, 34.8483597 ], [ 132.3803833, 34.8502858 ], [ 132.379227499999985, 34.8523753 ], [ 132.381049700000034, 34.85449 ], [ 132.380807799999985, 34.8575733 ], [ 132.3764989, 34.8582997 ], [ 132.373694699999987, 34.8609294 ], [ 132.37091, 34.8606142 ], [ 132.365705599999984, 34.8622736 ], [ 132.3588044, 34.8604306 ], [ 132.354110599999984, 34.8603889 ], [ 132.3510269, 34.8578997 ], [ 132.3473894, 34.857923299999989 ], [ 132.3451825, 34.8605606 ], [ 132.339144200000021, 34.8614317 ], [ 132.3359308, 34.8652719 ], [ 132.3355642, 34.8675358 ], [ 132.3314164, 34.8712575 ], [ 132.3261042, 34.8778478 ], [ 132.323688900000036, 34.8779842 ], [ 132.3162131, 34.8846217 ], [ 132.3101175, 34.8867197 ], [ 132.3063075, 34.8937544 ] ] ], [ [ [ 132.06345349999998, 34.9014649 ], [ 132.0615161, 34.9047471 ], [ 132.0580883, 34.9039485 ], [ 132.0585594, 34.9010953 ], [ 132.0608292, 34.8975144 ], [ 132.06345349999998, 34.9014649 ] ] ], [ [ [ 132.0517501, 34.9033228 ], [ 132.050787, 34.9060766 ], [ 132.0446331, 34.9036013 ], [ 132.0473877, 34.9015887 ], [ 132.0517501, 34.9033228 ] ] ], [ [ [ 132.3139789, 35.0643132 ], [ 132.314116899999988, 35.0642083 ], [ 132.3140601, 35.0642633 ], [ 132.3140347, 35.0642789 ], [ 132.3139789, 35.0643132 ] ] ] ] } }
]
}
