{
"type": "FeatureCollection",
"name": "shizuoka",
"crs": { "type": "name", "properties": { "name": "urn:ogc:def:crs:OGC:1.3:CRS84" } },
"features": [
{ "type": "Feature", "properties": { "hokenjo": "賀茂" }, "geometry": { "type": "MultiPolygon", "coordinates": [ [ [ [ 138.9001649, 34.6324343 ], [ 138.9047784, 34.6292457 ], [ 138.9047204, 34.6310091 ], [ 138.908670799999982, 34.6335936 ], [ 138.912364199999985, 34.6348125 ], [ 138.913628, 34.6405757 ], [ 138.916135699999984, 34.642048 ], [ 138.916574699999984, 34.6448643 ], [ 138.91575, 34.6479294 ], [ 138.918335899999988, 34.6526553 ], [ 138.9235701, 34.6554942 ], [ 138.9255867, 34.6577477 ], [ 138.9302974, 34.660335 ], [ 138.937826, 34.661935 ], [ 138.939008, 34.6642263 ], [ 138.9361749, 34.665816899999989 ], [ 138.9398639, 34.6682926 ], [ 138.9413112, 34.6680863 ], [ 138.944383599999981, 34.6652319 ], [ 138.94828, 34.6663684 ], [ 138.9490673, 34.6733164 ], [ 138.9529608, 34.6742474 ], [ 138.956651400000027, 34.6764809 ], [ 138.9602391, 34.6759657 ], [ 138.960446499999989, 34.6747524 ], [ 138.9641569, 34.6727634 ], [ 138.963585, 34.6705134 ], [ 138.959240699999981, 34.669726 ], [ 138.9579719, 34.6629253 ], [ 138.9591156, 34.6607078 ], [ 138.9559854, 34.6548173 ], [ 138.9576365, 34.6532523 ], [ 138.9593739, 34.6550167 ], [ 138.964168500000028, 34.653912 ], [ 138.972813299999984, 34.6550085 ], [ 138.977140099999986, 34.6534648 ], [ 138.9795337, 34.6556796 ], [ 138.981748499999981, 34.6590036 ], [ 138.9846504, 34.6585295 ], [ 138.9848796, 34.6623104 ], [ 138.9865022, 34.6671558 ], [ 138.9840254, 34.6687081 ], [ 138.981275399999987, 34.6666988 ], [ 138.9781262, 34.6703254 ], [ 138.977884599999982, 34.6728698 ], [ 138.9728781, 34.6739773 ], [ 138.973976, 34.6769856 ], [ 138.9769838, 34.6764316 ], [ 138.97709949999998, 34.6790699 ], [ 138.9800467, 34.6811518 ], [ 138.9773535, 34.6820894 ], [ 138.9771591, 34.6847613 ], [ 138.9733353, 34.6876116 ], [ 138.973369, 34.6910484 ], [ 138.9746412, 34.6939725 ], [ 138.974106399999982, 34.6952692 ], [ 138.976907499999982, 34.7036886 ], [ 138.9790309, 34.7051148 ], [ 138.9783147, 34.7065749 ], [ 138.9798002, 34.7094848 ], [ 138.9827216, 34.7094355 ], [ 138.983842, 34.712616 ], [ 138.9882643, 34.7145782 ], [ 138.992827, 34.7178235 ], [ 138.9905417, 34.7204302 ], [ 138.9916016, 34.7261538 ], [ 138.9937191, 34.7289928 ], [ 138.9975777, 34.7285838 ], [ 138.9971534, 34.7322696 ], [ 139.0004251, 34.7360442 ], [ 139.000388, 34.7382312 ], [ 138.9975858, 34.7420466 ], [ 138.9994963, 34.7452318 ], [ 139.001927699999982, 34.7466931 ], [ 139.0045735, 34.7514095 ], [ 139.009346, 34.7533284 ], [ 139.0109819, 34.7518859 ], [ 139.0139922, 34.7518496 ], [ 139.0160735, 34.7541647 ], [ 139.020084199999985, 34.7539961 ], [ 139.0230216, 34.7573382 ], [ 139.0230592, 34.762181 ], [ 139.0257555, 34.7642247 ], [ 139.0273474, 34.7670014 ], [ 139.03036179999998, 34.7680097 ], [ 139.037125, 34.765714 ], [ 139.043723199999988, 34.7669479 ], [ 139.045959499999981, 34.7667145 ], [ 139.048512599999981, 34.76867 ], [ 139.0480349, 34.7708667 ], [ 139.045743099999981, 34.7720688 ], [ 139.0422276, 34.7714378 ], [ 139.041715499999981, 34.7738161 ], [ 139.051578299999989, 34.7805971 ], [ 139.0536744, 34.7807308 ], [ 139.054170199999987, 34.7830448 ], [ 139.058089200000012, 34.7854823 ], [ 139.0613989, 34.7903342 ], [ 139.0623085, 34.7950786 ], [ 139.062087, 34.8009445 ], [ 139.0638035, 34.802653 ], [ 139.0653188, 34.806295399999989 ], [ 139.0708018, 34.8118984 ], [ 139.072039, 34.8151844 ], [ 139.0762995, 34.8188772 ], [ 139.076441099999982, 34.8215304 ], [ 139.0793453, 34.823992 ], [ 139.078668599999986, 34.8263848 ], [ 139.075790899999987, 34.8288722 ], [ 139.0757601, 34.8323433 ], [ 139.077846599999987, 34.837492 ], [ 139.0768859, 34.8415835 ], [ 139.0816466, 34.8477091 ], [ 139.0826495, 34.8526937 ], [ 139.0735364, 34.8517397 ], [ 139.0680408, 34.8558728 ], [ 139.0660739, 34.8596839 ], [ 139.0628644, 34.8607919 ], [ 139.061866700000024, 34.8650778 ], [ 139.0558972, 34.8665508 ], [ 139.055312499999985, 34.8703025 ], [ 139.0519028, 34.8723594 ], [ 139.0488853, 34.8726647 ], [ 139.046489399999984, 34.8744297 ], [ 139.043623300000036, 34.8748908 ], [ 139.041979699999985, 34.8782381 ], [ 139.0345772, 34.8835092 ], [ 139.0340392, 34.8813114 ], [ 139.032319199999989, 34.8800575 ], [ 139.033524199999988, 34.8773486 ], [ 139.0275681, 34.8733264 ], [ 139.02571, 34.8714047 ], [ 139.0224403, 34.8629311 ], [ 139.020830599999982, 34.8600281 ], [ 139.01701749999998, 34.8619386 ], [ 139.0097142, 34.8615842 ], [ 139.0063011, 34.8633378 ], [ 139.004714399999983, 34.8624758 ], [ 138.999958599999985, 34.8633192 ], [ 138.996858600000024, 34.8625656 ], [ 138.9946094, 34.8595969 ], [ 138.98916939999998, 34.8600681 ], [ 138.984757799999983, 34.8574992 ], [ 138.980759399999982, 34.8568433 ], [ 138.9780161, 34.8576939 ], [ 138.9726483, 34.8542831 ], [ 138.96946029999998, 34.8534719 ], [ 138.9664464, 34.8516819 ], [ 138.9649964, 34.8527269 ], [ 138.9611756, 34.8498619 ], [ 138.9636333, 34.8466167 ], [ 138.963113099999987, 34.8451328 ], [ 138.966285299999981, 34.8417367 ], [ 138.9628567, 34.8383256 ], [ 138.9581694, 34.8370714 ], [ 138.955570599999987, 34.8346869 ], [ 138.948935, 34.8317289 ], [ 138.944047499999982, 34.8304031 ], [ 138.9375408, 34.8323731 ], [ 138.933515799999981, 34.8300778 ], [ 138.92738749999998, 34.8296608 ], [ 138.9220456, 34.8264819 ], [ 138.9192008, 34.8281083 ], [ 138.91311, 34.8272675 ], [ 138.906807499999985, 34.8320725 ], [ 138.9052642, 34.8341839 ], [ 138.898280299999982, 34.8339014 ], [ 138.8926739, 34.8351044 ], [ 138.8924217, 34.8410353 ], [ 138.888166400000017, 34.8443703 ], [ 138.8861111, 34.8476419 ], [ 138.8832869, 34.8468214 ], [ 138.880493299999983, 34.8473608 ], [ 138.8783928, 34.8494428 ], [ 138.87455079999998, 34.8476261 ], [ 138.869554199999982, 34.8485806 ], [ 138.867163299999987, 34.8539267 ], [ 138.864690599999989, 34.8568364 ], [ 138.8624003, 34.857743299999989 ], [ 138.8601253, 34.8558692 ], [ 138.8566797, 34.8574111 ], [ 138.8559094, 34.8589178 ], [ 138.8522658, 34.8605839 ], [ 138.8458139, 34.8617106 ], [ 138.8397486, 34.8652494 ], [ 138.8389564, 34.868985 ], [ 138.8348914, 34.8722183 ], [ 138.8349814, 34.8779892 ], [ 138.8333136, 34.8822108 ], [ 138.828798299999988, 34.8829044 ], [ 138.8243086, 34.8807425 ], [ 138.821603900000014, 34.8809 ], [ 138.8201444, 34.8781061 ], [ 138.817769699999985, 34.8764308 ], [ 138.8144069, 34.8760811 ], [ 138.8117603, 34.873706399999989 ], [ 138.80694029999998, 34.873645 ], [ 138.7955236, 34.8750731 ], [ 138.7951656, 34.8737925 ], [ 138.789794699999987, 34.8734214 ], [ 138.7859331, 34.8714064 ], [ 138.7835628, 34.8724833 ], [ 138.778985299999988, 34.8708494 ], [ 138.7744094, 34.8668181 ], [ 138.7785556, 34.8617761 ], [ 138.778840299999985, 34.8595856 ], [ 138.774000299999983, 34.8611767 ], [ 138.768215, 34.8603069 ], [ 138.767146699999984, 34.8585954 ], [ 138.774088600000027, 34.8572206 ], [ 138.7755947, 34.8553069 ], [ 138.775071699999984, 34.8502431 ], [ 138.772400299999987, 34.8471481 ], [ 138.766504199999986, 34.8464664 ], [ 138.7662867, 34.8441808 ], [ 138.760162, 34.8422493 ], [ 138.761141899999984, 34.8379403 ], [ 138.7634275, 34.8318472 ], [ 138.767262499999987, 34.830635 ], [ 138.7663478, 34.8236931 ], [ 138.7601147, 34.8292042 ], [ 138.758935, 34.8270903 ], [ 138.7545461, 34.8257322 ], [ 138.7527581, 34.8242506 ], [ 138.751162199999982, 34.8207006 ], [ 138.752212499999985, 34.8168817 ], [ 138.7561067, 34.8116472 ], [ 138.7580294, 34.8113803 ], [ 138.7620272, 34.8131464 ], [ 138.7649011, 34.8110378 ], [ 138.7655062, 34.807451 ], [ 138.7612497, 34.8058842 ], [ 138.7626967, 34.8025936 ], [ 138.7612125, 34.8016875 ], [ 138.7571628, 34.8019431 ], [ 138.754601899999983, 34.8030781 ], [ 138.7525389, 34.8003992 ], [ 138.7544117, 34.7985358 ], [ 138.7564247, 34.7986442 ], [ 138.757783099999983, 34.7966272 ], [ 138.7569781, 34.7930383 ], [ 138.7603842, 34.7908692 ], [ 138.7621864, 34.7883511 ], [ 138.7627119, 34.7853875 ], [ 138.765001100000035, 34.7852603 ], [ 138.76514, 34.7820094 ], [ 138.767660799999987, 34.7809767 ], [ 138.768131899999986, 34.7784586 ], [ 138.7654661, 34.7773739 ], [ 138.7675625, 34.7745333 ], [ 138.7707897, 34.7740722 ], [ 138.767925, 34.7717956 ], [ 138.7631489, 34.77058 ], [ 138.76555639999998, 34.769278299999989 ], [ 138.7726442, 34.769456399999989 ], [ 138.7755861, 34.7661497 ], [ 138.775658599999986, 34.762569 ], [ 138.7769386, 34.7599294 ], [ 138.7757503, 34.7544708 ], [ 138.7714789, 34.7531833 ], [ 138.7687719, 34.7516872 ], [ 138.7640331, 34.7511008 ], [ 138.7606658, 34.7493803 ], [ 138.7589331, 34.7461203 ], [ 138.75656, 34.7474214 ], [ 138.7549292, 34.7452139 ], [ 138.7606653, 34.7422581 ], [ 138.761615, 34.7392789 ], [ 138.7579375, 34.7376869 ], [ 138.7563489, 34.7332817 ], [ 138.7538875, 34.7331183 ], [ 138.751607799999988, 34.7355919 ], [ 138.749871399999989, 34.7338617 ], [ 138.746872199999984, 34.7328653 ], [ 138.747095299999984, 34.7291033 ], [ 138.7449583, 34.7267878 ], [ 138.740134399999988, 34.7270792 ], [ 138.739249400000034, 34.7246803 ], [ 138.7419217, 34.7242039 ], [ 138.7428414, 34.7219586 ], [ 138.7421258, 34.7193728 ], [ 138.743155299999984, 34.7176492 ], [ 138.7422214, 34.7129678 ], [ 138.7398811, 34.7050104 ], [ 138.741697, 34.7029845 ], [ 138.740699899999981, 34.7003135 ], [ 138.741928299999984, 34.6956996 ], [ 138.7434752, 34.6934548 ], [ 138.739413, 34.6911265 ], [ 138.7422614, 34.6877338 ], [ 138.745664, 34.6879512 ], [ 138.7473135, 34.6892818 ], [ 138.7522914, 34.6903061 ], [ 138.7559771, 34.691742 ], [ 138.7600147, 34.6891028 ], [ 138.7661685, 34.6858686 ], [ 138.7673916, 34.684062499999989 ], [ 138.766657399999986, 34.6818985 ], [ 138.7696957, 34.6816376 ], [ 138.7721096, 34.6791154 ], [ 138.7773516, 34.6756098 ], [ 138.778143699999987, 34.6729878 ], [ 138.7768972, 34.6690871 ], [ 138.780817499999984, 34.6662976 ], [ 138.785548700000021, 34.6694029 ], [ 138.7896697, 34.6695222 ], [ 138.789907699999986, 34.6659582 ], [ 138.791543099999984, 34.6621829 ], [ 138.787065399999989, 34.6605375 ], [ 138.7838432, 34.661075 ], [ 138.7803413, 34.6588761 ], [ 138.780617299999989, 34.6568339 ], [ 138.7789199, 34.6547206 ], [ 138.7749947, 34.6544071 ], [ 138.772917899999982, 34.6499614 ], [ 138.7714703, 34.6488775 ], [ 138.7738953, 34.6455743 ], [ 138.7759931, 34.6411752 ], [ 138.7822012, 34.6385905 ], [ 138.785697199999987, 34.6387919 ], [ 138.7875517, 34.6401002 ], [ 138.790044199999983, 34.6369722 ], [ 138.793909, 34.6343523 ], [ 138.7942751, 34.6278922 ], [ 138.7930156, 34.6235596 ], [ 138.798003199999982, 34.6225752 ], [ 138.7989739, 34.6238521 ], [ 138.8082923, 34.6282759 ], [ 138.809461, 34.625724399999989 ], [ 138.813634899999983, 34.622899 ], [ 138.8149225, 34.6182325 ], [ 138.813910199999981, 34.6164594 ], [ 138.815459299999986, 34.6149023 ], [ 138.818022, 34.6152645 ], [ 138.8198899, 34.6131379 ], [ 138.8236254, 34.616076299999989 ], [ 138.8259859, 34.6079021 ], [ 138.82545, 34.6062173 ], [ 138.8302196, 34.6062973 ], [ 138.8356537, 34.604329 ], [ 138.840137199999987, 34.603755 ], [ 138.843390299999982, 34.6008682 ], [ 138.845713499999988, 34.6047148 ], [ 138.848656, 34.6050451 ], [ 138.8475843, 34.6071542 ], [ 138.849704, 34.6093831 ], [ 138.84851089999998, 34.6125207 ], [ 138.8495797, 34.6133983 ], [ 138.853693199999981, 34.6117833 ], [ 138.859506499999981, 34.6157129 ], [ 138.8633304, 34.6160909 ], [ 138.865047799999985, 34.6194174 ], [ 138.8678276, 34.6196051 ], [ 138.8699413, 34.6180447 ], [ 138.8722261, 34.6180341 ], [ 138.8742902, 34.6204439 ], [ 138.874132800000012, 34.6223051 ], [ 138.878682199999986, 34.6245966 ], [ 138.883786499999985, 34.6243264 ], [ 138.8857782, 34.6232111 ], [ 138.8914098, 34.6275615 ], [ 138.887983599999984, 34.6301029 ], [ 138.889121099999983, 34.6332608 ], [ 138.8925023, 34.6351376 ], [ 138.9001649, 34.6324343 ] ] ] ] } },
{ "type": "Feature", "properties": { "hokenjo": "御殿場" }, "geometry": { "type": "MultiPolygon", "coordinates": [ [ [ [ 138.993186, 35.2848847 ], [ 138.997208299999983, 35.2887016 ], [ 139.0000561, 35.2896155 ], [ 139.00304, 35.2894125 ], [ 139.0049784, 35.2906444 ], [ 139.004460599999987, 35.2926225 ], [ 139.0066578, 35.2955711 ], [ 139.006041399999987, 35.2979911 ], [ 139.0106959, 35.3105983 ], [ 139.009632899999986, 35.3136485 ], [ 139.012955399999981, 35.3177788 ], [ 139.012767599999989, 35.319742399999988 ], [ 139.015250700000024, 35.3207857 ], [ 139.016796, 35.3231769 ], [ 139.019011, 35.3293066 ], [ 139.016456, 35.3326902 ], [ 139.0124807, 35.3359429 ], [ 139.010821, 35.3381629 ], [ 139.0099988, 35.3417263 ], [ 139.010917100000029, 35.3438843 ], [ 139.0086224, 35.3470938 ], [ 139.008114899999981, 35.350303499999988 ], [ 139.009523799999982, 35.3531388 ], [ 139.011814099999981, 35.355426 ], [ 139.0122922, 35.358091 ], [ 139.0088777, 35.3590168 ], [ 139.006839100000036, 35.3613857 ], [ 139.0074639, 35.3645374 ], [ 139.0066333, 35.3657388 ], [ 139.005265799999989, 35.3740366 ], [ 139.0059159, 35.3753846 ], [ 138.9992969, 35.3820935 ], [ 138.9986175, 35.3840405 ], [ 139.000957799999981, 35.3919099 ], [ 139.0008909, 35.3957221 ], [ 139.0017971, 35.3989352 ], [ 139.000027099999983, 35.401546 ], [ 138.998177299999981, 35.4025707 ], [ 138.9935954, 35.4034697 ], [ 138.989902299999983, 35.4031997 ], [ 138.984070799999984, 35.4017719 ], [ 138.982285, 35.4039097 ], [ 138.980061899999981, 35.4046461 ], [ 138.9718205, 35.4051761 ], [ 138.9694599, 35.4049027 ], [ 138.966408799999982, 35.4019013 ], [ 138.962541, 35.4014108 ], [ 138.959574, 35.4022925 ], [ 138.9570012, 35.4013875 ], [ 138.9514845, 35.4017261 ], [ 138.948036699999989, 35.4012703 ], [ 138.9457339, 35.3997194 ], [ 138.9377341, 35.3991486 ], [ 138.9313205, 35.401108 ], [ 138.9257982, 35.4002653 ], [ 138.923229099999986, 35.4012214 ], [ 138.9135507, 35.3999144 ], [ 138.9109367, 35.3977372 ], [ 138.902867, 35.3963319 ], [ 138.8983302, 35.3918306 ], [ 138.892649399999982, 35.3903706 ], [ 138.8888935, 35.3877925 ], [ 138.8879416, 35.3863531 ], [ 138.8825846, 35.3857389 ], [ 138.8792915, 35.3859542 ], [ 138.87346359999998, 35.3817093 ], [ 138.870919099999981, 35.3829805 ], [ 138.8628326, 35.3901489 ], [ 138.8563412, 35.3879992 ], [ 138.8508262, 35.39046 ], [ 138.8466123, 35.3887561 ], [ 138.8437395, 35.3865964 ], [ 138.8339814, 35.3838547 ], [ 138.832022199999983, 35.3827225 ], [ 138.828933, 35.3779681 ], [ 138.821940499999982, 35.3741817 ], [ 138.819718, 35.3758723 ], [ 138.8155724, 35.376435 ], [ 138.8083744, 35.375657 ], [ 138.79945189999998, 35.376668599999988 ], [ 138.7893913, 35.3751203 ], [ 138.786464100000018, 35.3742625 ], [ 138.7468706, 35.3663311 ], [ 138.730781399999984, 35.3627986 ], [ 138.731686699999983, 35.3601364 ], [ 138.7321445, 35.3591167 ], [ 138.737390799999986, 35.3518231 ], [ 138.7386358, 35.3442808 ], [ 138.7416628, 35.3397222 ], [ 138.746118599999988, 35.3358489 ], [ 138.7494706, 35.331 ], [ 138.75171469999998, 35.3314694 ], [ 138.7565194, 35.3274944 ], [ 138.7589653, 35.32433 ], [ 138.761700599999983, 35.3233558 ], [ 138.7678903, 35.3199853 ], [ 138.773536400000012, 35.3152919 ], [ 138.7729583, 35.3064956 ], [ 138.7758781, 35.3015747 ], [ 138.780577199999982, 35.2984386 ], [ 138.7824708, 35.2987158 ], [ 138.7849344, 35.2972369 ], [ 138.7889592, 35.2923867 ], [ 138.79357109999998, 35.2912481 ], [ 138.796262499999983, 35.2912758 ], [ 138.7998667, 35.2859489 ], [ 138.8003664, 35.2837806 ], [ 138.7961053, 35.2768481 ], [ 138.7981744, 35.2732003 ], [ 138.804644699999983, 35.2694314 ], [ 138.806635299999982, 35.2671489 ], [ 138.8101508, 35.2659825 ], [ 138.812342799999982, 35.2642758 ], [ 138.817462799999987, 35.2648378 ], [ 138.822942499999982, 35.2636647 ], [ 138.8279044, 35.26503 ], [ 138.8343219, 35.2658481 ], [ 138.838328099999984, 35.2673344 ], [ 138.8397483, 35.2686286 ], [ 138.847156399999989, 35.2730661 ], [ 138.853336899999988, 35.2757403 ], [ 138.857431099999985, 35.2751644 ], [ 138.867136099999982, 35.2790972 ], [ 138.8679161, 35.282297199999988 ], [ 138.874696699999987, 35.2798631 ], [ 138.87633169999998, 35.2780889 ], [ 138.8749381, 35.2765578 ], [ 138.8742911, 35.2726322 ], [ 138.8755908, 35.2700756 ], [ 138.8784253, 35.2678578 ], [ 138.8817008, 35.2637797 ], [ 138.881365599999981, 35.2616525 ], [ 138.8837533, 35.2571356 ], [ 138.884600299999988, 35.2539925 ], [ 138.8886147, 35.2516083 ], [ 138.8934978, 35.2513142 ], [ 138.8978294, 35.2468061 ], [ 138.896411699999987, 35.2373833 ], [ 138.896761699999985, 35.2345894 ], [ 138.8987817, 35.2332256 ], [ 138.9002178, 35.2305236 ], [ 138.9029267, 35.229485 ], [ 138.905146699999989, 35.22708 ], [ 138.909923099999986, 35.2278297 ], [ 138.912875, 35.225654399999989 ], [ 138.9152372, 35.2213758 ], [ 138.9172619, 35.2198906 ], [ 138.9204378, 35.2217092 ], [ 138.9252411, 35.2207883 ], [ 138.9242236, 35.2171039 ], [ 138.929052, 35.219585599999988 ], [ 138.929502, 35.222525 ], [ 138.939713499999982, 35.2260003 ], [ 138.952838899999989, 35.2296339 ], [ 138.9566006, 35.2300464 ], [ 138.9589131, 35.2289767 ], [ 138.964029, 35.2290589 ], [ 138.971080199999989, 35.2322831 ], [ 138.9760741, 35.2355528 ], [ 138.9787397, 35.2393934 ], [ 138.9760114, 35.2418784 ], [ 138.976403299999987, 35.244317 ], [ 138.974455799999987, 35.2478284 ], [ 138.97558, 35.2519145 ], [ 138.9743741, 35.2561639 ], [ 138.975605, 35.2601136 ], [ 138.9754711, 35.2637528 ], [ 138.9794226, 35.2684117 ], [ 138.9815279, 35.2696197 ], [ 138.9822412, 35.2733239 ], [ 138.9859521, 35.2782794 ], [ 138.993186, 35.2848847 ] ] ] ] } },
{ "type": "Feature", "properties": { "hokenjo": "西部" }, "geometry": { "type": "MultiPolygon", "coordinates": [ [ [ [ 138.218761699999988, 34.6266395 ], [ 138.2148197, 34.6253346 ], [ 138.209106099999985, 34.621745 ], [ 138.2111147, 34.6195219 ], [ 138.213271099999986, 34.6208682 ], [ 138.2190802, 34.618268799999989 ], [ 138.2218379, 34.6224714 ], [ 138.218761699999988, 34.6266395 ] ] ], [ [ [ 138.1007325, 34.8103836 ], [ 138.0999794, 34.8120528 ], [ 138.101826099999982, 34.8133497 ], [ 138.102301899999986, 34.8168103 ], [ 138.101462199999986, 34.8190806 ], [ 138.0976183, 34.8206661 ], [ 138.0976128, 34.8262889 ], [ 138.0970614, 34.828350799999988 ], [ 138.0988319, 34.8319264 ], [ 138.0951033, 34.8361439 ], [ 138.093190599999986, 34.8396108 ], [ 138.0883033, 34.8420786 ], [ 138.085708899999986, 34.8404081 ], [ 138.079495799999989, 34.8428275 ], [ 138.07527, 34.8426939 ], [ 138.072950599999984, 34.8441889 ], [ 138.0704153, 34.8437261 ], [ 138.0710956, 34.8470967 ], [ 138.0685992, 34.8531325 ], [ 138.0701919, 34.8571597 ], [ 138.066176399999989, 34.8579411 ], [ 138.0611347, 34.8573108 ], [ 138.054835, 34.8586269 ], [ 138.0516944, 34.8581247 ], [ 138.0478989, 34.8592242 ], [ 138.048197499999986, 34.8623461 ], [ 138.0470106, 34.8642097 ], [ 138.0474567, 34.8669492 ], [ 138.0455303, 34.8683644 ], [ 138.0452794, 34.8740881 ], [ 138.045685, 34.8820414 ], [ 138.0477094, 34.8831319 ], [ 138.0486789, 34.8854306 ], [ 138.0519639, 34.8874433 ], [ 138.0526922, 34.8911317 ], [ 138.0544022, 34.8937397 ], [ 138.0564742, 34.8947886 ], [ 138.0556856, 34.8998853 ], [ 138.0564953, 34.9040528 ], [ 138.057871899999981, 34.9064364 ], [ 138.0566522, 34.9074192 ], [ 138.052129399999984, 34.90815 ], [ 138.0495339, 34.9113328 ], [ 138.0469331, 34.9120678 ], [ 138.04572109999998, 34.9153961 ], [ 138.0430467, 34.916996399999988 ], [ 138.0419231, 34.9200789 ], [ 138.0441697, 34.9234064 ], [ 138.042959199999984, 34.9252681 ], [ 138.0379161, 34.9283011 ], [ 138.0382367, 34.9299992 ], [ 138.0364186, 34.9317733 ], [ 138.0300203, 34.9312961 ], [ 138.028093899999988, 34.9323381 ], [ 138.0280247, 34.9350781 ], [ 138.0255175, 34.9369236 ], [ 138.0238881, 34.9356731 ], [ 138.0209233, 34.9353075 ], [ 138.01776, 34.9385997 ], [ 138.0120622, 34.9404428 ], [ 138.0126233, 34.9420508 ], [ 138.0151931, 34.9430772 ], [ 138.0162908, 34.9477464 ], [ 138.0136458, 34.9520647 ], [ 138.015749699999986, 34.9554247 ], [ 138.014581700000036, 34.9569553 ], [ 138.0145483, 34.9604075 ], [ 138.0122503, 34.9626014 ], [ 138.0128106, 34.96757 ], [ 138.0139872, 34.9696958 ], [ 138.01211859999998, 34.9725389 ], [ 138.0099736, 34.9738594 ], [ 138.009962799999983, 34.9756172 ], [ 138.0032172, 34.9723614 ], [ 138.003814399999982, 34.9670192 ], [ 138.0023764, 34.96457 ], [ 138.000655800000033, 34.9648553 ], [ 137.996555799999982, 34.9683294 ], [ 137.993480299999987, 34.9687294 ], [ 137.990328100000028, 34.9676944 ], [ 137.9896469, 34.9653286 ], [ 137.9857264, 34.9665608 ], [ 137.9834094, 34.9659406 ], [ 137.9812106, 34.9669853 ], [ 137.9797836, 34.9655047 ], [ 137.98196310000003, 34.96346 ], [ 137.9846714, 34.9628331 ], [ 137.980590300000017, 34.9577153 ], [ 137.9772575, 34.957552199999988 ], [ 137.97081, 34.9588814 ], [ 137.9704961, 34.9566789 ], [ 137.9682856, 34.9554853 ], [ 137.964723599999985, 34.9550692 ], [ 137.9623722, 34.9479211 ], [ 137.9552314, 34.9467867 ], [ 137.947888299999988, 34.9494928 ], [ 137.9426272, 34.9461289 ], [ 137.9382161, 34.9473872 ], [ 137.9357972, 34.9452528 ], [ 137.9358967, 34.9436258 ], [ 137.932999199999983, 34.9425839 ], [ 137.9284169, 34.9397278 ], [ 137.926098599999989, 34.9347636 ], [ 137.9176517, 34.9273361 ], [ 137.9157097, 34.9267275 ], [ 137.9124644, 34.9294944 ], [ 137.9075772, 34.9288686 ], [ 137.908426099999986, 34.9253792 ], [ 137.9057372, 34.9212542 ], [ 137.9031033, 34.9199561 ], [ 137.9033278, 34.9174808 ], [ 137.9052228, 34.9134333 ], [ 137.908008599999988, 34.9106383 ], [ 137.907454699999988, 34.9069069 ], [ 137.9148256, 34.9028744 ], [ 137.919166099999984, 34.9015408 ], [ 137.919962199999986, 34.8980586 ], [ 137.920130799999981, 34.8932483 ], [ 137.9169947, 34.8910211 ], [ 137.91352, 34.8915325 ], [ 137.909186399999982, 34.8910614 ], [ 137.90615, 34.8908986 ], [ 137.903586099999984, 34.8876758 ], [ 137.898201699999987, 34.8839725 ], [ 137.8976222, 34.8824342 ], [ 137.8947667, 34.8826694 ], [ 137.8921053, 34.8811558 ], [ 137.8888633, 34.8805328 ], [ 137.8832961, 34.8811978 ], [ 137.8774503, 34.879315 ], [ 137.875707799999986, 34.8802317 ], [ 137.873175, 34.8791069 ], [ 137.867126399999989, 34.8780361 ], [ 137.8616122, 34.8783028 ], [ 137.860383899999988, 34.8764928 ], [ 137.855306399999989, 34.8751058 ], [ 137.8539131, 34.8730261 ], [ 137.8556908, 34.8703478 ], [ 137.852497799999981, 34.8675017 ], [ 137.847930599999984, 34.8691489 ], [ 137.844053299999985, 34.8681461 ], [ 137.8428247, 34.8655611 ], [ 137.8410619, 34.8649186 ], [ 137.8388133, 34.8621336 ], [ 137.8356464, 34.8617125 ], [ 137.8287497, 34.8593483 ], [ 137.8258003, 34.8566608 ], [ 137.8225878, 34.8555728 ], [ 137.8243186, 34.855019399999989 ], [ 137.8260383, 34.8412442 ], [ 137.827089199999989, 34.8293764 ], [ 137.8269819, 34.8212753 ], [ 137.823147799999987, 34.8018383 ], [ 137.8237411, 34.7961108 ], [ 137.8247953, 34.7938686 ], [ 137.82819, 34.7897208 ], [ 137.8266542, 34.7821531 ], [ 137.8226817, 34.7749906 ], [ 137.8189267, 34.7565078 ], [ 137.813106399999981, 34.7475597 ], [ 137.8058647, 34.7301878 ], [ 137.8033672, 34.7191328 ], [ 137.802931699999988, 34.7157483 ], [ 137.800216899999981, 34.7014019 ], [ 137.8004147, 34.6976042 ], [ 137.7953331, 34.6983753 ], [ 137.7953181, 34.6965103 ], [ 137.7933328, 34.6846692 ], [ 137.791812199999981, 34.6818967 ], [ 137.7900967, 34.6814722 ], [ 137.7897289, 34.6741536 ], [ 137.7901628, 34.6709603 ], [ 137.7875678, 34.6699844 ], [ 137.7873061, 34.6664128 ], [ 137.788264699999985, 34.6651517 ], [ 137.787497799999983, 34.6624275 ], [ 137.787205799999981, 34.6563014 ], [ 137.7880131, 34.6532133 ], [ 137.7897725, 34.6532597 ], [ 137.7899822, 34.6502297 ], [ 137.7970106, 34.6483139 ], [ 137.7986354, 34.64634 ], [ 137.803791499999988, 34.6465164 ], [ 137.8142468, 34.6480126 ], [ 137.8203786, 34.649791799999988 ], [ 137.8278081, 34.653125 ], [ 137.8346627, 34.6548728 ], [ 137.853456599999987, 34.6584854 ], [ 137.873254299999985, 34.6614402 ], [ 137.894870199999986, 34.6637868 ], [ 137.9024695, 34.6665148 ], [ 137.9067564, 34.6660145 ], [ 137.911932299999989, 34.6664813 ], [ 137.9214001, 34.6679027 ], [ 137.924894699999982, 34.6680914 ], [ 137.9313852, 34.6676078 ], [ 137.933503400000035, 34.6679424 ], [ 137.9500401, 34.6667929 ], [ 137.951913499999989, 34.6670503 ], [ 137.967965700000036, 34.6653978 ], [ 137.9701704, 34.6653559 ], [ 137.97583659999998, 34.6643633 ], [ 137.983386699999983, 34.6638225 ], [ 137.99022979999998, 34.6624951 ], [ 137.9979064, 34.6617533 ], [ 138.00783610000002, 34.6598677 ], [ 138.0156517, 34.6579933 ], [ 138.018326799999983, 34.6578315 ], [ 138.025467, 34.6560014 ], [ 138.0320797, 34.654733899999989 ], [ 138.0456869, 34.6515618 ], [ 138.0574699, 34.6485912 ], [ 138.0617349, 34.646891599999989 ], [ 138.06657629999998, 34.6459828 ], [ 138.0782527, 34.6423282 ], [ 138.0858972, 34.6403612 ], [ 138.1016, 34.6351557 ], [ 138.1149442, 34.630425 ], [ 138.137553199999985, 34.6219357 ], [ 138.1458232, 34.6177015 ], [ 138.1531764, 34.6154116 ], [ 138.158098099999989, 34.614538 ], [ 138.179444, 34.6075393 ], [ 138.1880702, 34.6031177 ], [ 138.191865899999982, 34.6007735 ], [ 138.1994071, 34.6008136 ], [ 138.206564899999989, 34.6002877 ], [ 138.215770099999986, 34.5982203 ], [ 138.219635899999986, 34.5962308 ], [ 138.2272131, 34.5951323 ], [ 138.2295581, 34.5963062 ], [ 138.2330997, 34.5994385 ], [ 138.234145399999989, 34.6020989 ], [ 138.2338768, 34.6052827 ], [ 138.2313843, 34.6074021 ], [ 138.2278976, 34.6073898 ], [ 138.2265665, 34.6109877 ], [ 138.224593699999986, 34.6117148 ], [ 138.225069499999989, 34.6071934 ], [ 138.221880699999986, 34.606952 ], [ 138.217277599999989, 34.6097751 ], [ 138.2194608, 34.6111281 ], [ 138.2198172, 34.6141711 ], [ 138.216611299999983, 34.6127504 ], [ 138.209112399999981, 34.6209699 ], [ 138.206880600000034, 34.6203482 ], [ 138.2008617, 34.620207199999989 ], [ 138.2006097, 34.6187172 ], [ 138.19549139999998, 34.6188311 ], [ 138.1911833, 34.6199289 ], [ 138.1912386, 34.6217578 ], [ 138.188388299999986, 34.6234814 ], [ 138.1803319, 34.6255722 ], [ 138.1763708, 34.6234442 ], [ 138.17116919999998, 34.6242733 ], [ 138.1696461, 34.6276875 ], [ 138.171009400000031, 34.6332469 ], [ 138.167959699999983, 34.63486 ], [ 138.1682025, 34.638985 ], [ 138.169348899999989, 34.6410194 ], [ 138.1685683, 34.6438614 ], [ 138.1717686, 34.6472289 ], [ 138.1719325, 34.6486906 ], [ 138.1751842, 34.6505156 ], [ 138.1749589, 34.6517506 ], [ 138.179272199999986, 34.6543375 ], [ 138.1807781, 34.6574686 ], [ 138.1831072, 34.6595733 ], [ 138.18090140000001, 34.6625267 ], [ 138.1832336, 34.6644339 ], [ 138.182512799999984, 34.6692222 ], [ 138.17389, 34.6715028 ], [ 138.170421399999981, 34.6736814 ], [ 138.1726444, 34.6747169 ], [ 138.1739622, 34.6788039 ], [ 138.1733169, 34.6818053 ], [ 138.168551899999983, 34.6849167 ], [ 138.16735079999998, 34.6872217 ], [ 138.1632669, 34.6908942 ], [ 138.1583731, 34.6928025 ], [ 138.1558478, 34.6929711 ], [ 138.1455628, 34.6976261 ], [ 138.1446719, 34.7018525 ], [ 138.1449469, 34.7039953 ], [ 138.1436075, 34.7071647 ], [ 138.1458269, 34.7128492 ], [ 138.1452811, 34.7158397 ], [ 138.1426844, 34.7193058 ], [ 138.1425836, 34.7211044 ], [ 138.139998599999984, 34.7259108 ], [ 138.1400108, 34.7325903 ], [ 138.141111699999982, 34.7341264 ], [ 138.1419017, 34.7411978 ], [ 138.13931, 34.7452533 ], [ 138.1352344, 34.7488303 ], [ 138.1319167, 34.7507983 ], [ 138.1326494, 34.7586075 ], [ 138.1347831, 34.7639286 ], [ 138.1377253, 34.7663397 ], [ 138.140052199999985, 34.7659714 ], [ 138.142228099999983, 34.7737892 ], [ 138.1412344, 34.784653299999988 ], [ 138.1387061, 34.7935247 ], [ 138.13648809999998, 34.7974942 ], [ 138.1336158, 34.8068203 ], [ 138.1306442, 34.8067025 ], [ 138.129806699999989, 34.8043536 ], [ 138.130013099999985, 34.80059 ], [ 138.123393599999986, 34.7931575 ], [ 138.1214656, 34.7940939 ], [ 138.1161722, 34.7992778 ], [ 138.1166431, 34.8010203 ], [ 138.115275, 34.8047922 ], [ 138.1095214, 34.8114408 ], [ 138.105590600000028, 34.8132944 ], [ 138.104426099999984, 34.810835 ], [ 138.1007325, 34.8103836 ] ] ], [ [ [ 137.5695634, 34.7306789 ], [ 137.5680567, 34.7359912 ], [ 137.5659066, 34.7404938 ], [ 137.565512499999983, 34.7410093 ], [ 137.5547475, 34.7462851 ], [ 137.550646400000034, 34.7490709 ], [ 137.5481474, 34.7526908 ], [ 137.5465137, 34.7593497 ], [ 137.5450773, 34.7616378 ], [ 137.5448662, 34.7650543 ], [ 137.548211399999985, 34.7692048 ], [ 137.542154399999987, 34.7733786 ], [ 137.533868899999987, 34.7729222 ], [ 137.530944399999981, 34.7708089 ], [ 137.525340299999982, 34.7677536 ], [ 137.522580299999987, 34.7696353 ], [ 137.516626100000025, 34.7716033 ], [ 137.5119608, 34.7710639 ], [ 137.504033599999985, 34.7767386 ], [ 137.5021294, 34.7794808 ], [ 137.49667359999998, 34.7827153 ], [ 137.49656109999998, 34.7839108 ], [ 137.492942199999987, 34.7868661 ], [ 137.488583899999981, 34.7839847 ], [ 137.4820292, 34.7822842 ], [ 137.4789275, 34.7789911 ], [ 137.4767175, 34.7747856 ], [ 137.479043599999983, 34.771335 ], [ 137.476755, 34.7678064 ], [ 137.477519199999989, 34.7600167 ], [ 137.477442199999984, 34.7566653 ], [ 137.474959399999989, 34.7551961 ], [ 137.4752939, 34.7511586 ], [ 137.474106899999981, 34.7499406 ], [ 137.4761011, 34.7463444 ], [ 137.478026699999987, 34.7455178 ], [ 137.4805603, 34.7405653 ], [ 137.479321699999986, 34.7399472 ], [ 137.4795411, 34.7364217 ], [ 137.478606899999988, 34.7341008 ], [ 137.4814364, 34.7309522 ], [ 137.4802689, 34.7294478 ], [ 137.480734399999989, 34.7265386 ], [ 137.4822867, 34.7259969 ], [ 137.4826247, 34.7199264 ], [ 137.4873139, 34.7171019 ], [ 137.4896636, 34.7110314 ], [ 137.4898881, 34.7056483 ], [ 137.49179, 34.7024597 ], [ 137.49004309999998, 34.6937989 ], [ 137.48806639999998, 34.6873267 ], [ 137.484638599999982, 34.6838086 ], [ 137.4859108, 34.6796144 ], [ 137.4845214, 34.67667 ], [ 137.4851751, 34.6735515 ], [ 137.4894309, 34.6743417 ], [ 137.52172539999998, 34.6774576 ], [ 137.5441964, 34.6789784 ], [ 137.571424, 34.6802067 ], [ 137.5820833, 34.6798956 ], [ 137.590184099999988, 34.6780379 ], [ 137.594981599999983, 34.677563 ], [ 137.5977723, 34.6779669 ], [ 137.598539099999982, 34.6843016 ], [ 137.5969689, 34.6866418 ], [ 137.5987222, 34.6907141 ], [ 137.5985787, 34.6921608 ], [ 137.5906742, 34.6948433 ], [ 137.587563499999987, 34.69884 ], [ 137.587527, 34.701403 ], [ 137.582812599999983, 34.7037808 ], [ 137.57591739999998, 34.7080667 ], [ 137.573063, 34.7155172 ], [ 137.5719933, 34.7199141 ], [ 137.5702906, 34.7232986 ], [ 137.5695634, 34.7306789 ] ] ] ] } },
{ "type": "Feature", "properties": { "hokenjo": "静岡市" }, "geometry": { "type": "MultiPolygon", "coordinates": [ [ [ [ 138.474572699999982, 34.961834 ], [ 138.478271799999987, 34.9632631 ], [ 138.4959529, 34.971819499999988 ], [ 138.507509, 34.9775927 ], [ 138.5106026, 34.9799144 ], [ 138.513362699999988, 34.9830287 ], [ 138.516318, 34.9845019 ], [ 138.5176108, 34.9870531 ], [ 138.521353399999981, 34.9896907 ], [ 138.521772, 34.9915558 ], [ 138.52665159999998, 34.994940899999989 ], [ 138.526861, 34.9985516 ], [ 138.5291461, 35.0053571 ], [ 138.5325848, 35.0102445 ], [ 138.5334566, 35.0129646 ], [ 138.531889799999988, 35.0157339 ], [ 138.5285556, 35.0170157 ], [ 138.5221205, 35.0205867 ], [ 138.5157811, 35.0208996 ], [ 138.5155987, 35.019304 ], [ 138.5179374, 35.0174811 ], [ 138.518565599999988, 35.0133406 ], [ 138.5113608, 35.0123959 ], [ 138.505425299999985, 35.012881 ], [ 138.502519799999988, 35.0115171 ], [ 138.5025951, 35.0069722 ], [ 138.5053997, 35.0066796 ], [ 138.506183, 35.0036931 ], [ 138.501224799999989, 35.0046122 ], [ 138.5011174, 35.0022213 ], [ 138.5108593, 34.9964235 ], [ 138.5115457, 34.994623 ], [ 138.511136, 34.9905893 ], [ 138.5084156, 34.9867981 ], [ 138.505618199999986, 34.9856843 ], [ 138.5006847, 34.9873988 ], [ 138.500124, 34.9895097 ], [ 138.502243, 34.9920256 ], [ 138.4977088, 34.9962183 ], [ 138.49754919999998, 35.0102051 ], [ 138.4955353, 35.0103119 ], [ 138.4956962, 35.0167628 ], [ 138.4909056, 35.0193075 ], [ 138.490885, 35.022339 ], [ 138.4948139, 35.0218319 ], [ 138.496089399999988, 35.0182842 ], [ 138.4990956, 35.0266837 ], [ 138.49674349999998, 35.0310444 ], [ 138.4945401, 35.0322596 ], [ 138.497492199999982, 35.0345118 ], [ 138.50028469999998, 35.02973 ], [ 138.5024776, 35.0313061 ], [ 138.4997835, 35.0357504 ], [ 138.5028678, 35.0365303 ], [ 138.5057333, 35.0312448 ], [ 138.508454300000011, 35.0334713 ], [ 138.5060942, 35.0416759 ], [ 138.50864679999998, 35.042572899999989 ], [ 138.5112579, 35.0354127 ], [ 138.5126096, 35.0364204 ], [ 138.511017, 35.0431009 ], [ 138.5130772, 35.0432211 ], [ 138.514893799999982, 35.038254099999989 ], [ 138.5170507, 35.0385347 ], [ 138.5236909, 35.0426694 ], [ 138.519062500000018, 35.0476614 ], [ 138.5288118, 35.0535635 ], [ 138.534462400000024, 35.056087 ], [ 138.5357287, 35.0592501 ], [ 138.5394925, 35.0632106 ], [ 138.5427628, 35.0700428 ], [ 138.5431117, 35.0718056 ], [ 138.546855599999986, 35.0770044 ], [ 138.5491164, 35.0866016 ], [ 138.551531899999986, 35.0925575 ], [ 138.5557818, 35.0990696 ], [ 138.5587947, 35.1016494 ], [ 138.569865, 35.1071203 ], [ 138.574818199999982, 35.1107372 ], [ 138.5786679, 35.111774 ], [ 138.586286299999983, 35.1122612 ], [ 138.592336499999988, 35.1130924 ], [ 138.601006499999983, 35.1151554 ], [ 138.6116743, 35.1154264 ], [ 138.61794, 35.1147825 ], [ 138.624223199999989, 35.1158605 ], [ 138.6322447, 35.1151742 ], [ 138.6385373, 35.1164915 ], [ 138.6318061, 35.1286947 ], [ 138.629930799999983, 35.1336753 ], [ 138.6183269, 35.1317322 ], [ 138.616564399999987, 35.1293542 ], [ 138.6127725, 35.1295969 ], [ 138.607308599999982, 35.1321856 ], [ 138.605030299999981, 35.1343569 ], [ 138.5997894, 35.143525 ], [ 138.5957928, 35.1431369 ], [ 138.59245439999998, 35.1436864 ], [ 138.5814364, 35.1434139 ], [ 138.5774461, 35.1455708 ], [ 138.5773069, 35.1466786 ], [ 138.57214, 35.1494128 ], [ 138.568239399999982, 35.1523275 ], [ 138.5652072, 35.1510697 ], [ 138.5636931, 35.1529547 ], [ 138.558657499999981, 35.1566364 ], [ 138.5584044, 35.159315 ], [ 138.556003299999986, 35.1554786 ], [ 138.5520272, 35.1540156 ], [ 138.5476731, 35.1545811 ], [ 138.5451947, 35.1525572 ], [ 138.5385819, 35.1516825 ], [ 138.5391914, 35.1533744 ], [ 138.5376233, 35.1561633 ], [ 138.536128599999984, 35.1608156 ], [ 138.53303, 35.1614122 ], [ 138.5303317, 35.1631336 ], [ 138.5290953, 35.1650322 ], [ 138.525701699999985, 35.166075 ], [ 138.5260645, 35.1713133 ], [ 138.5235717, 35.1806283 ], [ 138.5219314, 35.1822467 ], [ 138.5195678, 35.1825372 ], [ 138.5193825, 35.1885228 ], [ 138.5185214, 35.1899275 ], [ 138.519787, 35.1939031 ], [ 138.5226281, 35.1963731 ], [ 138.522421399999985, 35.1991578 ], [ 138.5205531, 35.1972286 ], [ 138.5173328, 35.1986086 ], [ 138.5142247, 35.1940439 ], [ 138.5141906, 35.1912714 ], [ 138.512309499999986, 35.1889747 ], [ 138.5062309, 35.1860689 ], [ 138.5040309, 35.1830781 ], [ 138.5011336, 35.1765233 ], [ 138.49629, 35.1743908 ], [ 138.4956656, 35.1715494 ], [ 138.491492199999982, 35.1683844 ], [ 138.4878287, 35.1696519 ], [ 138.487085899999983, 35.1716703 ], [ 138.4842573, 35.174193 ], [ 138.4821523, 35.1738622 ], [ 138.478169799999989, 35.1760491 ], [ 138.4777437, 35.1780755 ], [ 138.472215899999981, 35.1761097 ], [ 138.4611301, 35.1794914 ], [ 138.4568334, 35.1782119 ], [ 138.451606699999985, 35.1791483 ], [ 138.4491098, 35.1785305 ], [ 138.4413604, 35.1793739 ], [ 138.4405423, 35.1780705 ], [ 138.4309418, 35.1803869 ], [ 138.4274804, 35.1826672 ], [ 138.4268262, 35.1858391 ], [ 138.4247254, 35.18996 ], [ 138.4190346, 35.1976358 ], [ 138.418363199999988, 35.199335 ], [ 138.4160082, 35.1994519 ], [ 138.4136576, 35.2010663 ], [ 138.4075743, 35.2029302 ], [ 138.4025413, 35.2008113 ], [ 138.3986971, 35.2002699 ], [ 138.396846300000021, 35.2050527 ], [ 138.394293299999987, 35.2078133 ], [ 138.3930538, 35.2136291 ], [ 138.3906733, 35.2199011 ], [ 138.3917969, 35.2248249 ], [ 138.3908927, 35.2288324 ], [ 138.388998099999981, 35.2327796 ], [ 138.3882017, 35.2373121 ], [ 138.386712, 35.2395194 ], [ 138.3856184, 35.2446452 ], [ 138.3861523, 35.2462435 ], [ 138.38250979999998, 35.2495533 ], [ 138.380926499999987, 35.2529904 ], [ 138.378214, 35.2539371 ], [ 138.377314, 35.2563899 ], [ 138.37453069999998, 35.2600185 ], [ 138.3735557, 35.2633229 ], [ 138.371341299999983, 35.2652766 ], [ 138.3689819, 35.2686832 ], [ 138.367031900000029, 35.2701882 ], [ 138.3692661, 35.2766785 ], [ 138.3667044, 35.2805124 ], [ 138.3676945, 35.2864576 ], [ 138.366764499999988, 35.2903204 ], [ 138.3694423, 35.2957768 ], [ 138.3708112, 35.2962612 ], [ 138.372478699999988, 35.2994109 ], [ 138.370594899999986, 35.3047651 ], [ 138.368214099999989, 35.3064401 ], [ 138.367598499999986, 35.3095437 ], [ 138.3646708, 35.3120259 ], [ 138.3594661, 35.3133778 ], [ 138.357615, 35.317757 ], [ 138.355832199999981, 35.3164292 ], [ 138.3527239, 35.3165378 ], [ 138.3499947, 35.3152503 ], [ 138.3433733, 35.3179945 ], [ 138.340213399999982, 35.3218325 ], [ 138.3352851, 35.3265345 ], [ 138.332430599999981, 35.3262881 ], [ 138.328039499999988, 35.327672299999989 ], [ 138.324462, 35.3272081 ], [ 138.318955599999981, 35.3241245 ], [ 138.313462200000032, 35.3226109 ], [ 138.3112797, 35.3195881 ], [ 138.3089808, 35.318494 ], [ 138.3051491, 35.3179895 ], [ 138.3029315, 35.3166334 ], [ 138.2964523, 35.3165081 ], [ 138.2940715, 35.3119715 ], [ 138.289852199999984, 35.3094693 ], [ 138.2852672, 35.304274899999989 ], [ 138.281689699999987, 35.3048679 ], [ 138.276407399999982, 35.3074187 ], [ 138.275546099999985, 35.3099657 ], [ 138.269790199999989, 35.3143974 ], [ 138.261847099999983, 35.3150991 ], [ 138.257916599999987, 35.3164713 ], [ 138.25480349999998, 35.3198174 ], [ 138.2550233, 35.3241843 ], [ 138.251536, 35.3259438 ], [ 138.2520352, 35.3292613 ], [ 138.248737399999982, 35.3316024 ], [ 138.2503433, 35.3338382 ], [ 138.252560499999987, 35.3342904 ], [ 138.2569795, 35.338591 ], [ 138.2539214, 35.3454209 ], [ 138.2551412, 35.3484696 ], [ 138.2539629, 35.3525551 ], [ 138.2510024, 35.3583526 ], [ 138.2512557, 35.363529 ], [ 138.2467599, 35.3671476 ], [ 138.242728799999981, 35.3658512 ], [ 138.237292599999989, 35.3700154 ], [ 138.2320171, 35.3712248 ], [ 138.232867700000014, 35.3728554 ], [ 138.2328546, 35.3766559 ], [ 138.2342933, 35.3799246 ], [ 138.2361966, 35.3816776 ], [ 138.2368544, 35.3842709 ], [ 138.2401175, 35.3881359 ], [ 138.245937, 35.3910698 ], [ 138.247439800000024, 35.3948034 ], [ 138.246445699999981, 35.3997987 ], [ 138.2508166, 35.4026126 ], [ 138.2520557, 35.4043412 ], [ 138.2580977, 35.4073942 ], [ 138.258215799999988, 35.4124395 ], [ 138.257615499999986, 35.4147851 ], [ 138.2592678, 35.4218875 ], [ 138.2594437, 35.4310834 ], [ 138.2573017, 35.4370578 ], [ 138.255232600000028, 35.4412106 ], [ 138.255334299999987, 35.444577 ], [ 138.248305400000021, 35.4471847 ], [ 138.2456085, 35.4530523 ], [ 138.2443393, 35.4541234 ], [ 138.2440685, 35.4589756 ], [ 138.2462854, 35.4634781 ], [ 138.2534827, 35.4659617 ], [ 138.2552052, 35.4689081 ], [ 138.2555088, 35.4727823 ], [ 138.257880799999981, 35.4760175 ], [ 138.2585913, 35.4798161 ], [ 138.258588, 35.4851317 ], [ 138.259793, 35.489168899999989 ], [ 138.2589099, 35.4932239 ], [ 138.2593608, 35.4999051 ], [ 138.2602488, 35.5058998 ], [ 138.261733599999985, 35.5068334 ], [ 138.266895200000022, 35.5129703 ], [ 138.2689763, 35.5141253 ], [ 138.2646805, 35.5199537 ], [ 138.263140199999981, 35.5234701 ], [ 138.2625916, 35.5271339 ], [ 138.261058599999984, 35.5294187 ], [ 138.2573483, 35.5308487 ], [ 138.2582069, 35.5330056 ], [ 138.2575814, 35.5351206 ], [ 138.260075299999983, 35.5428956 ], [ 138.2602014, 35.5461284 ], [ 138.2594822, 35.5529787 ], [ 138.256691099999983, 35.5546259 ], [ 138.252047500000032, 35.5556937 ], [ 138.250341099999986, 35.558452 ], [ 138.2463922, 35.5608201 ], [ 138.244448899999981, 35.5634617 ], [ 138.2451539, 35.5693156 ], [ 138.2418328, 35.5731265 ], [ 138.240460899999988, 35.5763167 ], [ 138.2411706, 35.5800056 ], [ 138.2405134, 35.5826665 ], [ 138.2387909, 35.5834754 ], [ 138.2394334, 35.5866059 ], [ 138.2435781, 35.5915243 ], [ 138.2417381, 35.5989723 ], [ 138.2406356, 35.6051079 ], [ 138.2356756, 35.6061865 ], [ 138.2350931, 35.6083295 ], [ 138.2362542, 35.612729 ], [ 138.234087599999981, 35.6149701 ], [ 138.236597, 35.6189751 ], [ 138.2360801, 35.6222715 ], [ 138.2330787, 35.6229406 ], [ 138.2314728, 35.624599 ], [ 138.228883700000011, 35.6252031 ], [ 138.228324499999985, 35.6272104 ], [ 138.2306087, 35.6356012 ], [ 138.231990900000028, 35.6371368 ], [ 138.2323154, 35.6400973 ], [ 138.230799599999983, 35.6434654 ], [ 138.2280987, 35.6459398 ], [ 138.2186707, 35.6445493 ], [ 138.2150729, 35.6393376 ], [ 138.211221199999983, 35.6352154 ], [ 138.2075534, 35.6330571 ], [ 138.2034421, 35.632181 ], [ 138.202905099999981, 35.6261315 ], [ 138.2029351, 35.6193704 ], [ 138.2024046, 35.618216 ], [ 138.2050462, 35.6133718 ], [ 138.2060554, 35.6083965 ], [ 138.2019243, 35.6038151 ], [ 138.2004298, 35.5995626 ], [ 138.1959579, 35.5954904 ], [ 138.1946212, 35.5923576 ], [ 138.194630400000023, 35.5886221 ], [ 138.1921534, 35.5846012 ], [ 138.1889229, 35.580559 ], [ 138.1894906, 35.5767809 ], [ 138.184399, 35.5730918 ], [ 138.1822812, 35.5745976 ], [ 138.1784001, 35.5748487 ], [ 138.172841800000015, 35.5816018 ], [ 138.1673829, 35.5829071 ], [ 138.1620504, 35.5812949 ], [ 138.1608631, 35.5799968 ], [ 138.1600987, 35.5761279 ], [ 138.1559709, 35.5724871 ], [ 138.151810399999988, 35.5709599 ], [ 138.150959200000017, 35.5662937 ], [ 138.148552599999988, 35.5627999 ], [ 138.1461309, 35.5570154 ], [ 138.144140599999986, 35.5546754 ], [ 138.148176399999983, 35.5542773 ], [ 138.1512648, 35.5527807 ], [ 138.1542139, 35.5534804 ], [ 138.156026199999985, 35.5517509 ], [ 138.1561776, 35.5484451 ], [ 138.1589131, 35.5466343 ], [ 138.1594245, 35.5449323 ], [ 138.154887799999983, 35.5394798 ], [ 138.1514881, 35.536202 ], [ 138.1479411, 35.534753099999989 ], [ 138.146960899999982, 35.529602 ], [ 138.142766099999989, 35.5270754 ], [ 138.1421392, 35.5255201 ], [ 138.1383322, 35.5222117 ], [ 138.14633, 35.5186428 ], [ 138.146282499999984, 35.5137792 ], [ 138.1438417, 35.5104681 ], [ 138.1433414, 35.5063292 ], [ 138.1409414, 35.5043659 ], [ 138.13950029999998, 35.5013392 ], [ 138.1401808, 35.4997334 ], [ 138.144322499999987, 35.5006392 ], [ 138.14856, 35.4999797 ], [ 138.1535792, 35.4960836 ], [ 138.1579889, 35.4942945 ], [ 138.162272799999982, 35.4946323 ], [ 138.1646236, 35.4938717 ], [ 138.1631147, 35.4914942 ], [ 138.1608239, 35.489837 ], [ 138.1583225, 35.4863011 ], [ 138.1587656, 35.4828634 ], [ 138.156401100000011, 35.4769053 ], [ 138.1567839, 35.472794199999989 ], [ 138.160403600000024, 35.470835 ], [ 138.1602478, 35.4677978 ], [ 138.1576786, 35.4632775 ], [ 138.156913100000025, 35.4599808 ], [ 138.1514211, 35.4587083 ], [ 138.148329099999984, 35.4602314 ], [ 138.1460327, 35.4593481 ], [ 138.1410191, 35.4589947 ], [ 138.139510199999989, 35.45727 ], [ 138.1352705, 35.4544347 ], [ 138.1315746, 35.4533403 ], [ 138.1219279, 35.4563931 ], [ 138.1197851, 35.4533939 ], [ 138.1204668, 35.4515075 ], [ 138.1193429, 35.4459786 ], [ 138.1209498, 35.4442275 ], [ 138.122962299999983, 35.4399425 ], [ 138.123962600000027, 35.4356608 ], [ 138.120208599999984, 35.4314444 ], [ 138.121520799999985, 35.4285567 ], [ 138.1289983, 35.4272614 ], [ 138.132579199999981, 35.4260094 ], [ 138.1368894, 35.4235014 ], [ 138.1398255, 35.4226036 ], [ 138.138623, 35.419965 ], [ 138.1390333, 35.41648 ], [ 138.1377005, 35.4146736 ], [ 138.135111599999988, 35.4140409 ], [ 138.134333199999986, 35.4121925 ], [ 138.1348796, 35.4077461 ], [ 138.1393932, 35.4057734 ], [ 138.1443765, 35.4060748 ], [ 138.149751399999985, 35.3993709 ], [ 138.1525481, 35.3979839 ], [ 138.152565800000019, 35.3947731 ], [ 138.1511772, 35.389967 ], [ 138.1477736, 35.3875481 ], [ 138.1457035, 35.3836393 ], [ 138.143584799999985, 35.3756443 ], [ 138.141612, 35.3732198 ], [ 138.141143699999986, 35.3694926 ], [ 138.1381601, 35.3687457 ], [ 138.135015899999985, 35.3667404 ], [ 138.1292973, 35.3652881 ], [ 138.1240181, 35.3680473 ], [ 138.115142599999984, 35.3648739 ], [ 138.1098426, 35.3610045 ], [ 138.1071892, 35.3603803 ], [ 138.1055642, 35.3575253 ], [ 138.100061399999987, 35.3540267 ], [ 138.0969914, 35.3542695 ], [ 138.093774199999984, 35.3499703 ], [ 138.0962734, 35.3483281 ], [ 138.0966017, 35.3443854 ], [ 138.0957936, 35.3427151 ], [ 138.09633359999998, 35.3399423 ], [ 138.0933283, 35.3398359 ], [ 138.0874839, 35.3380004 ], [ 138.085802299999983, 35.3300482 ], [ 138.0834074, 35.326791 ], [ 138.082959599999981, 35.3248146 ], [ 138.086259499999983, 35.3214861 ], [ 138.088922199999985, 35.3177139 ], [ 138.0925269, 35.3143067 ], [ 138.096845, 35.3119214 ], [ 138.098255599999987, 35.3094722 ], [ 138.098206100000027, 35.3044678 ], [ 138.1136458, 35.3009644 ], [ 138.115071699999987, 35.298102799999988 ], [ 138.1176122, 35.2970833 ], [ 138.120330600000017, 35.2944756 ], [ 138.126506399999982, 35.2931431 ], [ 138.129308899999984, 35.2907011 ], [ 138.1315392, 35.2871819 ], [ 138.1346217, 35.28608 ], [ 138.137239199999982, 35.283755299999989 ], [ 138.1360425, 35.2821289 ], [ 138.1358531, 35.275885 ], [ 138.1374889, 35.2717769 ], [ 138.1373597, 35.2692261 ], [ 138.138461899999982, 35.2674422 ], [ 138.143654199999986, 35.2649842 ], [ 138.145586899999984, 35.2634347 ], [ 138.146035, 35.2607264 ], [ 138.1446231, 35.2572556 ], [ 138.145742499999983, 35.2562789 ], [ 138.1529581, 35.2573119 ], [ 138.1576933, 35.2561094 ], [ 138.1616156, 35.2563881 ], [ 138.177797500000025, 35.2599497 ], [ 138.1784089, 35.2557967 ], [ 138.1833842, 35.2522708 ], [ 138.183342499999981, 35.2499272 ], [ 138.1866856, 35.2486142 ], [ 138.19019, 35.2492439 ], [ 138.1943272, 35.2490258 ], [ 138.197710799999982, 35.2453494 ], [ 138.199183299999987, 35.2424797 ], [ 138.2026361, 35.2398522 ], [ 138.1987658, 35.2356792 ], [ 138.198705599999982, 35.2332172 ], [ 138.20216689999998, 35.2309528 ], [ 138.201658899999984, 35.2284708 ], [ 138.1973667, 35.2257989 ], [ 138.1899272, 35.2194744 ], [ 138.1861, 35.2168672 ], [ 138.185054200000025, 35.2136225 ], [ 138.186397199999988, 35.2115117 ], [ 138.1856869, 35.2084564 ], [ 138.188067499999988, 35.2073506 ], [ 138.18765, 35.2044972 ], [ 138.1818078, 35.2031331 ], [ 138.1833192, 35.1980597 ], [ 138.18349139999998, 35.1927969 ], [ 138.18574719999998, 35.1933375 ], [ 138.187538099999983, 35.1960903 ], [ 138.1902847, 35.1953072 ], [ 138.1891697, 35.1930228 ], [ 138.1906978, 35.1908475 ], [ 138.1927517, 35.190298299999988 ], [ 138.193806699999982, 35.1870214 ], [ 138.1960364, 35.189676899999988 ], [ 138.1988264, 35.1888819 ], [ 138.1993644, 35.1912794 ], [ 138.2020164, 35.1934667 ], [ 138.198942499999987, 35.1966267 ], [ 138.2044144, 35.1979225 ], [ 138.205735799999985, 35.1988022 ], [ 138.2064853, 35.2031733 ], [ 138.2099958, 35.2005031 ], [ 138.2111581, 35.2035258 ], [ 138.214571899999981, 35.2037722 ], [ 138.2237503, 35.199497199999989 ], [ 138.224673599999988, 35.1934089 ], [ 138.2314608, 35.1875228 ], [ 138.2326836, 35.1855128 ], [ 138.234362799999985, 35.1802986 ], [ 138.2377811, 35.1771867 ], [ 138.2395419, 35.1747331 ], [ 138.2382761, 35.1723475 ], [ 138.238224699999989, 35.1698844 ], [ 138.2359928, 35.1671092 ], [ 138.231252499999982, 35.15982 ], [ 138.2278169, 35.1584922 ], [ 138.224256699999984, 35.1595211 ], [ 138.221109399999989, 35.1591294 ], [ 138.217347499999988, 35.1542581 ], [ 138.2120569, 35.1494875 ], [ 138.2098361, 35.1447453 ], [ 138.2008175, 35.1436114 ], [ 138.1962044, 35.1438472 ], [ 138.188860600000027, 35.140215 ], [ 138.1874661, 35.1383103 ], [ 138.183660799999984, 35.1364128 ], [ 138.184978299999983, 35.1337328 ], [ 138.1838764, 35.1293336 ], [ 138.184728899999982, 35.1248614 ], [ 138.186493899999988, 35.1236831 ], [ 138.1884744, 35.1197114 ], [ 138.19059249999998, 35.1178064 ], [ 138.192099399999989, 35.1110503 ], [ 138.1930294, 35.109726099999989 ], [ 138.1901742, 35.1058761 ], [ 138.1887281, 35.0935747 ], [ 138.19169, 35.0910644 ], [ 138.199379199999981, 35.0876094 ], [ 138.200400799999983, 35.0807903 ], [ 138.203559399999989, 35.0783553 ], [ 138.205110599999983, 35.0746342 ], [ 138.2084042, 35.0724194 ], [ 138.2095711, 35.0706858 ], [ 138.2057742, 35.0695428 ], [ 138.2035761, 35.0674742 ], [ 138.2022442, 35.0638844 ], [ 138.2002397, 35.0610406 ], [ 138.2005189, 35.0565831 ], [ 138.2014192, 35.0537414 ], [ 138.199491699999982, 35.0501422 ], [ 138.1952389, 35.0462383 ], [ 138.1970825, 35.0396261 ], [ 138.191177499999981, 35.0358503 ], [ 138.193444199999988, 35.0343 ], [ 138.1935753, 35.0306772 ], [ 138.1916008, 35.0282058 ], [ 138.1911647, 35.0232847 ], [ 138.188324699999981, 35.0222353 ], [ 138.1887619, 35.0154383 ], [ 138.190413299999989, 35.0151103 ], [ 138.1946, 35.0112981 ], [ 138.198475799999983, 35.01037 ], [ 138.2004853, 35.0091197 ], [ 138.2034172, 35.0098189 ], [ 138.2089944, 35.0087603 ], [ 138.212230299999987, 35.0125028 ], [ 138.2111897, 35.0139389 ], [ 138.2152369, 35.0156825 ], [ 138.216295, 35.0139969 ], [ 138.2169103, 35.0102025 ], [ 138.2150297, 35.0037678 ], [ 138.2218514, 35.0048908 ], [ 138.2243789, 35.0064606 ], [ 138.227485799999982, 35.0071044 ], [ 138.2297097, 35.0043689 ], [ 138.2379728, 35.0032881 ], [ 138.2400053, 35.0026514 ], [ 138.240513599999986, 35.0001981 ], [ 138.244886399999984, 34.9968072 ], [ 138.2473144, 34.9935939 ], [ 138.253056099999981, 34.9924172 ], [ 138.2542736, 34.9909611 ], [ 138.258627499999989, 34.9926289 ], [ 138.260613299999989, 34.9919039 ], [ 138.2607456, 34.9896686 ], [ 138.2628633, 34.9887122 ], [ 138.265026399999982, 34.9814283 ], [ 138.2677042, 34.9797128 ], [ 138.2666156, 34.9758547 ], [ 138.267888299999981, 34.9733969 ], [ 138.272075299999983, 34.9730106 ], [ 138.2749342, 34.9704678 ], [ 138.2764956, 34.9711875 ], [ 138.283649199999985, 34.9675978 ], [ 138.283280599999983, 34.9630089 ], [ 138.286323899999985, 34.9588969 ], [ 138.285913599999986, 34.9558433 ], [ 138.287447499999985, 34.9545142 ], [ 138.28682139999998, 34.9514803 ], [ 138.292032399999982, 34.9496031 ], [ 138.2918292, 34.9446086 ], [ 138.294691699999987, 34.9407 ], [ 138.2945178, 34.9372203 ], [ 138.2990006, 34.9346581 ], [ 138.3057336, 34.932696899999989 ], [ 138.3071419, 34.9337861 ], [ 138.31007, 34.933681899999989 ], [ 138.3153183, 34.9304364 ], [ 138.3162575, 34.9266014 ], [ 138.3167511, 34.9213183 ], [ 138.319035, 34.9195636 ], [ 138.3224539, 34.9191086 ], [ 138.326174399999985, 34.9226275 ], [ 138.3297111, 34.9183044 ], [ 138.3302319, 34.9154147 ], [ 138.3326214, 34.9122694 ], [ 138.336271399999987, 34.9103553 ], [ 138.34016029999998, 34.9094719 ], [ 138.3436022, 34.9069036 ], [ 138.3402525, 34.9044028 ], [ 138.3433081, 34.9008181 ], [ 138.3483928, 34.8985489 ], [ 138.3502403, 34.9010214 ], [ 138.3502967, 34.9031295 ], [ 138.3548807, 34.9091686 ], [ 138.3549195, 34.9122909 ], [ 138.3574476, 34.9150447 ], [ 138.3648078, 34.9190931 ], [ 138.367201, 34.9199141 ], [ 138.3687131, 34.9250626 ], [ 138.3709782, 34.9218941 ], [ 138.3819876, 34.9256402 ], [ 138.3882328, 34.9281029 ], [ 138.3952811, 34.9286422 ], [ 138.402141799999981, 34.9317526 ], [ 138.4026352, 34.9332416 ], [ 138.406997599999983, 34.9365822 ], [ 138.4110516, 34.9407888 ], [ 138.4162201, 34.9432845 ], [ 138.418225800000016, 34.9434394 ], [ 138.4275623, 34.945841 ], [ 138.438219, 34.9492144 ], [ 138.4484414, 34.9528865 ], [ 138.45354039999998, 34.9542827 ], [ 138.469741200000016, 34.9597301 ], [ 138.474572699999982, 34.961834 ] ] ] ] } },
{ "type": "Feature", "properties": { "hokenjo": "中部" }, "geometry": { "type": "MultiPolygon", "coordinates": [ [ [ [ 138.209106099999985, 34.621745 ], [ 138.2148197, 34.6253346 ], [ 138.210562899999985, 34.6299986 ], [ 138.2080444, 34.6284461 ], [ 138.2082012, 34.6265234 ], [ 138.2107045, 34.6237363 ], [ 138.209106099999985, 34.621745 ] ] ], [ [ [ 138.2331098, 34.7315996 ], [ 138.2403942, 34.7371254 ], [ 138.245706899999988, 34.7407264 ], [ 138.248431499999981, 34.7419879 ], [ 138.2559291, 34.7468406 ], [ 138.2671329, 34.7528441 ], [ 138.265164699999985, 34.7541981 ], [ 138.2692428, 34.7565805 ], [ 138.268823699999984, 34.7520359 ], [ 138.2783231, 34.7580892 ], [ 138.2844469, 34.761225 ], [ 138.2890941, 34.7624386 ], [ 138.2942631, 34.7673744 ], [ 138.3042154, 34.777268 ], [ 138.3000554, 34.7764773 ], [ 138.2948501, 34.7762547 ], [ 138.2886958, 34.7812368 ], [ 138.2922802, 34.7845941 ], [ 138.294684499999988, 34.783023 ], [ 138.2953353, 34.7792506 ], [ 138.297979199999986, 34.7800361 ], [ 138.3010559, 34.7791778 ], [ 138.3029828, 34.7844884 ], [ 138.310213399999981, 34.7932682 ], [ 138.312664, 34.7957077 ], [ 138.319628200000011, 34.8051599 ], [ 138.321523499999984, 34.8086749 ], [ 138.3260735, 34.8133363 ], [ 138.3299686, 34.8191875 ], [ 138.334470399999987, 34.82439 ], [ 138.337232799999981, 34.828443 ], [ 138.338150899999988, 34.832058599999989 ], [ 138.33795809999998, 34.8382778 ], [ 138.3370215, 34.8414457 ], [ 138.335181899999981, 34.8446006 ], [ 138.331923099999983, 34.8480234 ], [ 138.329125, 34.8467872 ], [ 138.329189499999984, 34.8499287 ], [ 138.3253594, 34.8524938 ], [ 138.3261388, 34.855994699999989 ], [ 138.3278795, 34.8563842 ], [ 138.3280177, 34.8592511 ], [ 138.3261363, 34.8612521 ], [ 138.327543599999984, 34.8672645 ], [ 138.3260563, 34.8681235 ], [ 138.324396399999983, 34.8725909 ], [ 138.327556099999981, 34.8736799 ], [ 138.333816, 34.8704445 ], [ 138.3348321, 34.8718946 ], [ 138.3312875, 34.8739401 ], [ 138.3340847, 34.8776726 ], [ 138.338400299999989, 34.881137099999989 ], [ 138.337988, 34.8844668 ], [ 138.339525, 34.8887894 ], [ 138.3479557, 34.8961439 ], [ 138.3483928, 34.8985489 ], [ 138.3433081, 34.9008181 ], [ 138.3402525, 34.9044028 ], [ 138.3436022, 34.9069036 ], [ 138.34016029999998, 34.9094719 ], [ 138.336271399999987, 34.9103553 ], [ 138.3326214, 34.9122694 ], [ 138.3302319, 34.9154147 ], [ 138.3297111, 34.9183044 ], [ 138.326174399999985, 34.9226275 ], [ 138.3224539, 34.9191086 ], [ 138.319035, 34.9195636 ], [ 138.3167511, 34.9213183 ], [ 138.3162575, 34.9266014 ], [ 138.3153183, 34.9304364 ], [ 138.31007, 34.933681899999989 ], [ 138.3071419, 34.9337861 ], [ 138.3057336, 34.932696899999989 ], [ 138.2990006, 34.9346581 ], [ 138.2945178, 34.9372203 ], [ 138.294691699999987, 34.9407 ], [ 138.2918292, 34.9446086 ], [ 138.292032399999982, 34.9496031 ], [ 138.28682139999998, 34.9514803 ], [ 138.287447499999985, 34.9545142 ], [ 138.285913599999986, 34.9558433 ], [ 138.286323899999985, 34.9588969 ], [ 138.283280599999983, 34.9630089 ], [ 138.283649199999985, 34.9675978 ], [ 138.2764956, 34.9711875 ], [ 138.2749342, 34.9704678 ], [ 138.272075299999983, 34.9730106 ], [ 138.267888299999981, 34.9733969 ], [ 138.2666156, 34.9758547 ], [ 138.2677042, 34.9797128 ], [ 138.265026399999982, 34.9814283 ], [ 138.2628633, 34.9887122 ], [ 138.2607456, 34.9896686 ], [ 138.260613299999989, 34.9919039 ], [ 138.258627499999989, 34.9926289 ], [ 138.2542736, 34.9909611 ], [ 138.253056099999981, 34.9924172 ], [ 138.2473144, 34.9935939 ], [ 138.244886399999984, 34.9968072 ], [ 138.240513599999986, 35.0001981 ], [ 138.2400053, 35.0026514 ], [ 138.2379728, 35.0032881 ], [ 138.2297097, 35.0043689 ], [ 138.227485799999982, 35.0071044 ], [ 138.2243789, 35.0064606 ], [ 138.2218514, 35.0048908 ], [ 138.2150297, 35.0037678 ], [ 138.2169103, 35.0102025 ], [ 138.216295, 35.0139969 ], [ 138.2152369, 35.0156825 ], [ 138.2111897, 35.0139389 ], [ 138.212230299999987, 35.0125028 ], [ 138.2089944, 35.0087603 ], [ 138.2034172, 35.0098189 ], [ 138.2004853, 35.0091197 ], [ 138.198475799999983, 35.01037 ], [ 138.1946, 35.0112981 ], [ 138.190413299999989, 35.0151103 ], [ 138.1887619, 35.0154383 ], [ 138.188324699999981, 35.0222353 ], [ 138.1911647, 35.0232847 ], [ 138.1916008, 35.0282058 ], [ 138.1935753, 35.0306772 ], [ 138.193444199999988, 35.0343 ], [ 138.191177499999981, 35.0358503 ], [ 138.1970825, 35.0396261 ], [ 138.1952389, 35.0462383 ], [ 138.199491699999982, 35.0501422 ], [ 138.2014192, 35.0537414 ], [ 138.2005189, 35.0565831 ], [ 138.2002397, 35.0610406 ], [ 138.2022442, 35.0638844 ], [ 138.2035761, 35.0674742 ], [ 138.2057742, 35.0695428 ], [ 138.2095711, 35.0706858 ], [ 138.2084042, 35.0724194 ], [ 138.205110599999983, 35.0746342 ], [ 138.203559399999989, 35.0783553 ], [ 138.200400799999983, 35.0807903 ], [ 138.199379199999981, 35.0876094 ], [ 138.19169, 35.0910644 ], [ 138.1887281, 35.0935747 ], [ 138.1901742, 35.1058761 ], [ 138.1930294, 35.109726099999989 ], [ 138.192099399999989, 35.1110503 ], [ 138.19059249999998, 35.1178064 ], [ 138.1884744, 35.1197114 ], [ 138.186493899999988, 35.1236831 ], [ 138.184728899999982, 35.1248614 ], [ 138.1838764, 35.1293336 ], [ 138.184978299999983, 35.1337328 ], [ 138.183660799999984, 35.1364128 ], [ 138.1874661, 35.1383103 ], [ 138.188860600000027, 35.140215 ], [ 138.1962044, 35.1438472 ], [ 138.2008175, 35.1436114 ], [ 138.2098361, 35.1447453 ], [ 138.2120569, 35.1494875 ], [ 138.217347499999988, 35.1542581 ], [ 138.221109399999989, 35.1591294 ], [ 138.224256699999984, 35.1595211 ], [ 138.2278169, 35.1584922 ], [ 138.231252499999982, 35.15982 ], [ 138.2359928, 35.1671092 ], [ 138.238224699999989, 35.1698844 ], [ 138.2382761, 35.1723475 ], [ 138.2395419, 35.1747331 ], [ 138.2377811, 35.1771867 ], [ 138.234362799999985, 35.1802986 ], [ 138.2326836, 35.1855128 ], [ 138.2314608, 35.1875228 ], [ 138.224673599999988, 35.1934089 ], [ 138.2237503, 35.199497199999989 ], [ 138.214571899999981, 35.2037722 ], [ 138.2111581, 35.2035258 ], [ 138.2099958, 35.2005031 ], [ 138.2064853, 35.2031733 ], [ 138.205735799999985, 35.1988022 ], [ 138.2044144, 35.1979225 ], [ 138.198942499999987, 35.1966267 ], [ 138.2020164, 35.1934667 ], [ 138.1993644, 35.1912794 ], [ 138.1988264, 35.1888819 ], [ 138.1960364, 35.189676899999988 ], [ 138.193806699999982, 35.1870214 ], [ 138.1927517, 35.190298299999988 ], [ 138.1906978, 35.1908475 ], [ 138.1891697, 35.1930228 ], [ 138.1902847, 35.1953072 ], [ 138.187538099999983, 35.1960903 ], [ 138.18574719999998, 35.1933375 ], [ 138.18349139999998, 35.1927969 ], [ 138.1833192, 35.1980597 ], [ 138.1818078, 35.2031331 ], [ 138.18765, 35.2044972 ], [ 138.188067499999988, 35.2073506 ], [ 138.1856869, 35.2084564 ], [ 138.186397199999988, 35.2115117 ], [ 138.185054200000025, 35.2136225 ], [ 138.1861, 35.2168672 ], [ 138.1899272, 35.2194744 ], [ 138.1973667, 35.2257989 ], [ 138.201658899999984, 35.2284708 ], [ 138.20216689999998, 35.2309528 ], [ 138.198705599999982, 35.2332172 ], [ 138.1987658, 35.2356792 ], [ 138.2026361, 35.2398522 ], [ 138.199183299999987, 35.2424797 ], [ 138.197710799999982, 35.2453494 ], [ 138.1943272, 35.2490258 ], [ 138.19019, 35.2492439 ], [ 138.1866856, 35.2486142 ], [ 138.183342499999981, 35.2499272 ], [ 138.1833842, 35.2522708 ], [ 138.1784089, 35.2557967 ], [ 138.177797500000025, 35.2599497 ], [ 138.1616156, 35.2563881 ], [ 138.1576933, 35.2561094 ], [ 138.1529581, 35.2573119 ], [ 138.145742499999983, 35.2562789 ], [ 138.1446231, 35.2572556 ], [ 138.146035, 35.2607264 ], [ 138.145586899999984, 35.2634347 ], [ 138.143654199999986, 35.2649842 ], [ 138.138461899999982, 35.2674422 ], [ 138.1373597, 35.2692261 ], [ 138.1374889, 35.2717769 ], [ 138.1358531, 35.275885 ], [ 138.1360425, 35.2821289 ], [ 138.137239199999982, 35.283755299999989 ], [ 138.1346217, 35.28608 ], [ 138.1315392, 35.2871819 ], [ 138.129308899999984, 35.2907011 ], [ 138.126506399999982, 35.2931431 ], [ 138.120330600000017, 35.2944756 ], [ 138.1176122, 35.2970833 ], [ 138.115071699999987, 35.298102799999988 ], [ 138.1136458, 35.3009644 ], [ 138.098206100000027, 35.3044678 ], [ 138.098255599999987, 35.3094722 ], [ 138.096845, 35.3119214 ], [ 138.0925269, 35.3143067 ], [ 138.088922199999985, 35.3177139 ], [ 138.086259499999983, 35.3214861 ], [ 138.082959599999981, 35.3248146 ], [ 138.0834074, 35.326791 ], [ 138.085802299999983, 35.3300482 ], [ 138.0874839, 35.3380004 ], [ 138.084431599999988, 35.3379459 ], [ 138.08087, 35.3402359 ], [ 138.0787875, 35.3436514 ], [ 138.073532299999982, 35.3451481 ], [ 138.071217, 35.3470625 ], [ 138.061335899999989, 35.3471989 ], [ 138.0590856, 35.3450839 ], [ 138.0554948, 35.3438214 ], [ 138.0552548, 35.3399728 ], [ 138.050637, 35.335467 ], [ 138.043317, 35.335237 ], [ 138.0383917, 35.3336989 ], [ 138.0374253, 35.3325284 ], [ 138.0391592, 35.3273434 ], [ 138.038982799999985, 35.3260023 ], [ 138.0343325, 35.3245978 ], [ 138.0314339, 35.3225481 ], [ 138.0260639, 35.3202123 ], [ 138.0260283, 35.3157326 ], [ 138.0277366, 35.3116448 ], [ 138.024027099999984, 35.3071329 ], [ 138.0237907, 35.3053451 ], [ 138.018774899999983, 35.301072 ], [ 138.018287600000036, 35.2946265 ], [ 138.0142668, 35.2920501 ], [ 138.01229189999998, 35.2889532 ], [ 138.013266499999986, 35.2857499 ], [ 138.0136439, 35.2814056 ], [ 138.012481899999983, 35.2773794 ], [ 138.014343599999989, 35.2738211 ], [ 138.0111609, 35.2723922 ], [ 138.0075559, 35.2682364 ], [ 138.001339700000017, 35.2644553 ], [ 138.0004386, 35.2615694 ], [ 138.0031042, 35.258659699999988 ], [ 138.0075486, 35.2596178 ], [ 138.013096400000023, 35.2588608 ], [ 138.0158147, 35.2525611 ], [ 138.0144186, 35.2501097 ], [ 138.014121900000021, 35.2465989 ], [ 138.012257799999986, 35.2418339 ], [ 138.016925, 35.2393592 ], [ 138.0181864, 35.2369753 ], [ 138.02011, 35.2367117 ], [ 138.0267364, 35.2326897 ], [ 138.0302767, 35.2311425 ], [ 138.0337806, 35.2282608 ], [ 138.036436399999985, 35.227395 ], [ 138.034884399999981, 35.2252319 ], [ 138.032918099999989, 35.2205481 ], [ 138.0342683, 35.2185356 ], [ 138.0350439, 35.2126336 ], [ 138.0363639, 35.2109497 ], [ 138.0273211, 35.2010567 ], [ 138.0284572, 35.1961356 ], [ 138.0213592, 35.1939594 ], [ 138.0159486, 35.1897197 ], [ 138.0164978, 35.1872425 ], [ 138.0106811, 35.1801653 ], [ 138.008002799999986, 35.1780906 ], [ 138.0050144, 35.1727178 ], [ 138.0055, 35.1702756 ], [ 138.004632499999985, 35.1681719 ], [ 138.00074859999998, 35.1665828 ], [ 137.9990647, 35.1634983 ], [ 138.000138099999987, 35.1604931 ], [ 137.99843, 35.155855 ], [ 138.001755799999984, 35.1524619 ], [ 137.9993164, 35.1463842 ], [ 138.0017167, 35.1437989 ], [ 138.0063692, 35.1429286 ], [ 138.007421099999988, 35.1388928 ], [ 138.006552199999987, 35.1354747 ], [ 138.0110372, 35.1294997 ], [ 138.0113064, 35.1278056 ], [ 138.0179506, 35.1277347 ], [ 138.021493099999986, 35.1271606 ], [ 138.0263889, 35.1282517 ], [ 138.0280119, 35.1293808 ], [ 138.0304544, 35.1271517 ], [ 138.0357692, 35.125415 ], [ 138.0395753, 35.1191989 ], [ 138.0418125, 35.1181322 ], [ 138.0453278, 35.1142983 ], [ 138.0490503, 35.1116506 ], [ 138.053728299999989, 35.1102811 ], [ 138.0563728, 35.1063636 ], [ 138.0560381, 35.1041406 ], [ 138.054307199999982, 35.1019253 ], [ 138.0497911, 35.0981542 ], [ 138.0501194, 35.0964517 ], [ 138.0480394, 35.0929781 ], [ 138.0469022, 35.0891269 ], [ 138.044815799999981, 35.0881056 ], [ 138.0440283, 35.0843317 ], [ 138.0444656, 35.0796842 ], [ 138.0458358, 35.0775983 ], [ 138.045171399999987, 35.07264 ], [ 138.0400133, 35.0694839 ], [ 138.038435, 35.0674656 ], [ 138.040404199999983, 35.0623281 ], [ 138.042520599999989, 35.0601758 ], [ 138.0439461, 35.0568186 ], [ 138.0433736, 35.0525244 ], [ 138.04704719999998, 35.0494794 ], [ 138.0484458, 35.0426186 ], [ 138.0470972, 35.038695 ], [ 138.0430053, 35.0357639 ], [ 138.0397586, 35.0352456 ], [ 138.032416399999988, 35.0312236 ], [ 138.029043600000023, 35.0275847 ], [ 138.02632939999998, 35.0269258 ], [ 138.024010299999986, 35.0252314 ], [ 138.0207581, 35.0243569 ], [ 138.0188561, 35.0259628 ], [ 138.0142808, 35.0239353 ], [ 138.0133908, 35.0227422 ], [ 138.0160458, 35.0203964 ], [ 138.0179503, 35.0219017 ], [ 138.0207092, 35.0188361 ], [ 138.0256925, 35.0174042 ], [ 138.0260039, 35.0129981 ], [ 138.029989699999987, 35.0112975 ], [ 138.032907199999983, 35.0088058 ], [ 138.034413299999983, 35.0051219 ], [ 138.033381099999986, 35.0041936 ], [ 138.0358344, 34.9988767 ], [ 138.03112, 34.9953169 ], [ 138.028805799999986, 34.9911494 ], [ 138.0248661, 34.9902228 ], [ 138.022752199999985, 34.9881064 ], [ 138.0193094, 34.9871772 ], [ 138.014633100000026, 34.9840242 ], [ 138.0114897, 34.9811108 ], [ 138.011282199999982, 34.9772814 ], [ 138.009962799999983, 34.9756172 ], [ 138.0099736, 34.9738594 ], [ 138.01211859999998, 34.9725389 ], [ 138.0139872, 34.9696958 ], [ 138.0128106, 34.96757 ], [ 138.0122503, 34.9626014 ], [ 138.0145483, 34.9604075 ], [ 138.014581700000036, 34.9569553 ], [ 138.015749699999986, 34.9554247 ], [ 138.0136458, 34.9520647 ], [ 138.0162908, 34.9477464 ], [ 138.0151931, 34.9430772 ], [ 138.0126233, 34.9420508 ], [ 138.0120622, 34.9404428 ], [ 138.01776, 34.9385997 ], [ 138.0209233, 34.9353075 ], [ 138.0238881, 34.9356731 ], [ 138.0255175, 34.9369236 ], [ 138.0280247, 34.9350781 ], [ 138.028093899999988, 34.9323381 ], [ 138.0300203, 34.9312961 ], [ 138.0364186, 34.9317733 ], [ 138.0382367, 34.9299992 ], [ 138.0379161, 34.9283011 ], [ 138.042959199999984, 34.9252681 ], [ 138.0441697, 34.9234064 ], [ 138.0419231, 34.9200789 ], [ 138.0430467, 34.916996399999988 ], [ 138.04572109999998, 34.9153961 ], [ 138.0469331, 34.9120678 ], [ 138.0495339, 34.9113328 ], [ 138.052129399999984, 34.90815 ], [ 138.0566522, 34.9074192 ], [ 138.057871899999981, 34.9064364 ], [ 138.0564953, 34.9040528 ], [ 138.0556856, 34.8998853 ], [ 138.0564742, 34.8947886 ], [ 138.0544022, 34.8937397 ], [ 138.0526922, 34.8911317 ], [ 138.0519639, 34.8874433 ], [ 138.0486789, 34.8854306 ], [ 138.0477094, 34.8831319 ], [ 138.045685, 34.8820414 ], [ 138.0452794, 34.8740881 ], [ 138.0455303, 34.8683644 ], [ 138.0474567, 34.8669492 ], [ 138.0470106, 34.8642097 ], [ 138.048197499999986, 34.8623461 ], [ 138.0478989, 34.8592242 ], [ 138.0516944, 34.8581247 ], [ 138.054835, 34.8586269 ], [ 138.0611347, 34.8573108 ], [ 138.066176399999989, 34.8579411 ], [ 138.0701919, 34.8571597 ], [ 138.0685992, 34.8531325 ], [ 138.0710956, 34.8470967 ], [ 138.0704153, 34.8437261 ], [ 138.072950599999984, 34.8441889 ], [ 138.07527, 34.8426939 ], [ 138.079495799999989, 34.8428275 ], [ 138.085708899999986, 34.8404081 ], [ 138.0883033, 34.8420786 ], [ 138.093190599999986, 34.8396108 ], [ 138.0951033, 34.8361439 ], [ 138.0988319, 34.8319264 ], [ 138.0970614, 34.828350799999988 ], [ 138.0976128, 34.8262889 ], [ 138.0976183, 34.8206661 ], [ 138.101462199999986, 34.8190806 ], [ 138.102301899999986, 34.8168103 ], [ 138.101826099999982, 34.8133497 ], [ 138.0999794, 34.8120528 ], [ 138.1007325, 34.8103836 ], [ 138.104426099999984, 34.810835 ], [ 138.105590600000028, 34.8132944 ], [ 138.1095214, 34.8114408 ], [ 138.115275, 34.8047922 ], [ 138.1166431, 34.8010203 ], [ 138.1161722, 34.7992778 ], [ 138.1214656, 34.7940939 ], [ 138.123393599999986, 34.7931575 ], [ 138.130013099999985, 34.80059 ], [ 138.129806699999989, 34.8043536 ], [ 138.1306442, 34.8067025 ], [ 138.1336158, 34.8068203 ], [ 138.13648809999998, 34.7974942 ], [ 138.1387061, 34.7935247 ], [ 138.1412344, 34.784653299999988 ], [ 138.142228099999983, 34.7737892 ], [ 138.140052199999985, 34.7659714 ], [ 138.1377253, 34.7663397 ], [ 138.1347831, 34.7639286 ], [ 138.1326494, 34.7586075 ], [ 138.1319167, 34.7507983 ], [ 138.1352344, 34.7488303 ], [ 138.13931, 34.7452533 ], [ 138.1419017, 34.7411978 ], [ 138.141111699999982, 34.7341264 ], [ 138.1400108, 34.7325903 ], [ 138.139998599999984, 34.7259108 ], [ 138.1425836, 34.7211044 ], [ 138.1426844, 34.7193058 ], [ 138.1452811, 34.7158397 ], [ 138.1458269, 34.7128492 ], [ 138.1436075, 34.7071647 ], [ 138.1449469, 34.7039953 ], [ 138.1446719, 34.7018525 ], [ 138.1455628, 34.6976261 ], [ 138.1558478, 34.6929711 ], [ 138.1583731, 34.6928025 ], [ 138.1632669, 34.6908942 ], [ 138.16735079999998, 34.6872217 ], [ 138.168551899999983, 34.6849167 ], [ 138.1733169, 34.6818053 ], [ 138.1739622, 34.6788039 ], [ 138.1726444, 34.6747169 ], [ 138.170421399999981, 34.6736814 ], [ 138.17389, 34.6715028 ], [ 138.182512799999984, 34.6692222 ], [ 138.1832336, 34.6644339 ], [ 138.18090140000001, 34.6625267 ], [ 138.1831072, 34.6595733 ], [ 138.1807781, 34.6574686 ], [ 138.179272199999986, 34.6543375 ], [ 138.1749589, 34.6517506 ], [ 138.1751842, 34.6505156 ], [ 138.1719325, 34.6486906 ], [ 138.1717686, 34.6472289 ], [ 138.1685683, 34.6438614 ], [ 138.169348899999989, 34.6410194 ], [ 138.1682025, 34.638985 ], [ 138.167959699999983, 34.63486 ], [ 138.171009400000031, 34.6332469 ], [ 138.1696461, 34.6276875 ], [ 138.17116919999998, 34.6242733 ], [ 138.1763708, 34.6234442 ], [ 138.1803319, 34.6255722 ], [ 138.188388299999986, 34.6234814 ], [ 138.1912386, 34.6217578 ], [ 138.1911833, 34.6199289 ], [ 138.19549139999998, 34.6188311 ], [ 138.2006097, 34.6187172 ], [ 138.2008617, 34.620207199999989 ], [ 138.206880600000034, 34.6203482 ], [ 138.202009, 34.6277129 ], [ 138.1989553, 34.6311406 ], [ 138.2022063, 34.6325251 ], [ 138.2009158, 34.6341414 ], [ 138.197515399999986, 34.6326728 ], [ 138.195885799999985, 34.6348118 ], [ 138.1941864, 34.6390949 ], [ 138.1930954, 34.6445568 ], [ 138.193752599999982, 34.6542726 ], [ 138.1953957, 34.6646481 ], [ 138.199131, 34.6730746 ], [ 138.2020641, 34.6780039 ], [ 138.208700199999981, 34.687286 ], [ 138.2073274, 34.6886631 ], [ 138.211487799999986, 34.693992 ], [ 138.2139628, 34.6991014 ], [ 138.2133699, 34.7034161 ], [ 138.2146353, 34.7098984 ], [ 138.2175086, 34.715083799999988 ], [ 138.2236292, 34.7224048 ], [ 138.2290817, 34.7270613 ], [ 138.2331098, 34.7315996 ] ] ] ] } },
{ "type": "Feature", "properties": { "hokenjo": "東部" }, "geometry": { "type": "MultiPolygon", "coordinates": [ [ [ [ 139.0455914, 35.0097936 ], [ 139.047219399999989, 35.0132878 ], [ 139.0444708, 35.0192061 ], [ 139.041474699999981, 35.0214947 ], [ 139.0474558, 35.0279686 ], [ 139.0498542, 35.0285183 ], [ 139.0512592, 35.0303706 ], [ 139.042976399999986, 35.032638299999988 ], [ 139.0380619, 35.0346294 ], [ 139.036665, 35.0378494 ], [ 139.037777799999986, 35.0417425 ], [ 139.033761700000014, 35.0455856 ], [ 139.0342853, 35.0490381 ], [ 139.0324561, 35.0527469 ], [ 139.0334303, 35.0576339 ], [ 139.0377583, 35.0581467 ], [ 139.0402033, 35.0597906 ], [ 139.0393372, 35.0613464 ], [ 139.034373599999981, 35.0669069 ], [ 139.0316975, 35.0672675 ], [ 139.0302572, 35.07057 ], [ 139.0310853, 35.0742011 ], [ 139.028586099999984, 35.0771536 ], [ 139.0278506, 35.081625 ], [ 139.03323, 35.083985 ], [ 139.0341975, 35.0851447 ], [ 139.0314372, 35.0873061 ], [ 139.031256899999988, 35.0895042 ], [ 139.0322392, 35.0936119 ], [ 139.035108899999983, 35.0975181 ], [ 139.034148099999982, 35.0998756 ], [ 139.0368761, 35.1031058 ], [ 139.0361275, 35.1050961 ], [ 139.0363908, 35.1093756 ], [ 139.0353136, 35.1103522 ], [ 139.036100799999986, 35.1143603 ], [ 139.03425, 35.1172128 ], [ 139.036025099999989, 35.1186103 ], [ 139.0394023, 35.1186564 ], [ 139.0407405, 35.1209872 ], [ 139.0447781, 35.1237189 ], [ 139.0411107, 35.128105 ], [ 139.0423443, 35.1316547 ], [ 139.038546, 35.137045 ], [ 139.03492319999998, 35.1379939 ], [ 139.032967899999989, 35.142615 ], [ 139.033946, 35.1448233 ], [ 139.0302766, 35.1478131 ], [ 139.030428, 35.1497528 ], [ 139.0284346, 35.1507247 ], [ 139.028411299999988, 35.1548742 ], [ 139.0308777, 35.1563423 ], [ 139.0305258, 35.1587492 ], [ 139.026373299999989, 35.1605547 ], [ 139.029447799999986, 35.1647773 ], [ 139.0277867, 35.167017 ], [ 139.029124199999984, 35.1702986 ], [ 139.026135899999986, 35.1732589 ], [ 139.0264089, 35.175617 ], [ 139.0216634, 35.1795153 ], [ 139.0216278, 35.1819114 ], [ 139.0138294, 35.1823678 ], [ 139.0090119, 35.1834387 ], [ 139.006308599999983, 35.1859681 ], [ 139.0030236, 35.187755599999988 ], [ 139.0015941, 35.1898053 ], [ 138.998189699999983, 35.193722 ], [ 138.9966436, 35.1946262 ], [ 138.9930544, 35.1988129 ], [ 138.987744599999985, 35.2008243 ], [ 138.988098, 35.202627 ], [ 138.9864344, 35.205559 ], [ 138.988098, 35.2090448 ], [ 138.987807799999985, 35.2126626 ], [ 138.986077199999983, 35.2136298 ], [ 138.9822816, 35.2175848 ], [ 138.9820552, 35.2196301 ], [ 138.9836455, 35.2216756 ], [ 138.9806111, 35.2282151 ], [ 138.9791099, 35.2289806 ], [ 138.9795144, 35.2332173 ], [ 138.9760741, 35.2355528 ], [ 138.971080199999989, 35.2322831 ], [ 138.964029, 35.2290589 ], [ 138.9589131, 35.2289767 ], [ 138.9566006, 35.2300464 ], [ 138.952838899999989, 35.2296339 ], [ 138.939713499999982, 35.2260003 ], [ 138.929502, 35.222525 ], [ 138.929052, 35.219585599999988 ], [ 138.9242236, 35.2171039 ], [ 138.9252411, 35.2207883 ], [ 138.9204378, 35.2217092 ], [ 138.9172619, 35.2198906 ], [ 138.9152372, 35.2213758 ], [ 138.912875, 35.225654399999989 ], [ 138.909923099999986, 35.2278297 ], [ 138.905146699999989, 35.22708 ], [ 138.9029267, 35.229485 ], [ 138.9002178, 35.2305236 ], [ 138.8987817, 35.2332256 ], [ 138.896761699999985, 35.2345894 ], [ 138.896411699999987, 35.2373833 ], [ 138.8978294, 35.2468061 ], [ 138.8934978, 35.2513142 ], [ 138.8886147, 35.2516083 ], [ 138.884600299999988, 35.2539925 ], [ 138.8837533, 35.2571356 ], [ 138.881365599999981, 35.2616525 ], [ 138.8817008, 35.2637797 ], [ 138.8784253, 35.2678578 ], [ 138.8755908, 35.2700756 ], [ 138.8742911, 35.2726322 ], [ 138.8749381, 35.2765578 ], [ 138.87633169999998, 35.2780889 ], [ 138.874696699999987, 35.2798631 ], [ 138.8679161, 35.282297199999988 ], [ 138.867136099999982, 35.2790972 ], [ 138.857431099999985, 35.2751644 ], [ 138.853336899999988, 35.2757403 ], [ 138.847156399999989, 35.2730661 ], [ 138.8397483, 35.2686286 ], [ 138.838328099999984, 35.2673344 ], [ 138.8343219, 35.2658481 ], [ 138.8279044, 35.26503 ], [ 138.822942499999982, 35.2636647 ], [ 138.817462799999987, 35.2648378 ], [ 138.812342799999982, 35.2642758 ], [ 138.8101508, 35.2659825 ], [ 138.806635299999982, 35.2671489 ], [ 138.804644699999983, 35.2694314 ], [ 138.7981744, 35.2732003 ], [ 138.7961053, 35.2768481 ], [ 138.8003664, 35.2837806 ], [ 138.7998667, 35.2859489 ], [ 138.796262499999983, 35.2912758 ], [ 138.79357109999998, 35.2912481 ], [ 138.7889592, 35.2923867 ], [ 138.7849344, 35.2972369 ], [ 138.7824708, 35.2987158 ], [ 138.780577199999982, 35.2984386 ], [ 138.7758781, 35.3015747 ], [ 138.7729583, 35.3064956 ], [ 138.773536400000012, 35.3152919 ], [ 138.7678903, 35.3199853 ], [ 138.761700599999983, 35.3233558 ], [ 138.7589653, 35.32433 ], [ 138.7565194, 35.3274944 ], [ 138.75171469999998, 35.3314694 ], [ 138.7494706, 35.331 ], [ 138.7587489, 35.3077081 ], [ 138.758648099999988, 35.2965369 ], [ 138.7662331, 35.2830444 ], [ 138.7781494, 35.26146 ], [ 138.78271, 35.2539061 ], [ 138.7868067, 35.2528831 ], [ 138.7893861, 35.2501825 ], [ 138.7893206, 35.2446289 ], [ 138.7918592, 35.2388869 ], [ 138.7939519, 35.2382308 ], [ 138.7958389, 35.2342611 ], [ 138.7950181, 35.23212 ], [ 138.795674700000035, 35.2277653 ], [ 138.7997258, 35.2282111 ], [ 138.8027917, 35.2272833 ], [ 138.806153099999989, 35.2252756 ], [ 138.810971099999989, 35.2232822 ], [ 138.81184, 35.2211411 ], [ 138.8116561, 35.2192431 ], [ 138.8101586, 35.2166278 ], [ 138.8049944, 35.2103611 ], [ 138.8019031, 35.209672499999989 ], [ 138.7998494, 35.2073297 ], [ 138.79330779999998, 35.2037642 ], [ 138.791437799999983, 35.2015828 ], [ 138.7876503, 35.1992547 ], [ 138.7856219, 35.1963083 ], [ 138.783285799999987, 35.1951044 ], [ 138.781038099999989, 35.1955356 ], [ 138.7723303, 35.1893303 ], [ 138.769378599999982, 35.1827567 ], [ 138.770084699999984, 35.1798475 ], [ 138.7679542, 35.173705 ], [ 138.765006699999986, 35.1685108 ], [ 138.7629503, 35.1666447 ], [ 138.7676775, 35.16591 ], [ 138.7686506, 35.1671858 ], [ 138.7743142, 35.1660883 ], [ 138.778314699999981, 35.1664628 ], [ 138.7763119, 35.1630728 ], [ 138.77439, 35.1578717 ], [ 138.7733558, 35.1572394 ], [ 138.7705631, 35.1495922 ], [ 138.77175219999998, 35.1489267 ], [ 138.769173100000017, 35.1427089 ], [ 138.765609399999988, 35.1383478 ], [ 138.761543099999983, 35.1405172 ], [ 138.756128099999984, 35.1400417 ], [ 138.7550697, 35.1363444 ], [ 138.753368099999989, 35.1345053 ], [ 138.7525214, 35.1315102 ], [ 138.769413899999989, 35.1278056 ], [ 138.7843656, 35.1240739 ], [ 138.7940209, 35.1210813 ], [ 138.8081148, 35.116178 ], [ 138.8183324, 35.1118747 ], [ 138.826110799999981, 35.1079274 ], [ 138.8337622, 35.1035603 ], [ 138.8391685, 35.099947 ], [ 138.8452327, 35.0945433 ], [ 138.851112799999981, 35.0865247 ], [ 138.855549199999984, 35.078877 ], [ 138.860442299999988, 35.0737297 ], [ 138.8631885, 35.0717573 ], [ 138.867687, 35.0737618 ], [ 138.8737291, 35.0693083 ], [ 138.8761121, 35.0659674 ], [ 138.8790421, 35.0591617 ], [ 138.883224400000017, 35.0546737 ], [ 138.8842153, 35.05123 ], [ 138.887045199999989, 35.0467745 ], [ 138.8899003, 35.0465301 ], [ 138.891546299999987, 35.0478434 ], [ 138.8906314, 35.0500845 ], [ 138.8917511, 35.0516817 ], [ 138.900563, 35.0505236 ], [ 138.903678899999989, 35.0475041 ], [ 138.9035954, 35.0453938 ], [ 138.901205299999987, 35.0448497 ], [ 138.898697299999981, 35.0414775 ], [ 138.8991878, 35.0390456 ], [ 138.8924447, 35.0312695 ], [ 138.892834099999988, 35.0280974 ], [ 138.8977894, 35.0254122 ], [ 138.8986037, 35.0242756 ], [ 138.8967604, 35.0203561 ], [ 138.8916486, 35.0170809 ], [ 138.8885666, 35.0190401 ], [ 138.8850275, 35.0190039 ], [ 138.8862809, 35.0238626 ], [ 138.8831218, 35.0252177 ], [ 138.881735599999985, 35.0214511 ], [ 138.8788974, 35.019304399999989 ], [ 138.877584, 35.020611 ], [ 138.877097599999985, 35.0250003 ], [ 138.87373180000003, 35.0247687 ], [ 138.87114219999998, 35.0214983 ], [ 138.8687165, 35.0219005 ], [ 138.862883, 35.0210126 ], [ 138.861334699999986, 35.0201426 ], [ 138.857508599999989, 35.0205511 ], [ 138.8536636, 35.0186401 ], [ 138.852549899999985, 35.0164372 ], [ 138.8496169, 35.0171453 ], [ 138.8474689, 35.0144901 ], [ 138.84434109999998, 35.0143654 ], [ 138.8431617, 35.0180615 ], [ 138.8394626, 35.0172989 ], [ 138.83656019999998, 35.019308 ], [ 138.8311378, 35.0201926 ], [ 138.828979799999985, 35.0236169 ], [ 138.8268372, 35.022407 ], [ 138.8216841, 35.0241789 ], [ 138.820573199999984, 35.023221 ], [ 138.813713799999988, 35.0227887 ], [ 138.812421199999989, 35.0200281 ], [ 138.802480299999985, 35.0214083 ], [ 138.799776399999985, 35.0211843 ], [ 138.797799, 35.0238984 ], [ 138.7901702, 35.0250257 ], [ 138.7876353, 35.0236172 ], [ 138.785390299999989, 35.0268852 ], [ 138.783533299999988, 35.0249282 ], [ 138.7832009, 35.0199909 ], [ 138.780155, 35.0180607 ], [ 138.77821560000001, 35.0131386 ], [ 138.777770799999985, 35.0102997 ], [ 138.7791533, 35.0066608 ], [ 138.779901699999982, 35.0013206 ], [ 138.7749025, 34.9972367 ], [ 138.77309, 34.9931922 ], [ 138.771872799999983, 34.9871819 ], [ 138.7700811, 34.9853061 ], [ 138.768788299999983, 34.9822533 ], [ 138.76991, 34.9805858 ], [ 138.7735922, 34.9787739 ], [ 138.775558099999984, 34.9792586 ], [ 138.7754922, 34.9751975 ], [ 138.7767481, 34.9740269 ], [ 138.776693099999989, 34.9705794 ], [ 138.7752717, 34.9696294 ], [ 138.7704617, 34.9711694 ], [ 138.762223299999988, 34.97239 ], [ 138.762100299999986, 34.9686611 ], [ 138.763037199999985, 34.9629322 ], [ 138.765102499999983, 34.9593778 ], [ 138.7658342, 34.9522689 ], [ 138.7675442, 34.9492833 ], [ 138.7741986, 34.9441969 ], [ 138.776025, 34.9391829 ], [ 138.7775499, 34.9333794 ], [ 138.7778229, 34.9275113 ], [ 138.7854994, 34.9198867 ], [ 138.7857568, 34.916329 ], [ 138.7867776, 34.9139819 ], [ 138.7898664, 34.9098956 ], [ 138.7892698, 34.9063904 ], [ 138.786013699999984, 34.9061375 ], [ 138.7832535, 34.9046903 ], [ 138.7811223, 34.9009519 ], [ 138.777440100000035, 34.8974478 ], [ 138.773277799999988, 34.8950435 ], [ 138.7697736, 34.8967373 ], [ 138.766079099999985, 34.895548 ], [ 138.7638369, 34.8915413 ], [ 138.7614629, 34.8900088 ], [ 138.7566051, 34.8854135 ], [ 138.7560851, 34.8833769 ], [ 138.75745809999998, 34.8785067 ], [ 138.7580281, 34.8702057 ], [ 138.7546136, 34.8686195 ], [ 138.7542827, 34.8665053 ], [ 138.7578618, 34.8634739 ], [ 138.758624, 34.8615126 ], [ 138.7615989, 34.8610437 ], [ 138.7639601, 34.8625534 ], [ 138.766445799999985, 34.8617933 ], [ 138.767146699999984, 34.8585954 ], [ 138.768215, 34.8603069 ], [ 138.774000299999983, 34.8611767 ], [ 138.778840299999985, 34.8595856 ], [ 138.7785556, 34.8617761 ], [ 138.7744094, 34.8668181 ], [ 138.778985299999988, 34.8708494 ], [ 138.7835628, 34.8724833 ], [ 138.7859331, 34.8714064 ], [ 138.789794699999987, 34.8734214 ], [ 138.7951656, 34.8737925 ], [ 138.7955236, 34.8750731 ], [ 138.80694029999998, 34.873645 ], [ 138.8117603, 34.873706399999989 ], [ 138.8144069, 34.8760811 ], [ 138.817769699999985, 34.8764308 ], [ 138.8201444, 34.8781061 ], [ 138.821603900000014, 34.8809 ], [ 138.8243086, 34.8807425 ], [ 138.828798299999988, 34.8829044 ], [ 138.8333136, 34.8822108 ], [ 138.8349814, 34.8779892 ], [ 138.8348914, 34.8722183 ], [ 138.8389564, 34.868985 ], [ 138.8397486, 34.8652494 ], [ 138.8458139, 34.8617106 ], [ 138.8522658, 34.8605839 ], [ 138.8559094, 34.8589178 ], [ 138.8566797, 34.8574111 ], [ 138.8601253, 34.8558692 ], [ 138.8624003, 34.857743299999989 ], [ 138.864690599999989, 34.8568364 ], [ 138.867163299999987, 34.8539267 ], [ 138.869554199999982, 34.8485806 ], [ 138.87455079999998, 34.8476261 ], [ 138.8783928, 34.8494428 ], [ 138.880493299999983, 34.8473608 ], [ 138.8832869, 34.8468214 ], [ 138.8861111, 34.8476419 ], [ 138.888166400000017, 34.8443703 ], [ 138.8924217, 34.8410353 ], [ 138.8926739, 34.8351044 ], [ 138.898280299999982, 34.8339014 ], [ 138.9052642, 34.8341839 ], [ 138.906807499999985, 34.8320725 ], [ 138.91311, 34.8272675 ], [ 138.9192008, 34.8281083 ], [ 138.9220456, 34.8264819 ], [ 138.92738749999998, 34.8296608 ], [ 138.933515799999981, 34.8300778 ], [ 138.9375408, 34.8323731 ], [ 138.944047499999982, 34.8304031 ], [ 138.948935, 34.8317289 ], [ 138.955570599999987, 34.8346869 ], [ 138.9581694, 34.8370714 ], [ 138.9628567, 34.8383256 ], [ 138.966285299999981, 34.8417367 ], [ 138.963113099999987, 34.8451328 ], [ 138.9636333, 34.8466167 ], [ 138.9611756, 34.8498619 ], [ 138.9649964, 34.8527269 ], [ 138.9664464, 34.8516819 ], [ 138.96946029999998, 34.8534719 ], [ 138.9726483, 34.8542831 ], [ 138.9780161, 34.8576939 ], [ 138.980759399999982, 34.8568433 ], [ 138.984757799999983, 34.8574992 ], [ 138.98916939999998, 34.8600681 ], [ 138.9946094, 34.8595969 ], [ 138.996858600000024, 34.8625656 ], [ 138.999958599999985, 34.8633192 ], [ 139.004714399999983, 34.8624758 ], [ 139.0063011, 34.8633378 ], [ 139.0097142, 34.8615842 ], [ 139.01701749999998, 34.8619386 ], [ 139.020830599999982, 34.8600281 ], [ 139.0224403, 34.8629311 ], [ 139.02571, 34.8714047 ], [ 139.0275681, 34.8733264 ], [ 139.033524199999988, 34.8773486 ], [ 139.032319199999989, 34.8800575 ], [ 139.0340392, 34.8813114 ], [ 139.0345772, 34.8835092 ], [ 139.0357086, 34.886905 ], [ 139.0389233, 34.8895436 ], [ 139.040055, 34.8923539 ], [ 139.042230599999982, 34.8944892 ], [ 139.0440519, 34.8979153 ], [ 139.045767499999982, 34.8984272 ], [ 139.0529833, 34.9052406 ], [ 139.0539081, 34.9080581 ], [ 139.0580383, 34.9092447 ], [ 139.051281099999983, 34.9156967 ], [ 139.0475547, 34.9207769 ], [ 139.04805970000001, 34.9248831 ], [ 139.0450619, 34.9265706 ], [ 139.043399699999981, 34.9293419 ], [ 139.0454536, 34.9333858 ], [ 139.0449147, 34.9399475 ], [ 139.0459847, 34.9439914 ], [ 139.050378599999988, 34.9482347 ], [ 139.0502056, 34.9495344 ], [ 139.055085, 34.952915 ], [ 139.055436899999989, 34.955805 ], [ 139.0573183, 34.9576972 ], [ 139.0565933, 34.9618325 ], [ 139.0534625, 34.9622047 ], [ 139.0544064, 34.9665286 ], [ 139.0528775, 34.9683617 ], [ 139.0559883, 34.9691222 ], [ 139.05662, 34.970459399999989 ], [ 139.060003099999989, 34.9716831 ], [ 139.061518899999982, 34.9731767 ], [ 139.0640247, 34.973425 ], [ 139.0658794, 34.9761533 ], [ 139.068525, 34.97817 ], [ 139.0678867, 34.9816258 ], [ 139.068830599999984, 34.9837072 ], [ 139.0669294, 34.9853192 ], [ 139.062435599999986, 34.9843325 ], [ 139.0566725, 34.9846556 ], [ 139.0536678, 34.9827739 ], [ 139.044335, 34.9879444 ], [ 139.041503100000028, 34.9901281 ], [ 139.0381164, 34.9906614 ], [ 139.0376044, 34.9926617 ], [ 139.0391931, 34.9943872 ], [ 139.0392594, 34.9972178 ], [ 139.038248899999985, 34.9992775 ], [ 139.04023669999998, 35.0005686 ], [ 139.0406475, 35.0051514 ], [ 139.0439011, 35.0070275 ], [ 139.0432961, 35.0087869 ], [ 139.0455914, 35.0097936 ] ] ], [ [ [ 138.8904953, 35.0310341 ], [ 138.8904043, 35.0333686 ], [ 138.8865231, 35.036053 ], [ 138.885964699999988, 35.0330195 ], [ 138.888053499999984, 35.0310599 ], [ 138.8904953, 35.0310341 ] ] ] ] } },
{ "type": "Feature", "properties": { "hokenjo": "熱海" }, "geometry": { "type": "MultiPolygon", "coordinates": [ [ [ [ 139.098543299999989, 35.0314322 ], [ 139.098117200000019, 35.0326744 ], [ 139.099281099999985, 35.0368825 ], [ 139.1003347, 35.044668099999988 ], [ 139.0995608, 35.0460878 ], [ 139.0948656, 35.0493294 ], [ 139.092800399999987, 35.0499808 ], [ 139.089180299999981, 35.0484581 ], [ 139.0885889, 35.0461992 ], [ 139.08613219999998, 35.0447504 ], [ 139.0826164, 35.0455408 ], [ 139.0799183, 35.0480625 ], [ 139.0741028, 35.0467831 ], [ 139.0718731, 35.0492697 ], [ 139.0694269, 35.0533779 ], [ 139.0710168, 35.0590011 ], [ 139.0746389, 35.0608967 ], [ 139.07421309999998, 35.0620061 ], [ 139.076548900000034, 35.0672961 ], [ 139.0795914, 35.0692078 ], [ 139.0781508, 35.0729294 ], [ 139.0756519, 35.0751883 ], [ 139.074221099999988, 35.0788667 ], [ 139.074659199999985, 35.0809172 ], [ 139.0820397, 35.0858517 ], [ 139.080898599999983, 35.0876761 ], [ 139.080292899999989, 35.092409 ], [ 139.0755869, 35.0906736 ], [ 139.0753097, 35.0935867 ], [ 139.07692, 35.0979475 ], [ 139.078928600000012, 35.0999067 ], [ 139.0820881, 35.100758299999988 ], [ 139.086870799999986, 35.1070942 ], [ 139.086705, 35.1111914 ], [ 139.089202799999981, 35.113885 ], [ 139.097165, 35.1171139 ], [ 139.099957, 35.1214961 ], [ 139.1042764, 35.1255422 ], [ 139.1053375, 35.1278447 ], [ 139.10857249999998, 35.1297042 ], [ 139.1100839, 35.1347679 ], [ 139.1096518, 35.1387604 ], [ 139.1115967, 35.1413669 ], [ 139.1085115, 35.1418722 ], [ 139.1012437, 35.1403694 ], [ 139.093252899999982, 35.1407175 ], [ 139.090099, 35.1401853 ], [ 139.0835864, 35.1411119 ], [ 139.077977299999986, 35.1433681 ], [ 139.0767081, 35.1446758 ], [ 139.072825300000034, 35.1451844 ], [ 139.066132, 35.1441258 ], [ 139.0603384, 35.1461242 ], [ 139.0539139, 35.1473078 ], [ 139.0514144, 35.1471636 ], [ 139.048600600000015, 35.1496267 ], [ 139.0422094, 35.1500456 ], [ 139.0396158, 35.1506681 ], [ 139.0372413, 35.1500089 ], [ 139.030428, 35.1497528 ], [ 139.0302766, 35.1478131 ], [ 139.033946, 35.1448233 ], [ 139.032967899999989, 35.142615 ], [ 139.03492319999998, 35.1379939 ], [ 139.038546, 35.137045 ], [ 139.0423443, 35.1316547 ], [ 139.0411107, 35.128105 ], [ 139.0447781, 35.1237189 ], [ 139.0407405, 35.1209872 ], [ 139.0394023, 35.1186564 ], [ 139.036025099999989, 35.1186103 ], [ 139.03425, 35.1172128 ], [ 139.036100799999986, 35.1143603 ], [ 139.0353136, 35.1103522 ], [ 139.0363908, 35.1093756 ], [ 139.0361275, 35.1050961 ], [ 139.0368761, 35.1031058 ], [ 139.034148099999982, 35.0998756 ], [ 139.035108899999983, 35.0975181 ], [ 139.0322392, 35.0936119 ], [ 139.031256899999988, 35.0895042 ], [ 139.0314372, 35.0873061 ], [ 139.0341975, 35.0851447 ], [ 139.03323, 35.083985 ], [ 139.0278506, 35.081625 ], [ 139.028586099999984, 35.0771536 ], [ 139.0310853, 35.0742011 ], [ 139.0302572, 35.07057 ], [ 139.0316975, 35.0672675 ], [ 139.034373599999981, 35.0669069 ], [ 139.0393372, 35.0613464 ], [ 139.0402033, 35.0597906 ], [ 139.0377583, 35.0581467 ], [ 139.0334303, 35.0576339 ], [ 139.0324561, 35.0527469 ], [ 139.0342853, 35.0490381 ], [ 139.033761700000014, 35.0455856 ], [ 139.037777799999986, 35.0417425 ], [ 139.036665, 35.0378494 ], [ 139.0380619, 35.0346294 ], [ 139.042976399999986, 35.032638299999988 ], [ 139.0512592, 35.0303706 ], [ 139.0498542, 35.0285183 ], [ 139.0474558, 35.0279686 ], [ 139.041474699999981, 35.0214947 ], [ 139.0444708, 35.0192061 ], [ 139.047219399999989, 35.0132878 ], [ 139.0455914, 35.0097936 ], [ 139.0432961, 35.0087869 ], [ 139.0439011, 35.0070275 ], [ 139.0406475, 35.0051514 ], [ 139.04023669999998, 35.0005686 ], [ 139.038248899999985, 34.9992775 ], [ 139.0392594, 34.9972178 ], [ 139.0391931, 34.9943872 ], [ 139.0376044, 34.9926617 ], [ 139.0381164, 34.9906614 ], [ 139.041503100000028, 34.9901281 ], [ 139.044335, 34.9879444 ], [ 139.0536678, 34.9827739 ], [ 139.0566725, 34.9846556 ], [ 139.062435599999986, 34.9843325 ], [ 139.0669294, 34.9853192 ], [ 139.068830599999984, 34.9837072 ], [ 139.0678867, 34.9816258 ], [ 139.068525, 34.97817 ], [ 139.0658794, 34.9761533 ], [ 139.0640247, 34.973425 ], [ 139.061518899999982, 34.9731767 ], [ 139.060003099999989, 34.9716831 ], [ 139.05662, 34.970459399999989 ], [ 139.0559883, 34.9691222 ], [ 139.0528775, 34.9683617 ], [ 139.0544064, 34.9665286 ], [ 139.0534625, 34.9622047 ], [ 139.0565933, 34.9618325 ], [ 139.0573183, 34.9576972 ], [ 139.055436899999989, 34.955805 ], [ 139.055085, 34.952915 ], [ 139.0502056, 34.9495344 ], [ 139.050378599999988, 34.9482347 ], [ 139.0459847, 34.9439914 ], [ 139.0449147, 34.9399475 ], [ 139.0454536, 34.9333858 ], [ 139.043399699999981, 34.9293419 ], [ 139.0450619, 34.9265706 ], [ 139.04805970000001, 34.9248831 ], [ 139.0475547, 34.9207769 ], [ 139.051281099999983, 34.9156967 ], [ 139.0580383, 34.9092447 ], [ 139.0539081, 34.9080581 ], [ 139.0529833, 34.9052406 ], [ 139.045767499999982, 34.8984272 ], [ 139.0440519, 34.8979153 ], [ 139.042230599999982, 34.8944892 ], [ 139.040055, 34.8923539 ], [ 139.0389233, 34.8895436 ], [ 139.0357086, 34.886905 ], [ 139.0345772, 34.8835092 ], [ 139.041979699999985, 34.8782381 ], [ 139.043623300000036, 34.8748908 ], [ 139.046489399999984, 34.8744297 ], [ 139.0488853, 34.8726647 ], [ 139.0519028, 34.8723594 ], [ 139.055312499999985, 34.8703025 ], [ 139.0558972, 34.8665508 ], [ 139.061866700000024, 34.8650778 ], [ 139.0628644, 34.8607919 ], [ 139.0660739, 34.8596839 ], [ 139.0680408, 34.8558728 ], [ 139.0735364, 34.8517397 ], [ 139.0826495, 34.8526937 ], [ 139.08531, 34.8539508 ], [ 139.0869989, 34.8583111 ], [ 139.0897867, 34.8580183 ], [ 139.0920583, 34.8561139 ], [ 139.0983286, 34.8579469 ], [ 139.0993728, 34.8605833 ], [ 139.098723899999982, 34.8633075 ], [ 139.101024200000012, 34.8636511 ], [ 139.1013094, 34.8657489 ], [ 139.1038289, 34.8701775 ], [ 139.110905, 34.8704806 ], [ 139.1177308, 34.8717375 ], [ 139.1194481, 34.8736806 ], [ 139.12338029999998, 34.8750989 ], [ 139.1260572, 34.8769361 ], [ 139.1301469, 34.8776206 ], [ 139.1320608, 34.8797269 ], [ 139.1322975, 34.8838619 ], [ 139.1338053, 34.8846961 ], [ 139.1351808, 34.8880092 ], [ 139.1394267, 34.8908003 ], [ 139.1399844, 34.8941683 ], [ 139.1360525, 34.8955992 ], [ 139.132585299999988, 34.8955078 ], [ 139.131799199999989, 34.8984436 ], [ 139.134255300000035, 34.9032836 ], [ 139.1386, 34.9073003 ], [ 139.1402508, 34.9100858 ], [ 139.139643300000017, 34.917015 ], [ 139.1402486, 34.9210044 ], [ 139.142401899999982, 34.9235503 ], [ 139.146005799999983, 34.9296517 ], [ 139.145896099999987, 34.9338772 ], [ 139.14793419999998, 34.9358942 ], [ 139.14396, 34.9391731 ], [ 139.14328279999998, 34.9409928 ], [ 139.1454853, 34.9425536 ], [ 139.1463742, 34.9459958 ], [ 139.14582, 34.9484664 ], [ 139.146866099999983, 34.9542156 ], [ 139.143268299999988, 34.9558103 ], [ 139.1419075, 34.9539958 ], [ 139.1387747, 34.9528411 ], [ 139.136791099999982, 34.9533481 ], [ 139.1348078, 34.9513986 ], [ 139.132523300000031, 34.9522156 ], [ 139.129588900000016, 34.9553986 ], [ 139.1285694, 34.9602158 ], [ 139.1309564, 34.9622719 ], [ 139.1282819, 34.96381 ], [ 139.127330799999982, 34.966965 ], [ 139.12828829999998, 34.969055 ], [ 139.11946469999998, 34.9730267 ], [ 139.112371199999984, 34.9732688 ], [ 139.109686399999987, 34.9725947 ], [ 139.105689399999989, 34.9697531 ], [ 139.100354399999986, 34.9732794 ], [ 139.097468099999986, 34.974395 ], [ 139.0945034, 34.9776663 ], [ 139.093815299999989, 34.9803272 ], [ 139.0949436, 34.9843667 ], [ 139.0940936, 34.9891869 ], [ 139.0898975, 34.9929569 ], [ 139.0874947, 34.9940903 ], [ 139.084567199999981, 34.9977017 ], [ 139.0829325, 35.0009636 ], [ 139.0840914, 35.0052831 ], [ 139.086416, 35.0079538 ], [ 139.0913812, 35.008479 ], [ 139.096085599999981, 35.0070878 ], [ 139.0999814, 35.0088678 ], [ 139.0995567, 35.0111886 ], [ 139.0975708, 35.0139603 ], [ 139.098008599999986, 35.0229681 ], [ 139.0991722, 35.0261567 ], [ 139.098543299999989, 35.0314322 ] ] ], [ [ [ 139.1733017, 35.0423553 ], [ 139.1696594, 35.043111 ], [ 139.16740249999998, 35.0426589 ], [ 139.1668617, 35.03803 ], [ 139.167962499999987, 35.036555 ], [ 139.1723533, 35.0366722 ], [ 139.1765456, 35.0396711 ], [ 139.1733017, 35.0423553 ] ] ] ] } },
{ "type": "Feature", "properties": { "hokenjo": "富士" }, "geometry": { "type": "MultiPolygon", "coordinates": [ [ [ [ 138.7321445, 35.3591167 ], [ 138.731686699999983, 35.3601364 ], [ 138.730781399999984, 35.3627986 ], [ 138.724805299999986, 35.365245 ], [ 138.7187528, 35.3654939 ], [ 138.713140899999985, 35.3636133 ], [ 138.7004445, 35.3626739 ], [ 138.698653399999984, 35.3596533 ], [ 138.6939525, 35.3589772 ], [ 138.6890301, 35.3590361 ], [ 138.6865214, 35.357962799999989 ], [ 138.680535599999985, 35.3576783 ], [ 138.671183, 35.39283 ], [ 138.663385799999986, 35.3982822 ], [ 138.638954899999987, 35.3982828 ], [ 138.6225294, 35.3954417 ], [ 138.618036599999982, 35.3954278 ], [ 138.613940499999984, 35.3937008 ], [ 138.609136, 35.3931764 ], [ 138.6012962, 35.4190678 ], [ 138.597718499999985, 35.4318019 ], [ 138.5924207, 35.4361006 ], [ 138.5885065, 35.4367958 ], [ 138.58313769999998, 35.4433064 ], [ 138.5820833, 35.445555299999988 ], [ 138.578061, 35.4429258 ], [ 138.57742159999998, 35.4408933 ], [ 138.57048039999998, 35.439482 ], [ 138.5661418, 35.4359053 ], [ 138.563321200000019, 35.4345534 ], [ 138.5590573, 35.4342128 ], [ 138.5574382, 35.4314947 ], [ 138.555607, 35.4261295 ], [ 138.552969, 35.4230473 ], [ 138.5500381, 35.4217025 ], [ 138.546900099999988, 35.41912 ], [ 138.5457462, 35.416785 ], [ 138.538295299999987, 35.4141773 ], [ 138.5365956, 35.4120811 ], [ 138.531827, 35.4094089 ], [ 138.5312472, 35.4021219 ], [ 138.533232199999986, 35.3995903 ], [ 138.532463899999982, 35.3974117 ], [ 138.5358477, 35.3898803 ], [ 138.5345916, 35.3862264 ], [ 138.5317488, 35.3843092 ], [ 138.52817109999998, 35.3790469 ], [ 138.530701599999986, 35.3761308 ], [ 138.530174599999981, 35.3702508 ], [ 138.530584299999987, 35.3681139 ], [ 138.529962899999987, 35.3640325 ], [ 138.530646, 35.3605656 ], [ 138.529868199999981, 35.3596253 ], [ 138.5310212, 35.3535322 ], [ 138.529448699999989, 35.3496875 ], [ 138.530628399999983, 35.3455794 ], [ 138.534845599999983, 35.341056099999989 ], [ 138.5350862, 35.3305647 ], [ 138.52677730000002, 35.3259264 ], [ 138.525399800000031, 35.3218661 ], [ 138.512093199999981, 35.3135553 ], [ 138.5133118, 35.30828 ], [ 138.513587299999983, 35.3047286 ], [ 138.512752299999988, 35.3033 ], [ 138.5167131, 35.2984975 ], [ 138.516102, 35.2960839 ], [ 138.5181081, 35.2909827 ], [ 138.520209199999982, 35.2882219 ], [ 138.5216556, 35.2834761 ], [ 138.5206915, 35.2816114 ], [ 138.5213545, 35.2787461 ], [ 138.519856399999981, 35.2747827 ], [ 138.5203214, 35.2708841 ], [ 138.518384199999986, 35.2687047 ], [ 138.515422299999983, 35.267308 ], [ 138.5142428, 35.2622308 ], [ 138.515990599999981, 35.2612544 ], [ 138.516679499999981, 35.2586794 ], [ 138.520665899999983, 35.2554347 ], [ 138.5214667, 35.2535941 ], [ 138.520565299999987, 35.2507419 ], [ 138.523083899999989, 35.248603 ], [ 138.5241514, 35.2415116 ], [ 138.5253698, 35.2389167 ], [ 138.5269025, 35.2325722 ], [ 138.5295156, 35.2310792 ], [ 138.532275, 35.2233908 ], [ 138.52738, 35.2168036 ], [ 138.5312164, 35.2111131 ], [ 138.5324733, 35.2078236 ], [ 138.5319309, 35.2049578 ], [ 138.533192500000013, 35.2008617 ], [ 138.5284828, 35.1975394 ], [ 138.522421399999985, 35.1991578 ], [ 138.5226281, 35.1963731 ], [ 138.519787, 35.1939031 ], [ 138.5185214, 35.1899275 ], [ 138.5193825, 35.1885228 ], [ 138.5195678, 35.1825372 ], [ 138.5219314, 35.1822467 ], [ 138.5235717, 35.1806283 ], [ 138.5260645, 35.1713133 ], [ 138.525701699999985, 35.166075 ], [ 138.5290953, 35.1650322 ], [ 138.5303317, 35.1631336 ], [ 138.53303, 35.1614122 ], [ 138.536128599999984, 35.1608156 ], [ 138.5376233, 35.1561633 ], [ 138.5391914, 35.1533744 ], [ 138.5385819, 35.1516825 ], [ 138.5451947, 35.1525572 ], [ 138.5476731, 35.1545811 ], [ 138.5520272, 35.1540156 ], [ 138.556003299999986, 35.1554786 ], [ 138.5584044, 35.159315 ], [ 138.558657499999981, 35.1566364 ], [ 138.5636931, 35.1529547 ], [ 138.5652072, 35.1510697 ], [ 138.568239399999982, 35.1523275 ], [ 138.57214, 35.1494128 ], [ 138.5773069, 35.1466786 ], [ 138.5774461, 35.1455708 ], [ 138.5814364, 35.1434139 ], [ 138.59245439999998, 35.1436864 ], [ 138.5957928, 35.1431369 ], [ 138.5997894, 35.143525 ], [ 138.605030299999981, 35.1343569 ], [ 138.607308599999982, 35.1321856 ], [ 138.6127725, 35.1295969 ], [ 138.616564399999987, 35.1293542 ], [ 138.6183269, 35.1317322 ], [ 138.629930799999983, 35.1336753 ], [ 138.6318061, 35.1286947 ], [ 138.6385373, 35.1164915 ], [ 138.6453506, 35.1176937 ], [ 138.6495438, 35.1199063 ], [ 138.6551088, 35.1213063 ], [ 138.661618, 35.1243368 ], [ 138.667056799999983, 35.1254625 ], [ 138.674346600000035, 35.1280516 ], [ 138.6800496, 35.1318892 ], [ 138.686540899999983, 35.1333093 ], [ 138.6939011, 35.134323 ], [ 138.697665699999988, 35.1343938 ], [ 138.6934391, 35.1387846 ], [ 138.6919159, 35.1392985 ], [ 138.68492569999998, 35.1441279 ], [ 138.689238499999988, 35.1436436 ], [ 138.695668200000028, 35.1446169 ], [ 138.6971049, 35.1434289 ], [ 138.700599399999987, 35.1429367 ], [ 138.69559, 35.1399612 ], [ 138.698907100000014, 35.1363535 ], [ 138.7031744, 35.1358672 ], [ 138.7089446, 35.1366676 ], [ 138.7176522, 35.1357378 ], [ 138.7207249, 35.1358745 ], [ 138.7320652, 35.1341734 ], [ 138.7384626, 35.1341764 ], [ 138.7525214, 35.1315102 ], [ 138.753368099999989, 35.1345053 ], [ 138.7550697, 35.1363444 ], [ 138.756128099999984, 35.1400417 ], [ 138.761543099999983, 35.1405172 ], [ 138.765609399999988, 35.1383478 ], [ 138.769173100000017, 35.1427089 ], [ 138.77175219999998, 35.1489267 ], [ 138.7705631, 35.1495922 ], [ 138.7733558, 35.1572394 ], [ 138.77439, 35.1578717 ], [ 138.7763119, 35.1630728 ], [ 138.778314699999981, 35.1664628 ], [ 138.7743142, 35.1660883 ], [ 138.7686506, 35.1671858 ], [ 138.7676775, 35.16591 ], [ 138.7629503, 35.1666447 ], [ 138.765006699999986, 35.1685108 ], [ 138.7679542, 35.173705 ], [ 138.770084699999984, 35.1798475 ], [ 138.769378599999982, 35.1827567 ], [ 138.7723303, 35.1893303 ], [ 138.781038099999989, 35.1955356 ], [ 138.783285799999987, 35.1951044 ], [ 138.7856219, 35.1963083 ], [ 138.7876503, 35.1992547 ], [ 138.791437799999983, 35.2015828 ], [ 138.79330779999998, 35.2037642 ], [ 138.7998494, 35.2073297 ], [ 138.8019031, 35.209672499999989 ], [ 138.8049944, 35.2103611 ], [ 138.8101586, 35.2166278 ], [ 138.8116561, 35.2192431 ], [ 138.81184, 35.2211411 ], [ 138.810971099999989, 35.2232822 ], [ 138.806153099999989, 35.2252756 ], [ 138.8027917, 35.2272833 ], [ 138.7997258, 35.2282111 ], [ 138.795674700000035, 35.2277653 ], [ 138.7950181, 35.23212 ], [ 138.7958389, 35.2342611 ], [ 138.7939519, 35.2382308 ], [ 138.7918592, 35.2388869 ], [ 138.7893206, 35.2446289 ], [ 138.7893861, 35.2501825 ], [ 138.7868067, 35.2528831 ], [ 138.78271, 35.2539061 ], [ 138.7781494, 35.26146 ], [ 138.7662331, 35.2830444 ], [ 138.758648099999988, 35.2965369 ], [ 138.7587489, 35.3077081 ], [ 138.7494706, 35.331 ], [ 138.746118599999988, 35.3358489 ], [ 138.7416628, 35.3397222 ], [ 138.7386358, 35.3442808 ], [ 138.737390799999986, 35.3518231 ], [ 138.7321445, 35.3591167 ] ] ] ] } },
{ "type": "Feature", "properties": { "hokenjo": "浜松市" }, "geometry": { "type": "Polygon", "coordinates": [ [ [ 137.5659066, 34.7404938 ], [ 137.5680567, 34.7359912 ], [ 137.5695634, 34.7306789 ], [ 137.5702906, 34.7232986 ], [ 137.5719933, 34.7199141 ], [ 137.573063, 34.7155172 ], [ 137.57591739999998, 34.7080667 ], [ 137.582812599999983, 34.7037808 ], [ 137.587527, 34.701403 ], [ 137.587563499999987, 34.69884 ], [ 137.5906742, 34.6948433 ], [ 137.5985787, 34.6921608 ], [ 137.5987222, 34.6907141 ], [ 137.5969689, 34.6866418 ], [ 137.598539099999982, 34.6843016 ], [ 137.5977723, 34.6779669 ], [ 137.599527699999982, 34.6760144 ], [ 137.6087814, 34.6763183 ], [ 137.6229174, 34.6756787 ], [ 137.6459992, 34.6737544 ], [ 137.656527499999982, 34.6723751 ], [ 137.65973649999998, 34.6722499 ], [ 137.6767672, 34.6698613 ], [ 137.687295399999982, 34.6683879 ], [ 137.6955257, 34.6666483 ], [ 137.7148934, 34.6640173 ], [ 137.7275984, 34.6615553 ], [ 137.7302181, 34.66154 ], [ 137.7437214, 34.6590221 ], [ 137.748575499999987, 34.6576794 ], [ 137.7518872, 34.6552195 ], [ 137.7568766, 34.6544947 ], [ 137.7639878, 34.6525339 ], [ 137.7690555, 34.6495983 ], [ 137.7774891, 34.6475575 ], [ 137.7815848, 34.6483653 ], [ 137.7916667, 34.6476624 ], [ 137.7986354, 34.64634 ], [ 137.7970106, 34.6483139 ], [ 137.7899822, 34.6502297 ], [ 137.7897725, 34.6532597 ], [ 137.7880131, 34.6532133 ], [ 137.787205799999981, 34.656301399999982 ], [ 137.787497799999983, 34.6624275 ], [ 137.788264699999985, 34.6651517 ], [ 137.7873061, 34.6664128 ], [ 137.7875678, 34.6699844 ], [ 137.7901628, 34.6709603 ], [ 137.7897289, 34.6741536 ], [ 137.7900967, 34.6814722 ], [ 137.791812199999981, 34.68189670000001 ], [ 137.7933328, 34.684669199999988 ], [ 137.7953181, 34.6965103 ], [ 137.7953331, 34.6983753 ], [ 137.8004147, 34.6976042 ], [ 137.800216899999981, 34.7014019 ], [ 137.802931699999988, 34.7157483 ], [ 137.8033672, 34.7191328 ], [ 137.8058647, 34.7301878 ], [ 137.813106399999981, 34.7475597 ], [ 137.8189267, 34.7565078 ], [ 137.8226817, 34.7749906 ], [ 137.8266542, 34.7821531 ], [ 137.82819, 34.7897208 ], [ 137.8247953, 34.7938686 ], [ 137.8237411, 34.7961108 ], [ 137.823147799999987, 34.801838299999986 ], [ 137.8269819, 34.8212753 ], [ 137.827089199999989, 34.8293764 ], [ 137.8260383, 34.8412442 ], [ 137.8243186, 34.855019399999982 ], [ 137.8225878, 34.8555728 ], [ 137.8258003, 34.8566608 ], [ 137.8287497, 34.8593483 ], [ 137.8356464, 34.8617125 ], [ 137.8388133, 34.8621336 ], [ 137.8410619, 34.8649186 ], [ 137.8428247, 34.8655611 ], [ 137.844053299999985, 34.8681461 ], [ 137.847930599999984, 34.8691489 ], [ 137.852497799999981, 34.8675017 ], [ 137.8556908, 34.8703478 ], [ 137.8539131, 34.8730261 ], [ 137.855306399999989, 34.8751058 ], [ 137.860383899999988, 34.8764928 ], [ 137.8616122, 34.8783028 ], [ 137.867126399999989, 34.8780361 ], [ 137.873175, 34.879106900000011 ], [ 137.875707799999986, 34.8802317 ], [ 137.8774503, 34.879315 ], [ 137.8832961, 34.8811978 ], [ 137.8888633, 34.8805328 ], [ 137.8921053, 34.8811558 ], [ 137.8947667, 34.8826694 ], [ 137.8976222, 34.8824342 ], [ 137.898201699999987, 34.8839725 ], [ 137.903586099999984, 34.887675800000011 ], [ 137.90615, 34.8908986 ], [ 137.909186399999982, 34.8910614 ], [ 137.91352, 34.8915325 ], [ 137.9169947, 34.8910211 ], [ 137.920130799999981, 34.8932483 ], [ 137.919962199999986, 34.8980586 ], [ 137.919166099999984, 34.9015408 ], [ 137.9148256, 34.9028744 ], [ 137.907454699999988, 34.9069069 ], [ 137.908008599999988, 34.9106383 ], [ 137.9052228, 34.9134333 ], [ 137.9033278, 34.917480800000014 ], [ 137.9031033, 34.9199561 ], [ 137.9057372, 34.9212542 ], [ 137.908426099999986, 34.9253792 ], [ 137.9075772, 34.928868600000015 ], [ 137.9124644, 34.9294944 ], [ 137.9157097, 34.9267275 ], [ 137.9176517, 34.9273361 ], [ 137.926098599999989, 34.9347636 ], [ 137.9284169, 34.9397278 ], [ 137.932999199999983, 34.9425839 ], [ 137.9358967, 34.9436258 ], [ 137.9357972, 34.9452528 ], [ 137.9382161, 34.9473872 ], [ 137.9426272, 34.9461289 ], [ 137.947888299999988, 34.9494928 ], [ 137.9552314, 34.9467867 ], [ 137.9623722, 34.9479211 ], [ 137.964723599999985, 34.9550692 ], [ 137.9682856, 34.9554853 ], [ 137.9704961, 34.9566789 ], [ 137.97081, 34.9588814 ], [ 137.9772575, 34.957552199999981 ], [ 137.980590300000017, 34.9577153 ], [ 137.9846714, 34.9628331 ], [ 137.98196310000003, 34.96346 ], [ 137.9797836, 34.9655047 ], [ 137.9812106, 34.9669853 ], [ 137.9834094, 34.9659406 ], [ 137.9857264, 34.9665608 ], [ 137.9896469, 34.9653286 ], [ 137.990328100000028, 34.9676944 ], [ 137.993480299999987, 34.9687294 ], [ 137.996555799999982, 34.9683294 ], [ 138.000655800000033, 34.9648553 ], [ 138.0023764, 34.96457 ], [ 138.003814399999982, 34.9670192 ], [ 138.0032172, 34.9723614 ], [ 138.009962799999983, 34.9756172 ], [ 138.011282199999982, 34.9772814 ], [ 138.0114897, 34.9811108 ], [ 138.014633100000026, 34.9840242 ], [ 138.0193094, 34.9871772 ], [ 138.022752199999985, 34.9881064 ], [ 138.0248661, 34.9902228 ], [ 138.028805799999986, 34.9911494 ], [ 138.03112, 34.9953169 ], [ 138.0358344, 34.9988767 ], [ 138.033381099999986, 35.0041936 ], [ 138.034413299999983, 35.0051219 ], [ 138.032907199999983, 35.008805800000012 ], [ 138.029989699999987, 35.0112975 ], [ 138.0260039, 35.0129981 ], [ 138.0256925, 35.0174042 ], [ 138.0207092, 35.0188361 ], [ 138.0179503, 35.0219017 ], [ 138.0160458, 35.0203964 ], [ 138.0133908, 35.0227422 ], [ 138.0142808, 35.0239353 ], [ 138.0188561, 35.0259628 ], [ 138.0207581, 35.0243569 ], [ 138.024010299999986, 35.0252314 ], [ 138.02632939999998, 35.0269258 ], [ 138.029043600000023, 35.0275847 ], [ 138.032416399999988, 35.0312236 ], [ 138.0397586, 35.0352456 ], [ 138.0430053, 35.0357639 ], [ 138.0470972, 35.038695 ], [ 138.0484458, 35.042618600000011 ], [ 138.04704719999998, 35.0494794 ], [ 138.0433736, 35.0525244 ], [ 138.0439461, 35.0568186 ], [ 138.042520599999989, 35.0601758 ], [ 138.040404199999983, 35.0623281 ], [ 138.038435, 35.0674656 ], [ 138.0400133, 35.0694839 ], [ 138.045171399999987, 35.07264 ], [ 138.0458358, 35.0775983 ], [ 138.0444656, 35.0796842 ], [ 138.0440283, 35.0843317 ], [ 138.044815799999981, 35.0881056 ], [ 138.0469022, 35.0891269 ], [ 138.0480394, 35.0929781 ], [ 138.0501194, 35.0964517 ], [ 138.0497911, 35.0981542 ], [ 138.054307199999982, 35.1019253 ], [ 138.0560381, 35.1041406 ], [ 138.0563728, 35.1063636 ], [ 138.053728299999989, 35.1102811 ], [ 138.0490503, 35.1116506 ], [ 138.0453278, 35.1142983 ], [ 138.0418125, 35.1181322 ], [ 138.0395753, 35.1191989 ], [ 138.0357692, 35.125415 ], [ 138.0304544, 35.1271517 ], [ 138.0280119, 35.1293808 ], [ 138.0263889, 35.1282517 ], [ 138.021493099999986, 35.1271606 ], [ 138.0179506, 35.1277347 ], [ 138.0113064, 35.1278056 ], [ 138.0110372, 35.1294997 ], [ 138.006552199999987, 35.1354747 ], [ 138.007421099999988, 35.1388928 ], [ 138.0063692, 35.1429286 ], [ 138.0017167, 35.1437989 ], [ 137.9993164, 35.1463842 ], [ 138.001755799999984, 35.1524619 ], [ 137.99843, 35.155855 ], [ 138.000138099999987, 35.1604931 ], [ 137.9990647, 35.1634983 ], [ 138.00074859999998, 35.1665828 ], [ 138.004632499999985, 35.1681719 ], [ 138.0055, 35.1702756 ], [ 138.0050144, 35.1727178 ], [ 138.008002799999986, 35.1780906 ], [ 138.0106811, 35.1801653 ], [ 138.0164978, 35.1872425 ], [ 138.0159486, 35.1897197 ], [ 138.0213592, 35.1939594 ], [ 138.0284572, 35.1961356 ], [ 138.0273211, 35.2010567 ], [ 138.0363639, 35.2109497 ], [ 138.0350439, 35.2126336 ], [ 138.0342683, 35.2185356 ], [ 138.032918099999989, 35.2205481 ], [ 138.034884399999981, 35.2252319 ], [ 138.036436399999985, 35.227395 ], [ 138.0337806, 35.2282608 ], [ 138.0302767, 35.2311425 ], [ 138.0267364, 35.2326897 ], [ 138.02011, 35.2367117 ], [ 138.0181864, 35.2369753 ], [ 138.016925, 35.2393592 ], [ 138.012257799999986, 35.2418339 ], [ 138.014121900000021, 35.2465989 ], [ 138.0144186, 35.2501097 ], [ 138.0158147, 35.2525611 ], [ 138.013096400000023, 35.2588608 ], [ 138.0075486, 35.2596178 ], [ 138.0031042, 35.258659699999988 ], [ 138.0004386, 35.2615694 ], [ 138.001339700000017, 35.2644553 ], [ 138.0075559, 35.2682364 ], [ 138.0111609, 35.2723922 ], [ 138.014343599999989, 35.2738211 ], [ 138.012481899999983, 35.2773794 ], [ 138.0136439, 35.2814056 ], [ 138.013266499999986, 35.2857499 ], [ 138.01229189999998, 35.2889532 ], [ 138.0142668, 35.2920501 ], [ 138.018287600000036, 35.2946265 ], [ 138.018774899999983, 35.301072 ], [ 138.015579900000034, 35.303009799999984 ], [ 138.005677099999986, 35.3043951 ], [ 138.0014846, 35.3028579 ], [ 137.9984474, 35.3033084 ], [ 137.996510200000017, 35.3020501 ], [ 137.9920932, 35.301704 ], [ 137.9912951, 35.3004062 ], [ 137.984354, 35.2956212 ], [ 137.9823576, 35.2923934 ], [ 137.9734154, 35.2930476 ], [ 137.9724512, 35.2900762 ], [ 137.9704892, 35.2887974 ], [ 137.9673406, 35.284204 ], [ 137.963923099999988, 35.2846118 ], [ 137.9603189, 35.2829393 ], [ 137.9577534, 35.282631 ], [ 137.9518903, 35.2830815 ], [ 137.9473334, 35.279596 ], [ 137.9470662, 35.2780516 ], [ 137.944242799999984, 35.2762843 ], [ 137.9392351, 35.2758132 ], [ 137.931707599999982, 35.2759268 ], [ 137.929252599999984, 35.2754702 ], [ 137.928257, 35.2703074 ], [ 137.9262445, 35.2689052 ], [ 137.926006199999989, 35.2653535 ], [ 137.924763399999989, 35.260306299999989 ], [ 137.9223575, 35.2591207 ], [ 137.918613099999988, 35.2543738 ], [ 137.9128136, 35.2533571 ], [ 137.9068526, 35.2542435 ], [ 137.8987009, 35.2564729 ], [ 137.8954259, 35.2579885 ], [ 137.893545099999983, 35.2542296 ], [ 137.891099600000018, 35.2541649 ], [ 137.8880279, 35.2517354 ], [ 137.8840204, 35.2499441 ], [ 137.8824654, 35.248096299999986 ], [ 137.884098699999981, 35.2439569 ], [ 137.8821456, 35.2428021 ], [ 137.8826554, 35.2397313 ], [ 137.8848917, 35.2362496 ], [ 137.8820653, 35.2306588 ], [ 137.880651699999987, 35.2294277 ], [ 137.8803556, 35.2263499 ], [ 137.8766422, 35.2218955 ], [ 137.8725461, 35.2188802 ], [ 137.8699217, 35.2195116 ], [ 137.8651123, 35.2224771 ], [ 137.859194, 35.2233174 ], [ 137.8541301, 35.2218569 ], [ 137.8449296, 35.2210071 ], [ 137.8450459, 35.2190244 ], [ 137.8412018, 35.2163224 ], [ 137.838088500000026, 35.2166035 ], [ 137.836809, 35.2156285 ], [ 137.837999, 35.2123194 ], [ 137.8355118, 35.211201 ], [ 137.828631799999982, 35.211581 ], [ 137.8277176, 35.2086655 ], [ 137.8311143, 35.205451 ], [ 137.82891429999998, 35.204331 ], [ 137.8239551, 35.2047785 ], [ 137.8216584, 35.2031891 ], [ 137.820344799999987, 35.1973049 ], [ 137.8169681, 35.1930052 ], [ 137.8166374, 35.1883964 ], [ 137.8138143, 35.1862805 ], [ 137.807400199999989, 35.1878253 ], [ 137.8039728, 35.1846806 ], [ 137.8031997, 35.1831181 ], [ 137.8049842, 35.1792439 ], [ 137.8104419, 35.1748139 ], [ 137.8128964, 35.1740289 ], [ 137.815633600000012, 35.1750906 ], [ 137.8181442, 35.1746797 ], [ 137.8254719, 35.1682003 ], [ 137.825736899999981, 35.1659231 ], [ 137.8217258, 35.1610222 ], [ 137.821290799999986, 35.1584403 ], [ 137.8239711, 35.1562994 ], [ 137.827295, 35.1554819 ], [ 137.8289633, 35.1519125 ], [ 137.8218608, 35.1480075 ], [ 137.8176542, 35.1501847 ], [ 137.816201399999983, 35.1526019 ], [ 137.813569699999988, 35.1510122 ], [ 137.8124056, 35.1476433 ], [ 137.812396399999983, 35.1437536 ], [ 137.8148578, 35.1404728 ], [ 137.8098583, 35.1370256 ], [ 137.8080147, 35.1334892 ], [ 137.80586169999998, 35.1311244 ], [ 137.8009875, 35.130860300000016 ], [ 137.7987344, 35.1354594 ], [ 137.7969272, 35.1364633 ], [ 137.7931369, 35.1352175 ], [ 137.792003099999988, 35.1290525 ], [ 137.7928456, 35.1279744 ], [ 137.7973108, 35.1271019 ], [ 137.7992147, 35.1235928 ], [ 137.7983147, 35.1183139 ], [ 137.8013239, 35.1065925 ], [ 137.80098719999998, 35.1057061 ], [ 137.7951903, 35.1030786 ], [ 137.792967799999985, 35.0955517 ], [ 137.7861172, 35.0956069 ], [ 137.77983, 35.0977206 ], [ 137.7768342, 35.0974592 ], [ 137.7761711, 35.0943728 ], [ 137.7745586, 35.0926997 ], [ 137.7748608, 35.0871672 ], [ 137.7740583, 35.0841278 ], [ 137.7756747, 35.077981699999988 ], [ 137.772630599999985, 35.07637 ], [ 137.7717369, 35.0739792 ], [ 137.7684669, 35.0723358 ], [ 137.76381, 35.0721911 ], [ 137.761596699999984, 35.0685628 ], [ 137.7582325, 35.068423300000013 ], [ 137.7547442, 35.0654258 ], [ 137.7514358, 35.0640939 ], [ 137.7506539, 35.0627183 ], [ 137.745436399999988, 35.0597736 ], [ 137.7434122, 35.0578811 ], [ 137.740276099999988, 35.0565125 ], [ 137.7358444, 35.0514364 ], [ 137.735299199999986, 35.0480719 ], [ 137.731367800000015, 35.0451008 ], [ 137.728752499999985, 35.0403369 ], [ 137.7232989, 35.0390844 ], [ 137.722161699999987, 35.0363419 ], [ 137.717348099999981, 35.0351486 ], [ 137.7175742, 35.0322358 ], [ 137.71652, 35.0274689 ], [ 137.712995299999989, 35.0253897 ], [ 137.7109667, 35.0228575 ], [ 137.7109442, 35.0208964 ], [ 137.706748299999987, 35.0175456 ], [ 137.703001699999987, 35.0074781 ], [ 137.7010464, 35.0035389 ], [ 137.7020047, 34.9984739 ], [ 137.7045747, 34.9961392 ], [ 137.7072992, 34.9963133 ], [ 137.7081317, 34.9944569 ], [ 137.705185, 34.9915225 ], [ 137.6999092, 34.9848383 ], [ 137.701768099999981, 34.9804642 ], [ 137.7072511, 34.9722842 ], [ 137.704219699999982, 34.9699506 ], [ 137.6961306, 34.9714294 ], [ 137.694187199999988, 34.9695925 ], [ 137.694163299999985, 34.9677439 ], [ 137.6899714, 34.9636422 ], [ 137.6895308, 34.9568061 ], [ 137.6858178, 34.9545886 ], [ 137.682895799999983, 34.95495 ], [ 137.6804458, 34.9516967 ], [ 137.6800208, 34.9490567 ], [ 137.677827799999989, 34.9483644 ], [ 137.675498299999987, 34.9453508 ], [ 137.6706208, 34.9482739 ], [ 137.6634056, 34.9471497 ], [ 137.659506099999987, 34.9445764 ], [ 137.656335, 34.9396108 ], [ 137.6566617, 34.9382092 ], [ 137.6509983, 34.9333564 ], [ 137.652591699999988, 34.93053470000001 ], [ 137.6528414, 34.9254856 ], [ 137.6489914, 34.9199475 ], [ 137.6469631, 34.9187908 ], [ 137.64669, 34.9162406 ], [ 137.6478636, 34.912132199999988 ], [ 137.64638309999998, 34.9084161 ], [ 137.6433892, 34.9082278 ], [ 137.6404406, 34.90464 ], [ 137.640768899999983, 34.8997508 ], [ 137.640051699999987, 34.8984619 ], [ 137.642013099999986, 34.8961367 ], [ 137.6412517, 34.8930833 ], [ 137.6387681, 34.8908181 ], [ 137.6357925, 34.8895553 ], [ 137.6335928, 34.885486400000012 ], [ 137.631363099999987, 34.8850933 ], [ 137.628698899999989, 34.8825628 ], [ 137.620786399999986, 34.8791083 ], [ 137.6169261, 34.8783297 ], [ 137.616252799999984, 34.8753408 ], [ 137.6131958, 34.8745383 ], [ 137.6091786, 34.8751489 ], [ 137.5975319, 34.8725008 ], [ 137.5957278, 34.8702956 ], [ 137.5965172, 34.8691369 ], [ 137.5964739, 34.8636847 ], [ 137.595213299999983, 34.859075 ], [ 137.5901972, 34.853105 ], [ 137.5870172, 34.85004 ], [ 137.582582799999983, 34.8501622 ], [ 137.577200799999986, 34.8513708 ], [ 137.574135, 34.8504569 ], [ 137.5651953, 34.8521375 ], [ 137.5588433, 34.8514817 ], [ 137.551589399999983, 34.8518644 ], [ 137.550998599999986, 34.8494275 ], [ 137.5442794, 34.8450011 ], [ 137.542273599999987, 34.8420492 ], [ 137.5388385, 34.8417918 ], [ 137.5343794, 34.8441817 ], [ 137.5296797, 34.8435264 ], [ 137.52873169999998, 34.8419086 ], [ 137.523880599999984, 34.84098 ], [ 137.520562499999983, 34.8371592 ], [ 137.5177969, 34.8358467 ], [ 137.5098808, 34.8344381 ], [ 137.5079494, 34.8349875 ], [ 137.503490299999982, 34.833291400000014 ], [ 137.4999683, 34.8312881 ], [ 137.5002322, 34.8295922 ], [ 137.4988758, 34.8268653 ], [ 137.5016578, 34.8233506 ], [ 137.500088299999987, 34.8216889 ], [ 137.494999399999983, 34.8193861 ], [ 137.4935739, 34.815295 ], [ 137.4870139, 34.8117494 ], [ 137.4874289, 34.8092425 ], [ 137.49023470000003, 34.8057647 ], [ 137.4936792, 34.8035014 ], [ 137.4943606, 34.8017658 ], [ 137.49285279999998, 34.7968622 ], [ 137.4916517, 34.7958469 ], [ 137.492004400000013, 34.7920303 ], [ 137.4929094, 34.7909694 ], [ 137.492942199999987, 34.7868661 ], [ 137.49656109999998, 34.7839108 ], [ 137.49667359999998, 34.7827153 ], [ 137.5021294, 34.7794808 ], [ 137.504033599999985, 34.7767386 ], [ 137.5119608, 34.7710639 ], [ 137.516626100000025, 34.7716033 ], [ 137.522580299999987, 34.7696353 ], [ 137.525340299999982, 34.7677536 ], [ 137.530944399999981, 34.7708089 ], [ 137.533868899999987, 34.7729222 ], [ 137.542154399999987, 34.7733786 ], [ 137.548211399999985, 34.7692048 ], [ 137.5448662, 34.7650543 ], [ 137.5450773, 34.7616378 ], [ 137.5465137, 34.7593497 ], [ 137.5481474, 34.7526908 ], [ 137.550646400000034, 34.7490709 ], [ 137.5547475, 34.7462851 ], [ 137.565512499999983, 34.7410093 ], [ 137.5659066, 34.7404938 ] ] ] } }
]
}
