{
"type": "FeatureCollection",
"name": "tokyo",
"crs": { "type": "name", "properties": { "name": "urn:ogc:def:crs:OGC:1.3:CRS84" } },
"features": [
{ "type": "Feature", "properties": { "hokenjo": "みなと" }, "geometry": { "type": "MultiPolygon", "coordinates": [ [ [ [ 139.759413, 35.6280001 ], [ 139.7591998, 35.6335958 ], [ 139.75525589999998, 35.6336105 ], [ 139.754005399999983, 35.6309191 ], [ 139.7535073, 35.6240486 ], [ 139.7575491, 35.6240928 ], [ 139.7574324, 35.62793 ], [ 139.759413, 35.6280001 ] ] ], [ [ [ 139.7741031, 35.624985 ], [ 139.782376299999981, 35.6295086 ], [ 139.7770065, 35.6360936 ], [ 139.7747751, 35.6348294 ], [ 139.77710159999998, 35.6322691 ], [ 139.777166599999987, 35.6314191 ], [ 139.7740143, 35.6293541 ], [ 139.7687325, 35.6264357 ], [ 139.7713497, 35.6231383 ], [ 139.7741031, 35.624985 ] ] ], [ [ [ 139.733833799999985, 35.678878 ], [ 139.7314994, 35.6814953 ], [ 139.7284563, 35.6828142 ], [ 139.726748499999985, 35.6792881 ], [ 139.7249332, 35.6793453 ], [ 139.719584, 35.67831 ], [ 139.7199484, 35.6753242 ], [ 139.7194757, 35.6744981 ], [ 139.7165584, 35.6734331 ], [ 139.7149334, 35.6729945 ], [ 139.713812599999983, 35.6693489 ], [ 139.7085639, 35.664067 ], [ 139.7121625, 35.6607303 ], [ 139.713792499999983, 35.6597584 ], [ 139.7128778, 35.6584501 ], [ 139.71498, 35.6571428 ], [ 139.7180453, 35.6569823 ], [ 139.7225306, 35.6555223 ], [ 139.7215697, 35.6538323 ], [ 139.72356019999998, 35.6467012 ], [ 139.722492099999982, 35.6443973 ], [ 139.7213169, 35.6444092 ], [ 139.7192024, 35.6418476 ], [ 139.716898, 35.6399565 ], [ 139.7166791, 35.6382604 ], [ 139.719962399999986, 35.6345773 ], [ 139.722212399999989, 35.6359789 ], [ 139.7259985, 35.6350337 ], [ 139.726852899999983, 35.6342706 ], [ 139.7267163, 35.632208399999989 ], [ 139.728698799999989, 35.6320756 ], [ 139.730652099999986, 35.6306984 ], [ 139.7315232, 35.6287117 ], [ 139.7312293, 35.6263345 ], [ 139.733949599999988, 35.6261134 ], [ 139.735399299999983, 35.623202 ], [ 139.7377865, 35.6245323 ], [ 139.7433346, 35.6251342 ], [ 139.744434899999987, 35.6233947 ], [ 139.7467732, 35.6232384 ], [ 139.750253, 35.6248235 ], [ 139.751989899999984, 35.6263428 ], [ 139.752625900000027, 35.6344233 ], [ 139.754843, 35.638812 ], [ 139.755533, 35.6390471 ], [ 139.759652, 35.6367752 ], [ 139.7604258, 35.6367783 ], [ 139.760354, 35.6449781 ], [ 139.75908339999998, 35.6449709 ], [ 139.7613441, 35.652359 ], [ 139.762504299999989, 35.6518758 ], [ 139.764573899999988, 35.656167 ], [ 139.758998, 35.659005 ], [ 139.757878799999986, 35.6666994 ], [ 139.7580683, 35.6686702 ], [ 139.7543169, 35.669905 ], [ 139.749961600000034, 35.6708308 ], [ 139.747802399999983, 35.6696175 ], [ 139.7466474, 35.6704683 ], [ 139.743206, 35.6714297 ], [ 139.7390613, 35.6740255 ], [ 139.736775199999983, 35.678873 ], [ 139.733833799999985, 35.678878 ] ] ] ] } },
{ "type": "Feature", "properties": { "hokenjo": "葛飾区" }, "geometry": { "type": "MultiPolygon", "coordinates": [ [ [ [ 139.8421548, 35.7193109 ], [ 139.8513556, 35.7108531 ], [ 139.8545426, 35.7128293 ], [ 139.8562681, 35.7144579 ], [ 139.8622398, 35.7128326 ], [ 139.8666062, 35.7129112 ], [ 139.8685687, 35.714582 ], [ 139.866269, 35.7185298 ], [ 139.8687426, 35.7238009 ], [ 139.870553500000028, 35.7247084 ], [ 139.870271799999983, 35.7287545 ], [ 139.872183, 35.7300445 ], [ 139.8719313, 35.7324345 ], [ 139.873513, 35.7351723 ], [ 139.873793, 35.7368648 ], [ 139.8769347, 35.7376467 ], [ 139.8775786, 35.7409151 ], [ 139.8799147, 35.7401273 ], [ 139.8818528, 35.7443825 ], [ 139.8839466, 35.7448625 ], [ 139.884897599999988, 35.7465358 ], [ 139.882828599999982, 35.7474847 ], [ 139.882706399999989, 35.7495403 ], [ 139.885915, 35.7506725 ], [ 139.889982299999986, 35.750765 ], [ 139.88404509999998, 35.7574053 ], [ 139.8832084, 35.7586234 ], [ 139.8826665, 35.7620056 ], [ 139.8794615, 35.7675245 ], [ 139.8807593, 35.7716661 ], [ 139.8828474, 35.7735347 ], [ 139.888483799999989, 35.7757858 ], [ 139.8934174, 35.7783156 ], [ 139.8944636, 35.7799178 ], [ 139.8937781, 35.7827464 ], [ 139.887239699999981, 35.7840192 ], [ 139.8831166, 35.7825686 ], [ 139.877249399999982, 35.7811661 ], [ 139.8745424, 35.7817759 ], [ 139.871341100000024, 35.7855767 ], [ 139.8715547, 35.7879789 ], [ 139.8732583, 35.790395 ], [ 139.8759586, 35.7921867 ], [ 139.876605, 35.7938275 ], [ 139.8747481, 35.7965403 ], [ 139.870770599999986, 35.7973167 ], [ 139.8677156, 35.7966833 ], [ 139.863848599999983, 35.7948278 ], [ 139.859895, 35.7953334 ], [ 139.8564853, 35.7909595 ], [ 139.8545719, 35.7910539 ], [ 139.852648, 35.792157 ], [ 139.8467478, 35.7965064 ], [ 139.8442655, 35.7938523 ], [ 139.844320499999981, 35.7911914 ], [ 139.8452657, 35.7877067 ], [ 139.8480549, 35.7818723 ], [ 139.8496671, 35.7796759 ], [ 139.8543171, 35.7748223 ], [ 139.8577637, 35.7708262 ], [ 139.8588004, 35.7679095 ], [ 139.858072599999986, 35.7658726 ], [ 139.8565706, 35.7644267 ], [ 139.852179799999988, 35.7657492 ], [ 139.8512992, 35.7698823 ], [ 139.845797600000026, 35.7695151 ], [ 139.843595599999986, 35.7683937 ], [ 139.841690299999982, 35.7664443 ], [ 139.8376745, 35.765762599999988 ], [ 139.837477799999988, 35.7631876 ], [ 139.8358658, 35.7630137 ], [ 139.8323436, 35.7638365 ], [ 139.831006699999989, 35.7627384 ], [ 139.831002499999983, 35.759079799999988 ], [ 139.8298666, 35.7576612 ], [ 139.827549399999981, 35.757350099999989 ], [ 139.825423799999982, 35.7591254 ], [ 139.8262469, 35.7616848 ], [ 139.824397200000021, 35.7613562 ], [ 139.823541, 35.755869 ], [ 139.8202527, 35.7559787 ], [ 139.8197372, 35.760449 ], [ 139.8171633, 35.7607326 ], [ 139.8135402, 35.7596662 ], [ 139.8132105, 35.7590162 ], [ 139.8134671, 35.7544696 ], [ 139.81453879999998, 35.7523373 ], [ 139.817164599999984, 35.7491387 ], [ 139.8203629, 35.7434287 ], [ 139.8238226, 35.7377079 ], [ 139.829767, 35.7311796 ], [ 139.8371098, 35.7239551 ], [ 139.8421548, 35.7193109 ] ] ] ] } },
{ "type": "Feature", "properties": { "hokenjo": "江戸川" }, "geometry": { "type": "MultiPolygon", "coordinates": [ [ [ [ 139.855604699999986, 35.6385636 ], [ 139.852538, 35.64021 ], [ 139.850825499999985, 35.6402751 ], [ 139.849919199999988, 35.6383911 ], [ 139.855604699999986, 35.6385636 ] ] ], [ [ [ 139.835401599999983, 35.7030165 ], [ 139.8438122, 35.6995356 ], [ 139.8451116, 35.6985576 ], [ 139.8477063, 35.694967 ], [ 139.8478893, 35.6905473 ], [ 139.8475882, 35.688094 ], [ 139.845514799999989, 35.6812884 ], [ 139.8482268, 35.6791345 ], [ 139.846887, 35.6738495 ], [ 139.845543, 35.6567168 ], [ 139.8503814, 35.6565261 ], [ 139.8494412, 35.6427615 ], [ 139.8518843, 35.6421297 ], [ 139.8533895, 35.6410616 ], [ 139.8579881, 35.6391691 ], [ 139.861773199999988, 35.6384895 ], [ 139.8661109, 35.6385853 ], [ 139.8690431, 35.639133 ], [ 139.8714606, 35.6386417 ], [ 139.8796044, 35.64275 ], [ 139.883494399999989, 35.6451186 ], [ 139.8869039, 35.6537336 ], [ 139.8873892, 35.6561656 ], [ 139.887110399999983, 35.6645134 ], [ 139.8872333, 35.6687909 ], [ 139.885649699999988, 35.6720736 ], [ 139.8856233, 35.6748617 ], [ 139.8864319, 35.6785661 ], [ 139.887945, 35.6799934 ], [ 139.893558399999989, 35.6820028 ], [ 139.903788599999984, 35.6831158 ], [ 139.9059373, 35.6836719 ], [ 139.908645899999982, 35.6855056 ], [ 139.9138525, 35.6909297 ], [ 139.918735, 35.6977094 ], [ 139.918649499999987, 35.6998389 ], [ 139.916986399999985, 35.7035228 ], [ 139.916210899999982, 35.7080014 ], [ 139.9134373, 35.7105078 ], [ 139.908123499999988, 35.7138623 ], [ 139.905698199999989, 35.7178386 ], [ 139.9039824, 35.7195897 ], [ 139.8986543, 35.7234511 ], [ 139.897208, 35.7267503 ], [ 139.8979386, 35.7318717 ], [ 139.9008858, 35.7374575 ], [ 139.9009666, 35.7400625 ], [ 139.8994506, 35.7443856 ], [ 139.896661099999989, 35.7467053 ], [ 139.892878100000019, 35.748082 ], [ 139.889982299999986, 35.750765 ], [ 139.885915, 35.7506725 ], [ 139.882706399999989, 35.7495403 ], [ 139.882828599999982, 35.7474847 ], [ 139.884897599999988, 35.7465358 ], [ 139.8839466, 35.7448625 ], [ 139.8818528, 35.7443825 ], [ 139.8799147, 35.7401273 ], [ 139.8775786, 35.7409151 ], [ 139.8769347, 35.7376467 ], [ 139.873793, 35.7368648 ], [ 139.873513, 35.7351723 ], [ 139.8719313, 35.7324345 ], [ 139.872183, 35.7300445 ], [ 139.870271799999983, 35.7287545 ], [ 139.870553500000028, 35.7247084 ], [ 139.8687426, 35.7238009 ], [ 139.866269, 35.7185298 ], [ 139.8685687, 35.714582 ], [ 139.8666062, 35.7129112 ], [ 139.8622398, 35.7128326 ], [ 139.8562681, 35.7144579 ], [ 139.8545426, 35.7128293 ], [ 139.8513556, 35.7108531 ], [ 139.8421548, 35.7193109 ], [ 139.8390464, 35.7171143 ], [ 139.835496400000011, 35.7178696 ], [ 139.8331594, 35.7157579 ], [ 139.8336294, 35.7140182 ], [ 139.8359691, 35.7121993 ], [ 139.839312799999988, 35.7108709 ], [ 139.839495299999982, 35.7098146 ], [ 139.8356402, 35.7066854 ], [ 139.8343883, 35.7047323 ], [ 139.835401599999983, 35.7030165 ] ] ] ] } },
{ "type": "Feature", "properties": { "hokenjo": "江東区" }, "geometry": { "type": "MultiPolygon", "coordinates": [ [ [ [ 139.803777699999983, 35.5984199 ], [ 139.79343, 35.592803 ], [ 139.7944769, 35.5921823 ], [ 139.804425800000018, 35.5976396 ], [ 139.803777699999983, 35.5984199 ] ] ], [ [ [ 139.806948799999986, 35.5977439 ], [ 139.8103208, 35.5942613 ], [ 139.8101974, 35.5937614 ], [ 139.8111166, 35.5942603 ], [ 139.8078729, 35.598246599999989 ], [ 139.8088651, 35.5987819 ], [ 139.8118641, 35.5950957 ], [ 139.8170116, 35.597889 ], [ 139.8152345, 35.6000739 ], [ 139.820566499999984, 35.6029669 ], [ 139.8195335, 35.6045707 ], [ 139.8214648, 35.6056185 ], [ 139.820321799999988, 35.6073952 ], [ 139.8055962, 35.5994054 ], [ 139.806948799999986, 35.5977439 ] ] ], [ [ [ 139.7921462, 35.594253 ], [ 139.8187044, 35.6086667 ], [ 139.817270899999983, 35.6097343 ], [ 139.8105931, 35.6131844 ], [ 139.7989479, 35.6068736 ], [ 139.798549799999989, 35.607071499999989 ], [ 139.791140499999983, 35.5971342 ], [ 139.790263399999986, 35.5954548 ], [ 139.7921462, 35.594253 ] ] ], [ [ [ 139.782376299999981, 35.6295086 ], [ 139.7741031, 35.624985 ], [ 139.7713497, 35.6231383 ], [ 139.7734409, 35.6202665 ], [ 139.7731679, 35.6185046 ], [ 139.786729799999989, 35.6018404 ], [ 139.7926281, 35.6095789 ], [ 139.7809919, 35.6238829 ], [ 139.7849474, 35.6263494 ], [ 139.782376299999981, 35.6295086 ] ] ], [ [ [ 139.7852881, 35.6251334 ], [ 139.794378, 35.6139421 ], [ 139.7976276, 35.6173797 ], [ 139.7979177, 35.6177317 ], [ 139.789878099999981, 35.6276226 ], [ 139.7852881, 35.6251334 ] ] ], [ [ [ 139.8355243, 35.6124901 ], [ 139.8386839, 35.6142073 ], [ 139.8401158, 35.6311601 ], [ 139.837012, 35.6317728 ], [ 139.825851299999982, 35.6306991 ], [ 139.8274171, 35.6197978 ], [ 139.8294109, 35.6199895 ], [ 139.8317123, 35.6212424 ], [ 139.832935599999985, 35.6197391 ], [ 139.83063, 35.6184856 ], [ 139.8355243, 35.6124901 ] ] ], [ [ [ 139.832768499999986, 35.6382054 ], [ 139.832953799999984, 35.6403594 ], [ 139.8248088, 35.6396738 ], [ 139.826157699999982, 35.6426275 ], [ 139.8229555, 35.6416833 ], [ 139.8204374, 35.6390873 ], [ 139.8211584, 35.6340609 ], [ 139.8255494, 35.6344839 ], [ 139.825124, 35.6374641 ], [ 139.832768499999986, 35.6382054 ] ] ], [ [ [ 139.7901445, 35.6431283 ], [ 139.7898926, 35.6435163 ], [ 139.7822674, 35.6393811 ], [ 139.7824678, 35.6390031 ], [ 139.7901445, 35.6431283 ] ] ], [ [ [ 139.7871654, 35.672281 ], [ 139.7890662, 35.6656441 ], [ 139.789232199999987, 35.6591494 ], [ 139.7895924, 35.6562594 ], [ 139.7924186, 35.6529342 ], [ 139.7866029, 35.6494984 ], [ 139.7761291, 35.6424115 ], [ 139.7787971, 35.6393584 ], [ 139.7801613, 35.6393544 ], [ 139.7946976, 35.6472165 ], [ 139.794830599999983, 35.6504293 ], [ 139.797666099999986, 35.6477444 ], [ 139.798094, 35.6447416 ], [ 139.7958839, 35.6431195 ], [ 139.7944384, 35.6448982 ], [ 139.7843704, 35.6394412 ], [ 139.7826349, 35.6376881 ], [ 139.7810816, 35.6387334 ], [ 139.7788611, 35.6370858 ], [ 139.7849296, 35.6296123 ], [ 139.7872988, 35.6272692 ], [ 139.7920205, 35.6298702 ], [ 139.7985701, 35.6218152 ], [ 139.8021927, 35.6262239 ], [ 139.8003343, 35.6310647 ], [ 139.8014858, 35.6328112 ], [ 139.8013695, 35.636359 ], [ 139.806990499999984, 35.6369007 ], [ 139.8060367, 35.6448847 ], [ 139.808606, 35.6448764 ], [ 139.8077156, 35.643344899999988 ], [ 139.808124099999986, 35.6404621 ], [ 139.8204153, 35.6416311 ], [ 139.821672899999982, 35.6429411 ], [ 139.8344804, 35.6440676 ], [ 139.833675299999982, 35.6346251 ], [ 139.821247, 35.63344 ], [ 139.821666, 35.6319773 ], [ 139.836063699999983, 35.6333251 ], [ 139.8402542, 35.6338922 ], [ 139.8409838, 35.6430569 ], [ 139.8417294, 35.6507485 ], [ 139.842546699999986, 35.6534039 ], [ 139.84295849999998, 35.6568211 ], [ 139.845543, 35.6567168 ], [ 139.846887, 35.6738495 ], [ 139.8482268, 35.6791345 ], [ 139.845514799999989, 35.6812884 ], [ 139.8475882, 35.688094 ], [ 139.8478893, 35.6905473 ], [ 139.8477063, 35.694967 ], [ 139.8451116, 35.6985576 ], [ 139.8438122, 35.6995356 ], [ 139.835401599999983, 35.7030165 ], [ 139.8306824, 35.7030084 ], [ 139.8288619, 35.7040293 ], [ 139.8186896, 35.7080076 ], [ 139.8196945, 35.6930337 ], [ 139.813385899999986, 35.6926743 ], [ 139.8114689, 35.6919087 ], [ 139.811877, 35.6885571 ], [ 139.8093786, 35.6884424 ], [ 139.80946670000003, 35.686992599999989 ], [ 139.805005, 35.6867757 ], [ 139.804809399999982, 35.6885021 ], [ 139.8004853, 35.6883018 ], [ 139.7991697, 35.6897174 ], [ 139.7963897, 35.689751 ], [ 139.7934802, 35.6908146 ], [ 139.790401299999985, 35.6892929 ], [ 139.79236610000001, 35.6871071 ], [ 139.7926357, 35.6843746 ], [ 139.791858, 35.6825702 ], [ 139.789084299999985, 35.6791619 ], [ 139.787858199999988, 35.6769816 ], [ 139.7871654, 35.672281 ] ] ] ] } },
{ "type": "Feature", "properties": { "hokenjo": "荒川区" }, "geometry": { "type": "MultiPolygon", "coordinates": [ [ [ [ 139.762788799999981, 35.730747099999988 ], [ 139.764748200000014, 35.7301418 ], [ 139.7660529, 35.7275316 ], [ 139.769772099999983, 35.728126 ], [ 139.7751743, 35.7261221 ], [ 139.7767427, 35.7249357 ], [ 139.7814554, 35.7246177 ], [ 139.782231599999989, 35.7261277 ], [ 139.7844571, 35.7278602 ], [ 139.787758199999985, 35.7279746 ], [ 139.7894613, 35.7287432 ], [ 139.7912058, 35.7312182 ], [ 139.7944358, 35.7302307 ], [ 139.7950658, 35.7289715 ], [ 139.801430499999981, 35.7292518 ], [ 139.8097186, 35.7281346 ], [ 139.8113889, 35.7329796 ], [ 139.814145599999989, 35.7362118 ], [ 139.814497, 35.7388049 ], [ 139.8130356, 35.7407354 ], [ 139.8091073, 35.7408604 ], [ 139.8024436, 35.7386313 ], [ 139.794802799999985, 35.7398254 ], [ 139.7924231, 35.7407751 ], [ 139.789975299999981, 35.7428526 ], [ 139.7889351, 35.7443993 ], [ 139.7886881, 35.7470249 ], [ 139.7909076, 35.748489299999989 ], [ 139.791124, 35.7502996 ], [ 139.7887959, 35.7525051 ], [ 139.7846626, 35.7538635 ], [ 139.7824737, 35.7541487 ], [ 139.776104799999985, 35.753681 ], [ 139.771649199999985, 35.7536118 ], [ 139.7644134, 35.7539949 ], [ 139.7579639, 35.7548552 ], [ 139.757587299999983, 35.7531691 ], [ 139.750887, 35.7537057 ], [ 139.7496375, 35.7511879 ], [ 139.749778599999985, 35.7501204 ], [ 139.7521864, 35.7492952 ], [ 139.7547042, 35.7491882 ], [ 139.7553825, 35.7475771 ], [ 139.757800299999985, 35.7476102 ], [ 139.75719909999998, 35.7454618 ], [ 139.7603155, 35.7434518 ], [ 139.7628839, 35.7436571 ], [ 139.765890499999983, 35.7416185 ], [ 139.768176899999986, 35.7414624 ], [ 139.769005199999981, 35.7392593 ], [ 139.7711247, 35.7378988 ], [ 139.7662416, 35.7361574 ], [ 139.7637624, 35.7349338 ], [ 139.7634204, 35.7336924 ], [ 139.7613213, 35.7338099 ], [ 139.7609371, 35.732206 ], [ 139.762788799999981, 35.730747099999988 ] ] ] ] } },
{ "type": "Feature", "properties": { "hokenjo": "渋谷区" }, "geometry": { "type": "MultiPolygon", "coordinates": [ [ [ [ 139.7165584, 35.6734331 ], [ 139.714859599999983, 35.6750781 ], [ 139.712894299999988, 35.6746184 ], [ 139.7129051, 35.6772878 ], [ 139.714789600000017, 35.6808623 ], [ 139.711407399999985, 35.6833673 ], [ 139.707407599999982, 35.6844628 ], [ 139.707112099999989, 35.6861492 ], [ 139.7057802, 35.6880481 ], [ 139.7027101, 35.687772 ], [ 139.7021029, 35.6891695 ], [ 139.695029600000026, 35.6866489 ], [ 139.687673099999984, 35.6815937 ], [ 139.685650899999985, 35.6837873 ], [ 139.684188399999982, 35.687557 ], [ 139.683218899999986, 35.6887164 ], [ 139.684818400000012, 35.6914234 ], [ 139.683990099999988, 35.6919906 ], [ 139.6803356, 35.6897976 ], [ 139.6758328, 35.6858609 ], [ 139.675060600000023, 35.6845112 ], [ 139.671302699999984, 35.6814929 ], [ 139.66796549999998, 35.6800193 ], [ 139.6653916, 35.6769846 ], [ 139.664120699999984, 35.6763479 ], [ 139.6615951, 35.6747507 ], [ 139.661756199999985, 35.6725229 ], [ 139.662059299999981, 35.6714435 ], [ 139.6727043, 35.6722957 ], [ 139.672348, 35.6699829 ], [ 139.672826, 35.6674001 ], [ 139.675002899999981, 35.6638796 ], [ 139.679659, 35.6638154 ], [ 139.6852716, 35.6625937 ], [ 139.687331, 35.6615712 ], [ 139.691142100000036, 35.6566529 ], [ 139.692891299999985, 35.6539584 ], [ 139.6986963, 35.6488554 ], [ 139.7086237, 35.6420076 ], [ 139.710625199999981, 35.6419293 ], [ 139.715236, 35.6426231 ], [ 139.717641, 35.6416612 ], [ 139.7192024, 35.6418476 ], [ 139.7213169, 35.6444092 ], [ 139.722492099999982, 35.6443973 ], [ 139.72356019999998, 35.6467012 ], [ 139.7215697, 35.6538323 ], [ 139.7225306, 35.6555223 ], [ 139.7180453, 35.6569823 ], [ 139.71498, 35.6571428 ], [ 139.7128778, 35.6584501 ], [ 139.713792499999983, 35.6597584 ], [ 139.7121625, 35.6607303 ], [ 139.7085639, 35.664067 ], [ 139.713812599999983, 35.6693489 ], [ 139.7149334, 35.6729945 ], [ 139.7165584, 35.6734331 ] ] ] ] } },
{ "type": "Feature", "properties": { "hokenjo": "新宿区" }, "geometry": { "type": "MultiPolygon", "coordinates": [ [ [ [ 139.7458704, 35.7029111 ], [ 139.744849599999981, 35.7036202 ], [ 139.743403799999982, 35.7077427 ], [ 139.742807699999986, 35.7081324 ], [ 139.7358524, 35.7091822 ], [ 139.735416, 35.7082236 ], [ 139.7324466, 35.7073938 ], [ 139.731844599999988, 35.7092661 ], [ 139.7259879, 35.7092097 ], [ 139.723259, 35.7104141 ], [ 139.7225096, 35.7122658 ], [ 139.714412399999986, 35.7131755 ], [ 139.712113499999987, 35.7147602 ], [ 139.710421, 35.7134591 ], [ 139.707346199999989, 35.7138533 ], [ 139.7058768, 35.7134394 ], [ 139.7045635, 35.7158761 ], [ 139.705938799999984, 35.7188508 ], [ 139.7048652, 35.7204363 ], [ 139.7045996, 35.7230136 ], [ 139.6998169, 35.7235461 ], [ 139.6989729, 35.7224322 ], [ 139.6949343, 35.7218258 ], [ 139.69393789999998, 35.7221908 ], [ 139.686649, 35.7227236 ], [ 139.6844087, 35.7225139 ], [ 139.682722, 35.7236444 ], [ 139.681349899999987, 35.7270444 ], [ 139.677344299999987, 35.7293727 ], [ 139.675692, 35.7258375 ], [ 139.6751856, 35.723706899999989 ], [ 139.675764499999985, 35.7219494 ], [ 139.6736761, 35.7202631 ], [ 139.673584399999982, 35.7186203 ], [ 139.6764111, 35.7196622 ], [ 139.679691099999985, 35.7163736 ], [ 139.6798758, 35.7141875 ], [ 139.6814503, 35.7140131 ], [ 139.6816236, 35.7122144 ], [ 139.680342199999984, 35.7112639 ], [ 139.6827827, 35.7101225 ], [ 139.6878625, 35.7112908 ], [ 139.6900756, 35.7114836 ], [ 139.6943311, 35.71104 ], [ 139.693077499999987, 35.7096319 ], [ 139.6886905, 35.7073372 ], [ 139.6875886, 35.7044997 ], [ 139.687451, 35.7017842 ], [ 139.6884124, 35.6993314 ], [ 139.685612099999986, 35.6942139 ], [ 139.683990099999988, 35.6919906 ], [ 139.684818400000012, 35.6914234 ], [ 139.683218899999986, 35.6887164 ], [ 139.684188399999982, 35.687557 ], [ 139.685650899999985, 35.6837873 ], [ 139.687673099999984, 35.6815937 ], [ 139.695029600000026, 35.6866489 ], [ 139.7021029, 35.6891695 ], [ 139.7027101, 35.687772 ], [ 139.7057802, 35.6880481 ], [ 139.707112099999989, 35.6861492 ], [ 139.707407599999982, 35.6844628 ], [ 139.711407399999985, 35.6833673 ], [ 139.714789600000017, 35.6808623 ], [ 139.7129051, 35.6772878 ], [ 139.712894299999988, 35.6746184 ], [ 139.714859599999983, 35.6750781 ], [ 139.7165584, 35.6734331 ], [ 139.7194757, 35.6744981 ], [ 139.7199484, 35.6753242 ], [ 139.719584, 35.67831 ], [ 139.7249332, 35.6793453 ], [ 139.726748499999985, 35.6792881 ], [ 139.7284563, 35.6828142 ], [ 139.7314994, 35.6814953 ], [ 139.7300147, 35.6853841 ], [ 139.7316586, 35.6896216 ], [ 139.7362836, 35.69219 ], [ 139.7388681, 35.6946919 ], [ 139.7416048, 35.6983908 ], [ 139.7458704, 35.7029111 ] ] ] ] } },
{ "type": "Feature", "properties": { "hokenjo": "杉並" }, "geometry": { "type": "MultiPolygon", "coordinates": [ [ [ [ 139.661756199999985, 35.6725229 ], [ 139.6615951, 35.6747507 ], [ 139.664120699999984, 35.6763479 ], [ 139.6649993, 35.6790154 ], [ 139.6625799, 35.6794337 ], [ 139.659271599999983, 35.6819032 ], [ 139.6605452, 35.6842876 ], [ 139.659219899999982, 35.6866854 ], [ 139.6609355, 35.6867746 ], [ 139.6635308, 35.688127099999988 ], [ 139.6641158, 35.6891987 ], [ 139.666408099999984, 35.6904251 ], [ 139.6675467, 35.6917512 ], [ 139.665992499999987, 35.6949598 ], [ 139.6643747, 35.6954881 ], [ 139.661167799999987, 35.6951959 ], [ 139.6606959, 35.6962026 ], [ 139.6625376, 35.6992412 ], [ 139.66108509999998, 35.7014267 ], [ 139.6609095, 35.7046778 ], [ 139.658199, 35.7050378 ], [ 139.6582218, 35.7092209 ], [ 139.654032, 35.7093323 ], [ 139.651567300000011, 35.7089887 ], [ 139.6428417, 35.7115034 ], [ 139.6416628, 35.712812299999989 ], [ 139.641788099999985, 35.714757 ], [ 139.6369679, 35.7164967 ], [ 139.632188899999989, 35.716947 ], [ 139.631352599999985, 35.7185134 ], [ 139.6318737, 35.7197189 ], [ 139.6289959, 35.72101 ], [ 139.6243326, 35.7294123 ], [ 139.624545399999988, 35.7301456 ], [ 139.6217801, 35.7304489 ], [ 139.6159949, 35.7298314 ], [ 139.6153946, 35.7302853 ], [ 139.609552899999983, 35.7287083 ], [ 139.601948099999987, 35.7260081 ], [ 139.599797599999988, 35.7239145 ], [ 139.5956534, 35.7215447 ], [ 139.5938461, 35.718292 ], [ 139.589453599999985, 35.7202806 ], [ 139.5868122, 35.7197586 ], [ 139.585094199999986, 35.7180178 ], [ 139.5850872, 35.7161023 ], [ 139.586445, 35.7140856 ], [ 139.5866514, 35.7119123 ], [ 139.5914536, 35.7087728 ], [ 139.595473299999981, 35.7054351 ], [ 139.594059099999981, 35.7033117 ], [ 139.5902549, 35.6948195 ], [ 139.5882868, 35.695617 ], [ 139.5867165, 35.6939629 ], [ 139.591894599999989, 35.6908812 ], [ 139.594054799999981, 35.6889968 ], [ 139.5931645, 35.6879896 ], [ 139.5905645, 35.6870009 ], [ 139.5916748, 35.6854157 ], [ 139.5936123, 35.6841279 ], [ 139.5941786, 35.6821407 ], [ 139.5979436, 35.6818168 ], [ 139.6032636, 35.6806493 ], [ 139.60823, 35.6764388 ], [ 139.6091855, 35.6748869 ], [ 139.6087794, 35.6715019 ], [ 139.6109888, 35.6700871 ], [ 139.6161866, 35.6699016 ], [ 139.6165588, 35.6726405 ], [ 139.613289399999985, 35.6729036 ], [ 139.612100199999986, 35.6746288 ], [ 139.612481, 35.6761669 ], [ 139.6216322, 35.672647 ], [ 139.625031799999988, 35.670133 ], [ 139.6250474, 35.6691347 ], [ 139.6325952, 35.6680849 ], [ 139.6391122, 35.6658438 ], [ 139.6412791, 35.6671952 ], [ 139.6452147, 35.6676824 ], [ 139.647731099999987, 35.668431 ], [ 139.65032979999998, 35.6699027 ], [ 139.6551173, 35.6705518 ], [ 139.661756199999985, 35.6725229 ] ] ] ] } },
{ "type": "Feature", "properties": { "hokenjo": "世田谷" }, "geometry": { "type": "MultiPolygon", "coordinates": [ [ [ [ 139.675002899999981, 35.6638796 ], [ 139.672826, 35.6674001 ], [ 139.672348, 35.6699829 ], [ 139.6727043, 35.6722957 ], [ 139.662059299999981, 35.6714435 ], [ 139.661756199999985, 35.6725229 ], [ 139.6551173, 35.6705518 ], [ 139.65032979999998, 35.6699027 ], [ 139.647731099999987, 35.668431 ], [ 139.6452147, 35.6676824 ], [ 139.6412791, 35.6671952 ], [ 139.6391122, 35.6658438 ], [ 139.6325952, 35.6680849 ], [ 139.6250474, 35.6691347 ], [ 139.625031799999988, 35.670133 ], [ 139.6216322, 35.672647 ], [ 139.612481, 35.6761669 ], [ 139.612100199999986, 35.6746288 ], [ 139.613289399999985, 35.6729036 ], [ 139.6165588, 35.6726405 ], [ 139.6161866, 35.6699016 ], [ 139.6109888, 35.6700871 ], [ 139.6087794, 35.6715019 ], [ 139.6091855, 35.6748869 ], [ 139.60823, 35.6764388 ], [ 139.6032636, 35.6806493 ], [ 139.5979436, 35.6818168 ], [ 139.5941786, 35.6821407 ], [ 139.5912437, 35.6816218 ], [ 139.5877323, 35.6817493 ], [ 139.587088900000026, 35.6805548 ], [ 139.5883378, 35.6789301 ], [ 139.5867825, 35.6778082 ], [ 139.586637199999984, 35.6739787 ], [ 139.5826745, 35.6737754 ], [ 139.584539399999983, 35.6721634 ], [ 139.588501399999984, 35.6705137 ], [ 139.5888894, 35.6694096 ], [ 139.589960499999989, 35.6666335 ], [ 139.5877088, 35.6643663 ], [ 139.587428599999981, 35.6625554 ], [ 139.588968599999987, 35.6624451 ], [ 139.589751899999982, 35.6609307 ], [ 139.589888, 35.657250399999988 ], [ 139.590978799999988, 35.6553207 ], [ 139.5923343, 35.6554321 ], [ 139.5930835, 35.6515244 ], [ 139.591961199999986, 35.6513588 ], [ 139.592062299999981, 35.6459099 ], [ 139.58956569999998, 35.6451407 ], [ 139.587638199999986, 35.6461674 ], [ 139.586585899999989, 35.6426471 ], [ 139.584505399999983, 35.640936 ], [ 139.586179499999986, 35.637098 ], [ 139.587790899999987, 35.6349719 ], [ 139.589756699999981, 35.6344196 ], [ 139.591406400000011, 35.6330627 ], [ 139.591270899999984, 35.6310546 ], [ 139.5935486, 35.6265549 ], [ 139.592023399999988, 35.6236274 ], [ 139.5899398, 35.6244616 ], [ 139.589340900000025, 35.6212661 ], [ 139.5902356, 35.6184308 ], [ 139.593100599999985, 35.6175705 ], [ 139.596623099999988, 35.6184988 ], [ 139.600068099999987, 35.6183986 ], [ 139.604737199999988, 35.6158247 ], [ 139.6071964, 35.6156411 ], [ 139.608994199999984, 35.6164772 ], [ 139.612191699999983, 35.615853 ], [ 139.6155814, 35.6133277 ], [ 139.6179406, 35.6138775 ], [ 139.6239728, 35.6109486 ], [ 139.6248747, 35.6097619 ], [ 139.631166399999984, 35.607238 ], [ 139.631799199999989, 35.6057911 ], [ 139.634875, 35.6036277 ], [ 139.6372911, 35.6028244 ], [ 139.6398881, 35.6001303 ], [ 139.6489231, 35.5948755 ], [ 139.650432500000022, 35.592584099999989 ], [ 139.655138599999987, 35.5901464 ], [ 139.65705029999998, 35.5934161 ], [ 139.652974799999981, 35.5959369 ], [ 139.653807, 35.597329699999989 ], [ 139.6557764, 35.596475 ], [ 139.6575326, 35.5989802 ], [ 139.659904499999982, 35.5999663 ], [ 139.662628399999988, 35.5984297 ], [ 139.6650679, 35.5989702 ], [ 139.669670100000019, 35.5991005 ], [ 139.6743023, 35.5937711 ], [ 139.675653499999981, 35.5917869 ], [ 139.680623199999985, 35.5948557 ], [ 139.680280700000026, 35.6006666 ], [ 139.6802596, 35.6028866 ], [ 139.6792977, 35.6055805 ], [ 139.677257699999984, 35.6079394 ], [ 139.673249299999981, 35.6081485 ], [ 139.6685079, 35.6065149 ], [ 139.665107399999982, 35.6074883 ], [ 139.663408799999985, 35.6085277 ], [ 139.663221, 35.6156619 ], [ 139.664866, 35.6167305 ], [ 139.6647702, 35.6182733 ], [ 139.666495699999984, 35.6185255 ], [ 139.6656213, 35.6217599 ], [ 139.6638221, 35.6243188 ], [ 139.6634919, 35.6267024 ], [ 139.6618091, 35.6274846 ], [ 139.662255499999986, 35.6302285 ], [ 139.661483, 35.6317063 ], [ 139.6638452, 35.6319424 ], [ 139.6719938, 35.629708 ], [ 139.676400199999989, 35.6272477 ], [ 139.6779697, 35.6253477 ], [ 139.6798341, 35.6262166 ], [ 139.6820372, 35.6311307 ], [ 139.684239800000029, 35.6342516 ], [ 139.686093699999986, 35.6380449 ], [ 139.6860812, 35.6405382 ], [ 139.6843017, 35.643766 ], [ 139.684715399999988, 35.6457782 ], [ 139.6839095, 35.649204 ], [ 139.684587099999987, 35.6513504 ], [ 139.6831584, 35.6537251 ], [ 139.67949729999998, 35.6573293 ], [ 139.6762354, 35.661486499999988 ], [ 139.675002899999981, 35.6638796 ] ] ] ] } },
{ "type": "Feature", "properties": { "hokenjo": "西多摩" }, "geometry": { "type": "MultiPolygon", "coordinates": [ [ [ [ 139.1699993, 35.6801116 ], [ 139.1707988, 35.6834735 ], [ 139.1714149, 35.6887427 ], [ 139.1739916, 35.6892333 ], [ 139.1789516, 35.689218 ], [ 139.1819869, 35.6880585 ], [ 139.184069599999987, 35.6890527 ], [ 139.186891299999985, 35.6880257 ], [ 139.1913719, 35.6878286 ], [ 139.1932669, 35.6890583 ], [ 139.1956305, 35.6884319 ], [ 139.199390199999982, 35.6882455 ], [ 139.2001616, 35.6901344 ], [ 139.200115, 35.6941622 ], [ 139.2005433, 35.6991294 ], [ 139.204807499999987, 35.6997288 ], [ 139.205348099999981, 35.7032024 ], [ 139.204340299999984, 35.7049569 ], [ 139.2044956, 35.7073888 ], [ 139.2069137, 35.7127597 ], [ 139.2101289, 35.7136188 ], [ 139.214819799999987, 35.7164966 ], [ 139.2172454, 35.7188677 ], [ 139.219040899999982, 35.7168349 ], [ 139.222000899999983, 35.7161994 ], [ 139.2239501, 35.716608 ], [ 139.2262857, 35.715923 ], [ 139.2288571, 35.7162844 ], [ 139.230051799999984, 35.71537 ], [ 139.233126199999987, 35.7153153 ], [ 139.2358312, 35.7144739 ], [ 139.2373446, 35.7133064 ], [ 139.241091499999982, 35.7140455 ], [ 139.2433218, 35.7124794 ], [ 139.2450609, 35.7133547 ], [ 139.2463584, 35.7109442 ], [ 139.2496304, 35.7104928 ], [ 139.2519457, 35.7122619 ], [ 139.255099299999983, 35.71269 ], [ 139.258107099999989, 35.7122433 ], [ 139.260861799999986, 35.7104406 ], [ 139.2689748, 35.7100278 ], [ 139.2707498, 35.7106947 ], [ 139.2722159, 35.7126464 ], [ 139.2719835, 35.7145247 ], [ 139.274322899999987, 35.714975 ], [ 139.2769026, 35.7139656 ], [ 139.281851499999988, 35.7136444 ], [ 139.283179599999983, 35.7127811 ], [ 139.28538039999998, 35.7133522 ], [ 139.2887743, 35.7131419 ], [ 139.2914154, 35.7136508 ], [ 139.294260399999985, 35.7133756 ], [ 139.2958495, 35.7114647 ], [ 139.3034998, 35.7125542 ], [ 139.3049356, 35.7115494 ], [ 139.3084054, 35.7149933 ], [ 139.3084965, 35.7158861 ], [ 139.3135931, 35.7139506 ], [ 139.3158981, 35.7142475 ], [ 139.319237099999981, 35.7190619 ], [ 139.322937199999984, 35.7162802 ], [ 139.3252048, 35.7129207 ], [ 139.3276381, 35.7103962 ], [ 139.329087, 35.7123083 ], [ 139.3312301, 35.7134606 ], [ 139.3324862, 35.7126118 ], [ 139.333488099999983, 35.7134191 ], [ 139.338862200000023, 35.7158648 ], [ 139.3394485, 35.7173888 ], [ 139.338846499999988, 35.7194389 ], [ 139.3416193, 35.7213093 ], [ 139.3430696, 35.7215625 ], [ 139.3462763, 35.7209455 ], [ 139.3490311, 35.721548 ], [ 139.3525598, 35.7229042 ], [ 139.3529437, 35.7248367 ], [ 139.355047499999984, 35.7250785 ], [ 139.355302099999989, 35.7262976 ], [ 139.3533496, 35.7279589 ], [ 139.3524907, 35.7328556 ], [ 139.3534616, 35.7330581 ], [ 139.3529154, 35.7360597 ], [ 139.3590074, 35.7373311 ], [ 139.3598763, 35.7395786 ], [ 139.358469499999984, 35.7412612 ], [ 139.354910499999988, 35.7427689 ], [ 139.3560458, 35.7450864 ], [ 139.35466550000001, 35.7455986 ], [ 139.356403799999981, 35.7466153 ], [ 139.355888, 35.7485567 ], [ 139.356553599999984, 35.7507111 ], [ 139.3581194, 35.75076 ], [ 139.357512499999984, 35.7555322 ], [ 139.360190599999981, 35.7586978 ], [ 139.3608711, 35.7602411 ], [ 139.362623899999988, 35.7602294 ], [ 139.36299, 35.7625239 ], [ 139.365599799999984, 35.7662147 ], [ 139.36738219999998, 35.7677989 ], [ 139.3671206, 35.7692553 ], [ 139.3685223, 35.7710553 ], [ 139.3678189, 35.7729227 ], [ 139.3725504, 35.7711247 ], [ 139.3743231, 35.7690219 ], [ 139.3760292, 35.7702233 ], [ 139.3790257, 35.7711969 ], [ 139.381541, 35.7744955 ], [ 139.381336, 35.7772953 ], [ 139.3801374, 35.7787466 ], [ 139.375521, 35.7804586 ], [ 139.373607599999985, 35.7796886 ], [ 139.3699107, 35.7815416 ], [ 139.3694212, 35.7832553 ], [ 139.3674949, 35.7843783 ], [ 139.3678271, 35.787041099999989 ], [ 139.3698688, 35.7876074 ], [ 139.368714399999988, 35.7902888 ], [ 139.3699206, 35.7917274 ], [ 139.3598422, 35.7916216 ], [ 139.3585747, 35.7929763 ], [ 139.3566547, 35.7934771 ], [ 139.3530581, 35.7929971 ], [ 139.3502647, 35.7934057 ], [ 139.349708599999985, 35.7949069 ], [ 139.3467078, 35.7964052 ], [ 139.3426811, 35.7940319 ], [ 139.338499499999983, 35.7945941 ], [ 139.3348794, 35.7936988 ], [ 139.332783299999988, 35.7918902 ], [ 139.330365799999981, 35.7936169 ], [ 139.3303603, 35.7943385 ], [ 139.3257294, 35.7952119 ], [ 139.323968899999983, 35.7968674 ], [ 139.322245899999984, 35.799608 ], [ 139.321471699999989, 35.8020594 ], [ 139.318803699999989, 35.8077318 ], [ 139.318339, 35.8098293 ], [ 139.316789, 35.8114702 ], [ 139.3167521, 35.8126888 ], [ 139.3150249, 35.8142691 ], [ 139.3150293, 35.8168088 ], [ 139.316496799999982, 35.8193591 ], [ 139.3161591, 35.8236677 ], [ 139.3149216, 35.8252449 ], [ 139.311472399999985, 35.8252788 ], [ 139.306777399999987, 35.8230293 ], [ 139.302591799999988, 35.824050199999988 ], [ 139.3026913, 35.8260138 ], [ 139.3011855, 35.829771 ], [ 139.3017405, 35.8314829 ], [ 139.301168599999983, 35.8349599 ], [ 139.296314099999989, 35.8351396 ], [ 139.2956044, 35.8338454 ], [ 139.292403299999989, 35.8370024 ], [ 139.2909105, 35.8379571 ], [ 139.286156299999988, 35.8369057 ], [ 139.2851619, 35.8360157 ], [ 139.2828844, 35.8371685 ], [ 139.281845799999985, 35.8395196 ], [ 139.2799966, 35.8393096 ], [ 139.271891899999986, 35.8396882 ], [ 139.2682405, 35.8382418 ], [ 139.263663, 35.8374191 ], [ 139.2605044, 35.8360013 ], [ 139.258804600000019, 35.8372716 ], [ 139.2522555, 35.8382491 ], [ 139.2468102, 35.8368929 ], [ 139.242528, 35.8367871 ], [ 139.240961, 35.8401549 ], [ 139.2372135, 35.8402107 ], [ 139.23567460000001, 35.8383352 ], [ 139.2325349, 35.836636 ], [ 139.23066350000002, 35.8367418 ], [ 139.227744299999983, 35.8390457 ], [ 139.2245471, 35.8404991 ], [ 139.2200929, 35.841361 ], [ 139.2193327, 35.842521 ], [ 139.2139435, 35.8454385 ], [ 139.2126494, 35.8466113 ], [ 139.2096802, 35.8461818 ], [ 139.2074677, 35.8464199 ], [ 139.204901, 35.8445666 ], [ 139.2048024, 35.8430279 ], [ 139.2031379, 35.8411991 ], [ 139.199311199999983, 35.8412429 ], [ 139.1958096, 35.840046 ], [ 139.192441500000029, 35.8402715 ], [ 139.1868862, 35.8428651 ], [ 139.184158199999985, 35.8427915 ], [ 139.183628199999987, 35.8435746 ], [ 139.177297899999985, 35.846594 ], [ 139.1743576, 35.8483121 ], [ 139.170995399999981, 35.8486498 ], [ 139.1690932, 35.8499846 ], [ 139.166166799999985, 35.8499676 ], [ 139.1635307, 35.8508682 ], [ 139.162154, 35.8521079 ], [ 139.1594007, 35.8570651 ], [ 139.1551193, 35.8585698 ], [ 139.1502759, 35.8609359 ], [ 139.1475432, 35.8627106 ], [ 139.144360899999981, 35.8628573 ], [ 139.138911799999988, 35.8640112 ], [ 139.135360599999984, 35.865387 ], [ 139.1312376, 35.8644684 ], [ 139.129196700000023, 35.8655609 ], [ 139.1260839, 35.8650367 ], [ 139.1218228, 35.8649292 ], [ 139.119269799999984, 35.8642911 ], [ 139.1160131, 35.864455 ], [ 139.1144464, 35.8653689 ], [ 139.1117342, 35.8646803 ], [ 139.1081897, 35.8656556 ], [ 139.102677500000027, 35.8665791 ], [ 139.1014394, 35.8657161 ], [ 139.0990914, 35.8686744 ], [ 139.094495599999988, 35.8695062 ], [ 139.091656699999987, 35.8690339 ], [ 139.089227699999981, 35.8710336 ], [ 139.083993, 35.8734297 ], [ 139.0825394, 35.874873 ], [ 139.077761899999985, 35.8753402 ], [ 139.0748955, 35.8740894 ], [ 139.0725529, 35.8717238 ], [ 139.0704518, 35.8715466 ], [ 139.0614468, 35.8737066 ], [ 139.059186499999981, 35.8750471 ], [ 139.0578199, 35.877497399999989 ], [ 139.0555751, 35.8774563 ], [ 139.0498421, 35.8788329 ], [ 139.0483265, 35.8812087 ], [ 139.042871, 35.8856013 ], [ 139.0403488, 35.8863074 ], [ 139.037610700000016, 35.889094 ], [ 139.034040399999981, 35.8909304 ], [ 139.029329599999983, 35.8929085 ], [ 139.024973499999987, 35.8959854 ], [ 139.02356039999998, 35.8973584 ], [ 139.020891799999987, 35.8971579 ], [ 139.0183993, 35.898424 ], [ 139.0133788, 35.8982557 ], [ 139.0105479, 35.8970998 ], [ 139.00680509999998, 35.8936379 ], [ 139.006657, 35.8896246 ], [ 139.0049578, 35.8873807 ], [ 139.0028945, 35.8862207 ], [ 139.0007628, 35.8840004 ], [ 138.9958809, 35.884447099999988 ], [ 138.9945822, 35.8832568 ], [ 138.988751399999984, 35.881146799999989 ], [ 138.9852589, 35.8811849 ], [ 138.9836731, 35.8825613 ], [ 138.97892779999998, 35.8850107 ], [ 138.975900200000012, 35.8832374 ], [ 138.9724875, 35.8819799 ], [ 138.9680219, 35.8822135 ], [ 138.9666963, 35.8806399 ], [ 138.9664091, 35.8789746 ], [ 138.9652041, 35.8777857 ], [ 138.9620755, 35.8767521 ], [ 138.96008329999998, 35.8767821 ], [ 138.954458499999987, 35.8749105 ], [ 138.9543946, 35.8741785 ], [ 138.9492622, 35.8690191 ], [ 138.9463721, 35.8686777 ], [ 138.945143699999988, 35.8679285 ], [ 138.946535899999986, 35.8643583 ], [ 138.9428676, 35.8601621 ], [ 138.943020099999984, 35.8572035 ], [ 138.9439334, 35.8548188 ], [ 138.946804, 35.8528405 ], [ 138.948547599999984, 35.8495444 ], [ 138.947865899999982, 35.8477557 ], [ 138.947975899999989, 35.8448213 ], [ 138.9473389, 35.8432971 ], [ 138.9491195, 35.840471 ], [ 138.953262, 35.8365174 ], [ 138.9585409, 35.8326924 ], [ 138.9595137, 35.8312138 ], [ 138.9621953, 35.8296076 ], [ 138.964253899999989, 35.8293815 ], [ 138.9692967, 35.8313829 ], [ 138.9704792, 35.8273571 ], [ 138.969647, 35.8227301 ], [ 138.970074499999981, 35.8212815 ], [ 138.969453099999981, 35.8188451 ], [ 138.96977, 35.8158526 ], [ 138.9720595, 35.8136974 ], [ 138.972213899999986, 35.8111254 ], [ 138.9710833, 35.8099815 ], [ 138.970321700000028, 35.8045843 ], [ 138.9714022, 35.8030757 ], [ 138.9711058, 35.8014196 ], [ 138.9717961, 35.7989982 ], [ 138.973408899999981, 35.7978076 ], [ 138.9745194, 35.7951498 ], [ 138.9771053, 35.7927518 ], [ 138.9760789, 35.791865699999988 ], [ 138.976875799999988, 35.789029 ], [ 138.9795202, 35.7870879 ], [ 138.981876600000021, 35.7870762 ], [ 138.9850453, 35.7852676 ], [ 138.984983, 35.783454 ], [ 138.986425199999985, 35.7822529 ], [ 138.985321299999981, 35.7744168 ], [ 138.9836616, 35.772016799999989 ], [ 138.9843969, 35.7677649 ], [ 138.986511899999982, 35.7664635 ], [ 138.9873408, 35.7650282 ], [ 138.9893621, 35.7634896 ], [ 138.9912349, 35.7591429 ], [ 138.9927521, 35.7575835 ], [ 138.9924316, 35.7555176 ], [ 138.995610699999986, 35.7537682 ], [ 138.9988282, 35.7511382 ], [ 139.001938199999984, 35.750146 ], [ 139.0051554, 35.7504515 ], [ 139.0056899, 35.7481329 ], [ 139.010389299999986, 35.7422921 ], [ 139.012290899999982, 35.7386691 ], [ 139.0137948, 35.7349893 ], [ 139.0179603, 35.7311094 ], [ 139.019168399999984, 35.7289757 ], [ 139.020899499999985, 35.7272807 ], [ 139.0219873, 35.7250388 ], [ 139.0225284, 35.7219913 ], [ 139.024662, 35.7198874 ], [ 139.0289775, 35.716768 ], [ 139.0323498, 35.7162149 ], [ 139.0347778, 35.7149588 ], [ 139.038715, 35.7112869 ], [ 139.042838099999983, 35.7097483 ], [ 139.046672799999982, 35.7094841 ], [ 139.0484217, 35.7080058 ], [ 139.050681699999984, 35.7073689 ], [ 139.052022199999982, 35.7049044 ], [ 139.058537799999982, 35.7020736 ], [ 139.063117799999986, 35.7004628 ], [ 139.06486049999998, 35.698154699999989 ], [ 139.066736099999986, 35.6984017 ], [ 139.070606699999985, 35.6976261 ], [ 139.072109399999988, 35.6954084 ], [ 139.0748083, 35.6955586 ], [ 139.0765453, 35.6949036 ], [ 139.07792139999998, 35.695625 ], [ 139.081660299999982, 35.6955167 ], [ 139.088127499999985, 35.6916284 ], [ 139.092245, 35.6905706 ], [ 139.092966099999984, 35.6914662 ], [ 139.0954247, 35.6910698 ], [ 139.0971075, 35.692265899999988 ], [ 139.1056247, 35.6910159 ], [ 139.1082634, 35.6897417 ], [ 139.110493599999984, 35.6877404 ], [ 139.112615, 35.6849637 ], [ 139.1163359, 35.6838851 ], [ 139.119347299999987, 35.6805132 ], [ 139.1227097, 35.6783771 ], [ 139.126851099999982, 35.6768629 ], [ 139.1287192, 35.6753793 ], [ 139.131036400000028, 35.6720454 ], [ 139.1335153, 35.6728965 ], [ 139.1367314, 35.6724121 ], [ 139.1389309, 35.6705443 ], [ 139.1428539, 35.669956 ], [ 139.14290029999998, 35.6693518 ], [ 139.1471603, 35.6668171 ], [ 139.151396399999982, 35.6667174 ], [ 139.1535978, 35.6660216 ], [ 139.1616037, 35.667906599999988 ], [ 139.164773700000012, 35.6704469 ], [ 139.1659846, 35.6749949 ], [ 139.1680462, 35.6769938 ], [ 139.1699993, 35.6801116 ] ] ] ] } },
{ "type": "Feature", "properties": { "hokenjo": "千代田" }, "geometry": { "type": "MultiPolygon", "coordinates": [ [ [ [ 139.7730149, 35.7048999 ], [ 139.7701386, 35.7053516 ], [ 139.769895, 35.7033669 ], [ 139.7680608, 35.703466 ], [ 139.7664011, 35.7017824 ], [ 139.7684983, 35.7001416 ], [ 139.766023, 35.6996399 ], [ 139.763456599999984, 35.7003263 ], [ 139.7613002, 35.7015866 ], [ 139.7571977, 35.7017185 ], [ 139.749723499999988, 35.7030311 ], [ 139.7458704, 35.7029111 ], [ 139.7416048, 35.6983908 ], [ 139.7388681, 35.6946919 ], [ 139.7362836, 35.69219 ], [ 139.7316586, 35.6896216 ], [ 139.7300147, 35.6853841 ], [ 139.7314994, 35.6814953 ], [ 139.733833799999985, 35.678878 ], [ 139.736775199999983, 35.678873 ], [ 139.7390613, 35.6740255 ], [ 139.743206, 35.6714297 ], [ 139.7466474, 35.6704683 ], [ 139.747802399999983, 35.6696175 ], [ 139.749961600000034, 35.6708308 ], [ 139.7543169, 35.669905 ], [ 139.7636842, 35.6725127 ], [ 139.7703223, 35.6784105 ], [ 139.7709007, 35.6845085 ], [ 139.7696757, 35.6869116 ], [ 139.7704321, 35.689298 ], [ 139.7745313, 35.6906138 ], [ 139.7802269, 35.6929755 ], [ 139.7825886, 35.6947177 ], [ 139.782543299999986, 35.696571299999988 ], [ 139.7826608, 35.6978554 ], [ 139.7799775, 35.698078 ], [ 139.7803936, 35.7003313 ], [ 139.7766441, 35.7006157 ], [ 139.7731705, 35.7018788 ], [ 139.7730149, 35.7048999 ] ] ] ] } },
{ "type": "Feature", "properties": { "hokenjo": "足立" }, "geometry": { "type": "MultiPolygon", "coordinates": [ [ [ [ 139.8203629, 35.7434287 ], [ 139.817164599999984, 35.7491387 ], [ 139.81453879999998, 35.7523373 ], [ 139.8134671, 35.7544696 ], [ 139.8132105, 35.7590162 ], [ 139.8135402, 35.7596662 ], [ 139.8171633, 35.7607326 ], [ 139.8197372, 35.760449 ], [ 139.8202527, 35.7559787 ], [ 139.823541, 35.755869 ], [ 139.824397200000021, 35.7613562 ], [ 139.8262469, 35.7616848 ], [ 139.825423799999982, 35.7591254 ], [ 139.827549399999981, 35.757350099999989 ], [ 139.8298666, 35.7576612 ], [ 139.831002499999983, 35.759079799999988 ], [ 139.831006699999989, 35.7627384 ], [ 139.8323436, 35.7638365 ], [ 139.8358658, 35.7630137 ], [ 139.837477799999988, 35.7631876 ], [ 139.8376745, 35.765762599999988 ], [ 139.841690299999982, 35.7664443 ], [ 139.843595599999986, 35.7683937 ], [ 139.845797600000026, 35.7695151 ], [ 139.8512992, 35.7698823 ], [ 139.852179799999988, 35.7657492 ], [ 139.8565706, 35.7644267 ], [ 139.858072599999986, 35.7658726 ], [ 139.8588004, 35.7679095 ], [ 139.8577637, 35.7708262 ], [ 139.8543171, 35.7748223 ], [ 139.8496671, 35.7796759 ], [ 139.8480549, 35.7818723 ], [ 139.8452657, 35.7877067 ], [ 139.844320499999981, 35.7911914 ], [ 139.8442655, 35.7938523 ], [ 139.8467478, 35.7965064 ], [ 139.8433867, 35.7997981 ], [ 139.838007799999986, 35.8008064 ], [ 139.8366097, 35.8001553 ], [ 139.8327655, 35.7956795 ], [ 139.8308524, 35.7946292 ], [ 139.8260502, 35.7933604 ], [ 139.824441799999988, 35.7949462 ], [ 139.822476, 35.7956501 ], [ 139.8204863, 35.7975393 ], [ 139.8196452, 35.7995873 ], [ 139.8207519, 35.8055353 ], [ 139.8229211, 35.8094067 ], [ 139.824645, 35.8106459 ], [ 139.824927, 35.8119045 ], [ 139.823392, 35.814152 ], [ 139.8210556, 35.815077 ], [ 139.819653599999981, 35.8117798 ], [ 139.8179297, 35.8104248 ], [ 139.813297799999987, 35.8083209 ], [ 139.8096083, 35.8083104 ], [ 139.80471110000002, 35.8087948 ], [ 139.8023038, 35.8085531 ], [ 139.798841, 35.806194 ], [ 139.795353299999988, 35.8053434 ], [ 139.792431, 35.8052909 ], [ 139.78792439999998, 35.8066893 ], [ 139.7814946, 35.8071457 ], [ 139.779234299999985, 35.8082487 ], [ 139.7771502, 35.8110184 ], [ 139.7717552, 35.8168748 ], [ 139.770297699999986, 35.8174857 ], [ 139.7662188, 35.8174748 ], [ 139.76578379999998, 35.8157448 ], [ 139.7612743, 35.8128882 ], [ 139.757146299999988, 35.8120563 ], [ 139.755201199999988, 35.8107315 ], [ 139.751908499999985, 35.8109376 ], [ 139.7507732, 35.8101707 ], [ 139.750655699999982, 35.8066687 ], [ 139.7552987, 35.803184 ], [ 139.756276499999984, 35.8017451 ], [ 139.7598126, 35.7989332 ], [ 139.7607692, 35.7974104 ], [ 139.7599698, 35.7943376 ], [ 139.7555961, 35.790029 ], [ 139.756262199999981, 35.7886393 ], [ 139.7550008, 35.7868957 ], [ 139.752282799999989, 35.7862304 ], [ 139.7488558, 35.7859996 ], [ 139.746703, 35.7868163 ], [ 139.746294399999982, 35.7838876 ], [ 139.7426183, 35.7816963 ], [ 139.738049099999984, 35.7802207 ], [ 139.7378754, 35.777428199999989 ], [ 139.7361735, 35.7741626 ], [ 139.7357532, 35.7716326 ], [ 139.7367271, 35.7702193 ], [ 139.7404254, 35.7691874 ], [ 139.745726499999989, 35.7671313 ], [ 139.751277099999982, 35.7674324 ], [ 139.754975699999989, 35.768384 ], [ 139.7579385, 35.7701782 ], [ 139.7597035, 35.7687868 ], [ 139.7601043, 35.7667599 ], [ 139.758165099999985, 35.7645932 ], [ 139.7488878, 35.7598107 ], [ 139.748342799999989, 35.758091 ], [ 139.7500676, 35.7564602 ], [ 139.7579639, 35.7548552 ], [ 139.7644134, 35.7539949 ], [ 139.771649199999985, 35.7536118 ], [ 139.776104799999985, 35.753681 ], [ 139.7824737, 35.7541487 ], [ 139.7846626, 35.7538635 ], [ 139.7887959, 35.7525051 ], [ 139.791124, 35.7502996 ], [ 139.7909076, 35.748489299999989 ], [ 139.7886881, 35.7470249 ], [ 139.7889351, 35.7443993 ], [ 139.789975299999981, 35.7428526 ], [ 139.7924231, 35.7407751 ], [ 139.794802799999985, 35.7398254 ], [ 139.8024436, 35.7386313 ], [ 139.8091073, 35.7408604 ], [ 139.8130356, 35.7407354 ], [ 139.814497, 35.7388049 ], [ 139.8165832, 35.7414648 ], [ 139.8203629, 35.7434287 ] ] ] ] } },
{ "type": "Feature", "properties": { "hokenjo": "多摩小平" }, "geometry": { "type": "MultiPolygon", "coordinates": [ [ [ [ 139.5147608, 35.7172131 ], [ 139.523147199999983, 35.7190656 ], [ 139.5229261, 35.7178061 ], [ 139.526451399999985, 35.7172831 ], [ 139.5269133, 35.7185136 ], [ 139.5300005, 35.7175011 ], [ 139.529422700000026, 35.7127925 ], [ 139.5318883, 35.7125964 ], [ 139.5373611, 35.71132 ], [ 139.5408689, 35.7131522 ], [ 139.5494061, 35.7169186 ], [ 139.5545836, 35.7207767 ], [ 139.5572228, 35.7217283 ], [ 139.5618981, 35.7219728 ], [ 139.565639799999985, 35.7216569 ], [ 139.5652576, 35.7242678 ], [ 139.565999799999986, 35.7270478 ], [ 139.569423699999987, 35.7341561 ], [ 139.5673301, 35.7363608 ], [ 139.5682521, 35.7380803 ], [ 139.5681641, 35.7427594 ], [ 139.566765500000031, 35.7474313 ], [ 139.5688308, 35.7475886 ], [ 139.567795499999988, 35.7500605 ], [ 139.5690105, 35.751922199999989 ], [ 139.567696899999987, 35.7532238 ], [ 139.567770199999984, 35.7550655 ], [ 139.5627858, 35.7615952 ], [ 139.561834399999981, 35.759603 ], [ 139.5577844, 35.759583 ], [ 139.555392200000028, 35.7577466 ], [ 139.5552463, 35.7557361 ], [ 139.5520449, 35.7559636 ], [ 139.550061, 35.7543752 ], [ 139.547158199999984, 35.7533841 ], [ 139.546779099999981, 35.7550891 ], [ 139.5445844, 35.7547608 ], [ 139.545123499999988, 35.7575819 ], [ 139.5469797, 35.7603027 ], [ 139.546688, 35.7626924 ], [ 139.5476361, 35.7661721 ], [ 139.5470233, 35.768008 ], [ 139.547837499999986, 35.7739805 ], [ 139.5465686, 35.7741407 ], [ 139.5416672, 35.7719991 ], [ 139.536607799999985, 35.7702596 ], [ 139.532786099999981, 35.7694435 ], [ 139.530301900000012, 35.7683491 ], [ 139.5270491, 35.7682616 ], [ 139.5213783, 35.7675699 ], [ 139.516374899999988, 35.7655733 ], [ 139.52055439999998, 35.7700277 ], [ 139.52304909999998, 35.7719363 ], [ 139.525951599999985, 35.7721405 ], [ 139.5284461, 35.7730438 ], [ 139.5322344, 35.7734152 ], [ 139.5359542, 35.7751783 ], [ 139.537493899999987, 35.7768785 ], [ 139.54297889999998, 35.7798074 ], [ 139.543797, 35.7828357 ], [ 139.5437929, 35.7881943 ], [ 139.540773500000029, 35.7898554 ], [ 139.537579, 35.7907588 ], [ 139.5398271, 35.7937418 ], [ 139.544086599999986, 35.7964957 ], [ 139.5462224, 35.799234 ], [ 139.547199399999982, 35.8026582 ], [ 139.5452588, 35.8045763 ], [ 139.5442919, 35.8066363 ], [ 139.5416952, 35.8073068 ], [ 139.5368599, 35.8039435 ], [ 139.532496, 35.7983068 ], [ 139.531766799999986, 35.7968352 ], [ 139.5292637, 35.7941288 ], [ 139.525515100000035, 35.7918849 ], [ 139.52255839999998, 35.7892296 ], [ 139.5202828, 35.7883696 ], [ 139.516840299999984, 35.7889527 ], [ 139.5140398, 35.7885007 ], [ 139.513145, 35.7860138 ], [ 139.511905, 35.7850813 ], [ 139.5084625, 35.7846585 ], [ 139.506703, 35.7827702 ], [ 139.5037419, 35.7828574 ], [ 139.4993805, 35.7821727 ], [ 139.49803129999998, 35.7812077 ], [ 139.4967791, 35.7787002 ], [ 139.49598469999998, 35.7816019 ], [ 139.4934941, 35.7817002 ], [ 139.4937511, 35.7795805 ], [ 139.490895200000011, 35.7804886 ], [ 139.4895794, 35.7791472 ], [ 139.4849849, 35.7808016 ], [ 139.481460199999987, 35.7805558 ], [ 139.479499299999986, 35.7799374 ], [ 139.4785546, 35.7784961 ], [ 139.475466, 35.7769055 ], [ 139.474511, 35.7753416 ], [ 139.4711551, 35.7734038 ], [ 139.469846499999989, 35.7742066 ], [ 139.4649315, 35.7737563 ], [ 139.4631948, 35.7728741 ], [ 139.4612529, 35.7733816 ], [ 139.458917899999989, 35.771665 ], [ 139.4585612, 35.7696766 ], [ 139.451349199999981, 35.7693275 ], [ 139.4462083, 35.7679447 ], [ 139.4449683, 35.76666 ], [ 139.440771899999987, 35.7670022 ], [ 139.4400039, 35.7637408 ], [ 139.4409066, 35.762202699999989 ], [ 139.440548299999989, 35.7602244 ], [ 139.4441536, 35.7557472 ], [ 139.446199399999983, 35.7556569 ], [ 139.4475257, 35.7526008 ], [ 139.4468991, 35.7520358 ], [ 139.4475424, 35.7492453 ], [ 139.448765399999985, 35.7478336 ], [ 139.451176, 35.7464895 ], [ 139.450694, 35.7419928 ], [ 139.4515168, 35.7399745 ], [ 139.4501401, 35.7388931 ], [ 139.4509884, 35.7369947 ], [ 139.4470959, 35.7352178 ], [ 139.4455331, 35.7350342 ], [ 139.442473399999983, 35.7363534 ], [ 139.435915599999987, 35.7332406 ], [ 139.428676699999983, 35.7300587 ], [ 139.4264383, 35.730170099999988 ], [ 139.424449399999986, 35.7296803 ], [ 139.433582799999982, 35.7270845 ], [ 139.4356283, 35.7247559 ], [ 139.446122, 35.7228753 ], [ 139.4578931, 35.7208145 ], [ 139.4586664, 35.7178904 ], [ 139.4649067, 35.716849 ], [ 139.4720212, 35.7153837 ], [ 139.471938100000017, 35.7110284 ], [ 139.4765859, 35.7089295 ], [ 139.478493899999989, 35.7087006 ], [ 139.4802384, 35.714364 ], [ 139.4857187, 35.7083754 ], [ 139.4862023, 35.708662 ], [ 139.4916198, 35.7080693 ], [ 139.4923354, 35.7099626 ], [ 139.4953973, 35.7096376 ], [ 139.495900399999982, 35.7131637 ], [ 139.5005768, 35.7123267 ], [ 139.507821, 35.7122181 ], [ 139.508591, 35.7163645 ], [ 139.5147608, 35.7172131 ] ] ] ] } },
{ "type": "Feature", "properties": { "hokenjo": "多摩府中" }, "geometry": { "type": "MultiPolygon", "coordinates": [ [ [ [ 139.586585899999989, 35.6426471 ], [ 139.587638199999986, 35.6461674 ], [ 139.58956569999998, 35.6451407 ], [ 139.592062299999981, 35.6459099 ], [ 139.591961199999986, 35.6513588 ], [ 139.5930835, 35.6515244 ], [ 139.5923343, 35.6554321 ], [ 139.590978799999988, 35.6553207 ], [ 139.589888, 35.657250399999988 ], [ 139.589751899999982, 35.6609307 ], [ 139.588968599999987, 35.6624451 ], [ 139.587428599999981, 35.6625554 ], [ 139.5877088, 35.6643663 ], [ 139.589960499999989, 35.6666335 ], [ 139.5888894, 35.6694096 ], [ 139.588501399999984, 35.6705137 ], [ 139.584539399999983, 35.6721634 ], [ 139.5826745, 35.6737754 ], [ 139.586637199999984, 35.6739787 ], [ 139.5867825, 35.6778082 ], [ 139.5883378, 35.6789301 ], [ 139.587088900000026, 35.6805548 ], [ 139.5877323, 35.6817493 ], [ 139.5912437, 35.6816218 ], [ 139.5941786, 35.6821407 ], [ 139.5936123, 35.6841279 ], [ 139.5916748, 35.6854157 ], [ 139.5905645, 35.6870009 ], [ 139.5931645, 35.6879896 ], [ 139.594054799999981, 35.6889968 ], [ 139.591894599999989, 35.6908812 ], [ 139.5867165, 35.6939629 ], [ 139.5882868, 35.695617 ], [ 139.5902549, 35.6948195 ], [ 139.594059099999981, 35.7033117 ], [ 139.595473299999981, 35.7054351 ], [ 139.5914536, 35.7087728 ], [ 139.5866514, 35.7119123 ], [ 139.5820314, 35.7139436 ], [ 139.579439200000024, 35.7155592 ], [ 139.57632, 35.7182281 ], [ 139.573954499999985, 35.7194286 ], [ 139.565639799999985, 35.7216569 ], [ 139.5618981, 35.7219728 ], [ 139.5572228, 35.7217283 ], [ 139.5545836, 35.7207767 ], [ 139.5494061, 35.7169186 ], [ 139.5408689, 35.7131522 ], [ 139.5373611, 35.71132 ], [ 139.5318883, 35.7125964 ], [ 139.529422700000026, 35.7127925 ], [ 139.5300005, 35.7175011 ], [ 139.5269133, 35.7185136 ], [ 139.526451399999985, 35.7172831 ], [ 139.5229261, 35.7178061 ], [ 139.523147199999983, 35.7190656 ], [ 139.5147608, 35.7172131 ], [ 139.508591, 35.7163645 ], [ 139.507821, 35.7122181 ], [ 139.5005768, 35.7123267 ], [ 139.495900399999982, 35.7131637 ], [ 139.4953973, 35.7096376 ], [ 139.4923354, 35.7099626 ], [ 139.4916198, 35.7080693 ], [ 139.4862023, 35.708662 ], [ 139.4857187, 35.7083754 ], [ 139.4874326, 35.7064562 ], [ 139.486588399999988, 35.7042815 ], [ 139.485520899999983, 35.7043293 ], [ 139.4844578, 35.7022554 ], [ 139.4914412, 35.700249 ], [ 139.4909245, 35.6970937 ], [ 139.4895875, 35.6954512 ], [ 139.4880844, 35.694974 ], [ 139.486459199999985, 35.6921665 ], [ 139.483526399999988, 35.6912554 ], [ 139.4782174, 35.6903718 ], [ 139.477372699999989, 35.6893401 ], [ 139.473507399999988, 35.6891226 ], [ 139.4678413, 35.6883501 ], [ 139.4655827, 35.6887826 ], [ 139.465890799999983, 35.6915646 ], [ 139.467791299999988, 35.6924976 ], [ 139.466816099999988, 35.6953354 ], [ 139.463773299999986, 35.6954315 ], [ 139.464033299999983, 35.6972471 ], [ 139.462972399999984, 35.6998729 ], [ 139.460248799999988, 35.699849 ], [ 139.4594052, 35.6923868 ], [ 139.4560366, 35.6912762 ], [ 139.453584, 35.687664 ], [ 139.452930399999985, 35.6835568 ], [ 139.4513604, 35.6806599 ], [ 139.4516226, 35.679381 ], [ 139.4507267, 35.6766504 ], [ 139.4511517, 35.6735738 ], [ 139.453429799999981, 35.6716621 ], [ 139.450805299999985, 35.6715549 ], [ 139.4468362, 35.6731054 ], [ 139.441911399999981, 35.6720949 ], [ 139.4414773, 35.6707154 ], [ 139.4370084, 35.672184 ], [ 139.43606939999998, 35.6715207 ], [ 139.4317289, 35.6726771 ], [ 139.4298278, 35.6708185 ], [ 139.431043099999982, 35.6698968 ], [ 139.4367444, 35.6639163 ], [ 139.4407005, 35.6601868 ], [ 139.44201529999998, 35.657961 ], [ 139.4516064, 35.6554724 ], [ 139.455271899999985, 35.654328 ], [ 139.467881899999981, 35.651208 ], [ 139.4725503, 35.649281 ], [ 139.473807, 35.6493335 ], [ 139.4739973, 35.6507469 ], [ 139.479245599999985, 35.6519771 ], [ 139.4864618, 35.6526546 ], [ 139.489018099999981, 35.6514996 ], [ 139.490374799999984, 35.652031 ], [ 139.4961248, 35.6518824 ], [ 139.4994615, 35.6514485 ], [ 139.503122599999983, 35.6499385 ], [ 139.5067976, 35.650879 ], [ 139.5120943, 35.651201799999988 ], [ 139.5168352, 35.6493046 ], [ 139.5208351, 35.6461948 ], [ 139.5239226, 35.6434318 ], [ 139.5253888, 35.6426476 ], [ 139.5308876, 35.6419584 ], [ 139.535951, 35.6394823 ], [ 139.5477209, 35.6366935 ], [ 139.5494282, 35.6343746 ], [ 139.5551093, 35.6342151 ], [ 139.558564, 35.633746 ], [ 139.5619706, 35.6325907 ], [ 139.562657299999984, 35.6313904 ], [ 139.5661762, 35.6294516 ], [ 139.565630299999981, 35.6272018 ], [ 139.5677076, 35.6269385 ], [ 139.571117499999986, 35.6244107 ], [ 139.5773456, 35.6218213 ], [ 139.5800439, 35.6220202 ], [ 139.582785, 35.6215977 ], [ 139.5863864, 35.6204552 ], [ 139.5902356, 35.6184308 ], [ 139.589340900000025, 35.6212661 ], [ 139.5899398, 35.6244616 ], [ 139.592023399999988, 35.6236274 ], [ 139.5935486, 35.6265549 ], [ 139.591270899999984, 35.6310546 ], [ 139.591406400000011, 35.6330627 ], [ 139.589756699999981, 35.6344196 ], [ 139.587790899999987, 35.6349719 ], [ 139.586179499999986, 35.637098 ], [ 139.584505399999983, 35.640936 ], [ 139.586585899999989, 35.6426471 ] ] ] ] } },
{ "type": "Feature", "properties": { "hokenjo": "多摩立川" }, "geometry": { "type": "MultiPolygon", "coordinates": [ [ [ [ 139.4560366, 35.6912762 ], [ 139.4594052, 35.6923868 ], [ 139.460248799999988, 35.699849 ], [ 139.462972399999984, 35.6998729 ], [ 139.464033299999983, 35.6972471 ], [ 139.463773299999986, 35.6954315 ], [ 139.466816099999988, 35.6953354 ], [ 139.467791299999988, 35.6924976 ], [ 139.465890799999983, 35.6915646 ], [ 139.4655827, 35.6887826 ], [ 139.4678413, 35.6883501 ], [ 139.473507399999988, 35.6891226 ], [ 139.477372699999989, 35.6893401 ], [ 139.4782174, 35.6903718 ], [ 139.483526399999988, 35.6912554 ], [ 139.486459199999985, 35.6921665 ], [ 139.4880844, 35.694974 ], [ 139.4895875, 35.6954512 ], [ 139.4909245, 35.6970937 ], [ 139.4914412, 35.700249 ], [ 139.4844578, 35.7022554 ], [ 139.485520899999983, 35.7043293 ], [ 139.486588399999988, 35.7042815 ], [ 139.4874326, 35.7064562 ], [ 139.4857187, 35.7083754 ], [ 139.4802384, 35.714364 ], [ 139.478493899999989, 35.7087006 ], [ 139.4765859, 35.7089295 ], [ 139.471938100000017, 35.7110284 ], [ 139.4720212, 35.7153837 ], [ 139.4649067, 35.716849 ], [ 139.4586664, 35.7178904 ], [ 139.4578931, 35.7208145 ], [ 139.446122, 35.7228753 ], [ 139.4356283, 35.7247559 ], [ 139.433582799999982, 35.7270845 ], [ 139.424449399999986, 35.7296803 ], [ 139.4264383, 35.730170099999988 ], [ 139.428676699999983, 35.7300587 ], [ 139.435915599999987, 35.7332406 ], [ 139.442473399999983, 35.7363534 ], [ 139.4455331, 35.7350342 ], [ 139.4470959, 35.7352178 ], [ 139.4509884, 35.7369947 ], [ 139.4501401, 35.7388931 ], [ 139.4515168, 35.7399745 ], [ 139.450694, 35.7419928 ], [ 139.451176, 35.7464895 ], [ 139.448765399999985, 35.7478336 ], [ 139.4475424, 35.7492453 ], [ 139.4468991, 35.7520358 ], [ 139.4475257, 35.7526008 ], [ 139.446199399999983, 35.7556569 ], [ 139.4441536, 35.7557472 ], [ 139.440548299999989, 35.7602244 ], [ 139.4409066, 35.762202699999989 ], [ 139.4400039, 35.7637408 ], [ 139.440771899999987, 35.7670022 ], [ 139.439629699999983, 35.7691611 ], [ 139.4382697, 35.7679555 ], [ 139.43545690000002, 35.7671208 ], [ 139.4332202, 35.7673455 ], [ 139.4315536, 35.7663439 ], [ 139.4288216, 35.7669589 ], [ 139.427623, 35.7664458 ], [ 139.4222124, 35.767803 ], [ 139.4195608, 35.765905 ], [ 139.415903, 35.7662747 ], [ 139.40950909999998, 35.7686894 ], [ 139.4077757, 35.7684436 ], [ 139.404884899999985, 35.769159699999989 ], [ 139.4002816, 35.7677514 ], [ 139.3984504, 35.764405 ], [ 139.3959112, 35.7642444 ], [ 139.3916846, 35.7633541 ], [ 139.390458199999983, 35.7640758 ], [ 139.3918165, 35.7668314 ], [ 139.3896015, 35.7671358 ], [ 139.3848443, 35.7652177 ], [ 139.3802231, 35.766375 ], [ 139.3790257, 35.7711969 ], [ 139.3760292, 35.7702233 ], [ 139.3743231, 35.7690219 ], [ 139.3725504, 35.7711247 ], [ 139.3678189, 35.7729227 ], [ 139.3685223, 35.7710553 ], [ 139.3671206, 35.7692553 ], [ 139.36738219999998, 35.7677989 ], [ 139.365599799999984, 35.7662147 ], [ 139.36299, 35.7625239 ], [ 139.362623899999988, 35.7602294 ], [ 139.3608711, 35.7602411 ], [ 139.360190599999981, 35.7586978 ], [ 139.357512499999984, 35.7555322 ], [ 139.3581194, 35.75076 ], [ 139.356553599999984, 35.7507111 ], [ 139.355888, 35.7485567 ], [ 139.356403799999981, 35.7466153 ], [ 139.35466550000001, 35.7455986 ], [ 139.3560458, 35.7450864 ], [ 139.354910499999988, 35.7427689 ], [ 139.358469499999984, 35.7412612 ], [ 139.3598763, 35.7395786 ], [ 139.3590074, 35.7373311 ], [ 139.3529154, 35.7360597 ], [ 139.3534616, 35.7330581 ], [ 139.3524907, 35.7328556 ], [ 139.3533496, 35.7279589 ], [ 139.355302099999989, 35.7262976 ], [ 139.355047499999984, 35.7250785 ], [ 139.3529437, 35.7248367 ], [ 139.3525598, 35.7229042 ], [ 139.3490311, 35.721548 ], [ 139.3462763, 35.7209455 ], [ 139.3430696, 35.7215625 ], [ 139.3416193, 35.7213093 ], [ 139.338846499999988, 35.7194389 ], [ 139.3394485, 35.7173888 ], [ 139.338862200000023, 35.7158648 ], [ 139.333488099999983, 35.7134191 ], [ 139.3324862, 35.7126118 ], [ 139.3314408, 35.7118761 ], [ 139.3313217, 35.7097666 ], [ 139.3330042, 35.7051156 ], [ 139.3368217, 35.7015111 ], [ 139.3356686, 35.6992206 ], [ 139.3360333, 35.6961047 ], [ 139.340387199999981, 35.6936534 ], [ 139.346446899999989, 35.6919847 ], [ 139.352197499999988, 35.6924859 ], [ 139.3538517, 35.6931259 ], [ 139.363326699999988, 35.6937445 ], [ 139.3676255, 35.6921414 ], [ 139.3762664, 35.6916314 ], [ 139.385088599999989, 35.6912826 ], [ 139.3876933, 35.6903817 ], [ 139.3951358, 35.6891795 ], [ 139.4056386, 35.6855998 ], [ 139.4131497, 35.6834501 ], [ 139.4175684, 35.6827607 ], [ 139.419001399999985, 35.6821671 ], [ 139.422407199999981, 35.6791421 ], [ 139.427791900000017, 35.6727215 ], [ 139.4298278, 35.6708185 ], [ 139.4317289, 35.6726771 ], [ 139.43606939999998, 35.6715207 ], [ 139.4370084, 35.672184 ], [ 139.4414773, 35.6707154 ], [ 139.441911399999981, 35.6720949 ], [ 139.4468362, 35.6731054 ], [ 139.450805299999985, 35.6715549 ], [ 139.453429799999981, 35.6716621 ], [ 139.4511517, 35.6735738 ], [ 139.4507267, 35.6766504 ], [ 139.4516226, 35.679381 ], [ 139.4513604, 35.6806599 ], [ 139.452930399999985, 35.6835568 ], [ 139.453584, 35.687664 ], [ 139.4560366, 35.6912762 ] ] ] ] } },
{ "type": "Feature", "properties": { "hokenjo": "台東" }, "geometry": { "type": "MultiPolygon", "coordinates": [ [ [ [ 139.782543299999986, 35.696571299999988 ], [ 139.788915299999985, 35.6947038 ], [ 139.789954699999981, 35.6967093 ], [ 139.7934826, 35.7012227 ], [ 139.7970228, 35.7077831 ], [ 139.7993975, 35.7105529 ], [ 139.806644399999982, 35.7174317 ], [ 139.808430499999986, 35.720371 ], [ 139.8093414, 35.724336 ], [ 139.8097186, 35.7281346 ], [ 139.801430499999981, 35.7292518 ], [ 139.7950658, 35.7289715 ], [ 139.7944358, 35.7302307 ], [ 139.7912058, 35.7312182 ], [ 139.7894613, 35.7287432 ], [ 139.787758199999985, 35.7279746 ], [ 139.7844571, 35.7278602 ], [ 139.782231599999989, 35.7261277 ], [ 139.7814554, 35.7246177 ], [ 139.7767427, 35.7249357 ], [ 139.7751743, 35.7261221 ], [ 139.769772099999983, 35.728126 ], [ 139.7660529, 35.7275316 ], [ 139.764748200000014, 35.7301418 ], [ 139.762788799999981, 35.730747099999988 ], [ 139.7649246, 35.727216 ], [ 139.763258399999984, 35.7218733 ], [ 139.7671459, 35.7182413 ], [ 139.765997, 35.7165941 ], [ 139.765682, 35.7135852 ], [ 139.76762979999998, 35.712966 ], [ 139.7676486, 35.711018 ], [ 139.76662170000003, 35.708708 ], [ 139.7712364, 35.7089913 ], [ 139.7701633, 35.7074285 ], [ 139.7701386, 35.7053516 ], [ 139.7730149, 35.7048999 ], [ 139.7731705, 35.7018788 ], [ 139.7766441, 35.7006157 ], [ 139.7803936, 35.7003313 ], [ 139.7799775, 35.698078 ], [ 139.7826608, 35.6978554 ], [ 139.782543299999986, 35.696571299999988 ] ] ] ] } },
{ "type": "Feature", "properties": { "hokenjo": "大田区" }, "geometry": { "type": "MultiPolygon", "coordinates": [ [ [ [ 139.810964399999989, 35.5281981 ], [ 139.816666699999985, 35.5332591 ], [ 139.8260278, 35.5415702 ], [ 139.823087499999986, 35.5438437 ], [ 139.819801899999987, 35.5423833 ], [ 139.80708869999998, 35.5311067 ], [ 139.810964399999989, 35.5281981 ] ] ], [ [ [ 139.77347, 35.5748843 ], [ 139.7642289, 35.575 ], [ 139.7636147, 35.5744384 ], [ 139.757608399999981, 35.5744604 ], [ 139.7571412, 35.5715006 ], [ 139.758479699999981, 35.5684419 ], [ 139.7656106, 35.5648963 ], [ 139.7721741, 35.5727868 ], [ 139.77347, 35.5748843 ] ] ], [ [ [ 139.6982088, 35.6035813 ], [ 139.695392699999985, 35.6074924 ], [ 139.6938333, 35.6092682 ], [ 139.691303799999986, 35.6109291 ], [ 139.686127699999986, 35.6116843 ], [ 139.6840038, 35.6130916 ], [ 139.684704899999986, 35.6093477 ], [ 139.684757099999985, 35.6053377 ], [ 139.681906, 35.6057355 ], [ 139.680732399999982, 35.603083 ], [ 139.680280700000026, 35.6006666 ], [ 139.680623199999985, 35.5948557 ], [ 139.675653499999981, 35.5917869 ], [ 139.6743023, 35.5937711 ], [ 139.669670100000019, 35.5991005 ], [ 139.6650679, 35.5989702 ], [ 139.662628399999988, 35.5984297 ], [ 139.659904499999982, 35.5999663 ], [ 139.6575326, 35.5989802 ], [ 139.6557764, 35.596475 ], [ 139.653807, 35.597329699999989 ], [ 139.652974799999981, 35.5959369 ], [ 139.65705029999998, 35.5934161 ], [ 139.655138599999987, 35.5901464 ], [ 139.6562906, 35.5897283 ], [ 139.663329799999985, 35.5898661 ], [ 139.6644139, 35.589568 ], [ 139.667290899999983, 35.5871822 ], [ 139.669309199999987, 35.5847188 ], [ 139.6712589, 35.5785216 ], [ 139.6764067, 35.5660383 ], [ 139.678789699999982, 35.5629877 ], [ 139.6815511, 35.5611941 ], [ 139.6860922, 35.5593727 ], [ 139.6896178, 35.5572869 ], [ 139.692066399999987, 35.5566486 ], [ 139.69778359999998, 35.5561291 ], [ 139.69986609999998, 35.5553988 ], [ 139.7030758, 35.5533221 ], [ 139.7041786, 35.5518257 ], [ 139.703533599999986, 35.549411 ], [ 139.698446, 35.5454016 ], [ 139.6977616, 35.5437569 ], [ 139.6979427, 35.5414516 ], [ 139.6999324, 35.5383622 ], [ 139.7022265, 35.5370274 ], [ 139.7057424, 35.5362457 ], [ 139.710751499999986, 35.5365435 ], [ 139.7173024, 35.538004099999988 ], [ 139.719508, 35.539121 ], [ 139.7223716, 35.5415077 ], [ 139.7261119, 35.5434704 ], [ 139.7307408, 35.5427649 ], [ 139.7327363, 35.5412029 ], [ 139.734638, 35.5409835 ], [ 139.7376678, 35.5443909 ], [ 139.7394066, 35.5451246 ], [ 139.7467772, 35.5438284 ], [ 139.7500839, 35.544584 ], [ 139.756486900000027, 35.5445531 ], [ 139.7680791, 35.5393392 ], [ 139.776496399999985, 35.53447 ], [ 139.778785199999987, 35.5369991 ], [ 139.782074099999988, 35.5386937 ], [ 139.7844169, 35.5353803 ], [ 139.7865449, 35.5358044 ], [ 139.787619399999983, 35.5343126 ], [ 139.794907599999988, 35.5321357 ], [ 139.8062439, 35.537521399999989 ], [ 139.809166299999987, 35.5390702 ], [ 139.803955699999989, 35.5460303 ], [ 139.8012551, 35.5483044 ], [ 139.7854365, 35.5705606 ], [ 139.770996699999984, 35.5689737 ], [ 139.763733299999984, 35.5604625 ], [ 139.7610197, 35.5631631 ], [ 139.7585918, 35.5643678 ], [ 139.755684699999989, 35.5627303 ], [ 139.753397, 35.5622506 ], [ 139.7529645, 35.5633823 ], [ 139.7497842, 35.5666258 ], [ 139.750237699999985, 35.5673781 ], [ 139.7560067, 35.5685398 ], [ 139.7563553, 35.5690706 ], [ 139.7540926, 35.5744848 ], [ 139.752607, 35.5754969 ], [ 139.7506869, 35.5752058 ], [ 139.750088399999981, 35.5767021 ], [ 139.751721799999984, 35.5772421 ], [ 139.751943499999982, 35.5794643 ], [ 139.7478446, 35.5886907 ], [ 139.7465413, 35.5901691 ], [ 139.73879359999998, 35.5879079 ], [ 139.735874699999982, 35.5873681 ], [ 139.730108300000012, 35.5873715 ], [ 139.7289336, 35.5888334 ], [ 139.730551099999985, 35.592157 ], [ 139.7289011, 35.5927132 ], [ 139.7282416, 35.5943829 ], [ 139.7210883, 35.5942901 ], [ 139.7203274, 35.5923962 ], [ 139.7189469, 35.5928273 ], [ 139.7173716, 35.5963782 ], [ 139.715338299999985, 35.5969168 ], [ 139.7144358, 35.5999926 ], [ 139.711640499999987, 35.6006726 ], [ 139.7010674, 35.6014135 ], [ 139.6982088, 35.6035813 ] ] ], [ [ [ 139.7560133, 35.589254499999988 ], [ 139.750270799999981, 35.5893478 ], [ 139.749475, 35.5888619 ], [ 139.7540741, 35.5783401 ], [ 139.7559181, 35.5770667 ], [ 139.762477, 35.5771555 ], [ 139.7640261, 35.5780212 ], [ 139.767556899999988, 35.5814666 ], [ 139.769088, 35.5802122 ], [ 139.7666911, 35.5771428 ], [ 139.783005300000013, 35.5770993 ], [ 139.784965299999982, 35.5776309 ], [ 139.787534599999987, 35.5800185 ], [ 139.781768299999982, 35.5844813 ], [ 139.77853349999998, 35.5864843 ], [ 139.777162, 35.5852274 ], [ 139.7754879, 35.5851809 ], [ 139.773178, 35.5868699 ], [ 139.776778899999982, 35.5902877 ], [ 139.772878099999986, 35.5955145 ], [ 139.7731489, 35.5957568 ], [ 139.766797, 35.5925653 ], [ 139.7654167, 35.5944819 ], [ 139.7625617, 35.5946095 ], [ 139.7628695, 35.5897239 ], [ 139.762567499999989, 35.5850097 ], [ 139.75596969999998, 35.5849298 ], [ 139.7560133, 35.589254499999988 ] ] ], [ [ [ 139.80561419999998, 35.596159 ], [ 139.804425800000018, 35.5976396 ], [ 139.7944769, 35.5921823 ], [ 139.80583249999998, 35.5854477 ], [ 139.8117149, 35.5886385 ], [ 139.80561419999998, 35.596159 ] ] ] ] } },
{ "type": "Feature", "properties": { "hokenjo": "中央区" }, "geometry": { "type": "MultiPolygon", "coordinates": [ [ [ [ 139.7543169, 35.669905 ], [ 139.7580683, 35.6686702 ], [ 139.757878799999986, 35.6666994 ], [ 139.758998, 35.659005 ], [ 139.764573899999988, 35.656167 ], [ 139.7672106, 35.6581213 ], [ 139.7706508, 35.65494 ], [ 139.7696445, 35.6542618 ], [ 139.7672387, 35.6552091 ], [ 139.767311, 35.6510547 ], [ 139.7683614, 35.6503726 ], [ 139.7716293, 35.6525862 ], [ 139.77276329999998, 35.6514826 ], [ 139.7694895, 35.6492656 ], [ 139.7727878, 35.6460388 ], [ 139.7795123, 35.6505819 ], [ 139.780188899999985, 35.6505449 ], [ 139.788526099999984, 35.656176 ], [ 139.7895924, 35.6562594 ], [ 139.789232199999987, 35.6591494 ], [ 139.7890662, 35.6656441 ], [ 139.7871654, 35.672281 ], [ 139.787858199999988, 35.6769816 ], [ 139.789084299999985, 35.6791619 ], [ 139.791858, 35.6825702 ], [ 139.7926357, 35.6843746 ], [ 139.79236610000001, 35.6871071 ], [ 139.790401299999985, 35.6892929 ], [ 139.7891541, 35.6910274 ], [ 139.788915299999985, 35.6947038 ], [ 139.782543299999986, 35.696571299999988 ], [ 139.7825886, 35.6947177 ], [ 139.7802269, 35.6929755 ], [ 139.7745313, 35.6906138 ], [ 139.7704321, 35.689298 ], [ 139.7696757, 35.6869116 ], [ 139.7709007, 35.6845085 ], [ 139.7703223, 35.6784105 ], [ 139.7636842, 35.6725127 ], [ 139.7543169, 35.669905 ] ] ] ] } },
{ "type": "Feature", "properties": { "hokenjo": "中野区" }, "geometry": { "type": "MultiPolygon", "coordinates": [ [ [ [ 139.677344299999987, 35.7293727 ], [ 139.677969099999984, 35.7306786 ], [ 139.6746796, 35.7330586 ], [ 139.671455399999985, 35.7335405 ], [ 139.6703932, 35.732331099999989 ], [ 139.664700899999985, 35.7309714 ], [ 139.663432799999981, 35.7281161 ], [ 139.6622509, 35.7269239 ], [ 139.656453, 35.7263644 ], [ 139.6517816, 35.7263267 ], [ 139.647435500000029, 35.726745 ], [ 139.6473971, 35.7254894 ], [ 139.643573799999984, 35.7253083 ], [ 139.6399343, 35.7263097 ], [ 139.638271799999984, 35.7280267 ], [ 139.636430499999989, 35.7322783 ], [ 139.6350735, 35.7323044 ], [ 139.633543299999985, 35.7352836 ], [ 139.628336, 35.7352894 ], [ 139.6264754, 35.7332086 ], [ 139.624545399999988, 35.7301456 ], [ 139.6243326, 35.7294123 ], [ 139.6289959, 35.72101 ], [ 139.6318737, 35.7197189 ], [ 139.631352599999985, 35.7185134 ], [ 139.632188899999989, 35.716947 ], [ 139.6369679, 35.7164967 ], [ 139.641788099999985, 35.714757 ], [ 139.6416628, 35.712812299999989 ], [ 139.6428417, 35.7115034 ], [ 139.651567300000011, 35.7089887 ], [ 139.654032, 35.7093323 ], [ 139.6582218, 35.7092209 ], [ 139.658199, 35.7050378 ], [ 139.6609095, 35.7046778 ], [ 139.66108509999998, 35.7014267 ], [ 139.6625376, 35.6992412 ], [ 139.6606959, 35.6962026 ], [ 139.661167799999987, 35.6951959 ], [ 139.6643747, 35.6954881 ], [ 139.665992499999987, 35.6949598 ], [ 139.6675467, 35.6917512 ], [ 139.666408099999984, 35.6904251 ], [ 139.6641158, 35.6891987 ], [ 139.6635308, 35.688127099999988 ], [ 139.6609355, 35.6867746 ], [ 139.659219899999982, 35.6866854 ], [ 139.6605452, 35.6842876 ], [ 139.659271599999983, 35.6819032 ], [ 139.6625799, 35.6794337 ], [ 139.6649993, 35.6790154 ], [ 139.664120699999984, 35.6763479 ], [ 139.6653916, 35.6769846 ], [ 139.66796549999998, 35.6800193 ], [ 139.671302699999984, 35.6814929 ], [ 139.675060600000023, 35.6845112 ], [ 139.6758328, 35.6858609 ], [ 139.6803356, 35.6897976 ], [ 139.683990099999988, 35.6919906 ], [ 139.685612099999986, 35.6942139 ], [ 139.6884124, 35.6993314 ], [ 139.687451, 35.7017842 ], [ 139.6875886, 35.7044997 ], [ 139.6886905, 35.7073372 ], [ 139.693077499999987, 35.7096319 ], [ 139.6943311, 35.71104 ], [ 139.6900756, 35.7114836 ], [ 139.6878625, 35.7112908 ], [ 139.6827827, 35.7101225 ], [ 139.680342199999984, 35.7112639 ], [ 139.6816236, 35.7122144 ], [ 139.6814503, 35.7140131 ], [ 139.6798758, 35.7141875 ], [ 139.679691099999985, 35.7163736 ], [ 139.6764111, 35.7196622 ], [ 139.673584399999982, 35.7186203 ], [ 139.6736761, 35.7202631 ], [ 139.675764499999985, 35.7219494 ], [ 139.6751856, 35.723706899999989 ], [ 139.675692, 35.7258375 ], [ 139.677344299999987, 35.7293727 ] ] ] ] } },
{ "type": "Feature", "properties": { "hokenjo": "町田市" }, "geometry": { "type": "MultiPolygon", "coordinates": [ [ [ [ 139.2687995, 35.6093545 ], [ 139.271338899999989, 35.609849499999989 ], [ 139.274273699999981, 35.6110473 ], [ 139.279879500000021, 35.6114809 ], [ 139.282873699999982, 35.6132664 ], [ 139.2852484, 35.6133887 ], [ 139.286055, 35.6125138 ], [ 139.2926051, 35.6118083 ], [ 139.29684469999998, 35.6094427 ], [ 139.297003, 35.6080004 ], [ 139.2987138, 35.6074782 ], [ 139.299199900000019, 35.6062286 ], [ 139.301595099999986, 35.6059994 ], [ 139.304772, 35.6046881 ], [ 139.306119099999989, 35.6054684 ], [ 139.3094084, 35.6042119 ], [ 139.31403480000003, 35.6043526 ], [ 139.320563599999986, 35.606516 ], [ 139.3261953, 35.6046874 ], [ 139.327108, 35.6038193 ], [ 139.3294851, 35.6036816 ], [ 139.3321365, 35.6042881 ], [ 139.3378911, 35.6043469 ], [ 139.3399015, 35.6055459 ], [ 139.341882699999985, 35.6045447 ], [ 139.342444799999981, 35.6033074 ], [ 139.350496199999981, 35.6009979 ], [ 139.3548854, 35.6003013 ], [ 139.356727299999989, 35.5990093 ], [ 139.3592471, 35.5986018 ], [ 139.36307560000003, 35.5990401 ], [ 139.36662579999998, 35.5972399 ], [ 139.3704744, 35.5943944 ], [ 139.372782199999989, 35.5949778 ], [ 139.3752418, 35.5938899 ], [ 139.377045399999986, 35.5917135 ], [ 139.3853296, 35.5881927 ], [ 139.3886181, 35.5885331 ], [ 139.3910845, 35.5852595 ], [ 139.394217, 35.5855989 ], [ 139.3948251, 35.584117 ], [ 139.3991476, 35.5846503 ], [ 139.3997731, 35.5818262 ], [ 139.4011205, 35.5797791 ], [ 139.4012435, 35.577533699999989 ], [ 139.403247599999986, 35.5755653 ], [ 139.4064971, 35.5758216 ], [ 139.4089769, 35.57533 ], [ 139.410710599999987, 35.5710239 ], [ 139.4134271, 35.5662471 ], [ 139.4162344, 35.5638127 ], [ 139.4161814, 35.5619715 ], [ 139.417998, 35.5619176 ], [ 139.42244119999998, 35.5594354 ], [ 139.4239117, 35.5558926 ], [ 139.426292599999982, 35.5540302 ], [ 139.428719, 35.5503773 ], [ 139.4319859, 35.5487393 ], [ 139.4334266, 35.5463324 ], [ 139.4360069, 35.5468296 ], [ 139.4381472, 35.5455808 ], [ 139.440695, 35.5429693 ], [ 139.4450975, 35.5411307 ], [ 139.4481499, 35.5378024 ], [ 139.448650499999985, 35.5352476 ], [ 139.450578899999982, 35.5335097 ], [ 139.454318, 35.5312382 ], [ 139.45492059999998, 35.5301497 ], [ 139.4582499, 35.5280499 ], [ 139.456967, 35.5253441 ], [ 139.4548231, 35.5227414 ], [ 139.4561276, 35.5203221 ], [ 139.4608182, 35.5193794 ], [ 139.4632849, 35.5178383 ], [ 139.4639743, 35.5164344 ], [ 139.464044, 35.5133494 ], [ 139.464848099999983, 35.5109016 ], [ 139.467503099999988, 35.5077627 ], [ 139.4682678, 35.5062055 ], [ 139.467800899999986, 35.5022672 ], [ 139.4714295, 35.5020597 ], [ 139.4738142, 35.5012522 ], [ 139.4763831, 35.5013536 ], [ 139.480352, 35.5029706 ], [ 139.4848642, 35.5040475 ], [ 139.481130899999982, 35.5053114 ], [ 139.4769868, 35.5112141 ], [ 139.480351499999983, 35.5147341 ], [ 139.483283199999988, 35.519153 ], [ 139.486471, 35.5203011 ], [ 139.48574990000003, 35.5223477 ], [ 139.4874685, 35.524117499999988 ], [ 139.4865366, 35.5265764 ], [ 139.487797700000016, 35.5278825 ], [ 139.485773, 35.5313524 ], [ 139.4867133, 35.5356061 ], [ 139.4848405, 35.5359636 ], [ 139.484956899999986, 35.5380591 ], [ 139.483981700000015, 35.5391813 ], [ 139.4816372, 35.5399458 ], [ 139.4803325, 35.5431463 ], [ 139.4808831, 35.545958 ], [ 139.4823934, 35.5474163 ], [ 139.4820264, 35.5500294 ], [ 139.4819904, 35.5556294 ], [ 139.4797276, 35.5593886 ], [ 139.477785399999988, 35.5605855 ], [ 139.476365099999981, 35.5624985 ], [ 139.475223199999988, 35.5597485 ], [ 139.4704098, 35.5604052 ], [ 139.4682918, 35.563296 ], [ 139.4690204, 35.5648777 ], [ 139.469667099999981, 35.5694983 ], [ 139.471533199999982, 35.5708605 ], [ 139.473251799999986, 35.573851 ], [ 139.4732405, 35.5766735 ], [ 139.4760063, 35.5807316 ], [ 139.4781102, 35.5806863 ], [ 139.482203, 35.5817205 ], [ 139.484983, 35.5846088 ], [ 139.4868375, 35.5846961 ], [ 139.4898694, 35.5835786 ], [ 139.488301299999989, 35.5784191 ], [ 139.486297399999984, 35.5785352 ], [ 139.4847838, 35.5756466 ], [ 139.4837488, 35.5719577 ], [ 139.482868, 35.5713838 ], [ 139.4864135, 35.5689461 ], [ 139.489079, 35.5632041 ], [ 139.4892476, 35.5618072 ], [ 139.491031, 35.5614258 ], [ 139.492891499999985, 35.5625261 ], [ 139.494674299999986, 35.5648563 ], [ 139.496267099999983, 35.5646402 ], [ 139.4980582, 35.5678999 ], [ 139.500828499999983, 35.5685344 ], [ 139.5006019, 35.5704427 ], [ 139.504337199999981, 35.5716072 ], [ 139.5065749, 35.5717158 ], [ 139.5073491, 35.5737655 ], [ 139.505457399999983, 35.5747869 ], [ 139.4992164, 35.5809699 ], [ 139.4974058, 35.5820949 ], [ 139.49392659999998, 35.5827816 ], [ 139.4931061, 35.5843561 ], [ 139.494459399999982, 35.5863072 ], [ 139.4928836, 35.5891391 ], [ 139.491971899999982, 35.5884666 ], [ 139.4863131, 35.5916533 ], [ 139.48188589999998, 35.5953683 ], [ 139.47929449999998, 35.5957436 ], [ 139.47838950000002, 35.5983997 ], [ 139.4768836, 35.5995447 ], [ 139.4739725, 35.5996974 ], [ 139.4711922, 35.6010602 ], [ 139.470275099999981, 35.6034861 ], [ 139.4665823, 35.6065816 ], [ 139.4666651, 35.6086322 ], [ 139.4637981, 35.6091611 ], [ 139.4631895, 35.6080841 ], [ 139.4606339, 35.6084119 ], [ 139.457377300000019, 35.6072122 ], [ 139.4551514, 35.6051605 ], [ 139.4533731, 35.6045855 ], [ 139.452872, 35.607448 ], [ 139.4513273, 35.6095736 ], [ 139.44905559999998, 35.6116324 ], [ 139.447656099999989, 35.6108772 ], [ 139.445934699999981, 35.6087052 ], [ 139.4421417, 35.6094533 ], [ 139.4381675, 35.609588 ], [ 139.436273, 35.606741299999989 ], [ 139.433866599999988, 35.6058657 ], [ 139.432217799999989, 35.6061963 ], [ 139.4282302, 35.6080479 ], [ 139.4282738, 35.6063902 ], [ 139.4258527, 35.6058749 ], [ 139.423110799999989, 35.6066346 ], [ 139.4205361, 35.6097807 ], [ 139.4183213, 35.6102232 ], [ 139.415759399999985, 35.6121634 ], [ 139.4127497, 35.6122798 ], [ 139.4101852, 35.610061699999989 ], [ 139.407934399999988, 35.6120443 ], [ 139.4033121, 35.6094212 ], [ 139.3985827, 35.6104373 ], [ 139.396638, 35.6096273 ], [ 139.3957421, 35.6082734 ], [ 139.3939011, 35.6081887 ], [ 139.391466799999989, 35.6067878 ], [ 139.3898293, 35.6066875 ], [ 139.387510099999986, 35.6048272 ], [ 139.388349, 35.6024069 ], [ 139.3863911, 35.5986794 ], [ 139.381677599999989, 35.6021231 ], [ 139.379812099999981, 35.6024843 ], [ 139.37822749999998, 35.6036729 ], [ 139.3758995, 35.6043125 ], [ 139.373388, 35.6042192 ], [ 139.371336900000017, 35.6058286 ], [ 139.3689288, 35.6063853 ], [ 139.3658327, 35.6087204 ], [ 139.36158039999998, 35.6054225 ], [ 139.3595733, 35.6064723 ], [ 139.3536535, 35.6073241 ], [ 139.3516146, 35.6086833 ], [ 139.34753, 35.6089127 ], [ 139.341659900000025, 35.6136953 ], [ 139.339515799999987, 35.6170783 ], [ 139.341567199999986, 35.6197491 ], [ 139.3400494, 35.6207883 ], [ 139.338052799999986, 35.6233669 ], [ 139.337395, 35.6210444 ], [ 139.338572699999986, 35.6195808 ], [ 139.3373752, 35.6142081 ], [ 139.3357569, 35.6148878 ], [ 139.3310639, 35.6154086 ], [ 139.330128299999984, 35.6164125 ], [ 139.3284391, 35.6150019 ], [ 139.3263858, 35.6157572 ], [ 139.325556899999981, 35.61498 ], [ 139.3227858, 35.6148192 ], [ 139.3215008, 35.6155403 ], [ 139.3174986, 35.6152411 ], [ 139.3153006, 35.612910899999989 ], [ 139.3136278, 35.6144639 ], [ 139.3101269, 35.615782 ], [ 139.3076173, 35.61624 ], [ 139.3034884, 35.6151773 ], [ 139.298036699999983, 35.6161073 ], [ 139.2967864, 35.6155017 ], [ 139.2937412, 35.6183331 ], [ 139.2935264, 35.6205326 ], [ 139.292050599999982, 35.6210256 ], [ 139.289228899999983, 35.6202298 ], [ 139.287034, 35.6220267 ], [ 139.285676199999983, 35.6207978 ], [ 139.282780100000025, 35.6207898 ], [ 139.2818529, 35.6197873 ], [ 139.279915599999981, 35.6200662 ], [ 139.279080099999987, 35.6187884 ], [ 139.2769506, 35.6185851 ], [ 139.2755898, 35.615483399999988 ], [ 139.273357299999986, 35.6137993 ], [ 139.2715345, 35.6139776 ], [ 139.268804, 35.6121223 ], [ 139.2687995, 35.6093545 ] ] ] ] } },
{ "type": "Feature", "properties": { "hokenjo": "島しょ" }, "geometry": { "type": "MultiPolygon", "coordinates": [ [ [ [ 139.769917199999981, 32.4689694 ], [ 139.767228599999981, 32.4702842 ], [ 139.7624606, 32.4714297 ], [ 139.759516900000023, 32.4733589 ], [ 139.7584369, 32.4734731 ], [ 139.7551842, 32.4717553 ], [ 139.7544331, 32.4671469 ], [ 139.754685599999988, 32.4661469 ], [ 139.754878599999984, 32.455382199999988 ], [ 139.754618599999986, 32.4513336 ], [ 139.755764199999987, 32.4496783 ], [ 139.757192799999984, 32.4493222 ], [ 139.7610542, 32.4460889 ], [ 139.7640078, 32.4457686 ], [ 139.767345800000015, 32.4430075 ], [ 139.770067200000028, 32.4431678 ], [ 139.7731856, 32.4447631 ], [ 139.779114199999981, 32.4472525 ], [ 139.7810917, 32.4503353 ], [ 139.7812289, 32.4526106 ], [ 139.7801733, 32.4549689 ], [ 139.7808061, 32.4571505 ], [ 139.7793522, 32.4594639 ], [ 139.77731, 32.4616436 ], [ 139.7742072, 32.4633189 ], [ 139.7718228, 32.4656986 ], [ 139.769917199999981, 32.4689694 ] ] ], [ [ [ 139.6914581, 33.1302803 ], [ 139.6895333, 33.1316517 ], [ 139.6876514, 33.1340375 ], [ 139.687377199999986, 33.1354086 ], [ 139.685855799999985, 33.1366208 ], [ 139.6830022, 33.1366125 ], [ 139.6811069, 33.1349683 ], [ 139.678591399999988, 33.1344975 ], [ 139.676517499999989, 33.1347558 ], [ 139.6753742, 33.1335203 ], [ 139.6766494, 33.1320344 ], [ 139.6754025, 33.1307586 ], [ 139.6770639, 33.1295072 ], [ 139.6806542, 33.12581 ], [ 139.6838256, 33.1185742 ], [ 139.6849489, 33.1176242 ], [ 139.68883, 33.1161681 ], [ 139.6898664, 33.1170008 ], [ 139.693804700000015, 33.1176164 ], [ 139.6981714, 33.1167569 ], [ 139.6986492, 33.115527799999988 ], [ 139.7010244, 33.1175911 ], [ 139.699985, 33.1183778 ], [ 139.6991394, 33.1206392 ], [ 139.699015, 33.1245475 ], [ 139.697240599999986, 33.1277417 ], [ 139.695257199999986, 33.1292456 ], [ 139.6914581, 33.1302803 ] ] ], [ [ [ 139.6165744, 33.8927786 ], [ 139.6128378, 33.8957511 ], [ 139.6095994, 33.8989336 ], [ 139.6057214, 33.9008703 ], [ 139.603623299999981, 33.9011403 ], [ 139.6004156, 33.9010139 ], [ 139.5993128, 33.9001706 ], [ 139.594089199999985, 33.8990878 ], [ 139.5908612, 33.8977876 ], [ 139.5887883, 33.8950327 ], [ 139.5829981, 33.8892719 ], [ 139.5782644, 33.8828406 ], [ 139.5765892, 33.8777942 ], [ 139.5772567, 33.8749667 ], [ 139.577190299999984, 33.8711305 ], [ 139.5766989, 33.8660572 ], [ 139.5783164, 33.8610464 ], [ 139.5794481, 33.8595725 ], [ 139.5833906, 33.8576114 ], [ 139.5886003, 33.8555286 ], [ 139.5923833, 33.85437 ], [ 139.594437200000016, 33.8546775 ], [ 139.601315299999982, 33.8545858 ], [ 139.61117059999998, 33.8534919 ], [ 139.6139789, 33.8524294 ], [ 139.6194008, 33.8519472 ], [ 139.6207808, 33.8523142 ], [ 139.623707, 33.8551102 ], [ 139.626033299999989, 33.8593717 ], [ 139.6268986, 33.8599039 ], [ 139.6317072, 33.8685783 ], [ 139.6319206, 33.8713031 ], [ 139.62998829999998, 33.8739425 ], [ 139.6295111, 33.8758517 ], [ 139.6281995, 33.8775192 ], [ 139.6253125, 33.8837624 ], [ 139.6216636, 33.8879431 ], [ 139.618525, 33.8924253 ], [ 139.6165744, 33.8927786 ] ] ], [ [ [ 139.5467596, 34.1197958 ], [ 139.5443668, 34.121345399999989 ], [ 139.541365, 34.122377 ], [ 139.539335099999988, 34.1238143 ], [ 139.535937499999989, 34.1233889 ], [ 139.5323774, 34.1246333 ], [ 139.5299178, 34.1240984 ], [ 139.529507199999983, 34.1251476 ], [ 139.5274776, 34.1252025 ], [ 139.525068799999985, 34.1241144 ], [ 139.5226379, 34.1248904 ], [ 139.5192314, 34.1238547 ], [ 139.5175299, 34.1220122 ], [ 139.5139058, 34.1205341 ], [ 139.5110101, 34.1203483 ], [ 139.5065415, 34.1226834 ], [ 139.5036519, 34.1215457 ], [ 139.501565299999982, 34.1213055 ], [ 139.498510399999986, 34.1218133 ], [ 139.496728099999984, 34.1203573 ], [ 139.492791200000028, 34.1196274 ], [ 139.4901695, 34.11536 ], [ 139.4892123, 34.112535099999988 ], [ 139.4918337, 34.109232 ], [ 139.4917987, 34.1080863 ], [ 139.4939511, 34.1055434 ], [ 139.4929632, 34.1024965 ], [ 139.491416499999985, 34.1012803 ], [ 139.488341599999984, 34.1007282 ], [ 139.487813499999987, 34.0978727 ], [ 139.4883882, 34.0959837 ], [ 139.485714299999984, 34.0931484 ], [ 139.4832519, 34.0919376 ], [ 139.480960399999987, 34.0867878 ], [ 139.482261099999988, 34.0848398 ], [ 139.481685699999986, 34.0831696 ], [ 139.478219599999989, 34.0802195 ], [ 139.4740074, 34.0783474 ], [ 139.4731736, 34.0769856 ], [ 139.474553899999989, 34.0739361 ], [ 139.4763637, 34.0727301 ], [ 139.478169899999983, 34.0726709 ], [ 139.480175, 34.0706419 ], [ 139.4799055, 34.0678593 ], [ 139.4818297, 34.0675474 ], [ 139.480869399999989, 34.0652758 ], [ 139.4787848, 34.0652415 ], [ 139.477862, 34.0628594 ], [ 139.477613599999984, 34.0601984 ], [ 139.47881719999998, 34.0593791 ], [ 139.4791549, 34.0569886 ], [ 139.481095, 34.0569602 ], [ 139.480991, 34.0541838 ], [ 139.4823782, 34.0514903 ], [ 139.4847053, 34.0525513 ], [ 139.4878009, 34.0523824 ], [ 139.489811299999985, 34.0514294 ], [ 139.490642399999984, 34.0496515 ], [ 139.4933778, 34.0482988 ], [ 139.494057199999986, 34.0489012 ], [ 139.496846799999986, 34.0483314 ], [ 139.501113299999986, 34.0457801 ], [ 139.5064049, 34.0477675 ], [ 139.509314099999983, 34.0476181 ], [ 139.5123304, 34.0488152 ], [ 139.5173428, 34.0479125 ], [ 139.5189666, 34.0481027 ], [ 139.5217238, 34.0471779 ], [ 139.522425299999981, 34.048432 ], [ 139.525355, 34.0494384 ], [ 139.528628199999986, 34.0467675 ], [ 139.5312265, 34.0468614 ], [ 139.533404499999989, 34.0488837 ], [ 139.5345533, 34.0531533 ], [ 139.538362299999989, 34.0539798 ], [ 139.540404, 34.0562215 ], [ 139.542300399999988, 34.0562946 ], [ 139.5456048, 34.0582026 ], [ 139.546340499999985, 34.057849 ], [ 139.550990899999988, 34.0587686 ], [ 139.5535547, 34.0602647 ], [ 139.555329, 34.0625343 ], [ 139.555203899999981, 34.0633649 ], [ 139.5595696, 34.0656721 ], [ 139.560984099999985, 34.068755 ], [ 139.56271959999998, 34.0687012 ], [ 139.5627575, 34.0711193 ], [ 139.563738, 34.0737049 ], [ 139.5629304, 34.0777057 ], [ 139.563893399999984, 34.0794421 ], [ 139.5627366, 34.0818211 ], [ 139.561625, 34.0826684 ], [ 139.5611678, 34.0851985 ], [ 139.561674899999986, 34.0870126 ], [ 139.5634178, 34.0886284 ], [ 139.5628709, 34.0903048 ], [ 139.565245, 34.093757499999988 ], [ 139.5653274, 34.0979515 ], [ 139.5637634, 34.100678 ], [ 139.5652236, 34.1022103 ], [ 139.56323279999998, 34.102625 ], [ 139.5633556, 34.1054901 ], [ 139.561590199999983, 34.1081058 ], [ 139.558959, 34.1108923 ], [ 139.5554425, 34.1125793 ], [ 139.5512618, 34.116222 ], [ 139.5476405, 34.1167613 ], [ 139.5467596, 34.1197958 ] ] ], [ [ [ 139.0748494, 34.1848528 ], [ 139.0741981, 34.1859389 ], [ 139.071956699999987, 34.1841536 ], [ 139.0731917, 34.1834311 ], [ 139.0748494, 34.1848528 ] ] ], [ [ [ 139.076777199999981, 34.1881619 ], [ 139.075005299999987, 34.1871928 ], [ 139.076665599999984, 34.1857517 ], [ 139.0775497, 34.1871947 ], [ 139.076777199999981, 34.1881619 ] ] ], [ [ [ 139.1930778, 34.2086708 ], [ 139.1923869, 34.2093389 ], [ 139.18922809999998, 34.2085386 ], [ 139.191865, 34.2060258 ], [ 139.1930778, 34.2086708 ] ] ], [ [ [ 139.158204499999982, 34.237762599999989 ], [ 139.1565286, 34.2392743 ], [ 139.152223, 34.2399569 ], [ 139.150273299999981, 34.2392951 ], [ 139.148755599999987, 34.2396915 ], [ 139.143311399999988, 34.2437363 ], [ 139.1396071, 34.2432389 ], [ 139.1371354, 34.2412355 ], [ 139.1375904, 34.2377484 ], [ 139.1360295, 34.2372442 ], [ 139.134238499999981, 34.2349469 ], [ 139.1360545, 34.2334305 ], [ 139.1356619, 34.231601399999988 ], [ 139.136493799999982, 34.2307479 ], [ 139.1368869, 34.2259727 ], [ 139.1358172, 34.2243233 ], [ 139.134175, 34.2234565 ], [ 139.1313926, 34.2234898 ], [ 139.1283804, 34.2228124 ], [ 139.128429399999987, 34.2211469 ], [ 139.13096059999998, 34.2190304 ], [ 139.1335757, 34.2183915 ], [ 139.1336313, 34.2171499 ], [ 139.1306466, 34.2162483 ], [ 139.1311411, 34.2121339 ], [ 139.132764399999985, 34.2107252 ], [ 139.132623, 34.2073121 ], [ 139.133117699999985, 34.2050569 ], [ 139.1325028, 34.202304 ], [ 139.1316439, 34.2012303 ], [ 139.1290702, 34.2013202 ], [ 139.1257075, 34.2007056 ], [ 139.124946, 34.1997882 ], [ 139.1217828, 34.1990181 ], [ 139.121881699999989, 34.1971883 ], [ 139.1206225, 34.1956676 ], [ 139.1201719, 34.193017 ], [ 139.120631799999984, 34.1904966 ], [ 139.122784699999983, 34.1881881 ], [ 139.1241437, 34.189630699999988 ], [ 139.125641, 34.1881897 ], [ 139.125576099999989, 34.1868184 ], [ 139.1280497, 34.1871029 ], [ 139.1286685, 34.1857082 ], [ 139.1303835, 34.1847351 ], [ 139.1326135, 34.1856155 ], [ 139.133264699999984, 34.1870182 ], [ 139.1354517, 34.1871193 ], [ 139.13941269999998, 34.1861581 ], [ 139.142992099999987, 34.1876706 ], [ 139.144371899999982, 34.1887583 ], [ 139.146379, 34.1889285 ], [ 139.145813, 34.1910551 ], [ 139.1464144, 34.1932295 ], [ 139.1463283, 34.1955091 ], [ 139.1488903, 34.1969572 ], [ 139.149106599999982, 34.1954251 ], [ 139.1506028, 34.194958199999988 ], [ 139.15157, 34.192752 ], [ 139.155292299999985, 34.1952043 ], [ 139.156484399999982, 34.1974819 ], [ 139.155842, 34.1991288 ], [ 139.154243899999983, 34.1988662 ], [ 139.153424199999989, 34.2011855 ], [ 139.1572784, 34.2050576 ], [ 139.1620208, 34.2065987 ], [ 139.1655868, 34.2083073 ], [ 139.1684866, 34.2086156 ], [ 139.1703829, 34.20488 ], [ 139.175325099999981, 34.2057498 ], [ 139.1746564, 34.2066016 ], [ 139.174503499999986, 34.210431899999989 ], [ 139.173446600000034, 34.2114936 ], [ 139.1732925, 34.2137531 ], [ 139.1751013, 34.2162837 ], [ 139.1743622, 34.217904 ], [ 139.172490899999985, 34.2185809 ], [ 139.171741, 34.2197545 ], [ 139.1717621, 34.224286 ], [ 139.170348099999984, 34.2311168 ], [ 139.167696399999983, 34.234146 ], [ 139.1633674, 34.2356546 ], [ 139.162254499999989, 34.2364199 ], [ 139.158204499999982, 34.237762599999989 ] ] ], [ [ [ 139.2752108, 34.3264927 ], [ 139.277437099999986, 34.3241428 ], [ 139.279659899999984, 34.3255161 ], [ 139.2783134, 34.3270549 ], [ 139.2760112, 34.3274007 ], [ 139.2752108, 34.3264927 ] ] ], [ [ [ 139.225506100000018, 34.3309301 ], [ 139.220869599999986, 34.332128 ], [ 139.2169495, 34.3335774 ], [ 139.2146698, 34.3331041 ], [ 139.214078199999989, 34.3352756 ], [ 139.212873, 34.3369316 ], [ 139.211381599999982, 34.3358647 ], [ 139.20923449999998, 34.3367376 ], [ 139.208016, 34.3352994 ], [ 139.2060879, 34.3346809 ], [ 139.208801199999982, 34.3312037 ], [ 139.20659, 34.3282619 ], [ 139.2043586, 34.3267207 ], [ 139.201780600000035, 34.3289489 ], [ 139.2007218, 34.3265762 ], [ 139.2009157, 34.3253758 ], [ 139.1989236, 34.3249898 ], [ 139.1967551, 34.3232641 ], [ 139.193923399999989, 34.3202667 ], [ 139.194905899999981, 34.3182031 ], [ 139.1966214, 34.3175858 ], [ 139.197846299999981, 34.3161006 ], [ 139.2009243, 34.3161333 ], [ 139.202184599999981, 34.3180577 ], [ 139.202836700000034, 34.320988299999989 ], [ 139.207468799999987, 34.3211245 ], [ 139.206991499999987, 34.3197413 ], [ 139.208081199999981, 34.3174946 ], [ 139.2110204, 34.3181237 ], [ 139.211925899999983, 34.3164972 ], [ 139.21344689999998, 34.3162233 ], [ 139.21501139999998, 34.3177719 ], [ 139.2165135, 34.3171048 ], [ 139.2179715, 34.3202947 ], [ 139.2202809, 34.322473 ], [ 139.2226301, 34.3237791 ], [ 139.224457699999988, 34.3233485 ], [ 139.2266452, 34.3277216 ], [ 139.225506100000018, 34.3309301 ] ] ], [ [ [ 139.227981299999982, 34.3709114 ], [ 139.226427, 34.367319 ], [ 139.228916699999985, 34.3674949 ], [ 139.2284635, 34.3687387 ], [ 139.2293381, 34.3725929 ], [ 139.224426599999987, 34.3756129 ], [ 139.2244369, 34.3734027 ], [ 139.227981299999982, 34.3709114 ] ] ], [ [ [ 139.2858331, 34.4288422 ], [ 139.2840756, 34.4285841 ], [ 139.2826833, 34.4304676 ], [ 139.280799299999984, 34.4304782 ], [ 139.2792995, 34.4313899 ], [ 139.2794864, 34.4295536 ], [ 139.2806928, 34.4291347 ], [ 139.2804294, 34.4269528 ], [ 139.2817423, 34.4240329 ], [ 139.281150699999984, 34.4208386 ], [ 139.279551199999986, 34.4180249 ], [ 139.2764335, 34.415773 ], [ 139.273861399999987, 34.4152844 ], [ 139.27248179999998, 34.4166811 ], [ 139.268688199999985, 34.4153859 ], [ 139.2670224, 34.4133838 ], [ 139.2678392, 34.4115811 ], [ 139.2661134, 34.4100861 ], [ 139.2671234, 34.4082604 ], [ 139.263789299999985, 34.4059741 ], [ 139.2607773, 34.4045501 ], [ 139.25896849999998, 34.4021356 ], [ 139.25572, 34.4002804 ], [ 139.2564902, 34.3987532 ], [ 139.255198899999982, 34.3961995 ], [ 139.257209, 34.3951483 ], [ 139.2572744, 34.3924616 ], [ 139.2555942, 34.3838334 ], [ 139.254641599999985, 34.3829333 ], [ 139.2537113, 34.3790728 ], [ 139.252458599999983, 34.376440699999989 ], [ 139.2488998, 34.3709669 ], [ 139.2481429, 34.3708553 ], [ 139.245851499999986, 34.3678727 ], [ 139.24333679999998, 34.3678812 ], [ 139.2431938, 34.3652198 ], [ 139.2420419, 34.3638633 ], [ 139.2443069, 34.361225 ], [ 139.2452401, 34.35896 ], [ 139.245729399999988, 34.3543376 ], [ 139.2450672, 34.3536054 ], [ 139.2444882, 34.3484918 ], [ 139.2491617, 34.3450738 ], [ 139.249759899999987, 34.3431953 ], [ 139.252559599999984, 34.3392991 ], [ 139.255371599999989, 34.338269 ], [ 139.257749599999983, 34.3357646 ], [ 139.2609065, 34.3341413 ], [ 139.2659276, 34.3329049 ], [ 139.270637099999988, 34.3309493 ], [ 139.2718514, 34.3308887 ], [ 139.2722412, 34.3367674 ], [ 139.27318649999998, 34.3407529 ], [ 139.2758594, 34.3434191 ], [ 139.2762775, 34.3478168 ], [ 139.2760083, 34.3534132 ], [ 139.276010499999984, 34.3621833 ], [ 139.275808499999982, 34.369621 ], [ 139.2765431, 34.3818626 ], [ 139.2778822, 34.3903543 ], [ 139.2797263, 34.3936083 ], [ 139.2852359, 34.4000846 ], [ 139.2882199, 34.4008905 ], [ 139.2898462, 34.4025734 ], [ 139.2893397, 34.4060944 ], [ 139.2913624, 34.4081682 ], [ 139.2866041, 34.411513 ], [ 139.28676489999998, 34.414168 ], [ 139.291559399999983, 34.4184464 ], [ 139.2905997, 34.4241476 ], [ 139.2884515, 34.4255228 ], [ 139.2885196, 34.4268637 ], [ 139.2858331, 34.4288422 ] ] ], [ [ [ 139.2993239, 34.4713539 ], [ 139.2974264, 34.4729992 ], [ 139.29243169999998, 34.4752822 ], [ 139.289043599999985, 34.4775508 ], [ 139.2865069, 34.4783533 ], [ 139.2894583, 34.4750569 ], [ 139.2918053, 34.4710886 ], [ 139.2916683, 34.4701267 ], [ 139.29466, 34.4697778 ], [ 139.298993599999989, 34.4702961 ], [ 139.2993239, 34.4713539 ] ] ], [ [ [ 139.2923578, 34.5268211 ], [ 139.290883899999983, 34.5288333 ], [ 139.284927499999981, 34.5323306 ], [ 139.2813811, 34.5321342 ], [ 139.2756516, 34.5322862 ], [ 139.2739872, 34.5322428 ], [ 139.271877499999988, 34.5308903 ], [ 139.2687, 34.5273233 ], [ 139.267385599999983, 34.5229567 ], [ 139.2680631, 34.517459699999989 ], [ 139.26972139999998, 34.5151403 ], [ 139.272213599999986, 34.5126836 ], [ 139.2763328, 34.5110508 ], [ 139.2808894, 34.5118119 ], [ 139.2850842, 34.5156933 ], [ 139.290794399999982, 34.5205031 ], [ 139.2927319, 34.5229181 ], [ 139.293111399999987, 34.5246183 ], [ 139.2923578, 34.5268211 ] ] ], [ [ [ 139.374403299999983, 34.7968624 ], [ 139.372302, 34.7984363 ], [ 139.3681425, 34.7963896 ], [ 139.3667893, 34.7964207 ], [ 139.3635228, 34.7982837 ], [ 139.3610914, 34.7990729 ], [ 139.35878169999998, 34.7932135 ], [ 139.35592939999998, 34.7915185 ], [ 139.3537009, 34.7892563 ], [ 139.3523256, 34.7842509 ], [ 139.3503953, 34.7838763 ], [ 139.349336199999982, 34.7750032 ], [ 139.351535399999989, 34.771678 ], [ 139.3519746, 34.769519 ], [ 139.3508823, 34.7667305 ], [ 139.348914799999989, 34.7660443 ], [ 139.348785099999986, 34.7624397 ], [ 139.349098699999985, 34.7590303 ], [ 139.350659, 34.7568078 ], [ 139.351999899999981, 34.7534974 ], [ 139.3516368, 34.7521009 ], [ 139.3531334, 34.7503344 ], [ 139.3527818, 34.7485424 ], [ 139.3532255, 34.7461705 ], [ 139.356231, 34.7432608 ], [ 139.3560625, 34.7398627 ], [ 139.3568359, 34.7350574 ], [ 139.3531026, 34.7308625 ], [ 139.3532314, 34.7269771 ], [ 139.3523663, 34.7250761 ], [ 139.352504, 34.7191652 ], [ 139.3535161, 34.7172427 ], [ 139.356124099999988, 34.7156765 ], [ 139.356911699999984, 34.714244 ], [ 139.361046099999982, 34.7103016 ], [ 139.3598833, 34.707367399999988 ], [ 139.3591922, 34.7020001 ], [ 139.360975199999984, 34.7019854 ], [ 139.3647867, 34.7005283 ], [ 139.367752, 34.7004982 ], [ 139.3725734, 34.6996207 ], [ 139.374743099999989, 34.6968776 ], [ 139.3766084, 34.6958508 ], [ 139.380668, 34.6958547 ], [ 139.383836299999984, 34.6937895 ], [ 139.3846948, 34.692012 ], [ 139.3872939, 34.6899582 ], [ 139.3909955, 34.6877799 ], [ 139.39409, 34.6869866 ], [ 139.395725199999987, 34.6839314 ], [ 139.3994212, 34.684095 ], [ 139.4001513, 34.6827193 ], [ 139.401989, 34.6819433 ], [ 139.404106, 34.6825574 ], [ 139.406472, 34.6811773 ], [ 139.4102672, 34.680645 ], [ 139.411342400000024, 34.6816227 ], [ 139.4160966, 34.6811074 ], [ 139.4207984, 34.6824103 ], [ 139.4235562, 34.6820975 ], [ 139.4252653, 34.6826682 ], [ 139.426767399999989, 34.6810892 ], [ 139.4282412, 34.6813055 ], [ 139.4290935, 34.6798939 ], [ 139.431205899999981, 34.6785313 ], [ 139.433745099999982, 34.6781954 ], [ 139.4386849, 34.6786688 ], [ 139.440246299999984, 34.6798809 ], [ 139.4407795, 34.6819936 ], [ 139.436377199999981, 34.6875371 ], [ 139.4372052, 34.6887379 ], [ 139.4392846, 34.6877273 ], [ 139.439352899999989, 34.685464 ], [ 139.4436638, 34.6843213 ], [ 139.444740199999984, 34.6845351 ], [ 139.444298799999984, 34.6885845 ], [ 139.445794299999989, 34.689841 ], [ 139.44658, 34.6929321 ], [ 139.450004100000029, 34.6965266 ], [ 139.4495411, 34.6982756 ], [ 139.447725, 34.6999919 ], [ 139.445931299999984, 34.700557 ], [ 139.4437041, 34.7029795 ], [ 139.44385459999998, 34.7070782 ], [ 139.444897199999986, 34.7106877 ], [ 139.4486919, 34.7131297 ], [ 139.449273799999986, 34.7156415 ], [ 139.4487829, 34.7195979 ], [ 139.446109899999982, 34.7224267 ], [ 139.444820599999986, 34.7252054 ], [ 139.4454895, 34.7280737 ], [ 139.4450439, 34.7307274 ], [ 139.443881799999986, 34.7319857 ], [ 139.444233699999984, 34.7337813 ], [ 139.445515300000011, 34.7357172 ], [ 139.4466971, 34.736107 ], [ 139.448077600000033, 34.7382821 ], [ 139.4488826, 34.7410307 ], [ 139.448131499999988, 34.7444224 ], [ 139.4456614, 34.7472305 ], [ 139.443374299999988, 34.7476966 ], [ 139.4405157, 34.7535736 ], [ 139.440992599999987, 34.7558353 ], [ 139.4397208, 34.7602031 ], [ 139.4388458, 34.7611313 ], [ 139.437876, 34.7643204 ], [ 139.4371693, 34.764755099999988 ], [ 139.436793099999988, 34.7676312 ], [ 139.433201, 34.772365 ], [ 139.428831299999985, 34.7752375 ], [ 139.424698299999989, 34.7786736 ], [ 139.4233477, 34.7808638 ], [ 139.420654, 34.7810699 ], [ 139.4179423, 34.7819485 ], [ 139.4146662, 34.7837746 ], [ 139.4119816, 34.7868276 ], [ 139.4079726, 34.786193499999989 ], [ 139.4056933, 34.7876154 ], [ 139.4031253, 34.787083 ], [ 139.3999929, 34.7880573 ], [ 139.3980067, 34.7878761 ], [ 139.3916165, 34.789730399999989 ], [ 139.3899266, 34.788611 ], [ 139.388726800000029, 34.7893052 ], [ 139.384220400000032, 34.7899981 ], [ 139.382114, 34.7913738 ], [ 139.3804998, 34.7943339 ], [ 139.377947, 34.793899 ], [ 139.3758394, 34.794943 ], [ 139.374403299999983, 34.7968624 ] ] ], [ [ [ 141.46995, 24.2298861 ], [ 141.472008099999982, 24.2331322 ], [ 141.4729192, 24.2395683 ], [ 141.4722386, 24.2419136 ], [ 141.470965, 24.2418514 ], [ 141.4621414, 24.2450689 ], [ 141.4585969, 24.2447922 ], [ 141.4550375, 24.2418736 ], [ 141.45361, 24.2364067 ], [ 141.4532839, 24.2292025 ], [ 141.4537331, 24.2268936 ], [ 141.4556531, 24.2252622 ], [ 141.4592494, 24.2247542 ], [ 141.468808599999988, 24.2271819 ], [ 141.46995, 24.2298861 ] ] ], [ [ [ 141.3358158, 24.8061658 ], [ 141.3343808, 24.8067153 ], [ 141.3299342, 24.8106742 ], [ 141.3277333, 24.8116564 ], [ 141.3234778, 24.8126158 ], [ 141.3215242, 24.8084203 ], [ 141.316748099999984, 24.8058983 ], [ 141.3137744, 24.8053394 ], [ 141.3114314, 24.8030475 ], [ 141.3091456, 24.8018817 ], [ 141.308888699999983, 24.8007066 ], [ 141.305331199999983, 24.7986385 ], [ 141.299929599999984, 24.7972167 ], [ 141.2965692, 24.7955863 ], [ 141.2896849, 24.7909136 ], [ 141.287393300000019, 24.790001 ], [ 141.285593799999987, 24.7871696 ], [ 141.286891199999985, 24.7858989 ], [ 141.2889021, 24.7873142 ], [ 141.291427, 24.7855657 ], [ 141.2933119, 24.7814967 ], [ 141.293214299999988, 24.7787578 ], [ 141.293818200000032, 24.7775393 ], [ 141.293526, 24.7708519 ], [ 141.2927689, 24.7692573 ], [ 141.291301399999981, 24.7628392 ], [ 141.290557799999988, 24.7606868 ], [ 141.288548099999986, 24.7573973 ], [ 141.285920299999987, 24.7546778 ], [ 141.285215099999988, 24.7506546 ], [ 141.2862791, 24.7478728 ], [ 141.2858114, 24.7458402 ], [ 141.2881744, 24.7461237 ], [ 141.291818799999987, 24.7487369 ], [ 141.2947297, 24.7525516 ], [ 141.3019994, 24.7566952 ], [ 141.3040598, 24.7572816 ], [ 141.3109586, 24.7612443 ], [ 141.31757, 24.7654099 ], [ 141.3191626, 24.7660734 ], [ 141.323775899999987, 24.7691597 ], [ 141.325069, 24.7704175 ], [ 141.3292294, 24.7707849 ], [ 141.3362761, 24.7707394 ], [ 141.337896699999988, 24.7721011 ], [ 141.339427199999989, 24.7724342 ], [ 141.340703099999985, 24.77371 ], [ 141.3430081, 24.7747797 ], [ 141.3442633, 24.7776561 ], [ 141.3462078, 24.7787589 ], [ 141.3470336, 24.78128 ], [ 141.3463329, 24.781967 ], [ 141.344593299999985, 24.7885903 ], [ 141.3445111, 24.7905072 ], [ 141.3435556, 24.793559 ], [ 141.340987499999983, 24.7995928 ], [ 141.3358158, 24.8061658 ] ] ], [ [ [ 141.28616, 24.8060108 ], [ 141.2846985, 24.7993983 ], [ 141.2859186, 24.7982899 ], [ 141.2864817, 24.8017391 ], [ 141.2875469, 24.8032428 ], [ 141.2876799, 24.8066095 ], [ 141.28616, 24.8060108 ] ] ], [ [ [ 141.293178, 25.4364704 ], [ 141.29251, 25.4392673 ], [ 141.2906353, 25.4405187 ], [ 141.2902439, 25.4435779 ], [ 141.2881477, 25.4473332 ], [ 141.2841094, 25.4487712 ], [ 141.28244, 25.4488098 ], [ 141.280135, 25.4479687 ], [ 141.2783144, 25.4465015 ], [ 141.273716899999982, 25.4416698 ], [ 141.272809699999982, 25.4394234 ], [ 141.2722258, 25.4293879 ], [ 141.2749294, 25.4217234 ], [ 141.276144099999982, 25.4194321 ], [ 141.278365, 25.4187882 ], [ 141.2817761, 25.4189237 ], [ 141.284665, 25.4200809 ], [ 141.2876483, 25.4207698 ], [ 141.290475500000014, 25.4223787 ], [ 141.2932808, 25.4257176 ], [ 141.2932219, 25.4290393 ], [ 141.292276099999981, 25.4331418 ], [ 141.293178, 25.4364704 ] ] ], [ [ [ 142.1595297, 26.5578386 ], [ 142.16130579999998, 26.5593664 ], [ 142.1602997, 26.5615389 ], [ 142.15677359999998, 26.5619503 ], [ 142.1549947, 26.5645431 ], [ 142.1521689, 26.5635064 ], [ 142.1531781, 26.5594028 ], [ 142.152081399999986, 26.5586456 ], [ 142.1534639, 26.5555178 ], [ 142.1537822, 26.5522289 ], [ 142.1547822, 26.5516856 ], [ 142.1548292, 26.5493044 ], [ 142.15107, 26.5484281 ], [ 142.1512917, 26.5466144 ], [ 142.155983099999986, 26.5433631 ], [ 142.1580878, 26.5442547 ], [ 142.1579319, 26.5467511 ], [ 142.159979199999981, 26.5470906 ], [ 142.1611136, 26.5490781 ], [ 142.160868599999986, 26.5527861 ], [ 142.15901359999998, 26.5558533 ], [ 142.1595297, 26.5578386 ] ] ], [ [ [ 142.152526699999981, 26.5836003 ], [ 142.1547656, 26.5843903 ], [ 142.1581653, 26.5833678 ], [ 142.159645, 26.5856458 ], [ 142.16100609999998, 26.5864756 ], [ 142.1614392, 26.5884647 ], [ 142.158968099999981, 26.58756 ], [ 142.158208299999984, 26.5881275 ], [ 142.154645, 26.5877594 ], [ 142.151991399999986, 26.5854369 ], [ 142.1494947, 26.5859819 ], [ 142.147916899999984, 26.5830314 ], [ 142.1505769, 26.5817675 ], [ 142.152526699999981, 26.5836003 ] ] ], [ [ [ 142.1653014, 26.59225 ], [ 142.1638194, 26.5928925 ], [ 142.1643483, 26.5898708 ], [ 142.166228099999984, 26.5904183 ], [ 142.1653014, 26.59225 ] ] ], [ [ [ 142.1346603, 26.6053744 ], [ 142.1335283, 26.6065725 ], [ 142.133816699999983, 26.6083961 ], [ 142.132754399999982, 26.6101058 ], [ 142.131057199999987, 26.6106247 ], [ 142.1298153, 26.6087031 ], [ 142.1282319, 26.6091556 ], [ 142.12748, 26.6104233 ], [ 142.1255447, 26.607215 ], [ 142.122667799999988, 26.6042917 ], [ 142.124288899999982, 26.6039431 ], [ 142.1263347, 26.6023575 ], [ 142.1274119, 26.5992881 ], [ 142.125686400000035, 26.5984772 ], [ 142.1252586, 26.5955944 ], [ 142.1271247, 26.5959183 ], [ 142.128929199999988, 26.5950072 ], [ 142.132918100000012, 26.5963942 ], [ 142.135930299999984, 26.6013964 ], [ 142.1346603, 26.6053744 ] ] ], [ [ [ 142.131054899999981, 26.7039228 ], [ 142.1314931, 26.7062294 ], [ 142.130006899999984, 26.7086777 ], [ 142.1275346, 26.7097704 ], [ 142.125999399999984, 26.7142934 ], [ 142.123480799999982, 26.7140889 ], [ 142.1226001, 26.7106119 ], [ 142.123304099999984, 26.7095693 ], [ 142.1232785, 26.7057544 ], [ 142.1255061, 26.704072 ], [ 142.125441200000012, 26.7028783 ], [ 142.1270199, 26.7012016 ], [ 142.1282234, 26.7013562 ], [ 142.1287039, 26.6989957 ], [ 142.1286557, 26.6952995 ], [ 142.1300855, 26.6942683 ], [ 142.130961499999984, 26.6903527 ], [ 142.1308057, 26.6890755 ], [ 142.133645799999982, 26.6865347 ], [ 142.1353234, 26.6859722 ], [ 142.1364841, 26.6842851 ], [ 142.136452199999979, 26.6815281 ], [ 142.1432216, 26.6767737 ], [ 142.144760099999985, 26.6763169 ], [ 142.145017699999983, 26.6744638 ], [ 142.1436649, 26.6722054 ], [ 142.144073700000035, 26.6698205 ], [ 142.141505099999989, 26.6672353 ], [ 142.142868099999987, 26.6663383 ], [ 142.14549169999998, 26.6666693 ], [ 142.146413300000034, 26.6679857 ], [ 142.1477725, 26.6675897 ], [ 142.1493107, 26.6658729 ], [ 142.1492403, 26.6620613 ], [ 142.1452136, 26.658241 ], [ 142.145181, 26.6564751 ], [ 142.1470201, 26.6568341 ], [ 142.146399299999985, 26.6528619 ], [ 142.1489129, 26.6509233 ], [ 142.148469, 26.6494649 ], [ 142.149419199999983, 26.6484311 ], [ 142.151899899999989, 26.6477506 ], [ 142.1528845, 26.6463631 ], [ 142.1516947, 26.6455972 ], [ 142.154012199999983, 26.637275 ], [ 142.154086299999989, 26.6359437 ], [ 142.1564342, 26.6356792 ], [ 142.1584987, 26.6389284 ], [ 142.1607084, 26.6399189 ], [ 142.161304299999983, 26.6340906 ], [ 142.1610224, 26.6317809 ], [ 142.161834299999981, 26.6303263 ], [ 142.164195799999987, 26.6300899 ], [ 142.1650704, 26.6313636 ], [ 142.169543399999981, 26.6322717 ], [ 142.1711604, 26.6309991 ], [ 142.172149099999984, 26.6282554 ], [ 142.1731028, 26.6281783 ], [ 142.173244899999986, 26.6256863 ], [ 142.1761457, 26.6238594 ], [ 142.174713500000024, 26.6227203 ], [ 142.176267199999984, 26.6215408 ], [ 142.17731569999998, 26.6192486 ], [ 142.1765481, 26.6164168 ], [ 142.1778616, 26.6154948 ], [ 142.176781299999988, 26.6136629 ], [ 142.1751638, 26.6127102 ], [ 142.1736276, 26.6099341 ], [ 142.1764562, 26.6096191 ], [ 142.1776037, 26.6077878 ], [ 142.1788228, 26.6079776 ], [ 142.181618, 26.6100799 ], [ 142.1821893, 26.611999 ], [ 142.1809194, 26.6141798 ], [ 142.1808896, 26.6164194 ], [ 142.181792, 26.6206026 ], [ 142.1818594, 26.6226694 ], [ 142.180245400000018, 26.6242845 ], [ 142.180416899999983, 26.6272898 ], [ 142.1811069, 26.6284086 ], [ 142.180100899999985, 26.6295987 ], [ 142.180445099999986, 26.6310811 ], [ 142.1772186, 26.6341166 ], [ 142.1727258, 26.6361271 ], [ 142.1732505, 26.6391941 ], [ 142.1712298, 26.6434337 ], [ 142.173511100000013, 26.6446839 ], [ 142.173266499999983, 26.6465276 ], [ 142.1745704, 26.6479606 ], [ 142.1738145, 26.6526532 ], [ 142.1743401, 26.6543711 ], [ 142.1759286, 26.6550661 ], [ 142.1783192, 26.6547545 ], [ 142.1802763, 26.6531157 ], [ 142.184188299999988, 26.654711 ], [ 142.184722199999982, 26.6558015 ], [ 142.188426599999985, 26.6554382 ], [ 142.188276699999989, 26.6586894 ], [ 142.1872411, 26.6595828 ], [ 142.184672299999988, 26.6584597 ], [ 142.1840886, 26.6597928 ], [ 142.181980899999985, 26.6593892 ], [ 142.1822923, 26.6568153 ], [ 142.180669599999987, 26.6569842 ], [ 142.1792112, 26.6554606 ], [ 142.1760124, 26.6566825 ], [ 142.1750332, 26.6557785 ], [ 142.172664, 26.6561979 ], [ 142.169488799999982, 26.6583587 ], [ 142.167571399999986, 26.6579252 ], [ 142.1645284, 26.6609176 ], [ 142.1635358, 26.6625698 ], [ 142.1638659, 26.6643393 ], [ 142.1621754, 26.6665855 ], [ 142.1627585, 26.6701128 ], [ 142.161644199999984, 26.6728818 ], [ 142.1636512, 26.6761666 ], [ 142.164030199999985, 26.6777998 ], [ 142.1655701, 26.6800351 ], [ 142.1670346, 26.6809532 ], [ 142.1661648, 26.6827531 ], [ 142.16602469999998, 26.6847228 ], [ 142.167753299999987, 26.6859871 ], [ 142.168495, 26.6898954 ], [ 142.166406, 26.6891525 ], [ 142.166062499999981, 26.6874376 ], [ 142.1649133, 26.686847 ], [ 142.1593207, 26.6868654 ], [ 142.158759299999986, 26.6861168 ], [ 142.153744499999988, 26.6840376 ], [ 142.1497455, 26.6836834 ], [ 142.146577799999989, 26.6853309 ], [ 142.147151899999983, 26.6873575 ], [ 142.1458, 26.6933835 ], [ 142.148772, 26.6946387 ], [ 142.150926699999985, 26.6942412 ], [ 142.151254199999983, 26.697231 ], [ 142.1544374, 26.6989964 ], [ 142.159815399999985, 26.7011708 ], [ 142.1632204, 26.7001383 ], [ 142.1650186, 26.702574 ], [ 142.1586887, 26.7036394 ], [ 142.157932099999982, 26.7062194 ], [ 142.154854600000021, 26.7086411 ], [ 142.1533254, 26.708582 ], [ 142.1529334, 26.7063885 ], [ 142.1476754, 26.7076084 ], [ 142.145514099999986, 26.7062494 ], [ 142.142379, 26.7083637 ], [ 142.1412934, 26.7072746 ], [ 142.1410741, 26.7053854 ], [ 142.1422969, 26.7034671 ], [ 142.1413241, 26.7013724 ], [ 142.1431274, 26.6988484 ], [ 142.1409253, 26.6991446 ], [ 142.136257, 26.7004281 ], [ 142.13413749999998, 26.6996075 ], [ 142.1335373, 26.7022971 ], [ 142.131054899999981, 26.7039228 ] ] ], [ [ [ 142.1683744, 27.1145814 ], [ 142.1704886, 27.1149811 ], [ 142.1717775, 27.1163586 ], [ 142.170363899999984, 27.1191525 ], [ 142.168417799999986, 27.1215692 ], [ 142.1670522, 27.1203947 ], [ 142.165162200000026, 27.1213636 ], [ 142.1638317, 27.1200803 ], [ 142.1654528, 27.1179442 ], [ 142.165441099999981, 27.1165044 ], [ 142.1638475, 27.1151664 ], [ 142.1619733, 27.11512 ], [ 142.1615933, 27.1132733 ], [ 142.165585, 27.1129014 ], [ 142.16732829999998, 27.1151539 ], [ 142.1683744, 27.1145814 ] ] ], [ [ [ 140.8889208, 27.2427607 ], [ 140.890016299999985, 27.2456554 ], [ 140.8890782, 27.2482292 ], [ 140.886026, 27.2512663 ], [ 140.880395099999987, 27.2533724 ], [ 140.875046, 27.2540123 ], [ 140.873354899999981, 27.253708 ], [ 140.8711432, 27.2508215 ], [ 140.8711573, 27.24692 ], [ 140.8692706, 27.2439814 ], [ 140.8692945, 27.2429616 ], [ 140.8745998, 27.2377243 ], [ 140.8776685, 27.2379446 ], [ 140.8819162, 27.2370171 ], [ 140.8840634, 27.2371572 ], [ 140.886671, 27.2389244 ], [ 140.8889208, 27.2427607 ] ] ], [ [ [ 142.1265378, 27.6783347 ], [ 142.1269706, 27.6808281 ], [ 142.124823599999985, 27.6806528 ], [ 142.12533, 27.6784925 ], [ 142.1265378, 27.6783347 ] ] ], [ [ [ 142.1383672, 27.6863747 ], [ 142.136245799999983, 27.6873628 ], [ 142.1326589, 27.6855297 ], [ 142.132260799999983, 27.6879006 ], [ 142.1312467, 27.6887383 ], [ 142.128161399999982, 27.6881853 ], [ 142.125212799999986, 27.6869911 ], [ 142.1253658, 27.6841994 ], [ 142.1268719, 27.6835544 ], [ 142.127209400000027, 27.6817375 ], [ 142.128929699999986, 27.6816283 ], [ 142.1293589, 27.6800778 ], [ 142.131451699999985, 27.6793964 ], [ 142.1332294, 27.6801664 ], [ 142.1354225, 27.6800861 ], [ 142.138895599999984, 27.6789036 ], [ 142.137813099999988, 27.6744556 ], [ 142.1396631, 27.672075 ], [ 142.141109199999988, 27.6714489 ], [ 142.1435878, 27.6716483 ], [ 142.145676399999985, 27.6705881 ], [ 142.1471431, 27.6714367 ], [ 142.1488139, 27.6735464 ], [ 142.147936099999981, 27.6796558 ], [ 142.1486411, 27.680835 ], [ 142.1477414, 27.6820408 ], [ 142.1481269, 27.6836228 ], [ 142.146467799999982, 27.6850789 ], [ 142.1431939, 27.6863658 ], [ 142.1426433, 27.6885197 ], [ 142.1401103, 27.6885883 ], [ 142.140389699999986, 27.6868761 ], [ 142.1383672, 27.6863747 ] ] ], [ [ [ 142.0965717, 27.72054 ], [ 142.096523099999985, 27.7192289 ], [ 142.09926, 27.7174239 ], [ 142.1026008, 27.7173003 ], [ 142.0989547, 27.7202794 ], [ 142.0965717, 27.72054 ] ] ], [ [ [ 139.77595, 33.1562592 ], [ 139.7738215, 33.1574218 ], [ 139.7708936, 33.158191 ], [ 139.768130499999984, 33.1575025 ], [ 139.7635388, 33.1588237 ], [ 139.7600139, 33.1589774 ], [ 139.757428399999981, 33.1591785 ], [ 139.756849, 33.1583106 ], [ 139.7531627, 33.1579389 ], [ 139.749144799999982, 33.1569906 ], [ 139.746014299999985, 33.1556228 ], [ 139.743834599999985, 33.1533344 ], [ 139.743400100000031, 33.1514039 ], [ 139.741364, 33.1473323 ], [ 139.738988399999982, 33.1455201 ], [ 139.7396105, 33.1437474 ], [ 139.738508599999989, 33.1416117 ], [ 139.7383235, 33.1384828 ], [ 139.7398771, 33.1341447 ], [ 139.7398135, 33.1314167 ], [ 139.7411936, 33.1293243 ], [ 139.74195659999998, 33.1266961 ], [ 139.7434955, 33.1260964 ], [ 139.7445787, 33.1226551 ], [ 139.7477653, 33.118641 ], [ 139.7509767, 33.1158096 ], [ 139.7524661, 33.112274 ], [ 139.7518337, 33.1101188 ], [ 139.752887099999981, 33.1087614 ], [ 139.753466799999984, 33.1063524 ], [ 139.7551334, 33.1039748 ], [ 139.757566, 33.1026185 ], [ 139.7611374, 33.1025311 ], [ 139.7670123, 33.101733599999989 ], [ 139.76975969999998, 33.1002412 ], [ 139.772795799999983, 33.0977219 ], [ 139.773428699999982, 33.09868 ], [ 139.777437599999985, 33.0995668 ], [ 139.776722, 33.0981556 ], [ 139.7788308, 33.0958559 ], [ 139.779778099999987, 33.0926114 ], [ 139.780109, 33.0894892 ], [ 139.7795583, 33.0868463 ], [ 139.7804442, 33.0818387 ], [ 139.780269799999985, 33.0756382 ], [ 139.7810633, 33.0731566 ], [ 139.7842848, 33.0697076 ], [ 139.7859018, 33.069374 ], [ 139.7904594, 33.0664949 ], [ 139.7930097, 33.0659329 ], [ 139.7961971, 33.0625583 ], [ 139.802084, 33.0638501 ], [ 139.805129599999987, 33.0622124 ], [ 139.8076145, 33.0593404 ], [ 139.810571899999985, 33.05877 ], [ 139.81228059999998, 33.0596315 ], [ 139.8151781, 33.0595156 ], [ 139.8186177, 33.0587967 ], [ 139.8200103, 33.0579062 ], [ 139.8221643, 33.0553057 ], [ 139.824376799999982, 33.0533805 ], [ 139.8272307, 33.0500293 ], [ 139.8296171, 33.0483974 ], [ 139.832218399999988, 33.0453976 ], [ 139.835655799999984, 33.0484822 ], [ 139.836912899999987, 33.0506315 ], [ 139.836403, 33.0518958 ], [ 139.8334673, 33.0547437 ], [ 139.834341, 33.062573 ], [ 139.833151099999981, 33.0657224 ], [ 139.8338186, 33.0676244 ], [ 139.8353342, 33.0679625 ], [ 139.8374102, 33.0701238 ], [ 139.8388727, 33.0731256 ], [ 139.838946199999981, 33.0749995 ], [ 139.840030499999983, 33.0760028 ], [ 139.842388799999981, 33.0763669 ], [ 139.845409, 33.0756247 ], [ 139.8466808, 33.0770213 ], [ 139.8499487, 33.078009 ], [ 139.8517132, 33.0774265 ], [ 139.854808, 33.0774518 ], [ 139.8574989, 33.0789216 ], [ 139.85744170000001, 33.0804153 ], [ 139.859254199999981, 33.0837577 ], [ 139.8586546, 33.0858323 ], [ 139.8562335, 33.0881541 ], [ 139.85464829999998, 33.0907664 ], [ 139.854372499999982, 33.0935723 ], [ 139.8554394, 33.0960676 ], [ 139.8573979, 33.0983865 ], [ 139.855255, 33.1011928 ], [ 139.851555599999983, 33.1046284 ], [ 139.8498684, 33.107867 ], [ 139.848964599999988, 33.1116403 ], [ 139.8448703, 33.1162864 ], [ 139.842355199999986, 33.1163368 ], [ 139.836063599999989, 33.1181411 ], [ 139.830405899999988, 33.1171217 ], [ 139.8262952, 33.1177021 ], [ 139.8239543, 33.1193328 ], [ 139.8200046, 33.1202295 ], [ 139.8170436, 33.1202222 ], [ 139.8169663, 33.1233549 ], [ 139.8144737, 33.1283068 ], [ 139.811943899999989, 33.1281835 ], [ 139.809985899999987, 33.1300639 ], [ 139.8076954, 33.1303706 ], [ 139.8055688, 33.1294396 ], [ 139.8028454, 33.1328944 ], [ 139.8008073, 33.1324823 ], [ 139.7980332, 33.1335174 ], [ 139.798318, 33.1353732 ], [ 139.7967792, 33.1356223 ], [ 139.7969563, 33.1374949 ], [ 139.79610420000003, 33.1388713 ], [ 139.7960774, 33.142474 ], [ 139.7949786, 33.142164 ], [ 139.7931752, 33.1438167 ], [ 139.788901899999985, 33.1452984 ], [ 139.7867493, 33.1478555 ], [ 139.7834762, 33.1488698 ], [ 139.781576299999983, 33.1513604 ], [ 139.776397, 33.1549594 ], [ 139.77595, 33.1562592 ] ] ], [ [ [ 153.986553599999979, 24.2839602 ], [ 153.9850122, 24.2899996 ], [ 153.984669299999979, 24.294146 ], [ 153.9849391, 24.2963674 ], [ 153.983920499999982, 24.2975504 ], [ 153.982749499999983, 24.2968869 ], [ 153.9815643, 24.29483 ], [ 153.97776349999998, 24.2908033 ], [ 153.9724443, 24.2865657 ], [ 153.9715094, 24.2843087 ], [ 153.9775644, 24.2832402 ], [ 153.982122299999986, 24.2812339 ], [ 153.984428, 24.2808636 ], [ 153.9864637, 24.2820512 ], [ 153.986553599999979, 24.2839602 ] ] ], [ [ [ 142.212285, 26.5562394 ], [ 142.215287499999988, 26.5568136 ], [ 142.2157056, 26.5586719 ], [ 142.2178997, 26.5616811 ], [ 142.216076099999981, 26.5638867 ], [ 142.2125594, 26.5644636 ], [ 142.2095378, 26.5639986 ], [ 142.2058811, 26.5616967 ], [ 142.20414, 26.5622736 ], [ 142.204050599999988, 26.55896 ], [ 142.2015658, 26.5566553 ], [ 142.20156609999998, 26.5534983 ], [ 142.2047389, 26.5548569 ], [ 142.2056083, 26.5542236 ], [ 142.212285, 26.5562394 ] ] ], [ [ [ 142.235565799999989, 26.567495 ], [ 142.24017139999998, 26.5689831 ], [ 142.238195, 26.5704094 ], [ 142.2349667, 26.5710378 ], [ 142.2332561, 26.5733711 ], [ 142.230672799999979, 26.5756486 ], [ 142.229482499999989, 26.5751214 ], [ 142.2265361, 26.5709633 ], [ 142.228476699999987, 26.5690644 ], [ 142.2258286, 26.5664264 ], [ 142.2268292, 26.5638164 ], [ 142.228645299999982, 26.5638078 ], [ 142.2316242, 26.5665692 ], [ 142.2338881, 26.5666325 ], [ 142.235565799999989, 26.567495 ] ] ], [ [ [ 142.177883300000019, 26.6031091 ], [ 142.1775963, 26.6054973 ], [ 142.1757896, 26.6030048 ], [ 142.177883300000019, 26.6031091 ] ] ], [ [ [ 142.175313099999983, 27.0317614 ], [ 142.176923099999982, 27.0319333 ], [ 142.17531, 27.0367208 ], [ 142.17772, 27.0368083 ], [ 142.1740103, 27.0440939 ], [ 142.1731264, 27.0434331 ], [ 142.1740086, 27.0366503 ], [ 142.175313099999983, 27.0317614 ] ] ], [ [ [ 142.1975826, 27.1045081 ], [ 142.195734, 27.1049691 ], [ 142.1947658, 27.1035408 ], [ 142.193477, 27.1038263 ], [ 142.193289099999987, 27.1058283 ], [ 142.1909528, 27.1044873 ], [ 142.188788099999982, 27.1045781 ], [ 142.1871161, 27.1055201 ], [ 142.18297960000001, 27.103132 ], [ 142.181691, 27.1004071 ], [ 142.1828978, 27.0970387 ], [ 142.1820338, 27.09529 ], [ 142.182574, 27.0931378 ], [ 142.1859695, 27.0913172 ], [ 142.1862466, 27.0885823 ], [ 142.1878419, 27.0879952 ], [ 142.1904064, 27.0892664 ], [ 142.192181, 27.0930016 ], [ 142.1981504, 27.0960516 ], [ 142.1989065, 27.0977307 ], [ 142.201030799999984, 27.099403 ], [ 142.2028119, 27.0985692 ], [ 142.201333, 27.0958051 ], [ 142.2031235, 27.0951251 ], [ 142.203746099999989, 27.0936493 ], [ 142.2033102, 27.0913069 ], [ 142.203761499999985, 27.0900717 ], [ 142.2019654, 27.0874379 ], [ 142.203893099999988, 27.0863917 ], [ 142.204120099999983, 27.0849205 ], [ 142.206388, 27.0862288 ], [ 142.208356399999985, 27.0837992 ], [ 142.2072054, 27.0824811 ], [ 142.2068401, 27.0779434 ], [ 142.2051037, 27.0766422 ], [ 142.205804299999983, 27.0748632 ], [ 142.2031254, 27.0729416 ], [ 142.2020206, 27.0729287 ], [ 142.198761099999984, 27.0751624 ], [ 142.196864799999986, 27.0746465 ], [ 142.1922162, 27.0754215 ], [ 142.1907986, 27.0736578 ], [ 142.1866589, 27.0727176 ], [ 142.1837803, 27.0752649 ], [ 142.1828481, 27.075112 ], [ 142.181714, 27.0728199 ], [ 142.1823985, 27.0709859 ], [ 142.1844461, 27.0705319 ], [ 142.18717909999998, 27.0716402 ], [ 142.187941699999982, 27.069792 ], [ 142.189592299999987, 27.0700366 ], [ 142.191126199999985, 27.0682449 ], [ 142.1932828, 27.0671537 ], [ 142.191394699999989, 27.0651793 ], [ 142.1935149, 27.0642122 ], [ 142.194854, 27.0628596 ], [ 142.195269699999983, 27.061053 ], [ 142.194214099999982, 27.0593157 ], [ 142.19290239999998, 27.0593575 ], [ 142.188207799999986, 27.0615311 ], [ 142.187649199999981, 27.0560823 ], [ 142.1895197, 27.0555139 ], [ 142.1890704, 27.0524615 ], [ 142.189776, 27.0504401 ], [ 142.188944, 27.0485998 ], [ 142.186378599999983, 27.0482038 ], [ 142.18511909999998, 27.0457417 ], [ 142.1840077, 27.0455185 ], [ 142.185281500000031, 27.0430267 ], [ 142.1871946, 27.0448159 ], [ 142.1897734, 27.0439104 ], [ 142.1910306, 27.0424269 ], [ 142.194591299999985, 27.0419607 ], [ 142.1956701, 27.0439786 ], [ 142.1983337, 27.0455266 ], [ 142.2062846, 27.0441201 ], [ 142.208137099999988, 27.0403556 ], [ 142.212392, 27.0406474 ], [ 142.214541, 27.0397701 ], [ 142.2173699, 27.0416051 ], [ 142.2195408, 27.0413748 ], [ 142.2205342, 27.0404564 ], [ 142.2188492, 27.0376025 ], [ 142.2195596, 27.0362679 ], [ 142.223081600000029, 27.0359234 ], [ 142.22580259999998, 27.036295 ], [ 142.22938910000002, 27.0359457 ], [ 142.2296524, 27.0377481 ], [ 142.2284368, 27.0388901 ], [ 142.2259106, 27.0388921 ], [ 142.22525779999998, 27.0416249 ], [ 142.2227402, 27.0442297 ], [ 142.223648, 27.046064 ], [ 142.226071499999989, 27.0458389 ], [ 142.2251633, 27.0480305 ], [ 142.2263026, 27.0498221 ], [ 142.2219146, 27.0528691 ], [ 142.222348499999981, 27.0539637 ], [ 142.2250594, 27.053556 ], [ 142.2262821, 27.0551474 ], [ 142.228668199999987, 27.0568473 ], [ 142.229679299999987, 27.0545478 ], [ 142.233525, 27.0514371 ], [ 142.2352861, 27.0495425 ], [ 142.2374726, 27.0513461 ], [ 142.237234, 27.0539164 ], [ 142.2346958, 27.0562141 ], [ 142.23186130000002, 27.0568158 ], [ 142.2318635, 27.0581609 ], [ 142.230144199999984, 27.0594928 ], [ 142.2302688, 27.0607233 ], [ 142.231775299999981, 27.0627922 ], [ 142.2307722, 27.0690409 ], [ 142.231336699999986, 27.0714818 ], [ 142.2327689, 27.0729138 ], [ 142.2332059, 27.0754759 ], [ 142.232855, 27.0775082 ], [ 142.22840979999998, 27.0812992 ], [ 142.2259, 27.0806779 ], [ 142.2243636, 27.0821699 ], [ 142.2250568, 27.0830661 ], [ 142.2231495, 27.0859336 ], [ 142.224931199999986, 27.0878747 ], [ 142.224766100000011, 27.0898302 ], [ 142.223566799999986, 27.0907673 ], [ 142.2225751, 27.0931763 ], [ 142.2195371, 27.0958211 ], [ 142.217704800000035, 27.0983931 ], [ 142.217673, 27.1001323 ], [ 142.2148034, 27.1004386 ], [ 142.211437499999988, 27.1034549 ], [ 142.2089446, 27.103131 ], [ 142.205518, 27.1033951 ], [ 142.2044043, 27.1054578 ], [ 142.1975826, 27.1045081 ] ] ], [ [ [ 142.2446697, 27.0921869 ], [ 142.2457389, 27.0903122 ], [ 142.2480994, 27.0909419 ], [ 142.2485561, 27.0930522 ], [ 142.246264199999985, 27.09492 ], [ 142.2413075, 27.0958269 ], [ 142.2416336, 27.0944069 ], [ 142.2432636, 27.0926417 ], [ 142.2446697, 27.0921869 ] ] ], [ [ [ 142.1874075, 27.1174597 ], [ 142.1856722, 27.1187481 ], [ 142.1844367, 27.1180919 ], [ 142.1866714, 27.1162747 ], [ 142.1874075, 27.1174597 ] ] ], [ [ [ 142.1945758, 27.1378417 ], [ 142.195987799999983, 27.1395497 ], [ 142.193725799999982, 27.1410375 ], [ 142.1940222, 27.1436428 ], [ 142.191666699999985, 27.1441729 ], [ 142.190861899999987, 27.1398992 ], [ 142.189853299999982, 27.1393622 ], [ 142.188985299999985, 27.1369686 ], [ 142.193110599999983, 27.1335128 ], [ 142.190070599999984, 27.1319447 ], [ 142.18794939999998, 27.12976 ], [ 142.189132199999989, 27.1265264 ], [ 142.190809699999988, 27.1247733 ], [ 142.1901992, 27.1232472 ], [ 142.187124399999988, 27.1215336 ], [ 142.1899472, 27.120655 ], [ 142.194112499999989, 27.1232681 ], [ 142.1984008, 27.1231881 ], [ 142.2013092, 27.1219797 ], [ 142.2019478, 27.1199336 ], [ 142.2063408, 27.1180175 ], [ 142.205721899999986, 27.11604 ], [ 142.2030853, 27.1142403 ], [ 142.2005847, 27.1112708 ], [ 142.200770299999988, 27.1097983 ], [ 142.204313899999988, 27.1103811 ], [ 142.2067444, 27.1091436 ], [ 142.209951099999984, 27.1088606 ], [ 142.212618099999986, 27.1096169 ], [ 142.2165039, 27.1084706 ], [ 142.2200378, 27.1088781 ], [ 142.2206947, 27.1108575 ], [ 142.2227456, 27.1101272 ], [ 142.2260383, 27.1111378 ], [ 142.2290989, 27.10987 ], [ 142.230765, 27.1103114 ], [ 142.2316947, 27.1091906 ], [ 142.2338844, 27.1091003 ], [ 142.236083899999983, 27.1115936 ], [ 142.2353439, 27.1141658 ], [ 142.2289811, 27.1145011 ], [ 142.227681099999984, 27.1149603 ], [ 142.2260686, 27.1169403 ], [ 142.2273028, 27.1182517 ], [ 142.2262067, 27.1198447 ], [ 142.226616899999982, 27.1240628 ], [ 142.2240311, 27.1230144 ], [ 142.2225578, 27.1262958 ], [ 142.220430599999986, 27.1270925 ], [ 142.2185692, 27.1295653 ], [ 142.2196386, 27.1326628 ], [ 142.2168881, 27.1335819 ], [ 142.2164569, 27.1325411 ], [ 142.213889699999982, 27.1314031 ], [ 142.209821399999981, 27.1302839 ], [ 142.2092653, 27.1294025 ], [ 142.205029199999984, 27.1288628 ], [ 142.2052, 27.1310461 ], [ 142.2067894, 27.1327528 ], [ 142.2068842, 27.1340586 ], [ 142.205114399999985, 27.1348594 ], [ 142.2035742, 27.1345356 ], [ 142.2021986, 27.1331242 ], [ 142.200288300000011, 27.1327006 ], [ 142.20012029999998, 27.1340778 ], [ 142.198219199999983, 27.1347922 ], [ 142.1945758, 27.1378417 ] ] ], [ [ [ 142.200083899999981, 27.1828314 ], [ 142.197263599999985, 27.1825072 ], [ 142.195808299999982, 27.1846119 ], [ 142.1912242, 27.1858528 ], [ 142.1891833, 27.1870811 ], [ 142.189216099999982, 27.1900322 ], [ 142.1850767, 27.1872347 ], [ 142.185751399999987, 27.1846736 ], [ 142.1876981, 27.1841931 ], [ 142.1875747, 27.1820961 ], [ 142.185675799999984, 27.1799739 ], [ 142.1858828, 27.1773386 ], [ 142.1875522, 27.1766936 ], [ 142.1872425, 27.1739203 ], [ 142.1876872, 27.1723119 ], [ 142.1855783, 27.1714386 ], [ 142.18379059999998, 27.1686739 ], [ 142.1842953, 27.1666192 ], [ 142.1832667, 27.1660486 ], [ 142.1844025, 27.1592983 ], [ 142.1818822, 27.1565667 ], [ 142.1844456, 27.1568842 ], [ 142.1863511, 27.1546531 ], [ 142.184692499999983, 27.1525833 ], [ 142.185613599999982, 27.1504328 ], [ 142.1846617, 27.1495242 ], [ 142.18119, 27.1508183 ], [ 142.1796292, 27.1483456 ], [ 142.1806411, 27.14645 ], [ 142.187268599999982, 27.1447225 ], [ 142.1882578, 27.1462961 ], [ 142.1875528, 27.1476544 ], [ 142.187921099999983, 27.1501844 ], [ 142.1893464, 27.1506978 ], [ 142.1923914, 27.1506189 ], [ 142.1930533, 27.1524978 ], [ 142.1962572, 27.1545656 ], [ 142.1975592, 27.1570867 ], [ 142.199394399999989, 27.1581628 ], [ 142.1977444, 27.1598661 ], [ 142.2003311, 27.1626336 ], [ 142.2008447, 27.1661869 ], [ 142.2021614, 27.1691358 ], [ 142.1980594, 27.1688256 ], [ 142.198072199999984, 27.1710019 ], [ 142.1951161, 27.1732881 ], [ 142.1946025, 27.17639 ], [ 142.195290799999981, 27.1791219 ], [ 142.1999203, 27.1813739 ], [ 142.200083899999981, 27.1828314 ] ] ], [ [ [ 142.1952272, 27.1964372 ], [ 142.193651099999983, 27.1955175 ], [ 142.193455799999981, 27.1939092 ], [ 142.1955994, 27.1936869 ], [ 142.1984094, 27.1948081 ], [ 142.1985608, 27.1967697 ], [ 142.197415299999989, 27.1954892 ], [ 142.1952272, 27.1964372 ] ] ], [ [ [ 142.2088317, 27.4879136 ], [ 142.2069517, 27.489505 ], [ 142.205430799999988, 27.4877722 ], [ 142.2088317, 27.4879136 ] ] ], [ [ [ 142.213402500000029, 27.4893356 ], [ 142.215102799999983, 27.4896122 ], [ 142.2140647, 27.4946267 ], [ 142.2120697, 27.4962656 ], [ 142.2129292, 27.4982211 ], [ 142.211408299999988, 27.5022422 ], [ 142.209828099999982, 27.5001031 ], [ 142.205320299999983, 27.5004475 ], [ 142.20426329999998, 27.4994908 ], [ 142.2044875, 27.4970558 ], [ 142.2054306, 27.4963814 ], [ 142.2114708, 27.4947386 ], [ 142.211976099999987, 27.4936267 ], [ 142.2111247, 27.4919456 ], [ 142.2119956, 27.4900608 ], [ 142.213402500000029, 27.4893356 ] ] ], [ [ [ 142.1830942, 27.6303831 ], [ 142.1795869, 27.6304069 ], [ 142.1783811, 27.6320736 ], [ 142.1782019, 27.6336728 ], [ 142.1760406, 27.6339508 ], [ 142.1750667, 27.6358867 ], [ 142.173796899999985, 27.6351986 ], [ 142.17344079999998, 27.6335997 ], [ 142.1721914, 27.6331 ], [ 142.1712844, 27.6309861 ], [ 142.1721206, 27.6302508 ], [ 142.172177799999986, 27.6282128 ], [ 142.1734319, 27.6255744 ], [ 142.1734481, 27.6243561 ], [ 142.175659699999983, 27.6230567 ], [ 142.1790461, 27.6249542 ], [ 142.1802692, 27.6228433 ], [ 142.1819092, 27.6232092 ], [ 142.183255, 27.6209492 ], [ 142.1854186, 27.6194575 ], [ 142.187244199999981, 27.6225089 ], [ 142.1848789, 27.6257658 ], [ 142.1830942, 27.6303831 ] ] ] ] } },
{ "type": "Feature", "properties": { "hokenjo": "南多摩" }, "geometry": { "type": "MultiPolygon", "coordinates": [ [ [ [ 139.473807, 35.6493335 ], [ 139.4725503, 35.649281 ], [ 139.467881899999981, 35.651208 ], [ 139.455271899999985, 35.654328 ], [ 139.4516064, 35.6554724 ], [ 139.44201529999998, 35.657961 ], [ 139.4407005, 35.6601868 ], [ 139.4367444, 35.6639163 ], [ 139.431043099999982, 35.6698968 ], [ 139.4298278, 35.6708185 ], [ 139.427791900000017, 35.6727215 ], [ 139.422407199999981, 35.6791421 ], [ 139.419001399999985, 35.6821671 ], [ 139.4175684, 35.6827607 ], [ 139.4131497, 35.6834501 ], [ 139.4056386, 35.6855998 ], [ 139.3951358, 35.6891795 ], [ 139.3876933, 35.6903817 ], [ 139.385088599999989, 35.6912826 ], [ 139.3762664, 35.6916314 ], [ 139.3787772, 35.6884814 ], [ 139.3752005, 35.6857823 ], [ 139.376013299999983, 35.6835909 ], [ 139.375116099999985, 35.6821873 ], [ 139.376711299999982, 35.6783828 ], [ 139.376502099999982, 35.6764536 ], [ 139.3731632, 35.6734528 ], [ 139.370469899999989, 35.6685623 ], [ 139.3724249, 35.6657525 ], [ 139.362169599999987, 35.6605478 ], [ 139.358889299999987, 35.6593589 ], [ 139.3594043, 35.6568161 ], [ 139.3573537, 35.6558083 ], [ 139.358148699999987, 35.6541119 ], [ 139.3612909, 35.6505397 ], [ 139.36544139999998, 35.6464058 ], [ 139.3688012, 35.6443165 ], [ 139.3730147, 35.6438139 ], [ 139.376549499999982, 35.6454031 ], [ 139.378564700000027, 35.6441003 ], [ 139.3788267, 35.6422719 ], [ 139.378084199999989, 35.6393225 ], [ 139.382022, 35.6413164 ], [ 139.385230299999989, 35.6413161 ], [ 139.387374699999981, 35.6407203 ], [ 139.390872, 35.6409245 ], [ 139.3920128, 35.6395925 ], [ 139.3962847, 35.6404526 ], [ 139.398230899999987, 35.6397728 ], [ 139.3993611, 35.6411903 ], [ 139.406404, 35.6452567 ], [ 139.409067900000025, 35.6446796 ], [ 139.411773399999987, 35.6460346 ], [ 139.4150037, 35.647034 ], [ 139.4155623, 35.6452129 ], [ 139.41772229999998, 35.6431171 ], [ 139.4227401, 35.6411399 ], [ 139.423837599999985, 35.6395668 ], [ 139.426796699999983, 35.6379793 ], [ 139.4295831, 35.6339738 ], [ 139.429787, 35.6319674 ], [ 139.427181900000022, 35.6319829 ], [ 139.4250159, 35.6298622 ], [ 139.4235258, 35.6299023 ], [ 139.4198414, 35.6285976 ], [ 139.4156697, 35.6256239 ], [ 139.413191399999988, 35.6256169 ], [ 139.411791099999988, 35.6243504 ], [ 139.4078686, 35.6226037 ], [ 139.407387799999981, 35.621344 ], [ 139.4047074, 35.6207731 ], [ 139.4028597, 35.6177301 ], [ 139.401254099999989, 35.6163187 ], [ 139.4008187, 35.6145618 ], [ 139.398527299999984, 35.6119549 ], [ 139.393666199999984, 35.6086274 ], [ 139.3939011, 35.6081887 ], [ 139.3957421, 35.6082734 ], [ 139.396638, 35.6096273 ], [ 139.3985827, 35.6104373 ], [ 139.4033121, 35.6094212 ], [ 139.407934399999988, 35.6120443 ], [ 139.4101852, 35.610061699999989 ], [ 139.4127497, 35.6122798 ], [ 139.415759399999985, 35.6121634 ], [ 139.4183213, 35.6102232 ], [ 139.4205361, 35.6097807 ], [ 139.423110799999989, 35.6066346 ], [ 139.4258527, 35.6058749 ], [ 139.4282738, 35.6063902 ], [ 139.4282302, 35.6080479 ], [ 139.432217799999989, 35.6061963 ], [ 139.433866599999988, 35.6058657 ], [ 139.436273, 35.606741299999989 ], [ 139.4381675, 35.609588 ], [ 139.4421417, 35.6094533 ], [ 139.445934699999981, 35.6087052 ], [ 139.447656099999989, 35.6108772 ], [ 139.44905559999998, 35.6116324 ], [ 139.4507195, 35.6131838 ], [ 139.4524142, 35.615783 ], [ 139.452954799999986, 35.6181083 ], [ 139.4553484, 35.6182022 ], [ 139.4607359, 35.6221611 ], [ 139.4621637, 35.6248775 ], [ 139.464158199999986, 35.6245144 ], [ 139.4678621, 35.6205216 ], [ 139.474138499999981, 35.6196683 ], [ 139.4762365, 35.6188874 ], [ 139.4767118, 35.615328 ], [ 139.4780001, 35.6137383 ], [ 139.479658699999987, 35.6132641 ], [ 139.4812684, 35.6100566 ], [ 139.483507299999985, 35.6086191 ], [ 139.48655119999998, 35.6084341 ], [ 139.488269, 35.6071572 ], [ 139.489069, 35.6046669 ], [ 139.4940393, 35.6057841 ], [ 139.4975748, 35.6048688 ], [ 139.49976479999998, 35.6054674 ], [ 139.5000235, 35.6072805 ], [ 139.495781, 35.6123585 ], [ 139.4944157, 35.6154621 ], [ 139.4948813, 35.6173907 ], [ 139.4980335, 35.6184285 ], [ 139.499216599999983, 35.6202174 ], [ 139.5034191, 35.6228616 ], [ 139.506078, 35.6228238 ], [ 139.5096102, 35.6240802 ], [ 139.5143703, 35.6246602 ], [ 139.5161506, 35.6257035 ], [ 139.516957, 35.6278871 ], [ 139.516598099999982, 35.6295946 ], [ 139.517455899999987, 35.6306607 ], [ 139.5232598, 35.6321701 ], [ 139.523392299999983, 35.6335443 ], [ 139.522107300000016, 35.634566299999989 ], [ 139.5211831, 35.636770399999989 ], [ 139.523392299999983, 35.6388204 ], [ 139.524283199999985, 35.6415284 ], [ 139.5253888, 35.6426476 ], [ 139.5239226, 35.6434318 ], [ 139.5208351, 35.6461948 ], [ 139.5168352, 35.6493046 ], [ 139.5120943, 35.651201799999988 ], [ 139.5067976, 35.650879 ], [ 139.503122599999983, 35.6499385 ], [ 139.4994615, 35.6514485 ], [ 139.4961248, 35.6518824 ], [ 139.490374799999984, 35.652031 ], [ 139.489018099999981, 35.6514996 ], [ 139.4864618, 35.6526546 ], [ 139.479245599999985, 35.6519771 ], [ 139.4739973, 35.6507469 ], [ 139.473807, 35.6493335 ] ] ] ] } },
{ "type": "Feature", "properties": { "hokenjo": "八王子市" }, "geometry": { "type": "MultiPolygon", "coordinates": [ [ [ [ 139.3312301, 35.7134606 ], [ 139.329087, 35.7123083 ], [ 139.3276381, 35.7103962 ], [ 139.3252048, 35.7129207 ], [ 139.322937199999984, 35.7162802 ], [ 139.319237099999981, 35.7190619 ], [ 139.3158981, 35.7142475 ], [ 139.3135931, 35.7139506 ], [ 139.3084965, 35.7158861 ], [ 139.3084054, 35.7149933 ], [ 139.3049356, 35.7115494 ], [ 139.3034998, 35.7125542 ], [ 139.2958495, 35.7114647 ], [ 139.294260399999985, 35.7133756 ], [ 139.2914154, 35.7136508 ], [ 139.2887743, 35.7131419 ], [ 139.28538039999998, 35.7133522 ], [ 139.283179599999983, 35.7127811 ], [ 139.281851499999988, 35.7136444 ], [ 139.2769026, 35.7139656 ], [ 139.274322899999987, 35.714975 ], [ 139.2719835, 35.7145247 ], [ 139.2722159, 35.7126464 ], [ 139.2707498, 35.7106947 ], [ 139.2689748, 35.7100278 ], [ 139.260861799999986, 35.7104406 ], [ 139.258107099999989, 35.7122433 ], [ 139.255099299999983, 35.71269 ], [ 139.2519457, 35.7122619 ], [ 139.2496304, 35.7104928 ], [ 139.2463584, 35.7109442 ], [ 139.2450609, 35.7133547 ], [ 139.2433218, 35.7124794 ], [ 139.241091499999982, 35.7140455 ], [ 139.2373446, 35.7133064 ], [ 139.2358312, 35.7144739 ], [ 139.233126199999987, 35.7153153 ], [ 139.230051799999984, 35.71537 ], [ 139.2288571, 35.7162844 ], [ 139.2262857, 35.715923 ], [ 139.2239501, 35.716608 ], [ 139.222000899999983, 35.7161994 ], [ 139.219040899999982, 35.7168349 ], [ 139.2172454, 35.7188677 ], [ 139.214819799999987, 35.7164966 ], [ 139.2101289, 35.7136188 ], [ 139.2069137, 35.7127597 ], [ 139.2044956, 35.7073888 ], [ 139.204340299999984, 35.7049569 ], [ 139.205348099999981, 35.7032024 ], [ 139.204807499999987, 35.6997288 ], [ 139.2005433, 35.6991294 ], [ 139.200115, 35.6941622 ], [ 139.2001616, 35.6901344 ], [ 139.199390199999982, 35.6882455 ], [ 139.1956305, 35.6884319 ], [ 139.1932669, 35.6890583 ], [ 139.1913719, 35.6878286 ], [ 139.186891299999985, 35.6880257 ], [ 139.184069599999987, 35.6890527 ], [ 139.1819869, 35.6880585 ], [ 139.1789516, 35.689218 ], [ 139.1739916, 35.6892333 ], [ 139.1714149, 35.6887427 ], [ 139.1707988, 35.6834735 ], [ 139.1699993, 35.6801116 ], [ 139.1680462, 35.6769938 ], [ 139.1659846, 35.6749949 ], [ 139.164773700000012, 35.6704469 ], [ 139.1616037, 35.667906599999988 ], [ 139.1651434, 35.6649596 ], [ 139.165134199999983, 35.6633371 ], [ 139.1671689, 35.6618316 ], [ 139.166930899999983, 35.6596183 ], [ 139.168360299999989, 35.6585557 ], [ 139.1685847, 35.6566952 ], [ 139.167779199999984, 35.6537197 ], [ 139.166745599999985, 35.652738 ], [ 139.167021700000021, 35.651013 ], [ 139.169337499999983, 35.6514752 ], [ 139.171791399999989, 35.6503413 ], [ 139.175246099999981, 35.6497316 ], [ 139.176117799999986, 35.648188 ], [ 139.1791628, 35.6455677 ], [ 139.1810925, 35.6457439 ], [ 139.1840564, 35.6450886 ], [ 139.1880837, 35.6465744 ], [ 139.1915339, 35.647398 ], [ 139.1925589, 35.6503739 ], [ 139.1941243, 35.6518239 ], [ 139.1957301, 35.6512875 ], [ 139.198030099999983, 35.652948599999988 ], [ 139.2052654, 35.6515781 ], [ 139.2069448, 35.6498769 ], [ 139.2114612, 35.6491167 ], [ 139.2147904, 35.6469378 ], [ 139.2157348, 35.6455597 ], [ 139.214812599999988, 35.6439614 ], [ 139.2144634, 35.6413967 ], [ 139.2155329, 35.639137 ], [ 139.2154592, 35.6369434 ], [ 139.216649499999988, 35.6347353 ], [ 139.218542, 35.6336514 ], [ 139.219159499999989, 35.6319723 ], [ 139.221434, 35.6294664 ], [ 139.219478899999984, 35.6266775 ], [ 139.2202323, 35.6255717 ], [ 139.2254498, 35.6237531 ], [ 139.2272098, 35.6211037 ], [ 139.228874499999989, 35.6202259 ], [ 139.230384499999985, 35.6171284 ], [ 139.229881399999982, 35.6145676 ], [ 139.2345517, 35.611687 ], [ 139.236682799999983, 35.609747 ], [ 139.2379798, 35.6093501 ], [ 139.2386376, 35.6069767 ], [ 139.242642599999982, 35.606285899999989 ], [ 139.245387599999987, 35.6051617 ], [ 139.24687, 35.6052205 ], [ 139.2507484, 35.603200699999988 ], [ 139.2522237, 35.6016673 ], [ 139.2577053, 35.6042307 ], [ 139.261300299999988, 35.6028532 ], [ 139.26477509999998, 35.6024587 ], [ 139.266135099999985, 35.6056267 ], [ 139.265842, 35.6073515 ], [ 139.2687995, 35.6093545 ], [ 139.268804, 35.6121223 ], [ 139.2715345, 35.6139776 ], [ 139.273357299999986, 35.6137993 ], [ 139.2755898, 35.615483399999988 ], [ 139.2769506, 35.6185851 ], [ 139.279080099999987, 35.6187884 ], [ 139.279915599999981, 35.6200662 ], [ 139.2818529, 35.6197873 ], [ 139.282780100000025, 35.6207898 ], [ 139.285676199999983, 35.6207978 ], [ 139.287034, 35.6220267 ], [ 139.289228899999983, 35.6202298 ], [ 139.292050599999982, 35.6210256 ], [ 139.2935264, 35.6205326 ], [ 139.2937412, 35.6183331 ], [ 139.2967864, 35.6155017 ], [ 139.298036699999983, 35.6161073 ], [ 139.3034884, 35.6151773 ], [ 139.3076173, 35.61624 ], [ 139.3101269, 35.615782 ], [ 139.3136278, 35.6144639 ], [ 139.3153006, 35.612910899999989 ], [ 139.3174986, 35.6152411 ], [ 139.3215008, 35.6155403 ], [ 139.3227858, 35.6148192 ], [ 139.325556899999981, 35.61498 ], [ 139.3263858, 35.6157572 ], [ 139.3284391, 35.6150019 ], [ 139.330128299999984, 35.6164125 ], [ 139.3310639, 35.6154086 ], [ 139.3357569, 35.6148878 ], [ 139.3373752, 35.6142081 ], [ 139.338572699999986, 35.6195808 ], [ 139.337395, 35.6210444 ], [ 139.338052799999986, 35.6233669 ], [ 139.3400494, 35.6207883 ], [ 139.341567199999986, 35.6197491 ], [ 139.339515799999987, 35.6170783 ], [ 139.341659900000025, 35.6136953 ], [ 139.34753, 35.6089127 ], [ 139.3516146, 35.6086833 ], [ 139.3536535, 35.6073241 ], [ 139.3595733, 35.6064723 ], [ 139.36158039999998, 35.6054225 ], [ 139.3658327, 35.6087204 ], [ 139.3689288, 35.6063853 ], [ 139.371336900000017, 35.6058286 ], [ 139.373388, 35.6042192 ], [ 139.3758995, 35.6043125 ], [ 139.37822749999998, 35.6036729 ], [ 139.379812099999981, 35.6024843 ], [ 139.381677599999989, 35.6021231 ], [ 139.3863911, 35.5986794 ], [ 139.388349, 35.6024069 ], [ 139.387510099999986, 35.6048272 ], [ 139.3898293, 35.6066875 ], [ 139.391466799999989, 35.6067878 ], [ 139.3939011, 35.6081887 ], [ 139.393666199999984, 35.6086274 ], [ 139.398527299999984, 35.6119549 ], [ 139.4008187, 35.6145618 ], [ 139.401254099999989, 35.6163187 ], [ 139.4028597, 35.6177301 ], [ 139.4047074, 35.6207731 ], [ 139.407387799999981, 35.621344 ], [ 139.4078686, 35.6226037 ], [ 139.411791099999988, 35.6243504 ], [ 139.413191399999988, 35.6256169 ], [ 139.4156697, 35.6256239 ], [ 139.4198414, 35.6285976 ], [ 139.4235258, 35.6299023 ], [ 139.4250159, 35.6298622 ], [ 139.427181900000022, 35.6319829 ], [ 139.429787, 35.6319674 ], [ 139.4295831, 35.6339738 ], [ 139.426796699999983, 35.6379793 ], [ 139.423837599999985, 35.6395668 ], [ 139.4227401, 35.6411399 ], [ 139.41772229999998, 35.6431171 ], [ 139.4155623, 35.6452129 ], [ 139.4150037, 35.647034 ], [ 139.411773399999987, 35.6460346 ], [ 139.409067900000025, 35.6446796 ], [ 139.406404, 35.6452567 ], [ 139.3993611, 35.6411903 ], [ 139.398230899999987, 35.6397728 ], [ 139.3962847, 35.6404526 ], [ 139.3920128, 35.6395925 ], [ 139.390872, 35.6409245 ], [ 139.387374699999981, 35.6407203 ], [ 139.385230299999989, 35.6413161 ], [ 139.382022, 35.6413164 ], [ 139.378084199999989, 35.6393225 ], [ 139.3788267, 35.6422719 ], [ 139.378564700000027, 35.6441003 ], [ 139.376549499999982, 35.6454031 ], [ 139.3730147, 35.6438139 ], [ 139.3688012, 35.6443165 ], [ 139.36544139999998, 35.6464058 ], [ 139.3612909, 35.6505397 ], [ 139.358148699999987, 35.6541119 ], [ 139.3573537, 35.6558083 ], [ 139.3594043, 35.6568161 ], [ 139.358889299999987, 35.6593589 ], [ 139.362169599999987, 35.6605478 ], [ 139.3724249, 35.6657525 ], [ 139.370469899999989, 35.6685623 ], [ 139.3731632, 35.6734528 ], [ 139.376502099999982, 35.6764536 ], [ 139.376711299999982, 35.6783828 ], [ 139.375116099999985, 35.6821873 ], [ 139.376013299999983, 35.6835909 ], [ 139.3752005, 35.6857823 ], [ 139.3787772, 35.6884814 ], [ 139.3762664, 35.6916314 ], [ 139.3676255, 35.6921414 ], [ 139.363326699999988, 35.6937445 ], [ 139.3538517, 35.6931259 ], [ 139.352197499999988, 35.6924859 ], [ 139.346446899999989, 35.6919847 ], [ 139.340387199999981, 35.6936534 ], [ 139.3360333, 35.6961047 ], [ 139.3356686, 35.6992206 ], [ 139.3368217, 35.7015111 ], [ 139.3330042, 35.7051156 ], [ 139.3313217, 35.7097666 ], [ 139.3314408, 35.7118761 ], [ 139.3324862, 35.7126118 ], [ 139.3312301, 35.7134606 ] ] ] ] } },
{ "type": "Feature", "properties": { "hokenjo": "板橋区" }, "geometry": { "type": "MultiPolygon", "coordinates": [ [ [ [ 139.719512899999984, 35.7450427 ], [ 139.721409599999987, 35.746311 ], [ 139.7227025, 35.7532279 ], [ 139.7217214, 35.7538568 ], [ 139.7162964, 35.7607243 ], [ 139.7132603, 35.7630832 ], [ 139.710895, 35.7636221 ], [ 139.710280899999987, 35.7650182 ], [ 139.708318100000014, 35.7654065 ], [ 139.706332799999984, 35.7669551 ], [ 139.706250899999986, 35.7684357 ], [ 139.704460399999988, 35.7749557 ], [ 139.702393199999989, 35.7810759 ], [ 139.7030782, 35.7826076 ], [ 139.7021519, 35.7840773 ], [ 139.699075199999982, 35.7822698 ], [ 139.694979599999982, 35.7826218 ], [ 139.6912793, 35.784409 ], [ 139.6894691, 35.7867967 ], [ 139.6906371, 35.7905731 ], [ 139.691904699999981, 35.7918496 ], [ 139.6964372, 35.7977093 ], [ 139.6968597, 35.798904 ], [ 139.69315659999998, 35.8004023 ], [ 139.687832499999985, 35.8008409 ], [ 139.681893299999984, 35.7992987 ], [ 139.6783819, 35.7988226 ], [ 139.6738346, 35.7991698 ], [ 139.6697663, 35.8002415 ], [ 139.6660043, 35.8005045 ], [ 139.657776499999983, 35.8005017 ], [ 139.6533623, 35.8002259 ], [ 139.648238400000025, 35.7976301 ], [ 139.6436909, 35.7982184 ], [ 139.640568299999984, 35.797692 ], [ 139.639410199999986, 35.7928487 ], [ 139.637541299999981, 35.7908493 ], [ 139.634231, 35.7903354 ], [ 139.631567099999984, 35.7882026 ], [ 139.63169240000002, 35.7863359 ], [ 139.627874800000029, 35.7846576 ], [ 139.627737, 35.783129 ], [ 139.6245267, 35.7808113 ], [ 139.624713899999989, 35.7798257 ], [ 139.6251895, 35.777934 ], [ 139.6287006, 35.7774954 ], [ 139.6293964, 35.776881 ], [ 139.6293939, 35.7720488 ], [ 139.630208899999985, 35.7723371 ], [ 139.63472969999998, 35.7698746 ], [ 139.634830199999982, 35.7687974 ], [ 139.640518899999989, 35.7691093 ], [ 139.6429642, 35.770926 ], [ 139.645936399999982, 35.7691846 ], [ 139.6479143, 35.768616 ], [ 139.6511243, 35.7691737 ], [ 139.661133399999983, 35.7686692 ], [ 139.6672403, 35.7672912 ], [ 139.669014799999985, 35.7665384 ], [ 139.6706955, 35.7620446 ], [ 139.6736966, 35.7584051 ], [ 139.673194599999988, 35.7553887 ], [ 139.675024899999983, 35.7518874 ], [ 139.672073899999987, 35.7452202 ], [ 139.6758792, 35.7453946 ], [ 139.680840599999982, 35.7438174 ], [ 139.6791964, 35.7401852 ], [ 139.6807603, 35.738756 ], [ 139.6825867, 35.7391021 ], [ 139.6896114, 35.7413238 ], [ 139.6925776, 35.7436343 ], [ 139.694534799999985, 35.7422268 ], [ 139.698865899999987, 35.7423929 ], [ 139.69922170000001, 35.7397252 ], [ 139.700992899999989, 35.7399083 ], [ 139.7022073, 35.7373421 ], [ 139.7040503, 35.7371524 ], [ 139.708303199999989, 35.7416379 ], [ 139.7104285, 35.7457927 ], [ 139.7137832, 35.7452813 ], [ 139.7148018, 35.7457446 ], [ 139.719512899999984, 35.7450427 ] ] ] ] } },
{ "type": "Feature", "properties": { "hokenjo": "品川区" }, "geometry": { "type": "MultiPolygon", "coordinates": [ [ [ [ 139.766797, 35.5925653 ], [ 139.7731489, 35.5957568 ], [ 139.7634788, 35.6087172 ], [ 139.7638787, 35.6089233 ], [ 139.7619463, 35.614649299999989 ], [ 139.757989399999985, 35.6176792 ], [ 139.7530186, 35.6176478 ], [ 139.751746199999985, 35.6046658 ], [ 139.749075799999986, 35.6007119 ], [ 139.748675600000013, 35.595342 ], [ 139.7491067, 35.5921901 ], [ 139.750182, 35.591354 ], [ 139.749475, 35.5888619 ], [ 139.750270799999981, 35.5893478 ], [ 139.7560133, 35.589254499999988 ], [ 139.75596969999998, 35.5849298 ], [ 139.762567499999989, 35.5850097 ], [ 139.7628695, 35.5897239 ], [ 139.7625617, 35.5946095 ], [ 139.7654167, 35.5944819 ], [ 139.766797, 35.5925653 ] ] ], [ [ [ 139.716898, 35.6399565 ], [ 139.7192024, 35.6418476 ], [ 139.717641, 35.6416612 ], [ 139.7153427, 35.6403787 ], [ 139.7146137, 35.6385662 ], [ 139.713228800000024, 35.6375517 ], [ 139.714400399999988, 35.634282 ], [ 139.7146334, 35.6290467 ], [ 139.711695599999985, 35.627959 ], [ 139.7090743, 35.6263837 ], [ 139.7075034, 35.6261993 ], [ 139.704016199999984, 35.6247084 ], [ 139.7014651, 35.6258957 ], [ 139.6984845, 35.6256124 ], [ 139.69676560000002, 35.6245932 ], [ 139.7016384, 35.6231513 ], [ 139.702454499999988, 35.6224901 ], [ 139.7023814, 35.6201307 ], [ 139.698156399999988, 35.6152837 ], [ 139.6963753, 35.6141793 ], [ 139.6955819, 35.6122768 ], [ 139.695392699999985, 35.6074924 ], [ 139.6982088, 35.6035813 ], [ 139.7010674, 35.6014135 ], [ 139.711640499999987, 35.6006726 ], [ 139.7144358, 35.5999926 ], [ 139.715338299999985, 35.5969168 ], [ 139.7173716, 35.5963782 ], [ 139.7189469, 35.5928273 ], [ 139.7203274, 35.5923962 ], [ 139.7210883, 35.5942901 ], [ 139.7282416, 35.5943829 ], [ 139.7289011, 35.5927132 ], [ 139.730551099999985, 35.592157 ], [ 139.7289336, 35.5888334 ], [ 139.730108300000012, 35.5873715 ], [ 139.735874699999982, 35.5873681 ], [ 139.73879359999998, 35.5879079 ], [ 139.7465413, 35.5901691 ], [ 139.7469571, 35.5921913 ], [ 139.747715699999986, 35.6027185 ], [ 139.748482599999988, 35.6028238 ], [ 139.750576, 35.6059994 ], [ 139.750403899999981, 35.607408 ], [ 139.751496, 35.6183354 ], [ 139.751831, 35.6247505 ], [ 139.750253, 35.6248235 ], [ 139.7467732, 35.6232384 ], [ 139.744434899999987, 35.6233947 ], [ 139.7433346, 35.6251342 ], [ 139.7377865, 35.6245323 ], [ 139.735399299999983, 35.623202 ], [ 139.733949599999988, 35.6261134 ], [ 139.7312293, 35.6263345 ], [ 139.7315232, 35.6287117 ], [ 139.730652099999986, 35.6306984 ], [ 139.728698799999989, 35.6320756 ], [ 139.7267163, 35.632208399999989 ], [ 139.726852899999983, 35.6342706 ], [ 139.7259985, 35.6350337 ], [ 139.722212399999989, 35.6359789 ], [ 139.719962399999986, 35.6345773 ], [ 139.7166791, 35.6382604 ], [ 139.716898, 35.6399565 ] ] ], [ [ [ 139.7713497, 35.6231383 ], [ 139.7687325, 35.6264357 ], [ 139.7675851, 35.6257851 ], [ 139.7676569, 35.6220771 ], [ 139.770626099999987, 35.6187359 ], [ 139.7734409, 35.6202665 ], [ 139.7713497, 35.6231383 ] ] ], [ [ [ 139.7575491, 35.6240928 ], [ 139.7535073, 35.6240486 ], [ 139.7531324, 35.6189911 ], [ 139.759402199999982, 35.6190377 ], [ 139.7597496, 35.619353 ], [ 139.759413, 35.6280001 ], [ 139.7574324, 35.62793 ], [ 139.7575491, 35.6240928 ] ] ] ] } },
{ "type": "Feature", "properties": { "hokenjo": "文京" }, "geometry": { "type": "MultiPolygon", "coordinates": [ [ [ [ 139.7701386, 35.7053516 ], [ 139.7701633, 35.7074285 ], [ 139.7712364, 35.7089913 ], [ 139.76662170000003, 35.708708 ], [ 139.7676486, 35.711018 ], [ 139.76762979999998, 35.712966 ], [ 139.765682, 35.7135852 ], [ 139.765997, 35.7165941 ], [ 139.7671459, 35.7182413 ], [ 139.763258399999984, 35.7218733 ], [ 139.7649246, 35.727216 ], [ 139.762788799999981, 35.730747099999988 ], [ 139.7609371, 35.732206 ], [ 139.759937399999984, 35.7315779 ], [ 139.7536246, 35.7351579 ], [ 139.7527604, 35.7350574 ], [ 139.749194, 35.7328738 ], [ 139.7450404, 35.7358554 ], [ 139.7424471, 35.7337871 ], [ 139.7434107, 35.7328349 ], [ 139.740857299999988, 35.7303602 ], [ 139.7388707, 35.7316219 ], [ 139.7359684, 35.7293541 ], [ 139.7373901, 35.7268966 ], [ 139.734147799999988, 35.7255796 ], [ 139.73196729999998, 35.7241044 ], [ 139.7264873, 35.7270516 ], [ 139.7248128, 35.7266371 ], [ 139.72274969999998, 35.7251488 ], [ 139.72345439999998, 35.7224041 ], [ 139.7247247, 35.7200088 ], [ 139.7227241, 35.7189747 ], [ 139.718317399999989, 35.7177572 ], [ 139.7176135, 35.7144969 ], [ 139.7198071, 35.7139858 ], [ 139.7225096, 35.7122658 ], [ 139.723259, 35.7104141 ], [ 139.7259879, 35.7092097 ], [ 139.731844599999988, 35.7092661 ], [ 139.7324466, 35.7073938 ], [ 139.735416, 35.7082236 ], [ 139.7358524, 35.7091822 ], [ 139.742807699999986, 35.7081324 ], [ 139.743403799999982, 35.7077427 ], [ 139.744849599999981, 35.7036202 ], [ 139.7458704, 35.7029111 ], [ 139.749723499999988, 35.7030311 ], [ 139.7571977, 35.7017185 ], [ 139.7613002, 35.7015866 ], [ 139.763456599999984, 35.7003263 ], [ 139.766023, 35.6996399 ], [ 139.7684983, 35.7001416 ], [ 139.7664011, 35.7017824 ], [ 139.7680608, 35.703466 ], [ 139.769895, 35.7033669 ], [ 139.7701386, 35.7053516 ] ] ] ] } },
{ "type": "Feature", "properties": { "hokenjo": "豊島区" }, "geometry": { "type": "MultiPolygon", "coordinates": [ [ [ [ 139.7225096, 35.7122658 ], [ 139.7198071, 35.7139858 ], [ 139.7176135, 35.7144969 ], [ 139.718317399999989, 35.7177572 ], [ 139.7227241, 35.7189747 ], [ 139.7247247, 35.7200088 ], [ 139.72345439999998, 35.7224041 ], [ 139.72274969999998, 35.7251488 ], [ 139.7248128, 35.7266371 ], [ 139.7264873, 35.7270516 ], [ 139.73196729999998, 35.7241044 ], [ 139.734147799999988, 35.7255796 ], [ 139.7373901, 35.7268966 ], [ 139.7359684, 35.7293541 ], [ 139.7388707, 35.7316219 ], [ 139.740857299999988, 35.7303602 ], [ 139.7434107, 35.7328349 ], [ 139.7424471, 35.7337871 ], [ 139.7450404, 35.7358554 ], [ 139.749194, 35.7328738 ], [ 139.7527604, 35.7350574 ], [ 139.7495571, 35.736541 ], [ 139.7483541, 35.738693499999989 ], [ 139.743879099999987, 35.7395957 ], [ 139.7442146, 35.7409854 ], [ 139.741061299999984, 35.7423491 ], [ 139.7355574, 35.7405463 ], [ 139.731784399999981, 35.7433129 ], [ 139.7326352, 35.7450882 ], [ 139.7279091, 35.7447138 ], [ 139.725979099999989, 35.7420604 ], [ 139.7236274, 35.7399313 ], [ 139.72001179999998, 35.7417852 ], [ 139.719512899999984, 35.7450427 ], [ 139.7148018, 35.7457446 ], [ 139.7137832, 35.7452813 ], [ 139.7104285, 35.7457927 ], [ 139.708303199999989, 35.7416379 ], [ 139.7040503, 35.7371524 ], [ 139.7022073, 35.7373421 ], [ 139.700992899999989, 35.7399083 ], [ 139.69922170000001, 35.7397252 ], [ 139.698865899999987, 35.7423929 ], [ 139.694534799999985, 35.7422268 ], [ 139.6925776, 35.7436343 ], [ 139.6896114, 35.7413238 ], [ 139.6825867, 35.7391021 ], [ 139.6807603, 35.738756 ], [ 139.6807522, 35.7378733 ], [ 139.6787419, 35.734423 ], [ 139.6792821, 35.7335933 ], [ 139.677969099999984, 35.7306786 ], [ 139.677344299999987, 35.7293727 ], [ 139.681349899999987, 35.7270444 ], [ 139.682722, 35.7236444 ], [ 139.6844087, 35.7225139 ], [ 139.686649, 35.7227236 ], [ 139.69393789999998, 35.7221908 ], [ 139.6949343, 35.7218258 ], [ 139.6989729, 35.7224322 ], [ 139.6998169, 35.7235461 ], [ 139.7045996, 35.7230136 ], [ 139.7048652, 35.7204363 ], [ 139.705938799999984, 35.7188508 ], [ 139.7045635, 35.7158761 ], [ 139.7058768, 35.7134394 ], [ 139.707346199999989, 35.7138533 ], [ 139.710421, 35.7134591 ], [ 139.712113499999987, 35.7147602 ], [ 139.714412399999986, 35.7131755 ], [ 139.7225096, 35.7122658 ] ] ] ] } },
{ "type": "Feature", "properties": { "hokenjo": "北区" }, "geometry": { "type": "MultiPolygon", "coordinates": [ [ [ [ 139.7609371, 35.732206 ], [ 139.7613213, 35.7338099 ], [ 139.7634204, 35.7336924 ], [ 139.7637624, 35.7349338 ], [ 139.7662416, 35.7361574 ], [ 139.7711247, 35.7378988 ], [ 139.769005199999981, 35.7392593 ], [ 139.768176899999986, 35.7414624 ], [ 139.765890499999983, 35.7416185 ], [ 139.7628839, 35.7436571 ], [ 139.7603155, 35.7434518 ], [ 139.75719909999998, 35.7454618 ], [ 139.757800299999985, 35.7476102 ], [ 139.7553825, 35.7475771 ], [ 139.7547042, 35.7491882 ], [ 139.7521864, 35.7492952 ], [ 139.749778599999985, 35.7501204 ], [ 139.7496375, 35.7511879 ], [ 139.750887, 35.7537057 ], [ 139.757587299999983, 35.7531691 ], [ 139.7579639, 35.7548552 ], [ 139.7500676, 35.7564602 ], [ 139.748342799999989, 35.758091 ], [ 139.7488878, 35.7598107 ], [ 139.758165099999985, 35.7645932 ], [ 139.7601043, 35.7667599 ], [ 139.7597035, 35.7687868 ], [ 139.7579385, 35.7701782 ], [ 139.754975699999989, 35.768384 ], [ 139.751277099999982, 35.7674324 ], [ 139.745726499999989, 35.7671313 ], [ 139.7404254, 35.7691874 ], [ 139.7367271, 35.7702193 ], [ 139.7357532, 35.7716326 ], [ 139.7361735, 35.7741626 ], [ 139.7378754, 35.777428199999989 ], [ 139.738049099999984, 35.7802207 ], [ 139.737833, 35.7805279 ], [ 139.738536899999986, 35.7874037 ], [ 139.736379699999986, 35.7890074 ], [ 139.733871599999986, 35.7900471 ], [ 139.7265888, 35.7874913 ], [ 139.7244622, 35.7872743 ], [ 139.723145499999987, 35.788389 ], [ 139.7222411, 35.7907265 ], [ 139.7174255, 35.7919165 ], [ 139.7091955, 35.7920173 ], [ 139.705258, 35.7934079 ], [ 139.6968597, 35.798904 ], [ 139.6964372, 35.7977093 ], [ 139.691904699999981, 35.7918496 ], [ 139.6906371, 35.7905731 ], [ 139.6894691, 35.7867967 ], [ 139.6912793, 35.784409 ], [ 139.694979599999982, 35.7826218 ], [ 139.699075199999982, 35.7822698 ], [ 139.7021519, 35.7840773 ], [ 139.7030782, 35.7826076 ], [ 139.702393199999989, 35.7810759 ], [ 139.704460399999988, 35.7749557 ], [ 139.706250899999986, 35.7684357 ], [ 139.706332799999984, 35.7669551 ], [ 139.708318100000014, 35.7654065 ], [ 139.710280899999987, 35.7650182 ], [ 139.710895, 35.7636221 ], [ 139.7132603, 35.7630832 ], [ 139.7162964, 35.7607243 ], [ 139.7217214, 35.7538568 ], [ 139.7227025, 35.7532279 ], [ 139.721409599999987, 35.746311 ], [ 139.719512899999984, 35.7450427 ], [ 139.72001179999998, 35.7417852 ], [ 139.7236274, 35.7399313 ], [ 139.725979099999989, 35.7420604 ], [ 139.7279091, 35.7447138 ], [ 139.7326352, 35.7450882 ], [ 139.731784399999981, 35.7433129 ], [ 139.7355574, 35.7405463 ], [ 139.741061299999984, 35.7423491 ], [ 139.7442146, 35.7409854 ], [ 139.743879099999987, 35.7395957 ], [ 139.7483541, 35.738693499999989 ], [ 139.7495571, 35.736541 ], [ 139.7527604, 35.7350574 ], [ 139.7536246, 35.7351579 ], [ 139.759937399999984, 35.7315779 ], [ 139.7609371, 35.732206 ] ] ] ] } },
{ "type": "Feature", "properties": { "hokenjo": "墨田区" }, "geometry": { "type": "MultiPolygon", "coordinates": [ [ [ [ 139.790401299999985, 35.6892929 ], [ 139.7934802, 35.6908146 ], [ 139.7963897, 35.689751 ], [ 139.7991697, 35.6897174 ], [ 139.8004853, 35.6883018 ], [ 139.804809399999982, 35.6885021 ], [ 139.805005, 35.6867757 ], [ 139.80946670000003, 35.686992599999989 ], [ 139.8093786, 35.6884424 ], [ 139.811877, 35.6885571 ], [ 139.8114689, 35.6919087 ], [ 139.813385899999986, 35.6926743 ], [ 139.8196945, 35.6930337 ], [ 139.8186896, 35.7080076 ], [ 139.8288619, 35.7040293 ], [ 139.8306824, 35.7030084 ], [ 139.835401599999983, 35.7030165 ], [ 139.8343883, 35.7047323 ], [ 139.8356402, 35.7066854 ], [ 139.839495299999982, 35.7098146 ], [ 139.839312799999988, 35.7108709 ], [ 139.8359691, 35.7121993 ], [ 139.8336294, 35.7140182 ], [ 139.8331594, 35.7157579 ], [ 139.835496400000011, 35.7178696 ], [ 139.8390464, 35.7171143 ], [ 139.8421548, 35.7193109 ], [ 139.8371098, 35.7239551 ], [ 139.829767, 35.7311796 ], [ 139.8238226, 35.7377079 ], [ 139.8203629, 35.7434287 ], [ 139.8165832, 35.7414648 ], [ 139.814497, 35.7388049 ], [ 139.814145599999989, 35.7362118 ], [ 139.8113889, 35.7329796 ], [ 139.8097186, 35.7281346 ], [ 139.8093414, 35.724336 ], [ 139.808430499999986, 35.720371 ], [ 139.806644399999982, 35.7174317 ], [ 139.7993975, 35.7105529 ], [ 139.7970228, 35.7077831 ], [ 139.7934826, 35.7012227 ], [ 139.789954699999981, 35.6967093 ], [ 139.788915299999985, 35.6947038 ], [ 139.7891541, 35.6910274 ], [ 139.790401299999985, 35.6892929 ] ] ] ] } },
{ "type": "Feature", "properties": { "hokenjo": "目黒区" }, "geometry": { "type": "MultiPolygon", "coordinates": [ [ [ [ 139.717641, 35.6416612 ], [ 139.715236, 35.6426231 ], [ 139.710625199999981, 35.6419293 ], [ 139.7086237, 35.6420076 ], [ 139.6986963, 35.6488554 ], [ 139.692891299999985, 35.6539584 ], [ 139.691142100000036, 35.6566529 ], [ 139.687331, 35.6615712 ], [ 139.6852716, 35.6625937 ], [ 139.679659, 35.6638154 ], [ 139.675002899999981, 35.6638796 ], [ 139.6762354, 35.661486499999988 ], [ 139.67949729999998, 35.6573293 ], [ 139.6831584, 35.6537251 ], [ 139.684587099999987, 35.6513504 ], [ 139.6839095, 35.649204 ], [ 139.684715399999988, 35.6457782 ], [ 139.6843017, 35.643766 ], [ 139.6860812, 35.6405382 ], [ 139.686093699999986, 35.6380449 ], [ 139.684239800000029, 35.6342516 ], [ 139.6820372, 35.6311307 ], [ 139.6798341, 35.6262166 ], [ 139.6779697, 35.6253477 ], [ 139.676400199999989, 35.6272477 ], [ 139.6719938, 35.629708 ], [ 139.6638452, 35.6319424 ], [ 139.661483, 35.6317063 ], [ 139.662255499999986, 35.6302285 ], [ 139.6618091, 35.6274846 ], [ 139.6634919, 35.6267024 ], [ 139.6638221, 35.6243188 ], [ 139.6656213, 35.6217599 ], [ 139.666495699999984, 35.6185255 ], [ 139.6647702, 35.6182733 ], [ 139.664866, 35.6167305 ], [ 139.663221, 35.6156619 ], [ 139.663408799999985, 35.6085277 ], [ 139.665107399999982, 35.6074883 ], [ 139.6685079, 35.6065149 ], [ 139.673249299999981, 35.6081485 ], [ 139.677257699999984, 35.6079394 ], [ 139.6792977, 35.6055805 ], [ 139.6802596, 35.6028866 ], [ 139.680280700000026, 35.6006666 ], [ 139.680732399999982, 35.603083 ], [ 139.681906, 35.6057355 ], [ 139.684757099999985, 35.6053377 ], [ 139.684704899999986, 35.6093477 ], [ 139.6840038, 35.6130916 ], [ 139.686127699999986, 35.6116843 ], [ 139.691303799999986, 35.6109291 ], [ 139.6938333, 35.6092682 ], [ 139.695392699999985, 35.6074924 ], [ 139.6955819, 35.6122768 ], [ 139.6963753, 35.6141793 ], [ 139.698156399999988, 35.6152837 ], [ 139.7023814, 35.6201307 ], [ 139.702454499999988, 35.6224901 ], [ 139.7016384, 35.6231513 ], [ 139.69676560000002, 35.6245932 ], [ 139.6984845, 35.6256124 ], [ 139.7014651, 35.6258957 ], [ 139.704016199999984, 35.6247084 ], [ 139.7075034, 35.6261993 ], [ 139.7090743, 35.6263837 ], [ 139.711695599999985, 35.627959 ], [ 139.7146334, 35.6290467 ], [ 139.714400399999988, 35.634282 ], [ 139.713228800000024, 35.6375517 ], [ 139.7146137, 35.6385662 ], [ 139.7153427, 35.6403787 ], [ 139.717641, 35.6416612 ] ] ] ] } },
{ "type": "Feature", "properties": { "hokenjo": "練馬区" }, "geometry": { "type": "MultiPolygon", "coordinates": [ [ [ [ 139.677969099999984, 35.7306786 ], [ 139.6792821, 35.7335933 ], [ 139.6787419, 35.734423 ], [ 139.6807522, 35.7378733 ], [ 139.6807603, 35.738756 ], [ 139.6791964, 35.7401852 ], [ 139.680840599999982, 35.7438174 ], [ 139.6758792, 35.7453946 ], [ 139.672073899999987, 35.7452202 ], [ 139.675024899999983, 35.7518874 ], [ 139.673194599999988, 35.7553887 ], [ 139.6736966, 35.7584051 ], [ 139.6706955, 35.7620446 ], [ 139.669014799999985, 35.7665384 ], [ 139.6672403, 35.7672912 ], [ 139.661133399999983, 35.7686692 ], [ 139.6511243, 35.7691737 ], [ 139.6479143, 35.768616 ], [ 139.645936399999982, 35.7691846 ], [ 139.6429642, 35.770926 ], [ 139.640518899999989, 35.7691093 ], [ 139.634830199999982, 35.7687974 ], [ 139.63472969999998, 35.7698746 ], [ 139.630208899999985, 35.7723371 ], [ 139.6293939, 35.7720488 ], [ 139.6293964, 35.776881 ], [ 139.6287006, 35.7774954 ], [ 139.6251895, 35.777934 ], [ 139.624713899999989, 35.7798257 ], [ 139.6242847, 35.7741302 ], [ 139.625601599999982, 35.7730154 ], [ 139.6240833, 35.7712532 ], [ 139.6229921, 35.7668719 ], [ 139.6177291, 35.766648 ], [ 139.616817699999984, 35.7684366 ], [ 139.617233, 35.7703482 ], [ 139.614855500000033, 35.7708735 ], [ 139.6102074, 35.770571 ], [ 139.608749, 35.7688371 ], [ 139.6071446, 35.769376 ], [ 139.606356799999986, 35.7709496 ], [ 139.6038374, 35.7701166 ], [ 139.603166499999986, 35.7708596 ], [ 139.598644299999989, 35.7690963 ], [ 139.597390099999984, 35.770976 ], [ 139.5984401, 35.7721416 ], [ 139.6043838, 35.7750174 ], [ 139.5969385, 35.7764121 ], [ 139.5972008, 35.778366 ], [ 139.5941435, 35.7787035 ], [ 139.5934141, 35.7771882 ], [ 139.588761, 35.7785285 ], [ 139.586537599999986, 35.7751818 ], [ 139.5839849, 35.7748318 ], [ 139.583686799999981, 35.7727807 ], [ 139.5822426, 35.7712071 ], [ 139.5781651, 35.7708513 ], [ 139.5768895, 35.7680744 ], [ 139.5743367, 35.768191 ], [ 139.5745909, 35.766228 ], [ 139.5699961, 35.765368 ], [ 139.5710756, 35.7633427 ], [ 139.5682381, 35.7635083 ], [ 139.5651603, 35.7618613 ], [ 139.5627858, 35.7615952 ], [ 139.567770199999984, 35.7550655 ], [ 139.567696899999987, 35.7532238 ], [ 139.5690105, 35.751922199999989 ], [ 139.567795499999988, 35.7500605 ], [ 139.5688308, 35.7475886 ], [ 139.566765500000031, 35.7474313 ], [ 139.5681641, 35.7427594 ], [ 139.5682521, 35.7380803 ], [ 139.5673301, 35.7363608 ], [ 139.569423699999987, 35.7341561 ], [ 139.565999799999986, 35.7270478 ], [ 139.5652576, 35.7242678 ], [ 139.565639799999985, 35.7216569 ], [ 139.573954499999985, 35.7194286 ], [ 139.57632, 35.7182281 ], [ 139.579439200000024, 35.7155592 ], [ 139.5820314, 35.7139436 ], [ 139.5866514, 35.7119123 ], [ 139.586445, 35.7140856 ], [ 139.5850872, 35.7161023 ], [ 139.585094199999986, 35.7180178 ], [ 139.5868122, 35.7197586 ], [ 139.589453599999985, 35.7202806 ], [ 139.5938461, 35.718292 ], [ 139.5956534, 35.7215447 ], [ 139.599797599999988, 35.7239145 ], [ 139.601948099999987, 35.7260081 ], [ 139.609552899999983, 35.7287083 ], [ 139.6153946, 35.7302853 ], [ 139.6159949, 35.7298314 ], [ 139.6217801, 35.7304489 ], [ 139.624545399999988, 35.7301456 ], [ 139.6264754, 35.7332086 ], [ 139.628336, 35.7352894 ], [ 139.633543299999985, 35.7352836 ], [ 139.6350735, 35.7323044 ], [ 139.636430499999989, 35.7322783 ], [ 139.638271799999984, 35.7280267 ], [ 139.6399343, 35.7263097 ], [ 139.643573799999984, 35.7253083 ], [ 139.6473971, 35.7254894 ], [ 139.647435500000029, 35.726745 ], [ 139.6517816, 35.7263267 ], [ 139.656453, 35.7263644 ], [ 139.6622509, 35.7269239 ], [ 139.663432799999981, 35.7281161 ], [ 139.664700899999985, 35.7309714 ], [ 139.6703932, 35.732331099999989 ], [ 139.671455399999985, 35.7335405 ], [ 139.6746796, 35.7330586 ], [ 139.677969099999984, 35.7306786 ] ] ] ] } }
]
}
