{
"type": "FeatureCollection",
"name": "yamaguchi",
"crs": { "type": "name", "properties": { "name": "urn:ogc:def:crs:OGC:1.3:CRS84" } },
"features": [
{ "type": "Feature", "properties": { "hokenjo": "宇部環境" }, "geometry": { "type": "MultiPolygon", "coordinates": [ [ [ [ 131.1993099, 33.9428601 ], [ 131.210487699999987, 33.9445309 ], [ 131.2096813, 33.9482344 ], [ 131.211722, 33.9583009 ], [ 131.2190565, 33.9575686 ], [ 131.2176978, 33.9498164 ], [ 131.2240238, 33.9491019 ], [ 131.2252206, 33.9558233 ], [ 131.2238518, 33.9571903 ], [ 131.2275371, 33.9626344 ], [ 131.22503949999998, 33.9485046 ], [ 131.2271901, 33.9447713 ], [ 131.216661599999981, 33.9399196 ], [ 131.215325799999988, 33.9367203 ], [ 131.222515099999981, 33.9338035 ], [ 131.2311937, 33.9378214 ], [ 131.234778799999987, 33.9433787 ], [ 131.2342351, 33.9475204 ], [ 131.2390053, 33.9514343 ], [ 131.244262600000013, 33.9443573 ], [ 131.2431707, 33.938613 ], [ 131.234017099999988, 33.9364393 ], [ 131.2349149, 33.934167 ], [ 131.2302603, 33.930365 ], [ 131.232551299999983, 33.9270818 ], [ 131.24987059999998, 33.9359882 ], [ 131.2517849, 33.934027 ], [ 131.2466546, 33.9313796 ], [ 131.2506296, 33.9235932 ], [ 131.2485767, 33.92069 ], [ 131.2435276, 33.9233573 ], [ 131.2420684, 33.9197676 ], [ 131.2449083, 33.9189683 ], [ 131.2486831, 33.9205781 ], [ 131.253448099999986, 33.9251291 ], [ 131.2621541, 33.9256914 ], [ 131.2665362, 33.922886 ], [ 131.292631799999981, 33.9343434 ], [ 131.2900406, 33.9372508 ], [ 131.2953636, 33.9417452 ], [ 131.300103299999989, 33.9407234 ], [ 131.3042365, 33.9477231 ], [ 131.306488799999983, 33.9494659 ], [ 131.3129011, 33.9505998 ], [ 131.3171691, 33.9547471 ], [ 131.321009799999985, 33.9548247 ], [ 131.327735, 33.9520925 ], [ 131.3334141, 33.9533904 ], [ 131.3369596, 33.9554583 ], [ 131.338751299999984, 33.958526299999988 ], [ 131.3420877, 33.9599101 ], [ 131.3442881, 33.9632473 ], [ 131.3486974, 33.9662421 ], [ 131.3522763, 33.9651782 ], [ 131.3557567, 33.96645 ], [ 131.3509932, 33.9716561 ], [ 131.35109079999998, 33.9772813 ], [ 131.348054, 33.9816839 ], [ 131.3529528, 33.9870934 ], [ 131.358765399999982, 33.9877341 ], [ 131.3630755, 33.997018 ], [ 131.3571617, 33.9972344 ], [ 131.3479214, 34.0013717 ], [ 131.340151099999986, 34.0008567 ], [ 131.3336147, 33.9976628 ], [ 131.330198599999989, 33.9976889 ], [ 131.324988099999985, 33.9999483 ], [ 131.3197831, 33.9961292 ], [ 131.3147181, 33.9966756 ], [ 131.313480299999981, 33.9944097 ], [ 131.3010083, 33.9966483 ], [ 131.296625799999987, 33.9960714 ], [ 131.2956656, 33.9988403 ], [ 131.292018899999988, 34.0010833 ], [ 131.295531399999987, 34.0076922 ], [ 131.2946814, 34.0101136 ], [ 131.304879199999988, 34.0149717 ], [ 131.3059692, 34.01737 ], [ 131.3014636, 34.0187519 ], [ 131.302359199999984, 34.0240558 ], [ 131.307338099999981, 34.0254583 ], [ 131.306661099999985, 34.0318519 ], [ 131.3107742, 34.0330836 ], [ 131.3168775, 34.0398347 ], [ 131.3163808, 34.0435953 ], [ 131.318565299999989, 34.0467739 ], [ 131.3235694, 34.0458303 ], [ 131.329541399999982, 34.048205599999989 ], [ 131.33595889999998, 34.0545108 ], [ 131.3386492, 34.0626992 ], [ 131.339235799999983, 34.0674608 ], [ 131.3439147, 34.0706897 ], [ 131.346972199999982, 34.0703092 ], [ 131.349761699999988, 34.0771044 ], [ 131.3458081, 34.0807286 ], [ 131.3459028, 34.0829172 ], [ 131.3533625, 34.0875481 ], [ 131.3522342, 34.0911606 ], [ 131.351872499999985, 34.0986794 ], [ 131.3475703, 34.1011942 ], [ 131.345133100000027, 34.1072975 ], [ 131.352278899999988, 34.1094931 ], [ 131.360477799999984, 34.1051417 ], [ 131.3637419, 34.1077739 ], [ 131.369982199999981, 34.1077472 ], [ 131.3682833, 34.1120939 ], [ 131.3732033, 34.1127419 ], [ 131.375865299999987, 34.1148861 ], [ 131.376696399999986, 34.1186903 ], [ 131.3793111, 34.1211647 ], [ 131.378087199999982, 34.1248644 ], [ 131.3753586, 34.1260814 ], [ 131.376303899999982, 34.1319047 ], [ 131.369592499999982, 34.1377067 ], [ 131.3739558, 34.1433081 ], [ 131.3774189, 34.1446906 ], [ 131.37487059999998, 34.1492839 ], [ 131.3699556, 34.1527889 ], [ 131.3758489, 34.15403 ], [ 131.3788197, 34.1572856 ], [ 131.3798956, 34.1623722 ], [ 131.378718099999986, 34.1664819 ], [ 131.3904867, 34.1749467 ], [ 131.390563899999989, 34.1790892 ], [ 131.3974694, 34.1822833 ], [ 131.3982536, 34.1889133 ], [ 131.40121, 34.1938161 ], [ 131.4054803, 34.197115 ], [ 131.401181400000013, 34.2003522 ], [ 131.4050225, 34.2030553 ], [ 131.4050919, 34.2088525 ], [ 131.409616699999987, 34.2110344 ], [ 131.408062799999982, 34.2125519 ], [ 131.3971689, 34.2175972 ], [ 131.4006675, 34.2251144 ], [ 131.399785, 34.2353711 ], [ 131.403582199999988, 34.2408514 ], [ 131.4024444, 34.2465536 ], [ 131.400047799999982, 34.2519369 ], [ 131.4052764, 34.2583661 ], [ 131.4024244, 34.2633158 ], [ 131.4015814, 34.2685842 ], [ 131.394223899999986, 34.2658486 ], [ 131.3892792, 34.2690503 ], [ 131.3860531, 34.2781628 ], [ 131.381286099999983, 34.2804553 ], [ 131.3803447, 34.2870717 ], [ 131.3815281, 34.2929736 ], [ 131.3798758, 34.2982272 ], [ 131.376803099999989, 34.2998014 ], [ 131.373784699999987, 34.3041 ], [ 131.3721897, 34.3094011 ], [ 131.3680178, 34.3103925 ], [ 131.3662381, 34.3071706 ], [ 131.3614397, 34.3068456 ], [ 131.3565333, 34.3026144 ], [ 131.353544700000015, 34.3041703 ], [ 131.348111099999983, 34.3019522 ], [ 131.3438033, 34.3059011 ], [ 131.336131099999989, 34.3093925 ], [ 131.3420017, 34.3184828 ], [ 131.3344883, 34.3211239 ], [ 131.3304058, 34.3213717 ], [ 131.3270967, 34.3246453 ], [ 131.3224214, 34.3222517 ], [ 131.3153994, 34.3230553 ], [ 131.3153103, 34.3192558 ], [ 131.31218579999998, 34.3188114 ], [ 131.3114597, 34.3134222 ], [ 131.3068336, 34.3105847 ], [ 131.3027894, 34.3121189 ], [ 131.295814399999983, 34.321815 ], [ 131.2930256, 34.3288708 ], [ 131.2876158, 34.3321183 ], [ 131.2871806, 34.3345669 ], [ 131.2834383, 34.3367289 ], [ 131.2771233, 34.3351453 ], [ 131.274921399999982, 34.3308581 ], [ 131.2677644, 34.3263644 ], [ 131.264837799999981, 34.3278303 ], [ 131.2631944, 34.3242378 ], [ 131.2582506, 34.3198158 ], [ 131.2567417, 34.3155242 ], [ 131.2512969, 34.3163389 ], [ 131.2445372, 34.3078711 ], [ 131.2435692, 34.3005756 ], [ 131.2398689, 34.2976522 ], [ 131.2322781, 34.2942925 ], [ 131.2300392, 34.2894389 ], [ 131.2265567, 34.2852975 ], [ 131.2230514, 34.2846086 ], [ 131.21816579999998, 34.2812889 ], [ 131.2168183, 34.2833783 ], [ 131.210492499999987, 34.2808381 ], [ 131.20421, 34.2853969 ], [ 131.1902608, 34.2828047 ], [ 131.1854703, 34.2828142 ], [ 131.1823928, 34.2809139 ], [ 131.1795325, 34.2753319 ], [ 131.178581899999983, 34.2704894 ], [ 131.1761742, 34.2664897 ], [ 131.17246609999998, 34.2640672 ], [ 131.1712072, 34.2611125 ], [ 131.1721536, 34.2561336 ], [ 131.166640299999983, 34.2497619 ], [ 131.165499399999987, 34.2450686 ], [ 131.160742199999987, 34.2417761 ], [ 131.161071400000026, 34.2355383 ], [ 131.1600219, 34.2310306 ], [ 131.157129199999986, 34.2306717 ], [ 131.15298, 34.2330922 ], [ 131.1462575, 34.2304608 ], [ 131.144736099999989, 34.2253308 ], [ 131.1385372, 34.2250967 ], [ 131.136633099999983, 34.2224225 ], [ 131.1318267, 34.2219797 ], [ 131.1264189, 34.2193869 ], [ 131.1228267, 34.2161022 ], [ 131.12164, 34.2129411 ], [ 131.1141303, 34.2101731 ], [ 131.1070992, 34.2053939 ], [ 131.1094392, 34.201023299999989 ], [ 131.1090817, 34.1979628 ], [ 131.105055, 34.1954808 ], [ 131.1031806, 34.1916131 ], [ 131.0995, 34.1900561 ], [ 131.0992422, 34.1857519 ], [ 131.1080172, 34.1779517 ], [ 131.1083, 34.1738411 ], [ 131.1125942, 34.1711942 ], [ 131.1175144, 34.1606986 ], [ 131.1110406, 34.1571719 ], [ 131.1033028, 34.1586036 ], [ 131.1023856, 34.1628769 ], [ 131.098068899999987, 34.1635244 ], [ 131.0967097, 34.166605 ], [ 131.0900878, 34.1659133 ], [ 131.0890336, 34.1598144 ], [ 131.0902614, 34.1534919 ], [ 131.0856503, 34.1494275 ], [ 131.0830569, 34.14297 ], [ 131.085257499999983, 34.1413294 ], [ 131.0832781, 34.1351403 ], [ 131.0842881, 34.1309589 ], [ 131.0926939, 34.1248611 ], [ 131.0978381, 34.1247433 ], [ 131.1000172, 34.1183972 ], [ 131.102820799999989, 34.1157969 ], [ 131.108715599999982, 34.1134114 ], [ 131.1134542, 34.1076814 ], [ 131.1128125, 34.103617199999988 ], [ 131.1100372, 34.099094199999989 ], [ 131.1129472, 34.0962047 ], [ 131.1113039, 34.0923272 ], [ 131.106990599999989, 34.0925533 ], [ 131.1075208, 34.0834603 ], [ 131.1098436, 34.0814669 ], [ 131.1118328, 34.0752319 ], [ 131.107429699999983, 34.0743739 ], [ 131.1018019, 34.0711869 ], [ 131.0975458, 34.0745717 ], [ 131.09623, 34.0711022 ], [ 131.0901786, 34.0751156 ], [ 131.0812717, 34.0735875 ], [ 131.073906099999988, 34.0703269 ], [ 131.078943899999985, 34.0674514 ], [ 131.0818411, 34.0686575 ], [ 131.0839092, 34.0637333 ], [ 131.0797992, 34.0591994 ], [ 131.0776789, 34.0598619 ], [ 131.071796100000029, 34.0566361 ], [ 131.0677887, 34.0389338 ], [ 131.0832395, 34.0337469 ], [ 131.0844371, 34.0375443 ], [ 131.096015099999988, 34.0355324 ], [ 131.102877299999989, 34.0307961 ], [ 131.1079435, 34.0233012 ], [ 131.110374899999982, 34.0179391 ], [ 131.115278499999988, 34.0143243 ], [ 131.118483, 34.0068056 ], [ 131.121396799999985, 34.0035276 ], [ 131.1322515, 33.9965159 ], [ 131.134287, 33.9926414 ], [ 131.1385234, 33.9943092 ], [ 131.1339663, 33.9990776 ], [ 131.134419799999989, 34.0033411 ], [ 131.1506358, 34.0034974 ], [ 131.146220699999986, 33.9954468 ], [ 131.155504399999984, 33.9892408 ], [ 131.158479799999981, 33.9891796 ], [ 131.1619907, 33.9938799 ], [ 131.169436, 33.996533299999989 ], [ 131.1697738, 33.9924469 ], [ 131.1626129, 33.9894801 ], [ 131.160631099999989, 33.9862705 ], [ 131.1670191, 33.9783257 ], [ 131.1615366, 33.9778475 ], [ 131.161036699999983, 33.9738681 ], [ 131.1745755, 33.975349 ], [ 131.1742808, 33.9732633 ], [ 131.1689141, 33.9730429 ], [ 131.166909799999985, 33.9705453 ], [ 131.1629408, 33.9705339 ], [ 131.160277399999984, 33.9675155 ], [ 131.157655799999986, 33.9553466 ], [ 131.163759699999986, 33.9496579 ], [ 131.1652038, 33.9458819 ], [ 131.1712868, 33.9420866 ], [ 131.1726026, 33.9382862 ], [ 131.1784465, 33.9314077 ], [ 131.185500499999989, 33.9316083 ], [ 131.1847683, 33.9389848 ], [ 131.1941596, 33.942061 ], [ 131.1993099, 33.9428601 ] ] ] ] } },
{ "type": "Feature", "properties": { "hokenjo": "下関市" }, "geometry": { "type": "MultiPolygon", "coordinates": [ [ [ [ 130.9168344, 33.9482516 ], [ 130.9166533, 33.9515372 ], [ 130.912198500000017, 33.9542066 ], [ 130.9083503, 33.950467599999989 ], [ 130.9057152, 33.9518006 ], [ 130.901779, 33.9498189 ], [ 130.900999899999988, 33.94563 ], [ 130.8953026, 33.9442149 ], [ 130.883985599999988, 33.95274 ], [ 130.880231399999985, 33.9488955 ], [ 130.877471899999989, 33.9488888 ], [ 130.877436599999982, 33.9444913 ], [ 130.8882711, 33.9380993 ], [ 130.8961584, 33.9359681 ], [ 130.8934156, 33.9324105 ], [ 130.8951611, 33.9294917 ], [ 130.899478499999987, 33.9281299 ], [ 130.8987008, 33.9233643 ], [ 130.902105399999982, 33.9219539 ], [ 130.9096806, 33.9248476 ], [ 130.9080813, 33.9207912 ], [ 130.900987499999985, 33.9176288 ], [ 130.9025455, 33.9147102 ], [ 130.9134546, 33.9114613 ], [ 130.9234454, 33.9143387 ], [ 130.924508299999985, 33.9190805 ], [ 130.928354899999988, 33.9263594 ], [ 130.923761399999989, 33.9355348 ], [ 130.9146854, 33.9383427 ], [ 130.9128728, 33.9427188 ], [ 130.9168344, 33.9482516 ] ] ], [ [ [ 130.866538599999984, 33.9743653 ], [ 130.868748899999986, 33.9778692 ], [ 130.8645067, 33.9809075 ], [ 130.86138, 33.9796006 ], [ 130.85972719999998, 33.9723008 ], [ 130.861515, 33.9703836 ], [ 130.8661711, 33.9701372 ], [ 130.866538599999984, 33.9743653 ] ] ], [ [ [ 130.889781299999981, 33.9882029 ], [ 130.8958882, 33.9878067 ], [ 130.8978655, 33.9909648 ], [ 130.8944763, 33.9937339 ], [ 130.889781299999981, 33.9882029 ] ] ], [ [ [ 130.782997199999983, 34.1069911 ], [ 130.7826811, 34.1128308 ], [ 130.778801099999981, 34.1152408 ], [ 130.775294699999989, 34.113345 ], [ 130.775908099999981, 34.1046575 ], [ 130.781215299999985, 34.1017889 ], [ 130.782681699999983, 34.0975061 ], [ 130.7895191, 34.1007488 ], [ 130.792588099999989, 34.0995478 ], [ 130.794510799999983, 34.0936583 ], [ 130.8001253, 34.1000225 ], [ 130.7971575, 34.1009758 ], [ 130.7944192, 34.1057081 ], [ 130.782997199999983, 34.1069911 ] ] ], [ [ [ 130.990641400000015, 34.3582667 ], [ 130.981671399999982, 34.3618444 ], [ 130.9804302, 34.3634747 ], [ 130.9748783, 34.3616336 ], [ 130.966991799999988, 34.3575681 ], [ 130.9636547, 34.3583603 ], [ 130.9582992, 34.3556387 ], [ 130.953280899999982, 34.3549194 ], [ 130.9492985, 34.3525947 ], [ 130.9402316, 34.3511793 ], [ 130.934807899999981, 34.3518366 ], [ 130.9347722, 34.3479147 ], [ 130.9315283, 34.3473406 ], [ 130.9311238, 34.3426613 ], [ 130.925166599999983, 34.3423341 ], [ 130.9261208, 34.3476786 ], [ 130.92410049999998, 34.34834 ], [ 130.9188724, 34.3535146 ], [ 130.9172777, 34.3516304 ], [ 130.9116151, 34.3543042 ], [ 130.9058349, 34.362403 ], [ 130.8997991, 34.3607117 ], [ 130.9006742, 34.3546509 ], [ 130.89920570000001, 34.3509189 ], [ 130.8943922, 34.347499 ], [ 130.8906145, 34.3467846 ], [ 130.889674500000012, 34.3443018 ], [ 130.8916797, 34.3382181 ], [ 130.890186, 34.3343531 ], [ 130.8923756, 34.3298259 ], [ 130.892327199999983, 34.3257653 ], [ 130.8956545, 34.3200663 ], [ 130.8920381, 34.3202121 ], [ 130.8913967, 34.312482 ], [ 130.886684699999989, 34.3115941 ], [ 130.8835844, 34.3058542 ], [ 130.885837899999984, 34.3042922 ], [ 130.884710899999988, 34.2988319 ], [ 130.881185099999982, 34.2949828 ], [ 130.873813399999989, 34.2957039 ], [ 130.8704544, 34.2938057 ], [ 130.8668614, 34.287829 ], [ 130.8742205, 34.2811126 ], [ 130.8788573, 34.2786832 ], [ 130.881090199999988, 34.275897199999989 ], [ 130.8895506, 34.2725853 ], [ 130.891089599999987, 34.2684118 ], [ 130.8959854, 34.2662928 ], [ 130.899428799999981, 34.2594438 ], [ 130.900436499999984, 34.2545222 ], [ 130.909715, 34.2484477 ], [ 130.911975499999983, 34.2455391 ], [ 130.915604, 34.2442995 ], [ 130.9216457, 34.2394535 ], [ 130.922932900000035, 34.2328078 ], [ 130.9220248, 34.2246726 ], [ 130.91624760000002, 34.2151249 ], [ 130.9200492, 34.2130438 ], [ 130.9287675, 34.2128146 ], [ 130.930642899999981, 34.2097175 ], [ 130.932139799999987, 34.1985292 ], [ 130.9325078, 34.1902554 ], [ 130.933538699999986, 34.1890774 ], [ 130.9312587, 34.1830687 ], [ 130.9263105, 34.1810308 ], [ 130.9287409, 34.1768366 ], [ 130.925649099999987, 34.1697083 ], [ 130.915663099999989, 34.1595703 ], [ 130.913246099999981, 34.1580483 ], [ 130.90917, 34.1589291 ], [ 130.9034546, 34.1526347 ], [ 130.8981655, 34.1530301 ], [ 130.9002494, 34.1483033 ], [ 130.9045621, 34.1474074 ], [ 130.9026811, 34.1405762 ], [ 130.89524369999998, 34.1354164 ], [ 130.891709099999986, 34.1345454 ], [ 130.8844766, 34.136666 ], [ 130.885932699999984, 34.1396793 ], [ 130.8806253, 34.1417686 ], [ 130.877548099999984, 34.1361695 ], [ 130.874338099999989, 34.138496 ], [ 130.867097, 34.1369629 ], [ 130.8652726, 34.1144371 ], [ 130.860841599999986, 34.1104701 ], [ 130.861893899999984, 34.1040821 ], [ 130.8685911, 34.1021715 ], [ 130.872831599999984, 34.0986588 ], [ 130.8742091, 34.0934785 ], [ 130.8725766, 34.090609 ], [ 130.8788533, 34.087703499999989 ], [ 130.8814241, 34.0847581 ], [ 130.8779754, 34.0807984 ], [ 130.8817837, 34.0790306 ], [ 130.882058199999989, 34.0745122 ], [ 130.888087399999989, 34.072059 ], [ 130.887099899999981, 34.0681319 ], [ 130.891442399999988, 34.0646187 ], [ 130.895572, 34.0707315 ], [ 130.9052848, 34.0637377 ], [ 130.910894399999989, 34.0617374 ], [ 130.911763899999983, 34.0562742 ], [ 130.9148611, 34.0459291 ], [ 130.9140194, 34.0425736 ], [ 130.908425699999981, 34.0343874 ], [ 130.9036394, 34.0251554 ], [ 130.9114581, 34.0244644 ], [ 130.9147154, 34.0230991 ], [ 130.916323799999986, 34.0197221 ], [ 130.9161321, 34.0108537 ], [ 130.9127636, 34.0028297 ], [ 130.909748799999988, 34.0009011 ], [ 130.908694199999985, 33.9924964 ], [ 130.9124031, 33.9836824 ], [ 130.9155565, 33.9828543 ], [ 130.9168632, 33.9784942 ], [ 130.9158749, 33.9746247 ], [ 130.912927, 33.9707735 ], [ 130.913686200000029, 33.9634369 ], [ 130.910342899999989, 33.9591208 ], [ 130.909062899999981, 33.9552508 ], [ 130.9130141, 33.9552943 ], [ 130.9205202, 33.9509582 ], [ 130.915521, 33.9445807 ], [ 130.91428209999998, 33.9408253 ], [ 130.917177, 33.9382929 ], [ 130.9283676, 33.9384238 ], [ 130.9291949, 33.9415735 ], [ 130.9235792, 33.9426 ], [ 130.924620399999981, 33.9474105 ], [ 130.9341633, 33.947704 ], [ 130.9379506, 33.9491572 ], [ 130.9429877, 33.9543573 ], [ 130.9537306, 33.9616264 ], [ 130.9583333, 33.9665873 ], [ 130.9664477, 33.9699976 ], [ 130.9774725, 33.9769033 ], [ 130.9815116, 33.9813975 ], [ 130.987784, 33.9852655 ], [ 130.9903026, 33.9852059 ], [ 130.99501859999998, 33.989044 ], [ 130.9987812, 33.9997474 ], [ 131.003503699999982, 33.999113 ], [ 131.0062748, 34.003078699999989 ], [ 131.001566699999984, 34.0054764 ], [ 131.0004786, 34.008862 ], [ 131.004416099999986, 34.0144629 ], [ 131.0117089, 34.0096299 ], [ 131.0212583, 34.0201189 ], [ 131.0184432, 34.0242646 ], [ 131.0146891, 34.0266581 ], [ 131.015512, 34.0295291 ], [ 131.0213556, 34.034717 ], [ 131.0303477, 34.0391127 ], [ 131.0317583, 34.0428332 ], [ 131.028412600000024, 34.0456731 ], [ 131.032882, 34.0496025 ], [ 131.0337447, 34.0532949 ], [ 131.036847599999987, 34.0570821 ], [ 131.041781899999989, 34.056293 ], [ 131.043466900000027, 34.0528817 ], [ 131.0478602, 34.050293 ], [ 131.0483015, 34.0473317 ], [ 131.0461563, 34.0439576 ], [ 131.0476074, 34.0422307 ], [ 131.0677887, 34.0389338 ], [ 131.071796100000029, 34.0566361 ], [ 131.0776789, 34.0598619 ], [ 131.0797992, 34.0591994 ], [ 131.0839092, 34.0637333 ], [ 131.0818411, 34.0686575 ], [ 131.078943899999985, 34.0674514 ], [ 131.073906099999988, 34.0703269 ], [ 131.0812717, 34.0735875 ], [ 131.0901786, 34.0751156 ], [ 131.09623, 34.0711022 ], [ 131.0975458, 34.0745717 ], [ 131.1018019, 34.0711869 ], [ 131.107429699999983, 34.0743739 ], [ 131.1118328, 34.0752319 ], [ 131.1098436, 34.0814669 ], [ 131.1075208, 34.0834603 ], [ 131.106990599999989, 34.0925533 ], [ 131.1113039, 34.0923272 ], [ 131.1129472, 34.0962047 ], [ 131.1100372, 34.099094199999989 ], [ 131.1128125, 34.103617199999988 ], [ 131.1134542, 34.1076814 ], [ 131.108715599999982, 34.1134114 ], [ 131.102820799999989, 34.1157969 ], [ 131.1000172, 34.1183972 ], [ 131.0978381, 34.1247433 ], [ 131.0926939, 34.1248611 ], [ 131.0842881, 34.1309589 ], [ 131.0832781, 34.1351403 ], [ 131.085257499999983, 34.1413294 ], [ 131.0830569, 34.14297 ], [ 131.0856503, 34.1494275 ], [ 131.0902614, 34.1534919 ], [ 131.0890336, 34.1598144 ], [ 131.0900878, 34.1659133 ], [ 131.0967097, 34.166605 ], [ 131.098068899999987, 34.1635244 ], [ 131.1023856, 34.1628769 ], [ 131.1033028, 34.1586036 ], [ 131.1110406, 34.1571719 ], [ 131.1175144, 34.1606986 ], [ 131.1125942, 34.1711942 ], [ 131.1083, 34.1738411 ], [ 131.1080172, 34.1779517 ], [ 131.0992422, 34.1857519 ], [ 131.0995, 34.1900561 ], [ 131.1031806, 34.1916131 ], [ 131.105055, 34.1954808 ], [ 131.1090817, 34.1979628 ], [ 131.1094392, 34.201023299999989 ], [ 131.1070992, 34.2053939 ], [ 131.1141303, 34.2101731 ], [ 131.12164, 34.2129411 ], [ 131.1228267, 34.2161022 ], [ 131.1264189, 34.2193869 ], [ 131.1318267, 34.2219797 ], [ 131.136633099999983, 34.2224225 ], [ 131.1385372, 34.2250967 ], [ 131.144736099999989, 34.2253308 ], [ 131.1462575, 34.2304608 ], [ 131.15298, 34.2330922 ], [ 131.157129199999986, 34.2306717 ], [ 131.1600219, 34.2310306 ], [ 131.161071400000026, 34.2355383 ], [ 131.160742199999987, 34.2417761 ], [ 131.165499399999987, 34.2450686 ], [ 131.166640299999983, 34.2497619 ], [ 131.1721536, 34.2561336 ], [ 131.1712072, 34.2611125 ], [ 131.17246609999998, 34.2640672 ], [ 131.1658194, 34.2620725 ], [ 131.16150829999998, 34.2629733 ], [ 131.1590792, 34.2687117 ], [ 131.1548422, 34.2711372 ], [ 131.1513167, 34.2696172 ], [ 131.1445914, 34.2697583 ], [ 131.142416699999984, 34.2718378 ], [ 131.1344336, 34.2701006 ], [ 131.129132800000036, 34.2671589 ], [ 131.124862799999988, 34.2670883 ], [ 131.122410799999983, 34.2652917 ], [ 131.1170525, 34.2657719 ], [ 131.113124199999987, 34.26385 ], [ 131.1080167, 34.2653047 ], [ 131.1046725, 34.2648089 ], [ 131.1022983, 34.2619167 ], [ 131.097714699999983, 34.2630408 ], [ 131.0940503, 34.2666228 ], [ 131.087120299999981, 34.2673719 ], [ 131.0842247, 34.2735558 ], [ 131.085611699999987, 34.2785428 ], [ 131.083575599999989, 34.2841561 ], [ 131.0773053, 34.2891814 ], [ 131.074375299999986, 34.2932725 ], [ 131.067387199999985, 34.2918944 ], [ 131.058402199999989, 34.3003017 ], [ 131.058485599999983, 34.3036339 ], [ 131.049799399999984, 34.3061586 ], [ 131.0429758, 34.3109092 ], [ 131.0404767, 34.3101114 ], [ 131.035524399999986, 34.3115564 ], [ 131.0350378, 34.3167142 ], [ 131.032647199999985, 34.3217683 ], [ 131.0203478, 34.3254231 ], [ 131.0198586, 34.3312556 ], [ 131.0148556, 34.3358136 ], [ 131.013518299999987, 34.3401069 ], [ 131.010462499999988, 34.3424344 ], [ 131.0028006, 34.3455061 ], [ 131.0010397, 34.3525997 ], [ 130.9974508, 34.3525047 ], [ 130.990641400000015, 34.3582667 ] ] ], [ [ [ 130.905038599999983, 34.1705617 ], [ 130.9059417, 34.1725517 ], [ 130.9013017, 34.1765706 ], [ 130.8988608, 34.1722808 ], [ 130.9004769, 34.1701886 ], [ 130.905038599999983, 34.1705617 ] ] ], [ [ [ 130.8711074, 34.368808699999988 ], [ 130.87107469999998, 34.3718397 ], [ 130.867329399999988, 34.3737063 ], [ 130.8679296, 34.3699826 ], [ 130.8703966, 34.3660428 ], [ 130.8657696, 34.3594016 ], [ 130.859890899999982, 34.3573757 ], [ 130.856829399999981, 34.3546121 ], [ 130.8442339, 34.3536718 ], [ 130.8402594, 34.3551919 ], [ 130.8381958, 34.3510468 ], [ 130.8405354, 34.3452629 ], [ 130.847622799999982, 34.3413499 ], [ 130.8521581, 34.3447049 ], [ 130.8575003, 34.3525384 ], [ 130.8610835, 34.3534642 ], [ 130.865776899999986, 34.3520358 ], [ 130.8723202, 34.3554843 ], [ 130.8776068, 34.3534557 ], [ 130.8795783, 34.3567033 ], [ 130.8805116, 34.3636283 ], [ 130.8768546, 34.3678108 ], [ 130.8711074, 34.368808699999988 ] ] ], [ [ [ 130.9647789, 34.3593433 ], [ 130.9725526, 34.3611274 ], [ 130.9741766, 34.3638256 ], [ 130.9669597, 34.3630928 ], [ 130.9647789, 34.3593433 ] ] ] ] } },
{ "type": "Feature", "properties": { "hokenjo": "岩国環境" }, "geometry": { "type": "MultiPolygon", "coordinates": [ [ [ [ 132.332181700000035, 34.0031631 ], [ 132.331075, 34.003635 ], [ 132.3300133, 34.0032422 ], [ 132.3299992, 33.9938747 ], [ 132.3342864, 33.9915175 ], [ 132.3356072, 33.9944325 ], [ 132.332181700000035, 34.0031631 ] ] ], [ [ [ 132.427801099999982, 34.0156225 ], [ 132.41913169999998, 34.0240239 ], [ 132.414975, 34.0303461 ], [ 132.4028539, 34.0273053 ], [ 132.401830599999982, 34.0235842 ], [ 132.404498099999984, 34.0163756 ], [ 132.4113131, 34.013125 ], [ 132.4172922, 34.0128036 ], [ 132.420446700000014, 34.0110628 ], [ 132.424790799999982, 34.0123631 ], [ 132.427801099999982, 34.0156225 ] ] ], [ [ [ 132.4224714, 34.0321311 ], [ 132.427019199999989, 34.0334808 ], [ 132.41994219999998, 34.037335299999988 ], [ 132.4185364, 34.0336383 ], [ 132.4224714, 34.0321311 ] ] ], [ [ [ 132.3862217, 34.0340292 ], [ 132.3909358, 34.0392453 ], [ 132.39166670000003, 34.0427109 ], [ 132.3874275, 34.0391386 ], [ 132.382925299999982, 34.0417511 ], [ 132.381109399999985, 34.0381372 ], [ 132.3829069, 34.0345767 ], [ 132.3832644, 34.0275622 ], [ 132.389352799999983, 34.0324433 ], [ 132.3862217, 34.0340292 ] ] ], [ [ [ 132.3984558, 34.0541275 ], [ 132.3997267, 34.0571022 ], [ 132.3953836, 34.0600953 ], [ 132.3917706, 34.0567558 ], [ 132.3984558, 34.0541275 ] ] ], [ [ [ 132.201319399999988, 34.2077631 ], [ 132.1976417, 34.2046822 ], [ 132.1933297, 34.2070122 ], [ 132.1988192, 34.2157633 ], [ 132.2021914, 34.2230303 ], [ 132.2051458, 34.225195 ], [ 132.20303389999998, 34.2287383 ], [ 132.200062799999984, 34.2251531 ], [ 132.196924699999983, 34.2268606 ], [ 132.1984986, 34.2304308 ], [ 132.1929806, 34.2297539 ], [ 132.1934994, 34.2264822 ], [ 132.18419609999998, 34.2276144 ], [ 132.1803294, 34.2298789 ], [ 132.171148099999982, 34.2253397 ], [ 132.1699356, 34.2284633 ], [ 132.17009969999998, 34.2337603 ], [ 132.1618317, 34.2338694 ], [ 132.16034639999998, 34.2303194 ], [ 132.1565369, 34.2293519 ], [ 132.1546314, 34.2334819 ], [ 132.1507997, 34.2346767 ], [ 132.1499742, 34.23724 ], [ 132.1447489, 34.2364197 ], [ 132.143921899999981, 34.2404917 ], [ 132.1461536, 34.2435697 ], [ 132.147359199999983, 34.2504042 ], [ 132.146354699999989, 34.2567847 ], [ 132.1445836, 34.2595097 ], [ 132.141174399999983, 34.2599622 ], [ 132.1353278, 34.2671136 ], [ 132.1335689, 34.27236 ], [ 132.135509399999989, 34.2779553 ], [ 132.1397111, 34.2819406 ], [ 132.1381811, 34.2878889 ], [ 132.1284311, 34.2956814 ], [ 132.123985, 34.2967756 ], [ 132.1270892, 34.2997394 ], [ 132.129178100000019, 34.30471 ], [ 132.125362199999984, 34.3057789 ], [ 132.1227381, 34.3116414 ], [ 132.1245042, 34.3141408 ], [ 132.1238775, 34.3187614 ], [ 132.1287544, 34.3219514 ], [ 132.1294842, 34.3270069 ], [ 132.1250694, 34.3338122 ], [ 132.1211075, 34.333285599999989 ], [ 132.11932059999998, 34.3305778 ], [ 132.1116525, 34.3301933 ], [ 132.109845, 34.3277308 ], [ 132.105521399999986, 34.3296164 ], [ 132.101245799999987, 34.3362314 ], [ 132.101280799999984, 34.3453097 ], [ 132.0928714, 34.3514008 ], [ 132.0899833, 34.35095 ], [ 132.0859528, 34.3540439 ], [ 132.08526329999998, 34.3578817 ], [ 132.076732199999981, 34.3555192 ], [ 132.0713417, 34.3554 ], [ 132.0707875, 34.3600233 ], [ 132.071900299999982, 34.3671086 ], [ 132.0704336, 34.3709633 ], [ 132.07509779999998, 34.3746817 ], [ 132.0725644, 34.3772611 ], [ 132.0768075, 34.3838008 ], [ 132.0773883, 34.3892378 ], [ 132.07164419999998, 34.3898833 ], [ 132.0699692, 34.3920053 ], [ 132.0726678, 34.4001981 ], [ 132.074574399999989, 34.4019644 ], [ 132.073346099999981, 34.4074308 ], [ 132.070320800000019, 34.4099433 ], [ 132.068894200000017, 34.4162564 ], [ 132.0735247, 34.4195314 ], [ 132.0738719, 34.4237119 ], [ 132.076985, 34.4376894 ], [ 132.0807356, 34.4412497 ], [ 132.08099439999998, 34.44354 ], [ 132.0754239, 34.4539183 ], [ 132.0714575, 34.4582639 ], [ 132.0708519, 34.4630067 ], [ 132.0680269, 34.4648414 ], [ 132.0683539, 34.4678325 ], [ 132.0641822, 34.4688783 ], [ 132.0548839, 34.4677419 ], [ 132.0498417, 34.4663914 ], [ 132.0459367, 34.4694897 ], [ 132.0390539, 34.4688878 ], [ 132.0348158, 34.4634056 ], [ 132.0232786, 34.4611525 ], [ 132.0220792, 34.4575547 ], [ 132.019169399999981, 34.4567292 ], [ 132.0154244, 34.4520422 ], [ 132.0173208, 34.4402714 ], [ 132.016233299999982, 34.4374694 ], [ 132.0110669, 34.4342989 ], [ 132.0098561, 34.4314183 ], [ 132.0062978, 34.4323111 ], [ 131.9974619, 34.4277886 ], [ 131.9918394, 34.4160514 ], [ 131.989876399999986, 34.4139542 ], [ 131.9975186, 34.4070894 ], [ 132.00026, 34.3972775 ], [ 132.007035799999983, 34.3908508 ], [ 132.007457499999987, 34.3859486 ], [ 132.013521699999984, 34.3820256 ], [ 132.0117608, 34.3750342 ], [ 132.012111399999981, 34.3674008 ], [ 132.0072228, 34.3647836 ], [ 132.0009981, 34.3662269 ], [ 131.994545, 34.3616031 ], [ 131.99422, 34.3580628 ], [ 131.9895961, 34.3523817 ], [ 131.9836358, 34.3509642 ], [ 131.9806261, 34.3470069 ], [ 131.9797806, 34.3427847 ], [ 131.9740153, 34.3411283 ], [ 131.97547, 34.3374356 ], [ 131.974170600000036, 34.3289506 ], [ 131.970415799999984, 34.3237189 ], [ 131.962436699999984, 34.3229697 ], [ 131.9607589, 34.3207942 ], [ 131.9635056, 34.3135953 ], [ 131.9609792, 34.3080178 ], [ 131.958681399999989, 34.3063436 ], [ 131.9501233, 34.3146158 ], [ 131.9421731, 34.3253231 ], [ 131.9348678, 34.3279417 ], [ 131.92764889999998, 34.3346389 ], [ 131.9214892, 34.335505 ], [ 131.918941099999984, 34.3379844 ], [ 131.915047499999986, 34.3354636 ], [ 131.913281399999988, 34.3302869 ], [ 131.9087003, 34.3254786 ], [ 131.9036011, 34.32291 ], [ 131.8998292, 34.3190733 ], [ 131.8905306, 34.3243294 ], [ 131.8840131, 34.3212947 ], [ 131.8864194, 34.3135714 ], [ 131.885266699999988, 34.3106706 ], [ 131.881290299999989, 34.3086189 ], [ 131.8791325, 34.3011881 ], [ 131.8817867, 34.2998153 ], [ 131.8822614, 34.2956828 ], [ 131.8814831, 34.2879161 ], [ 131.8802428, 34.2858967 ], [ 131.8823753, 34.2793078 ], [ 131.880482799999982, 34.2748281 ], [ 131.8811919, 34.26963 ], [ 131.885081700000029, 34.2632397 ], [ 131.890729199999981, 34.2570772 ], [ 131.89072059999998, 34.2545956 ], [ 131.894175, 34.2514308 ], [ 131.8888603, 34.2467061 ], [ 131.8879858, 34.2413758 ], [ 131.8915539, 34.2350425 ], [ 131.90246190000002, 34.2318503 ], [ 131.9059897, 34.2321875 ], [ 131.908416099999982, 34.2298206 ], [ 131.9141833, 34.2289836 ], [ 131.9189292, 34.2229456 ], [ 131.9271067, 34.2252708 ], [ 131.9341497, 34.2311831 ], [ 131.9373617, 34.2298708 ], [ 131.942110600000035, 34.2249386 ], [ 131.9399808, 34.2214672 ], [ 131.9389203, 34.2164881 ], [ 131.9422414, 34.2150214 ], [ 131.9422133, 34.2113169 ], [ 131.94002, 34.2075972 ], [ 131.9449103, 34.2037569 ], [ 131.9448078, 34.2006358 ], [ 131.9560533, 34.1982714 ], [ 131.959060599999987, 34.1991072 ], [ 131.960809399999988, 34.196083099999989 ], [ 131.960922499999981, 34.1919253 ], [ 131.9566519, 34.1890903 ], [ 131.9582967, 34.1813242 ], [ 131.963703899999985, 34.1809319 ], [ 131.9658131, 34.1763378 ], [ 131.960799399999985, 34.1710936 ], [ 131.957139399999988, 34.169225 ], [ 131.9580822, 34.1646567 ], [ 131.955154199999981, 34.1633911 ], [ 131.9599239, 34.1591125 ], [ 131.9568544, 34.1556072 ], [ 131.95636, 34.1509608 ], [ 131.95264, 34.1477464 ], [ 131.955777499999982, 34.1416217 ], [ 131.9572847, 34.1416331 ], [ 131.958492799999988, 34.1333578 ], [ 131.953398099999987, 34.1303331 ], [ 131.9584931, 34.1249664 ], [ 131.959684399999986, 34.1157992 ], [ 131.9646469, 34.1068461 ], [ 131.96381, 34.1020572 ], [ 131.9649217, 34.0954411 ], [ 131.9690789, 34.0949464 ], [ 131.9670333, 34.0893008 ], [ 131.982121399999983, 34.0881058 ], [ 131.9873622, 34.084057799999989 ], [ 131.9911003, 34.0830536 ], [ 131.995661399999989, 34.0783961 ], [ 131.995370800000018, 34.0708222 ], [ 131.9974219, 34.0644453 ], [ 132.0060308, 34.0676028 ], [ 132.0109842, 34.0623319 ], [ 132.012652200000019, 34.0660942 ], [ 132.0164567, 34.0666261 ], [ 132.0200189, 34.0694011 ], [ 132.02369360000003, 34.0696542 ], [ 132.028325599999988, 34.0632131 ], [ 132.027223099999986, 34.0583583 ], [ 132.02820939999998, 34.0516853 ], [ 132.0306344, 34.047275 ], [ 132.0263558, 34.0318933 ], [ 132.0222775, 34.02551 ], [ 132.0243372, 34.0237633 ], [ 132.027071399999983, 34.0171636 ], [ 132.0270897, 34.0144458 ], [ 132.031284699999986, 34.0138592 ], [ 132.0375894, 34.0108925 ], [ 132.041771400000016, 34.0136019 ], [ 132.051131699999985, 34.013417499999989 ], [ 132.0536864, 34.0120417 ], [ 132.0590436, 34.0141708 ], [ 132.0601517, 34.0186644 ], [ 132.0672333, 34.0212856 ], [ 132.07228, 34.0252853 ], [ 132.0771119, 34.0252853 ], [ 132.0821364, 34.0299711 ], [ 132.081736899999981, 34.0324422 ], [ 132.0859328, 34.0369728 ], [ 132.0894772, 34.0432881 ], [ 132.0936944, 34.0456444 ], [ 132.094940799999989, 34.0484394 ], [ 132.0982817, 34.0482628 ], [ 132.1040653, 34.0525472 ], [ 132.1082242, 34.0529069 ], [ 132.113285599999983, 34.0497986 ], [ 132.1206894, 34.0517967 ], [ 132.12506, 34.0491456 ], [ 132.12617, 34.0453983 ], [ 132.1308019, 34.0426981 ], [ 132.1349186, 34.0444278 ], [ 132.139063599999986, 34.042382499999988 ], [ 132.1407567, 34.0396203 ], [ 132.1428067, 34.031905 ], [ 132.146515800000032, 34.0324189 ], [ 132.148695799999985, 34.0292136 ], [ 132.1525125, 34.0288228 ], [ 132.161663299999987, 34.018265 ], [ 132.1679656, 34.016955 ], [ 132.175117199999988, 34.0173556 ], [ 132.177705, 34.0186894 ], [ 132.187212499999987, 34.0193542 ], [ 132.1916917, 34.0164272 ], [ 132.1918447, 34.0142639 ], [ 132.1966694, 34.0108467 ], [ 132.1945403, 34.0069444 ], [ 132.195096399999983, 34.0018189 ], [ 132.1941208, 33.9917433 ], [ 132.1967072, 33.9884633 ], [ 132.1944853, 33.9827289 ], [ 132.199047399999984, 33.9808416 ], [ 132.2005107, 33.983632899999989 ], [ 132.200479699999988, 33.9882858 ], [ 132.2070469, 33.9949392 ], [ 132.212857499999984, 34.0020177 ], [ 132.2186408, 34.0209546 ], [ 132.2176786, 34.029916 ], [ 132.2191384, 34.0389967 ], [ 132.2173826, 34.0419089 ], [ 132.220671399999986, 34.0464474 ], [ 132.2169051, 34.0478333 ], [ 132.209568, 34.0593474 ], [ 132.2092553, 34.067781 ], [ 132.211576899999983, 34.0715656 ], [ 132.209769199999982, 34.0814577 ], [ 132.2111569, 34.0830184 ], [ 132.2035761, 34.0992867 ], [ 132.201459, 34.1069755 ], [ 132.2003239, 34.1157424 ], [ 132.2043763, 34.1161898 ], [ 132.2032269, 34.1252822 ], [ 132.211877, 34.1256961 ], [ 132.219923099999988, 34.1270411 ], [ 132.2225201, 34.1310501 ], [ 132.2315476, 34.127024 ], [ 132.2343845, 34.1276866 ], [ 132.236257099999989, 34.1317906 ], [ 132.2499319, 34.1300169 ], [ 132.2476399, 34.133433 ], [ 132.2523759, 34.1580982 ], [ 132.250683399999986, 34.1654951 ], [ 132.248019199999987, 34.1719993 ], [ 132.2450902, 34.1720026 ], [ 132.2389714, 34.1816971 ], [ 132.235284799999988, 34.1814099 ], [ 132.234238799999986, 34.1850602 ], [ 132.2392724, 34.1875598 ], [ 132.237507599999986, 34.1900462 ], [ 132.231974899999983, 34.1873174 ], [ 132.232696799999985, 34.195714099999989 ], [ 132.2376385, 34.1962044 ], [ 132.2406091, 34.1974962 ], [ 132.2467933, 34.2048645 ], [ 132.245598299999983, 34.2106729 ], [ 132.2222672, 34.2083942 ], [ 132.217818599999987, 34.2068197 ], [ 132.2143122, 34.2035633 ], [ 132.210168899999985, 34.2025758 ], [ 132.2065711, 34.2036164 ], [ 132.201319399999988, 34.2077631 ] ] ] ] } },
{ "type": "Feature", "properties": { "hokenjo": "山口環境" }, "geometry": { "type": "MultiPolygon", "coordinates": [ [ [ [ 131.409616699999987, 34.2110344 ], [ 131.4050919, 34.2088525 ], [ 131.4050225, 34.2030553 ], [ 131.401181400000013, 34.2003522 ], [ 131.4054803, 34.197115 ], [ 131.40121, 34.1938161 ], [ 131.3982536, 34.1889133 ], [ 131.3974694, 34.1822833 ], [ 131.390563899999989, 34.1790892 ], [ 131.3904867, 34.1749467 ], [ 131.378718099999986, 34.1664819 ], [ 131.3798956, 34.1623722 ], [ 131.3788197, 34.1572856 ], [ 131.3758489, 34.15403 ], [ 131.3699556, 34.1527889 ], [ 131.37487059999998, 34.1492839 ], [ 131.3774189, 34.1446906 ], [ 131.3739558, 34.1433081 ], [ 131.369592499999982, 34.1377067 ], [ 131.376303899999982, 34.1319047 ], [ 131.3753586, 34.1260814 ], [ 131.378087199999982, 34.1248644 ], [ 131.3793111, 34.1211647 ], [ 131.376696399999986, 34.1186903 ], [ 131.375865299999987, 34.1148861 ], [ 131.3732033, 34.1127419 ], [ 131.3682833, 34.1120939 ], [ 131.369982199999981, 34.1077472 ], [ 131.3637419, 34.1077739 ], [ 131.360477799999984, 34.1051417 ], [ 131.352278899999988, 34.1094931 ], [ 131.345133100000027, 34.1072975 ], [ 131.3475703, 34.1011942 ], [ 131.351872499999985, 34.0986794 ], [ 131.3522342, 34.0911606 ], [ 131.3533625, 34.0875481 ], [ 131.3459028, 34.0829172 ], [ 131.3458081, 34.0807286 ], [ 131.349761699999988, 34.0771044 ], [ 131.346972199999982, 34.0703092 ], [ 131.3439147, 34.0706897 ], [ 131.339235799999983, 34.0674608 ], [ 131.3386492, 34.0626992 ], [ 131.33595889999998, 34.0545108 ], [ 131.329541399999982, 34.048205599999989 ], [ 131.3235694, 34.0458303 ], [ 131.318565299999989, 34.0467739 ], [ 131.3163808, 34.0435953 ], [ 131.3168775, 34.0398347 ], [ 131.3107742, 34.0330836 ], [ 131.306661099999985, 34.0318519 ], [ 131.307338099999981, 34.0254583 ], [ 131.302359199999984, 34.0240558 ], [ 131.3014636, 34.0187519 ], [ 131.3059692, 34.01737 ], [ 131.304879199999988, 34.0149717 ], [ 131.2946814, 34.0101136 ], [ 131.295531399999987, 34.0076922 ], [ 131.292018899999988, 34.0010833 ], [ 131.2956656, 33.9988403 ], [ 131.296625799999987, 33.9960714 ], [ 131.3010083, 33.9966483 ], [ 131.313480299999981, 33.9944097 ], [ 131.3147181, 33.9966756 ], [ 131.3197831, 33.9961292 ], [ 131.324988099999985, 33.9999483 ], [ 131.330198599999989, 33.9976889 ], [ 131.3336147, 33.9976628 ], [ 131.340151099999986, 34.0008567 ], [ 131.3479214, 34.0013717 ], [ 131.3571617, 33.9972344 ], [ 131.3630755, 33.997018 ], [ 131.370686799999987, 34.0001994 ], [ 131.378168599999981, 34.0083274 ], [ 131.383391099999983, 34.021889 ], [ 131.3723637, 34.0257082 ], [ 131.3717987, 34.0285018 ], [ 131.3809819, 34.0314834 ], [ 131.3865085, 34.0320287 ], [ 131.3840711, 34.0366767 ], [ 131.3862732, 34.0467566 ], [ 131.384636699999987, 34.05 ], [ 131.394382799999988, 34.0509036 ], [ 131.398711099999986, 34.0492888 ], [ 131.397216, 34.0449331 ], [ 131.398717, 34.0428747 ], [ 131.3945799, 34.0353283 ], [ 131.394362199999989, 34.0261885 ], [ 131.397230399999984, 34.0245705 ], [ 131.402303, 34.0259666 ], [ 131.415002, 34.021431899999989 ], [ 131.4123735, 34.0203349 ], [ 131.406744700000019, 34.0138552 ], [ 131.4013727, 33.9982817 ], [ 131.394799799999987, 33.9959464 ], [ 131.3966715, 33.994159 ], [ 131.4008997, 33.9942834 ], [ 131.4057618, 33.9973016 ], [ 131.4092387, 34.0051968 ], [ 131.4122673, 34.0082848 ], [ 131.4186196, 34.0110826 ], [ 131.4191183, 34.0154164 ], [ 131.427268199999986, 34.0143471 ], [ 131.4317882, 34.0066827 ], [ 131.427938600000033, 33.9966031 ], [ 131.423761899999988, 33.991306 ], [ 131.427146599999986, 33.9885265 ], [ 131.4291882, 33.9907541 ], [ 131.436014, 33.9879233 ], [ 131.4364578, 33.9833745 ], [ 131.4416568, 33.9828907 ], [ 131.4420508, 33.991572 ], [ 131.4494925, 33.9954183 ], [ 131.4546176, 33.9945995 ], [ 131.455053099999986, 33.9883418 ], [ 131.461147, 33.9880044 ], [ 131.4636026, 33.9933483 ], [ 131.4607925, 33.9972873 ], [ 131.4545604, 34.0023351 ], [ 131.4569492, 34.0052379 ], [ 131.462224599999985, 34.003676299999988 ], [ 131.4714203, 34.0096686 ], [ 131.4794886, 34.013334 ], [ 131.4783558, 34.0174187 ], [ 131.4722672, 34.019976 ], [ 131.469844599999988, 34.0186637 ], [ 131.4664396, 34.0286571 ], [ 131.4668844, 34.0331228 ], [ 131.4720302, 34.0369534 ], [ 131.475698699999981, 34.037553 ], [ 131.4711783, 34.0404789 ], [ 131.470034199999986, 34.0441094 ], [ 131.4640431, 34.0458753 ], [ 131.460895599999986, 34.0444664 ], [ 131.457175799999987, 34.0501981 ], [ 131.457613900000013, 34.0536875 ], [ 131.4554325, 34.0567614 ], [ 131.455241699999988, 34.0619631 ], [ 131.4618908, 34.0657314 ], [ 131.4663919, 34.0704328 ], [ 131.480689399999989, 34.0749583 ], [ 131.486409399999985, 34.0880919 ], [ 131.4906728, 34.0903308 ], [ 131.4907533, 34.0938311 ], [ 131.495823299999984, 34.0959058 ], [ 131.5000997, 34.0990186 ], [ 131.508151699999985, 34.0988664 ], [ 131.5142061, 34.0924586 ], [ 131.518875, 34.0862103 ], [ 131.5235711, 34.087180599999989 ], [ 131.5243853, 34.0893383 ], [ 131.5320475, 34.0898908 ], [ 131.5327756, 34.0932125 ], [ 131.5485, 34.0957325 ], [ 131.5513269, 34.0970461 ], [ 131.553586699999983, 34.1038667 ], [ 131.5584625, 34.1069089 ], [ 131.5573325, 34.1141867 ], [ 131.5600272, 34.1184242 ], [ 131.564121699999987, 34.1223106 ], [ 131.569898599999988, 34.1203219 ], [ 131.574759199999988, 34.1218581 ], [ 131.57316609999998, 34.1253658 ], [ 131.5732092, 34.1351167 ], [ 131.579014199999989, 34.1360033 ], [ 131.581138899999985, 34.1404358 ], [ 131.584190299999989, 34.1428411 ], [ 131.580782199999987, 34.1502564 ], [ 131.582309399999986, 34.1518725 ], [ 131.5910122, 34.1503256 ], [ 131.5988786, 34.1465125 ], [ 131.607484199999988, 34.1474178 ], [ 131.612885, 34.1433311 ], [ 131.618965799999984, 34.1431467 ], [ 131.619151700000032, 34.1386167 ], [ 131.6234964, 34.1399811 ], [ 131.6268647, 34.1426494 ], [ 131.628244199999983, 34.1495222 ], [ 131.633315, 34.1497025 ], [ 131.63096059999998, 34.1550981 ], [ 131.6358081, 34.1597461 ], [ 131.6558753, 34.1577339 ], [ 131.6603575, 34.1519333 ], [ 131.658647799999983, 34.1499069 ], [ 131.657438899999988, 34.1424242 ], [ 131.653561699999983, 34.1367964 ], [ 131.6605806, 34.1366869 ], [ 131.6666081, 34.1342081 ], [ 131.674395, 34.1350942 ], [ 131.681117799999981, 34.1321403 ], [ 131.6861169, 34.1325972 ], [ 131.692548099999982, 34.1421311 ], [ 131.6985114, 34.1419492 ], [ 131.7069736, 34.135700799999988 ], [ 131.707769399999989, 34.1330817 ], [ 131.71340440000003, 34.1329142 ], [ 131.71489219999998, 34.1364 ], [ 131.7198914, 34.1365258 ], [ 131.7254111, 34.1411539 ], [ 131.7259431, 34.1499367 ], [ 131.72274, 34.1583189 ], [ 131.723765800000024, 34.1616783 ], [ 131.7277956, 34.1640686 ], [ 131.736647799999986, 34.1667575 ], [ 131.7394794, 34.1723472 ], [ 131.7380078, 34.176005599999989 ], [ 131.7330694, 34.1760711 ], [ 131.7321217, 34.1815492 ], [ 131.7355867, 34.1861025 ], [ 131.734346099999982, 34.1894975 ], [ 131.73832969999998, 34.1913103 ], [ 131.7459183, 34.1906797 ], [ 131.753585, 34.1887186 ], [ 131.758920599999982, 34.1896872 ], [ 131.7640108, 34.1946994 ], [ 131.7598308, 34.2038394 ], [ 131.7577839, 34.2041783 ], [ 131.7558833, 34.2089203 ], [ 131.751248299999986, 34.2133342 ], [ 131.751095599999985, 34.2245225 ], [ 131.7472114, 34.2282233 ], [ 131.7472364, 34.2336117 ], [ 131.7414106, 34.2448053 ], [ 131.7391864, 34.2477894 ], [ 131.741231699999986, 34.2557181 ], [ 131.7455894, 34.2606417 ], [ 131.7499392, 34.2607458 ], [ 131.7533736, 34.2629836 ], [ 131.7552119, 34.2670678 ], [ 131.7542197, 34.2712972 ], [ 131.75763, 34.2747861 ], [ 131.7528608, 34.2818564 ], [ 131.7436894, 34.2892378 ], [ 131.742045599999983, 34.2929283 ], [ 131.74425, 34.2969411 ], [ 131.7500747, 34.3011083 ], [ 131.7494544, 34.3057306 ], [ 131.745288099999982, 34.3102228 ], [ 131.743827499999981, 34.3140156 ], [ 131.74607, 34.3180961 ], [ 131.7456089, 34.3280778 ], [ 131.756668099999985, 34.3314394 ], [ 131.754288299999985, 34.3362381 ], [ 131.756673299999989, 34.3403461 ], [ 131.755971099999982, 34.3461992 ], [ 131.7606125, 34.3503789 ], [ 131.7709506, 34.3561861 ], [ 131.766163899999981, 34.3648725 ], [ 131.76743, 34.3672022 ], [ 131.7659344, 34.3717317 ], [ 131.767218899999989, 34.3748606 ], [ 131.7636033, 34.3771064 ], [ 131.7634567, 34.3809356 ], [ 131.7694792, 34.3866297 ], [ 131.7726783, 34.3872844 ], [ 131.774712199999982, 34.3947908 ], [ 131.778783299999986, 34.3985819 ], [ 131.7847783, 34.3998608 ], [ 131.7854417, 34.4056778 ], [ 131.7878342, 34.4081194 ], [ 131.7869236, 34.4123906 ], [ 131.7932217, 34.4223422 ], [ 131.7949361, 34.4328947 ], [ 131.7906611, 34.4359058 ], [ 131.786576699999983, 34.4344533 ], [ 131.7800408, 34.4356972 ], [ 131.772864199999987, 34.4350242 ], [ 131.7707839, 34.4370867 ], [ 131.7613939, 34.4336658 ], [ 131.7519467, 34.4390108 ], [ 131.745452799999981, 34.4352783 ], [ 131.741219699999988, 34.4291103 ], [ 131.737835, 34.4285961 ], [ 131.729611399999982, 34.4327019 ], [ 131.721125, 34.4286786 ], [ 131.7173419, 34.4300103 ], [ 131.712869399999988, 34.4284947 ], [ 131.7100653, 34.4317981 ], [ 131.7019939, 34.4360058 ], [ 131.6974253, 34.4353078 ], [ 131.6938964, 34.4435661 ], [ 131.6971675, 34.44616 ], [ 131.6991017, 34.4514594 ], [ 131.6955372, 34.4546064 ], [ 131.696472799999981, 34.4580522 ], [ 131.693907199999984, 34.4657158 ], [ 131.698879399999981, 34.470115 ], [ 131.700012499999985, 34.4747147 ], [ 131.6960967, 34.4808592 ], [ 131.6934219, 34.4815761 ], [ 131.688759399999981, 34.4791778 ], [ 131.683453300000025, 34.4784908 ], [ 131.680665299999987, 34.4853775 ], [ 131.6823656, 34.488074399999988 ], [ 131.6821286, 34.4928406 ], [ 131.679835, 34.4932717 ], [ 131.6755056, 34.5009642 ], [ 131.667969699999986, 34.5040953 ], [ 131.665525299999985, 34.5023739 ], [ 131.65751419999998, 34.5045075 ], [ 131.6537711, 34.5000325 ], [ 131.646279199999981, 34.4990039 ], [ 131.650634699999983, 34.4905731 ], [ 131.645939699999985, 34.4869414 ], [ 131.6495586, 34.4818722 ], [ 131.6528792, 34.4795158 ], [ 131.6493586, 34.4763978 ], [ 131.649955799999987, 34.4698678 ], [ 131.6462392, 34.4662839 ], [ 131.6391494, 34.4652181 ], [ 131.6380747, 34.4625331 ], [ 131.6404944, 34.4597567 ], [ 131.63440749999998, 34.4552536 ], [ 131.6347231, 34.4467933 ], [ 131.6336392, 34.4443519 ], [ 131.627527499999985, 34.4434497 ], [ 131.6263017, 34.4383106 ], [ 131.623705, 34.4373614 ], [ 131.620724199999984, 34.4318761 ], [ 131.6172781, 34.4320953 ], [ 131.6132647, 34.4250233 ], [ 131.6090969, 34.4212733 ], [ 131.6059353, 34.4161092 ], [ 131.606681399999985, 34.4098286 ], [ 131.6020344, 34.4076714 ], [ 131.592010599999981, 34.4102611 ], [ 131.5870625, 34.4072519 ], [ 131.5763811, 34.4078131 ], [ 131.5693292, 34.4133756 ], [ 131.5653978, 34.4116711 ], [ 131.5625231, 34.4124239 ], [ 131.551367199999987, 34.4084897 ], [ 131.5465767, 34.4099033 ], [ 131.542827499999987, 34.4090492 ], [ 131.542196099999984, 34.4135689 ], [ 131.5373514, 34.4096036 ], [ 131.5383353, 34.4003856 ], [ 131.540322799999984, 34.3970456 ], [ 131.5464883, 34.394149399999989 ], [ 131.5467569, 34.3874242 ], [ 131.5415419, 34.3856664 ], [ 131.5332814, 34.3776931 ], [ 131.5340364, 34.3690214 ], [ 131.5389872, 34.3654661 ], [ 131.5505886, 34.3616139 ], [ 131.5534558, 34.3618386 ], [ 131.560353599999985, 34.3463408 ], [ 131.561237799999986, 34.3411119 ], [ 131.558111699999984, 34.3356114 ], [ 131.561028099999987, 34.3309103 ], [ 131.566015, 34.3290667 ], [ 131.5665047, 34.3260133 ], [ 131.560105599999986, 34.3175831 ], [ 131.5578931, 34.3080572 ], [ 131.552346699999987, 34.3060764 ], [ 131.5526628, 34.3033111 ], [ 131.5494253, 34.2989817 ], [ 131.5443675, 34.301205 ], [ 131.5407578, 34.3046319 ], [ 131.5380131, 34.300545299999989 ], [ 131.5329786, 34.2992317 ], [ 131.5336139, 34.2954419 ], [ 131.526355599999988, 34.2915075 ], [ 131.5214986, 34.2878122 ], [ 131.5264186, 34.2817828 ], [ 131.523757499999988, 34.2793003 ], [ 131.519755, 34.2797675 ], [ 131.5138658, 34.2778153 ], [ 131.516268599999989, 34.2735869 ], [ 131.5106644, 34.2690281 ], [ 131.5106247, 34.2662319 ], [ 131.5039756, 34.258486399999988 ], [ 131.506943299999989, 34.2546458 ], [ 131.5069878, 34.2510378 ], [ 131.500473299999982, 34.2479197 ], [ 131.502385799999985, 34.2432875 ], [ 131.499175799999989, 34.2404053 ], [ 131.4928964, 34.2416881 ], [ 131.4883817, 34.2401761 ], [ 131.4857925, 34.2434792 ], [ 131.4815092, 34.2448156 ], [ 131.475243899999981, 34.2415808 ], [ 131.463801099999984, 34.2379314 ], [ 131.4613153, 34.2311817 ], [ 131.4559831, 34.2314933 ], [ 131.4495331, 34.2241672 ], [ 131.446432499999986, 34.2222708 ], [ 131.432896699999986, 34.2222814 ], [ 131.4308322, 34.2192131 ], [ 131.4270708, 34.2176264 ], [ 131.4240394, 34.2194136 ], [ 131.42106, 34.2175794 ], [ 131.415594199999987, 34.2104603 ], [ 131.409616699999987, 34.2110344 ] ] ] ] } },
{ "type": "Feature", "properties": { "hokenjo": "周南環境" }, "geometry": { "type": "MultiPolygon", "coordinates": [ [ [ [ 132.0209922, 33.862243 ], [ 132.018034199999988, 33.8653489 ], [ 132.017151899999988, 33.8713915 ], [ 132.014335499999987, 33.8691708 ], [ 132.0170407, 33.8636513 ], [ 132.016041699999988, 33.8594352 ], [ 132.0124049, 33.8583213 ], [ 132.002752099999981, 33.8606932 ], [ 131.997579799999983, 33.8608096 ], [ 131.9975991, 33.8574296 ], [ 132.005332, 33.8548368 ], [ 132.0065622, 33.8527785 ], [ 132.0166027, 33.8536444 ], [ 132.0185521, 33.8519348 ], [ 132.0225308, 33.854509299999989 ], [ 132.0209922, 33.862243 ] ] ], [ [ [ 131.8629799, 33.9800637 ], [ 131.859744399999983, 33.9830378 ], [ 131.858085599999981, 33.990052 ], [ 131.8573715, 33.9824528 ], [ 131.85524, 33.976269 ], [ 131.8456267, 33.9676632 ], [ 131.8490084, 33.9675094 ], [ 131.8505462, 33.9621332 ], [ 131.848302599999982, 33.9582356 ], [ 131.850536399999982, 33.9553112 ], [ 131.8474352, 33.9515055 ], [ 131.8430426, 33.9527731 ], [ 131.843205200000028, 33.9553156 ], [ 131.8393379, 33.9566457 ], [ 131.8366633, 33.9547603 ], [ 131.8333494, 33.9560463 ], [ 131.8316479, 33.9506907 ], [ 131.8241392, 33.945056799999989 ], [ 131.820681799999988, 33.9447784 ], [ 131.821145799999982, 33.9495714 ], [ 131.8119044, 33.9547203 ], [ 131.807661599999989, 33.9519736 ], [ 131.805575399999981, 33.9464499 ], [ 131.8053324, 33.9420005 ], [ 131.814760899999982, 33.9364326 ], [ 131.818682599999988, 33.9358684 ], [ 131.8202461, 33.9320691 ], [ 131.8264906, 33.9310618 ], [ 131.830208699999986, 33.9333684 ], [ 131.8358302, 33.9337673 ], [ 131.837189199999983, 33.9371174 ], [ 131.8463358, 33.9457027 ], [ 131.8551113, 33.9484541 ], [ 131.8565396, 33.9523502 ], [ 131.8597441, 33.9551916 ], [ 131.860738699999985, 33.9596404 ], [ 131.858206199999984, 33.9636746 ], [ 131.8631292, 33.9678344 ], [ 131.869252, 33.9693855 ], [ 131.8722176, 33.9678289 ], [ 131.8734384, 33.9743822 ], [ 131.8688186, 33.9809154 ], [ 131.8629799, 33.9800637 ] ] ], [ [ [ 132.0222775, 34.02551 ], [ 132.0263558, 34.0318933 ], [ 132.0306344, 34.047275 ], [ 132.02820939999998, 34.0516853 ], [ 132.027223099999986, 34.0583583 ], [ 132.028325599999988, 34.0632131 ], [ 132.02369360000003, 34.0696542 ], [ 132.0200189, 34.0694011 ], [ 132.0164567, 34.0666261 ], [ 132.012652200000019, 34.0660942 ], [ 132.0109842, 34.0623319 ], [ 132.0060308, 34.0676028 ], [ 131.9974219, 34.0644453 ], [ 131.995370800000018, 34.0708222 ], [ 131.995661399999989, 34.0783961 ], [ 131.9911003, 34.0830536 ], [ 131.9873622, 34.084057799999989 ], [ 131.982121399999983, 34.0881058 ], [ 131.9670333, 34.0893008 ], [ 131.9690789, 34.0949464 ], [ 131.9649217, 34.0954411 ], [ 131.96381, 34.1020572 ], [ 131.9646469, 34.1068461 ], [ 131.959684399999986, 34.1157992 ], [ 131.9584931, 34.1249664 ], [ 131.953398099999987, 34.1303331 ], [ 131.958492799999988, 34.1333578 ], [ 131.9572847, 34.1416331 ], [ 131.955777499999982, 34.1416217 ], [ 131.95264, 34.1477464 ], [ 131.95636, 34.1509608 ], [ 131.9568544, 34.1556072 ], [ 131.9599239, 34.1591125 ], [ 131.955154199999981, 34.1633911 ], [ 131.9580822, 34.1646567 ], [ 131.957139399999988, 34.169225 ], [ 131.960799399999985, 34.1710936 ], [ 131.9658131, 34.1763378 ], [ 131.963703899999985, 34.1809319 ], [ 131.9582967, 34.1813242 ], [ 131.9566519, 34.1890903 ], [ 131.960922499999981, 34.1919253 ], [ 131.960809399999988, 34.196083099999989 ], [ 131.959060599999987, 34.1991072 ], [ 131.9560533, 34.1982714 ], [ 131.9448078, 34.2006358 ], [ 131.9449103, 34.2037569 ], [ 131.94002, 34.2075972 ], [ 131.9422133, 34.2113169 ], [ 131.9422414, 34.2150214 ], [ 131.9389203, 34.2164881 ], [ 131.9399808, 34.2214672 ], [ 131.942110600000035, 34.2249386 ], [ 131.9373617, 34.2298708 ], [ 131.9341497, 34.2311831 ], [ 131.9271067, 34.2252708 ], [ 131.9189292, 34.2229456 ], [ 131.9141833, 34.2289836 ], [ 131.908416099999982, 34.2298206 ], [ 131.9059897, 34.2321875 ], [ 131.90246190000002, 34.2318503 ], [ 131.8915539, 34.2350425 ], [ 131.8879858, 34.2413758 ], [ 131.8888603, 34.2467061 ], [ 131.894175, 34.2514308 ], [ 131.89072059999998, 34.2545956 ], [ 131.890729199999981, 34.2570772 ], [ 131.885081700000029, 34.2632397 ], [ 131.8811919, 34.26963 ], [ 131.880482799999982, 34.2748281 ], [ 131.8823753, 34.2793078 ], [ 131.8802428, 34.2858967 ], [ 131.8814831, 34.2879161 ], [ 131.8822614, 34.2956828 ], [ 131.8817867, 34.2998153 ], [ 131.8791325, 34.3011881 ], [ 131.881290299999989, 34.3086189 ], [ 131.8797156, 34.3095575 ], [ 131.872865, 34.3084742 ], [ 131.869576099999989, 34.3049697 ], [ 131.8650806, 34.3061311 ], [ 131.8603417, 34.3046208 ], [ 131.850721099999987, 34.3066125 ], [ 131.845186399999989, 34.3109753 ], [ 131.8413081, 34.3083808 ], [ 131.8340608, 34.3111558 ], [ 131.831436699999983, 34.3026153 ], [ 131.8234639, 34.3052869 ], [ 131.8194608, 34.3029722 ], [ 131.8165431, 34.3102389 ], [ 131.8130969, 34.3123772 ], [ 131.8063239, 34.3123772 ], [ 131.8024475, 34.3169939 ], [ 131.7964675, 34.3188786 ], [ 131.7961378, 34.3265628 ], [ 131.790569399999981, 34.3300697 ], [ 131.7880667, 34.3287572 ], [ 131.779894399999989, 34.3336661 ], [ 131.777562499999988, 34.3329264 ], [ 131.7746072, 34.3375197 ], [ 131.779494699999987, 34.3445617 ], [ 131.777964699999984, 34.3534156 ], [ 131.7709506, 34.3561861 ], [ 131.7606125, 34.3503789 ], [ 131.755971099999982, 34.3461992 ], [ 131.756673299999989, 34.3403461 ], [ 131.754288299999985, 34.3362381 ], [ 131.756668099999985, 34.3314394 ], [ 131.7456089, 34.3280778 ], [ 131.74607, 34.3180961 ], [ 131.743827499999981, 34.3140156 ], [ 131.745288099999982, 34.3102228 ], [ 131.7494544, 34.3057306 ], [ 131.7500747, 34.3011083 ], [ 131.74425, 34.2969411 ], [ 131.742045599999983, 34.2929283 ], [ 131.7436894, 34.2892378 ], [ 131.7528608, 34.2818564 ], [ 131.75763, 34.2747861 ], [ 131.7542197, 34.2712972 ], [ 131.7552119, 34.2670678 ], [ 131.7533736, 34.2629836 ], [ 131.7499392, 34.2607458 ], [ 131.7455894, 34.2606417 ], [ 131.741231699999986, 34.2557181 ], [ 131.7391864, 34.2477894 ], [ 131.7414106, 34.2448053 ], [ 131.7472364, 34.2336117 ], [ 131.7472114, 34.2282233 ], [ 131.751095599999985, 34.2245225 ], [ 131.751248299999986, 34.2133342 ], [ 131.7558833, 34.2089203 ], [ 131.7577839, 34.2041783 ], [ 131.7598308, 34.2038394 ], [ 131.7640108, 34.1946994 ], [ 131.758920599999982, 34.1896872 ], [ 131.753585, 34.1887186 ], [ 131.7459183, 34.1906797 ], [ 131.73832969999998, 34.1913103 ], [ 131.734346099999982, 34.1894975 ], [ 131.7355867, 34.1861025 ], [ 131.7321217, 34.1815492 ], [ 131.7330694, 34.1760711 ], [ 131.7380078, 34.176005599999989 ], [ 131.7394794, 34.1723472 ], [ 131.736647799999986, 34.1667575 ], [ 131.7277956, 34.1640686 ], [ 131.723765800000024, 34.1616783 ], [ 131.72274, 34.1583189 ], [ 131.7259431, 34.1499367 ], [ 131.7254111, 34.1411539 ], [ 131.7198914, 34.1365258 ], [ 131.71489219999998, 34.1364 ], [ 131.71340440000003, 34.1329142 ], [ 131.707769399999989, 34.1330817 ], [ 131.7069736, 34.135700799999988 ], [ 131.6985114, 34.1419492 ], [ 131.692548099999982, 34.1421311 ], [ 131.6861169, 34.1325972 ], [ 131.681117799999981, 34.1321403 ], [ 131.674395, 34.1350942 ], [ 131.6666081, 34.1342081 ], [ 131.6605806, 34.1366869 ], [ 131.653561699999983, 34.1367964 ], [ 131.6454847, 34.1342528 ], [ 131.64253309999998, 34.1215633 ], [ 131.6463994, 34.1138169 ], [ 131.643412499999982, 34.1068397 ], [ 131.6388361, 34.1053953 ], [ 131.639354699999984, 34.1020286 ], [ 131.643048099999987, 34.0947606 ], [ 131.6423939, 34.0894346 ], [ 131.637998899999985, 34.0890442 ], [ 131.6346536, 34.087093599999989 ], [ 131.6343411, 34.0819261 ], [ 131.635778099999982, 34.0773272 ], [ 131.6400447, 34.0778539 ], [ 131.6443164, 34.0742175 ], [ 131.646043099999986, 34.0756022 ], [ 131.650885, 34.0741275 ], [ 131.6551839, 34.0751506 ], [ 131.6626925, 34.0723567 ], [ 131.6616536, 34.0668878 ], [ 131.6620494, 34.0614025 ], [ 131.664258099999984, 34.0576972 ], [ 131.660248599999989, 34.0532056 ], [ 131.6687047, 34.0520839 ], [ 131.6735923, 34.0439999 ], [ 131.6763286, 34.0428867 ], [ 131.6779583, 34.0479058 ], [ 131.6786161, 34.0544464 ], [ 131.682925, 34.0519549 ], [ 131.688403599999987, 34.0525443 ], [ 131.6924342, 34.051015 ], [ 131.6883334, 34.0475756 ], [ 131.6979914, 34.0467139 ], [ 131.699921099999983, 34.0512272 ], [ 131.700279199999983, 34.0555608 ], [ 131.7051022, 34.0561564 ], [ 131.707185899999985, 34.0539931 ], [ 131.709680599999984, 34.0604586 ], [ 131.7174469, 34.0597542 ], [ 131.7201538, 34.0573396 ], [ 131.7292253, 34.0621563 ], [ 131.735038, 34.0609183 ], [ 131.7387593, 34.0614645 ], [ 131.741266699999983, 34.0656937 ], [ 131.751564299999984, 34.0655219 ], [ 131.7388741, 34.0552573 ], [ 131.740260799999987, 34.0540463 ], [ 131.73364, 34.0488781 ], [ 131.7372335, 34.0456886 ], [ 131.7405861, 34.0483056 ], [ 131.7424447, 34.052426 ], [ 131.7469736, 34.0479321 ], [ 131.750015800000028, 34.0470708 ], [ 131.7580384, 34.0486022 ], [ 131.7605542, 34.0525917 ], [ 131.7595837, 34.05644 ], [ 131.763346900000016, 34.0563419 ], [ 131.765210599999989, 34.0536333 ], [ 131.7800269, 34.0535102 ], [ 131.7821535, 34.0547727 ], [ 131.791720699999985, 34.0538861 ], [ 131.7936043, 34.0493954 ], [ 131.798491899999988, 34.0516248 ], [ 131.8008055, 34.0484727 ], [ 131.793928, 34.0466993 ], [ 131.7893583, 34.0424266 ], [ 131.7861366, 34.0344407 ], [ 131.7810954, 34.0275113 ], [ 131.788466799999981, 34.0246836 ], [ 131.787875899999989, 34.0284434 ], [ 131.7959966, 34.0363186 ], [ 131.796420899999987, 34.0398534 ], [ 131.8023402, 34.0432319 ], [ 131.804420199999981, 34.0429597 ], [ 131.8184592, 34.0353767 ], [ 131.8211854, 34.0309615 ], [ 131.8214424, 34.0277286 ], [ 131.8260424, 34.0282276 ], [ 131.8267635, 34.0235383 ], [ 131.8195256, 34.0239529 ], [ 131.8147529, 34.0227255 ], [ 131.8160685, 34.0190524 ], [ 131.811913299999986, 34.0158778 ], [ 131.8072723, 34.0171271 ], [ 131.804418199999986, 34.016135 ], [ 131.7996279, 34.009656 ], [ 131.794368, 34.0062607 ], [ 131.7888951, 33.9995887 ], [ 131.7827369, 33.9952399 ], [ 131.7829897, 33.9930217 ], [ 131.787378499999988, 33.9876747 ], [ 131.782116299999984, 33.9852393 ], [ 131.7767393, 33.9851628 ], [ 131.770474799999988, 33.9807395 ], [ 131.772022199999981, 33.9777637 ], [ 131.7772496, 33.9777874 ], [ 131.7793614, 33.9759167 ], [ 131.789378199999987, 33.9736284 ], [ 131.7933531, 33.9766594 ], [ 131.7983543, 33.9772233 ], [ 131.801445299999983, 33.9758636 ], [ 131.8044347, 33.9710922 ], [ 131.810216, 33.9677657 ], [ 131.8167111, 33.9695724 ], [ 131.8218793, 33.9759256 ], [ 131.817380899999989, 33.976235699999989 ], [ 131.8161044, 33.9822489 ], [ 131.807932, 33.9842257 ], [ 131.8044418, 33.9808642 ], [ 131.798588599999988, 33.982163799999988 ], [ 131.7946863, 33.987736 ], [ 131.8038451, 33.9884155 ], [ 131.8184593, 33.9930957 ], [ 131.826236, 34.0020239 ], [ 131.8328123, 34.0056287 ], [ 131.8302674, 34.0091184 ], [ 131.831743499999988, 34.0113716 ], [ 131.837724, 34.0094335 ], [ 131.841608799999989, 34.0102527 ], [ 131.8512571, 34.0090958 ], [ 131.8593979, 34.0066541 ], [ 131.8567573, 34.0017524 ], [ 131.8592095, 34.0008068 ], [ 131.862448699999987, 34.0045821 ], [ 131.864600700000011, 33.9999654 ], [ 131.8686563, 33.9982773 ], [ 131.8681613, 33.9923457 ], [ 131.8649436, 33.9893149 ], [ 131.8751647, 33.9904543 ], [ 131.8751533, 33.9882065 ], [ 131.8826544, 33.9810903 ], [ 131.891592799999984, 33.9784367 ], [ 131.8979639, 33.9771718 ], [ 131.904758900000019, 33.972859 ], [ 131.9110603, 33.9714906 ], [ 131.918593099999981, 33.9668211 ], [ 131.924496, 33.9593194 ], [ 131.927414199999987, 33.9572316 ], [ 131.9289422, 33.951529799999989 ], [ 131.936370399999987, 33.9472191 ], [ 131.944597099999982, 33.9468779 ], [ 131.9480558, 33.9499989 ], [ 131.956998500000026, 33.9495579 ], [ 131.9625936, 33.9451225 ], [ 131.966810399999986, 33.9386232 ], [ 131.9690219, 33.9327707 ], [ 131.9686926, 33.9288522 ], [ 131.963046099999985, 33.9281692 ], [ 131.9628842, 33.9212164 ], [ 131.964848499999988, 33.9188498 ], [ 131.9723859, 33.9168237 ], [ 131.969515799999982, 33.9217653 ], [ 131.9701057, 33.9239152 ], [ 131.974657, 33.9285704 ], [ 131.9801909, 33.9298485 ], [ 131.987292599999989, 33.925698 ], [ 131.999541199999982, 33.9153729 ], [ 132.002830499999988, 33.9152827 ], [ 132.0077402, 33.9104718 ], [ 132.016022599999985, 33.9070703 ], [ 132.019429100000025, 33.9066231 ], [ 132.0251264, 33.9017364 ], [ 132.0255689, 33.9084217 ], [ 132.02722559999998, 33.9128219 ], [ 132.0160031, 33.9146186 ], [ 132.01184139999998, 33.9218067 ], [ 132.0025475, 33.9259878 ], [ 132.00299720000001, 33.9292381 ], [ 131.9984503, 33.9329431 ], [ 131.9945611, 33.9320358 ], [ 131.992390799999981, 33.9354525 ], [ 131.984029199999981, 33.9407928 ], [ 131.983089399999983, 33.9460733 ], [ 131.9808497, 33.9474244 ], [ 131.980035, 33.9512756 ], [ 131.983772499999986, 33.9581103 ], [ 131.9941278, 33.9596397 ], [ 131.997724399999981, 33.9643558 ], [ 131.996927199999988, 33.968175 ], [ 132.00017, 33.9708333 ], [ 132.004599399999989, 33.9711419 ], [ 132.0120389, 33.97632 ], [ 132.0083583, 33.9778519 ], [ 132.01310669999998, 33.9811131 ], [ 132.0125722, 33.9829353 ], [ 132.0219756, 33.9878156 ], [ 132.0248794, 33.9864303 ], [ 132.0324264, 33.9860556 ], [ 132.0357022, 33.9834819 ], [ 132.050512199999986, 33.9851908 ], [ 132.051045, 33.9872892 ], [ 132.055489199999982, 33.9897131 ], [ 132.0630931, 33.9899022 ], [ 132.0641536, 33.9967989 ], [ 132.059768599999984, 33.9991506 ], [ 132.0564408, 33.9992997 ], [ 132.053277799999989, 34.0018828 ], [ 132.0537942, 34.0063106 ], [ 132.057625, 34.0085894 ], [ 132.057721099999981, 34.0114108 ], [ 132.0536864, 34.0120417 ], [ 132.051131699999985, 34.013417499999989 ], [ 132.041771400000016, 34.0136019 ], [ 132.0375894, 34.0108925 ], [ 132.031284699999986, 34.0138592 ], [ 132.0270897, 34.0144458 ], [ 132.027071399999983, 34.0171636 ], [ 132.0243372, 34.0237633 ], [ 132.0222775, 34.02551 ] ] ], [ [ [ 131.7662705, 33.9800431 ], [ 131.7649535, 33.9820915 ], [ 131.759920599999987, 33.9835045 ], [ 131.758756, 33.9808832 ], [ 131.7606611, 33.9768231 ], [ 131.763658099999986, 33.9756307 ], [ 131.7662705, 33.9800431 ] ] ], [ [ [ 131.7135499, 34.028022899999989 ], [ 131.7154094, 34.0311189 ], [ 131.7091475, 34.0351767 ], [ 131.7064044, 34.0332147 ], [ 131.7043909, 34.027306 ], [ 131.7038139, 34.0183136 ], [ 131.70533469999998, 34.0146133 ], [ 131.705005600000021, 34.0080307 ], [ 131.697085, 34.009445 ], [ 131.691440699999987, 34.008047 ], [ 131.695069599999982, 34.0039342 ], [ 131.7018722, 34.0035156 ], [ 131.706347199999982, 33.9977278 ], [ 131.709025699999984, 33.9978577 ], [ 131.711816299999981, 33.9915181 ], [ 131.715119, 33.989495 ], [ 131.719685, 33.9892567 ], [ 131.7180213, 33.9821071 ], [ 131.7186946, 33.9796407 ], [ 131.7240338, 33.9814689 ], [ 131.7279513, 33.9807127 ], [ 131.7328306, 33.9826311 ], [ 131.7291228, 33.9874811 ], [ 131.719921, 33.9904137 ], [ 131.7173405, 33.9956554 ], [ 131.710877499999981, 34.0003558 ], [ 131.710925, 34.0082597 ], [ 131.713337199999984, 34.0133531 ], [ 131.710495899999984, 34.0156763 ], [ 131.713345799999985, 34.0203492 ], [ 131.709432199999981, 34.0219269 ], [ 131.709406799999982, 34.0254012 ], [ 131.7135499, 34.028022899999989 ] ] ], [ [ [ 131.76894919999998, 34.0411022 ], [ 131.7802197, 34.0485272 ], [ 131.772977199999985, 34.050319699999989 ], [ 131.7685, 34.0465861 ], [ 131.76274, 34.0480842 ], [ 131.757076899999987, 34.0406278 ], [ 131.752827199999984, 34.0327267 ], [ 131.7490536, 34.0365989 ], [ 131.7405, 34.0378069 ], [ 131.7331867, 34.0375458 ], [ 131.727639399999987, 34.0337081 ], [ 131.7263539, 34.0283922 ], [ 131.7287139, 34.0226411 ], [ 131.731271099999987, 34.0211794 ], [ 131.738259699999986, 34.0204425 ], [ 131.7455711, 34.0230633 ], [ 131.7515728, 34.0280181 ], [ 131.760087699999985, 34.0338545 ], [ 131.762971099999987, 34.0381244 ], [ 131.76894919999998, 34.0411022 ] ] ] ] } },
{ "type": "Feature", "properties": { "hokenjo": "長門環境" }, "geometry": { "type": "MultiPolygon", "coordinates": [ [ [ [ 131.17246609999998, 34.2640672 ], [ 131.1761742, 34.2664897 ], [ 131.178581899999983, 34.2704894 ], [ 131.1795325, 34.2753319 ], [ 131.1823928, 34.2809139 ], [ 131.1854703, 34.2828142 ], [ 131.1902608, 34.2828047 ], [ 131.20421, 34.2853969 ], [ 131.210492499999987, 34.2808381 ], [ 131.2168183, 34.2833783 ], [ 131.21816579999998, 34.2812889 ], [ 131.2230514, 34.2846086 ], [ 131.2265567, 34.2852975 ], [ 131.2300392, 34.2894389 ], [ 131.2322781, 34.2942925 ], [ 131.2398689, 34.2976522 ], [ 131.2435692, 34.3005756 ], [ 131.2445372, 34.3078711 ], [ 131.2512969, 34.3163389 ], [ 131.2567417, 34.3155242 ], [ 131.2582506, 34.3198158 ], [ 131.2631944, 34.3242378 ], [ 131.264837799999981, 34.3278303 ], [ 131.2677644, 34.3263644 ], [ 131.274921399999982, 34.3308581 ], [ 131.2771233, 34.3351453 ], [ 131.2834383, 34.3367289 ], [ 131.2871806, 34.3345669 ], [ 131.2876158, 34.3321183 ], [ 131.2930256, 34.3288708 ], [ 131.295814399999983, 34.321815 ], [ 131.3027894, 34.3121189 ], [ 131.3068336, 34.3105847 ], [ 131.3114597, 34.3134222 ], [ 131.31218579999998, 34.3188114 ], [ 131.3153103, 34.3192558 ], [ 131.3153994, 34.3230553 ], [ 131.3224214, 34.3222517 ], [ 131.3270967, 34.3246453 ], [ 131.3304058, 34.3213717 ], [ 131.3344883, 34.3211239 ], [ 131.3420017, 34.3184828 ], [ 131.3432608, 34.3261111 ], [ 131.3458286, 34.329765 ], [ 131.3436831, 34.3412061 ], [ 131.345488599999982, 34.3431736 ], [ 131.347299199999981, 34.3540081 ], [ 131.3412342, 34.3596103 ], [ 131.3281536, 34.3600744 ], [ 131.31656719999998, 34.3699147 ], [ 131.3145217, 34.3675886 ], [ 131.305691699999983, 34.3648878 ], [ 131.303671399999985, 34.3622625 ], [ 131.2968989, 34.3651311 ], [ 131.2941667, 34.3687025 ], [ 131.2953856, 34.3721153 ], [ 131.2931367, 34.3803012 ], [ 131.2911289, 34.3844249 ], [ 131.287172, 34.3848777 ], [ 131.2805597, 34.3835817 ], [ 131.2786313, 34.3850733 ], [ 131.2788176, 34.3893252 ], [ 131.2719262, 34.3901035 ], [ 131.269930499999987, 34.3877061 ], [ 131.262004499999989, 34.3841603 ], [ 131.2565129, 34.384330299999988 ], [ 131.248202599999985, 34.3815401 ], [ 131.246592099999987, 34.3840764 ], [ 131.242496599999981, 34.3842393 ], [ 131.241154699999981, 34.3863201 ], [ 131.233783, 34.3909111 ], [ 131.2301042, 34.3885707 ], [ 131.2247433, 34.3921379 ], [ 131.222464799999983, 34.385398 ], [ 131.2237046, 34.3789351 ], [ 131.2153274, 34.3708325 ], [ 131.207663699999983, 34.3728444 ], [ 131.205115299999989, 34.3748739 ], [ 131.20756, 34.3824794 ], [ 131.2039804, 34.3853197 ], [ 131.1997541, 34.3975375 ], [ 131.197052499999984, 34.396286499999988 ], [ 131.194611899999984, 34.3889664 ], [ 131.1880147, 34.3805984 ], [ 131.169067, 34.3728954 ], [ 131.1655452, 34.372144 ], [ 131.1537076, 34.3731047 ], [ 131.148318499999988, 34.3806161 ], [ 131.1434452, 34.3805789 ], [ 131.142907399999984, 34.384368 ], [ 131.1384859, 34.3892873 ], [ 131.137235, 34.3927287 ], [ 131.1393816, 34.3956344 ], [ 131.1396269, 34.3992846 ], [ 131.1356939, 34.4069944 ], [ 131.128904799999987, 34.412632 ], [ 131.1260499, 34.4112789 ], [ 131.118033699999984, 34.4112722 ], [ 131.1118251, 34.4094799 ], [ 131.1087996, 34.4136697 ], [ 131.1008608, 34.4173454 ], [ 131.1004221, 34.418677699999989 ], [ 131.092906299999981, 34.4207161 ], [ 131.090866399999982, 34.4192547 ], [ 131.0779565, 34.4220481 ], [ 131.0743807, 34.424578 ], [ 131.0687854, 34.4218033 ], [ 131.06437889999998, 34.4208277 ], [ 131.057751699999983, 34.4154548 ], [ 131.051247599999982, 34.4145815 ], [ 131.0489883, 34.4117317 ], [ 131.0433284, 34.4103029 ], [ 131.0378523, 34.4122508 ], [ 131.0332012, 34.410249 ], [ 131.0254646, 34.4114924 ], [ 131.0199906, 34.4109931 ], [ 131.009756100000033, 34.4132267 ], [ 131.0049754, 34.4149807 ], [ 131.0030631, 34.4218539 ], [ 131.0032752, 34.4278184 ], [ 130.9999292, 34.429931 ], [ 130.9865043, 34.434779399999989 ], [ 130.9803943, 34.4354456 ], [ 130.974263400000012, 34.4400512 ], [ 130.972852599999982, 34.437977 ], [ 130.9733204, 34.432043 ], [ 130.970185099999981, 34.4283213 ], [ 130.9611296, 34.4276403 ], [ 130.9571416, 34.4200303 ], [ 130.9594574, 34.4140469 ], [ 130.9587775, 34.4118151 ], [ 130.9540586, 34.4074691 ], [ 130.9461225, 34.4032458 ], [ 130.9395728, 34.4043588 ], [ 130.9363899, 34.3945736 ], [ 130.9401929, 34.3893995 ], [ 130.947256399999986, 34.3873441 ], [ 130.9552232, 34.3890591 ], [ 130.9544669, 34.3939961 ], [ 130.956561599999986, 34.3968588 ], [ 130.95039509999998, 34.4003689 ], [ 130.9518673, 34.4053269 ], [ 130.9585471, 34.4079297 ], [ 130.9658748, 34.405355299999989 ], [ 130.9722592, 34.4053382 ], [ 130.9799879, 34.3994797 ], [ 130.982996500000013, 34.4005416 ], [ 130.9904431, 34.3991548 ], [ 131.0018368, 34.3986285 ], [ 131.010714399999983, 34.4018285 ], [ 131.0122888, 34.4046759 ], [ 131.016679899999986, 34.4047569 ], [ 131.016496099999983, 34.4013371 ], [ 131.019723299999981, 34.3969666 ], [ 131.0210113, 34.3910958 ], [ 131.0249431, 34.391437 ], [ 131.0290288, 34.3893852 ], [ 131.036541799999981, 34.378868 ], [ 131.0338175, 34.3703846 ], [ 131.025036699999987, 34.3720263 ], [ 131.0211179, 34.3747961 ], [ 131.0149576, 34.372475 ], [ 131.0122294, 34.3734032 ], [ 131.005551199999985, 34.3704816 ], [ 131.0008616, 34.374037799999989 ], [ 130.994748099999981, 34.3719844 ], [ 130.9925269, 34.3681607 ], [ 130.986906399999981, 34.3679487 ], [ 130.9804302, 34.3634747 ], [ 130.981671399999982, 34.3618444 ], [ 130.990641400000015, 34.3582667 ], [ 130.9974508, 34.3525047 ], [ 131.0010397, 34.3525997 ], [ 131.0028006, 34.3455061 ], [ 131.010462499999988, 34.3424344 ], [ 131.013518299999987, 34.3401069 ], [ 131.0148556, 34.3358136 ], [ 131.0198586, 34.3312556 ], [ 131.0203478, 34.3254231 ], [ 131.032647199999985, 34.3217683 ], [ 131.0350378, 34.3167142 ], [ 131.035524399999986, 34.3115564 ], [ 131.0404767, 34.3101114 ], [ 131.0429758, 34.3109092 ], [ 131.049799399999984, 34.3061586 ], [ 131.058485599999983, 34.3036339 ], [ 131.058402199999989, 34.3003017 ], [ 131.067387199999985, 34.2918944 ], [ 131.074375299999986, 34.2932725 ], [ 131.0773053, 34.2891814 ], [ 131.083575599999989, 34.2841561 ], [ 131.085611699999987, 34.2785428 ], [ 131.0842247, 34.2735558 ], [ 131.087120299999981, 34.2673719 ], [ 131.0940503, 34.2666228 ], [ 131.097714699999983, 34.2630408 ], [ 131.1022983, 34.2619167 ], [ 131.1046725, 34.2648089 ], [ 131.1080167, 34.2653047 ], [ 131.113124199999987, 34.26385 ], [ 131.1170525, 34.2657719 ], [ 131.122410799999983, 34.2652917 ], [ 131.124862799999988, 34.2670883 ], [ 131.129132800000036, 34.2671589 ], [ 131.1344336, 34.2701006 ], [ 131.142416699999984, 34.2718378 ], [ 131.1445914, 34.2697583 ], [ 131.1513167, 34.2696172 ], [ 131.1548422, 34.2711372 ], [ 131.1590792, 34.2687117 ], [ 131.16150829999998, 34.2629733 ], [ 131.1658194, 34.2620725 ], [ 131.17246609999998, 34.2640672 ] ] ], [ [ [ 131.2701696, 34.4144565 ], [ 131.2676188, 34.4184528 ], [ 131.266058, 34.414866 ], [ 131.268243899999987, 34.4100719 ], [ 131.273795299999989, 34.4117388 ], [ 131.2701696, 34.4144565 ] ] ], [ [ [ 131.2481479, 34.4360777 ], [ 131.2462597, 34.438299 ], [ 131.2397449, 34.4366488 ], [ 131.2351311, 34.4321709 ], [ 131.228896099999986, 34.4316325 ], [ 131.2208283, 34.4287566 ], [ 131.2174019, 34.4256517 ], [ 131.2001587, 34.4255976 ], [ 131.1955437, 34.428585 ], [ 131.1928921, 34.4242099 ], [ 131.1860446, 34.4234118 ], [ 131.1815101, 34.4246662 ], [ 131.180774, 34.4278206 ], [ 131.1708619, 34.4258866 ], [ 131.173244899999986, 34.4177199 ], [ 131.1728125, 34.4083764 ], [ 131.1816265, 34.4049 ], [ 131.1872476, 34.4015454 ], [ 131.1885852, 34.3986774 ], [ 131.196449299999983, 34.3980457 ], [ 131.206704799999983, 34.400750699999989 ], [ 131.2130866, 34.4037115 ], [ 131.2105865, 34.4081014 ], [ 131.2073311, 34.4107978 ], [ 131.2118073, 34.4158429 ], [ 131.222348399999987, 34.4240496 ], [ 131.224388, 34.4227618 ], [ 131.2237465, 34.4179269 ], [ 131.2270043, 34.4173967 ], [ 131.2331642, 34.4232788 ], [ 131.2390239, 34.4237277 ], [ 131.2426582, 34.4221149 ], [ 131.2470831, 34.4254928 ], [ 131.2550871, 34.4216776 ], [ 131.251501099999984, 34.4194872 ], [ 131.2556928, 34.417165 ], [ 131.2583797, 34.4191451 ], [ 131.256689199999983, 34.4218603 ], [ 131.2613323, 34.4264341 ], [ 131.2602358, 34.430652 ], [ 131.2549636, 34.4322415 ], [ 131.254323699999986, 34.4365472 ], [ 131.2481479, 34.4360777 ] ] ] ] } },
{ "type": "Feature", "properties": { "hokenjo": "萩環境" }, "geometry": { "type": "MultiPolygon", "coordinates": [ [ [ [ 131.317048799999981, 34.4278553 ], [ 131.322264599999983, 34.4276812 ], [ 131.318992899999984, 34.4328594 ], [ 131.317048799999981, 34.4278553 ] ] ], [ [ [ 131.3458286, 34.329765 ], [ 131.3432608, 34.3261111 ], [ 131.3420017, 34.3184828 ], [ 131.336131099999989, 34.3093925 ], [ 131.3438033, 34.3059011 ], [ 131.348111099999983, 34.3019522 ], [ 131.353544700000015, 34.3041703 ], [ 131.3565333, 34.3026144 ], [ 131.3614397, 34.3068456 ], [ 131.3662381, 34.3071706 ], [ 131.3680178, 34.3103925 ], [ 131.3721897, 34.3094011 ], [ 131.373784699999987, 34.3041 ], [ 131.376803099999989, 34.2998014 ], [ 131.3798758, 34.2982272 ], [ 131.3815281, 34.2929736 ], [ 131.3803447, 34.2870717 ], [ 131.381286099999983, 34.2804553 ], [ 131.3860531, 34.2781628 ], [ 131.3892792, 34.2690503 ], [ 131.394223899999986, 34.2658486 ], [ 131.4015814, 34.2685842 ], [ 131.4024244, 34.2633158 ], [ 131.4052764, 34.2583661 ], [ 131.400047799999982, 34.2519369 ], [ 131.4024444, 34.2465536 ], [ 131.403582199999988, 34.2408514 ], [ 131.399785, 34.2353711 ], [ 131.4006675, 34.2251144 ], [ 131.3971689, 34.2175972 ], [ 131.408062799999982, 34.2125519 ], [ 131.409616699999987, 34.2110344 ], [ 131.415594199999987, 34.2104603 ], [ 131.42106, 34.2175794 ], [ 131.4240394, 34.2194136 ], [ 131.4270708, 34.2176264 ], [ 131.4308322, 34.2192131 ], [ 131.432896699999986, 34.2222814 ], [ 131.446432499999986, 34.2222708 ], [ 131.4495331, 34.2241672 ], [ 131.4559831, 34.2314933 ], [ 131.4613153, 34.2311817 ], [ 131.463801099999984, 34.2379314 ], [ 131.475243899999981, 34.2415808 ], [ 131.4815092, 34.2448156 ], [ 131.4857925, 34.2434792 ], [ 131.4883817, 34.2401761 ], [ 131.4928964, 34.2416881 ], [ 131.499175799999989, 34.2404053 ], [ 131.502385799999985, 34.2432875 ], [ 131.500473299999982, 34.2479197 ], [ 131.5069878, 34.2510378 ], [ 131.506943299999989, 34.2546458 ], [ 131.5039756, 34.258486399999988 ], [ 131.5106247, 34.2662319 ], [ 131.5106644, 34.2690281 ], [ 131.516268599999989, 34.2735869 ], [ 131.5138658, 34.2778153 ], [ 131.519755, 34.2797675 ], [ 131.523757499999988, 34.2793003 ], [ 131.5264186, 34.2817828 ], [ 131.5214986, 34.2878122 ], [ 131.526355599999988, 34.2915075 ], [ 131.5336139, 34.2954419 ], [ 131.5329786, 34.2992317 ], [ 131.5380131, 34.300545299999989 ], [ 131.5407578, 34.3046319 ], [ 131.5443675, 34.301205 ], [ 131.5494253, 34.2989817 ], [ 131.5526628, 34.3033111 ], [ 131.552346699999987, 34.3060764 ], [ 131.5578931, 34.3080572 ], [ 131.560105599999986, 34.3175831 ], [ 131.5665047, 34.3260133 ], [ 131.566015, 34.3290667 ], [ 131.561028099999987, 34.3309103 ], [ 131.558111699999984, 34.3356114 ], [ 131.561237799999986, 34.3411119 ], [ 131.560353599999985, 34.3463408 ], [ 131.5534558, 34.3618386 ], [ 131.5505886, 34.3616139 ], [ 131.5389872, 34.3654661 ], [ 131.5340364, 34.3690214 ], [ 131.5332814, 34.3776931 ], [ 131.5415419, 34.3856664 ], [ 131.5467569, 34.3874242 ], [ 131.5464883, 34.394149399999989 ], [ 131.540322799999984, 34.3970456 ], [ 131.5383353, 34.4003856 ], [ 131.5373514, 34.4096036 ], [ 131.542196099999984, 34.4135689 ], [ 131.542827499999987, 34.4090492 ], [ 131.5465767, 34.4099033 ], [ 131.551367199999987, 34.4084897 ], [ 131.5625231, 34.4124239 ], [ 131.5653978, 34.4116711 ], [ 131.5693292, 34.4133756 ], [ 131.5763811, 34.4078131 ], [ 131.5870625, 34.4072519 ], [ 131.592010599999981, 34.4102611 ], [ 131.6020344, 34.4076714 ], [ 131.606681399999985, 34.4098286 ], [ 131.6059353, 34.4161092 ], [ 131.6090969, 34.4212733 ], [ 131.6132647, 34.4250233 ], [ 131.6172781, 34.4320953 ], [ 131.620724199999984, 34.4318761 ], [ 131.623705, 34.4373614 ], [ 131.6263017, 34.4383106 ], [ 131.627527499999985, 34.4434497 ], [ 131.6336392, 34.4443519 ], [ 131.6347231, 34.4467933 ], [ 131.63440749999998, 34.4552536 ], [ 131.6404944, 34.4597567 ], [ 131.6380747, 34.4625331 ], [ 131.6391494, 34.4652181 ], [ 131.6462392, 34.4662839 ], [ 131.649955799999987, 34.4698678 ], [ 131.6493586, 34.4763978 ], [ 131.6528792, 34.4795158 ], [ 131.6495586, 34.4818722 ], [ 131.645939699999985, 34.4869414 ], [ 131.650634699999983, 34.4905731 ], [ 131.646279199999981, 34.4990039 ], [ 131.6537711, 34.5000325 ], [ 131.65751419999998, 34.5045075 ], [ 131.665525299999985, 34.5023739 ], [ 131.667969699999986, 34.5040953 ], [ 131.6692683, 34.5106542 ], [ 131.672577499999989, 34.5106517 ], [ 131.6784786, 34.5168417 ], [ 131.6877175, 34.5212856 ], [ 131.6953019, 34.5237914 ], [ 131.701415, 34.530610599999989 ], [ 131.7067381, 34.533075599999989 ], [ 131.7012125, 34.5387336 ], [ 131.7051081, 34.5420533 ], [ 131.7031422, 34.5504669 ], [ 131.700925, 34.5510108 ], [ 131.7053886, 34.5596125 ], [ 131.7060203, 34.56339 ], [ 131.7131953, 34.5628097 ], [ 131.7141436, 34.5658267 ], [ 131.72, 34.5723883 ], [ 131.7244197, 34.5719917 ], [ 131.727343099999985, 34.5761494 ], [ 131.725175, 34.5804953 ], [ 131.7208392, 34.5820161 ], [ 131.7204664, 34.5893717 ], [ 131.718989199999982, 34.5968156 ], [ 131.719840799999986, 34.6006797 ], [ 131.7169178, 34.6059903 ], [ 131.7184136, 34.6134033 ], [ 131.7066539, 34.6128964 ], [ 131.699935, 34.6162331 ], [ 131.6948186, 34.6206786 ], [ 131.69615109999998, 34.6228614 ], [ 131.6942306, 34.6277331 ], [ 131.6982686, 34.6317814 ], [ 131.6970672, 34.6418853 ], [ 131.698863099999983, 34.6488617 ], [ 131.69511110000002, 34.6486217 ], [ 131.6965017, 34.6527975 ], [ 131.6952378, 34.6559733 ], [ 131.6887628, 34.6568133 ], [ 131.6898814, 34.663085 ], [ 131.68444359999998, 34.6671558 ], [ 131.6888448, 34.6733457 ], [ 131.6891956, 34.6776004 ], [ 131.6856961, 34.6777781 ], [ 131.6847144, 34.6747928 ], [ 131.6794619, 34.6750578 ], [ 131.672900299999981, 34.6732878 ], [ 131.6728664, 34.6765417 ], [ 131.6677503, 34.6756067 ], [ 131.6681764, 34.6715569 ], [ 131.6708564, 34.6677119 ], [ 131.6715589, 34.6641094 ], [ 131.670252799999986, 34.6596858 ], [ 131.666075, 34.6600939 ], [ 131.6649261, 34.6565458 ], [ 131.6612558, 34.6547208 ], [ 131.658563099999981, 34.6563261 ], [ 131.654394199999984, 34.6534928 ], [ 131.648657499999985, 34.6533914 ], [ 131.644278899999989, 34.649235 ], [ 131.649604399999987, 34.6471347 ], [ 131.647637799999984, 34.6424897 ], [ 131.6382577, 34.6468241 ], [ 131.6433386, 34.6562242 ], [ 131.6396364, 34.6615539 ], [ 131.6346083, 34.6644747 ], [ 131.630726700000025, 34.6631736 ], [ 131.6289697, 34.6653586 ], [ 131.622901899999988, 34.6648067 ], [ 131.620686399999983, 34.6634117 ], [ 131.612259699999981, 34.6660806 ], [ 131.6103981, 34.6636564 ], [ 131.601988899999981, 34.6602694 ], [ 131.597146100000032, 34.6527625 ], [ 131.597778299999987, 34.6497469 ], [ 131.5957903, 34.6462264 ], [ 131.591661099999982, 34.6458706 ], [ 131.590869699999985, 34.6426133 ], [ 131.5937428, 34.6412486 ], [ 131.5941939, 34.6379969 ], [ 131.5924881, 34.6345983 ], [ 131.5898075, 34.6340547 ], [ 131.5911472, 34.6291311 ], [ 131.5951244, 34.6311964 ], [ 131.601199399999985, 34.6311561 ], [ 131.602486700000014, 34.6277861 ], [ 131.600365, 34.6255672 ], [ 131.6030447, 34.6230033 ], [ 131.598195799999985, 34.6215856 ], [ 131.5952986, 34.6226142 ], [ 131.5909983, 34.6215244 ], [ 131.589249199999983, 34.6191542 ], [ 131.5853208, 34.6207347 ], [ 131.58779389999998, 34.6235431 ], [ 131.579471399999989, 34.6255897 ], [ 131.5800308, 34.6202831 ], [ 131.572181699999987, 34.6222722 ], [ 131.5690167, 34.6218964 ], [ 131.5615014, 34.6184358 ], [ 131.5580903, 34.6141708 ], [ 131.5548322, 34.6074875 ], [ 131.557777499999986, 34.6032219 ], [ 131.5572589, 34.5994644 ], [ 131.5536397, 34.5968581 ], [ 131.5509519, 34.5929675 ], [ 131.5559903, 34.5882686 ], [ 131.553825300000028, 34.5840356 ], [ 131.5547803, 34.5798606 ], [ 131.5493783, 34.5731411 ], [ 131.5413383, 34.5691808 ], [ 131.538997199999983, 34.563005 ], [ 131.533394200000032, 34.5594233 ], [ 131.5298736, 34.5600475 ], [ 131.5203497, 34.5539992 ], [ 131.515490799999981, 34.5526242 ], [ 131.514508899999981, 34.5485108 ], [ 131.5070533, 34.5414869 ], [ 131.504047499999984, 34.5339347 ], [ 131.498702800000018, 34.5316934 ], [ 131.4927118, 34.5313642 ], [ 131.489097099999981, 34.5334842 ], [ 131.4808511, 34.531569 ], [ 131.477733799999982, 34.5339041 ], [ 131.4703723, 34.5332638 ], [ 131.466825799999981, 34.5383897 ], [ 131.4645778, 34.532171399999989 ], [ 131.4579081, 34.5260811 ], [ 131.455435599999987, 34.5255209 ], [ 131.4558404, 34.5204199 ], [ 131.4517217, 34.5161377 ], [ 131.454740099999981, 34.5123218 ], [ 131.4524643, 34.5082348 ], [ 131.458080199999984, 34.5074316 ], [ 131.4584419, 34.5025562 ], [ 131.4610074, 34.5003183 ], [ 131.466008599999981, 34.5006122 ], [ 131.467266, 34.4975783 ], [ 131.463409499999983, 34.4908629 ], [ 131.4618773, 34.4858503 ], [ 131.455281, 34.4806258 ], [ 131.453386699999982, 34.4801896 ], [ 131.447734700000012, 34.4849367 ], [ 131.4406294, 34.4831591 ], [ 131.4462507, 34.4764983 ], [ 131.441680099999985, 34.4712406 ], [ 131.4373659, 34.4705651 ], [ 131.4347898, 34.4659955 ], [ 131.428627, 34.4608981 ], [ 131.4242365, 34.4538951 ], [ 131.417567, 34.4522054 ], [ 131.415026399999988, 34.4487606 ], [ 131.407102399999985, 34.4526149 ], [ 131.404597599999988, 34.4570809 ], [ 131.401082799999983, 34.459556 ], [ 131.397427, 34.4588102 ], [ 131.394389499999988, 34.4535038 ], [ 131.3962742, 34.4484355 ], [ 131.4037605, 34.4449415 ], [ 131.408962799999983, 34.4474999 ], [ 131.414253, 34.4462635 ], [ 131.421593699999988, 34.4392924 ], [ 131.414291099999986, 34.434060099999989 ], [ 131.4092838, 34.4330013 ], [ 131.4118733, 34.4299339 ], [ 131.4120584, 34.4264989 ], [ 131.4035089, 34.4287483 ], [ 131.4007827, 34.4280307 ], [ 131.399192699999986, 34.4229039 ], [ 131.3966522, 34.4200461 ], [ 131.3913532, 34.4172768 ], [ 131.387008399999985, 34.4167059 ], [ 131.3841663, 34.4222424 ], [ 131.379120799999981, 34.4220535 ], [ 131.378857399999987, 34.4180951 ], [ 131.376001299999984, 34.415394 ], [ 131.368656099999981, 34.4143497 ], [ 131.3616399, 34.4111048 ], [ 131.352618, 34.411192299999989 ], [ 131.348405499999984, 34.417122 ], [ 131.343954, 34.4152182 ], [ 131.3368142, 34.4162862 ], [ 131.3317202, 34.4131113 ], [ 131.327823199999983, 34.405955 ], [ 131.329214399999984, 34.4007546 ], [ 131.328223, 34.3967563 ], [ 131.3252263, 34.3926453 ], [ 131.3206667, 34.3905579 ], [ 131.31712109999998, 34.391163 ], [ 131.3119125, 34.3867699 ], [ 131.307327099999981, 34.3872158 ], [ 131.307270099999982, 34.3837841 ], [ 131.3046957, 34.3824074 ], [ 131.298744299999981, 34.3824472 ], [ 131.296740100000022, 34.3838507 ], [ 131.2931367, 34.3803012 ], [ 131.2953856, 34.3721153 ], [ 131.2941667, 34.3687025 ], [ 131.2968989, 34.3651311 ], [ 131.303671399999985, 34.3622625 ], [ 131.305691699999983, 34.3648878 ], [ 131.3145217, 34.3675886 ], [ 131.31656719999998, 34.3699147 ], [ 131.3281536, 34.3600744 ], [ 131.3412342, 34.3596103 ], [ 131.347299199999981, 34.3540081 ], [ 131.345488599999982, 34.3431736 ], [ 131.3436831, 34.3412061 ], [ 131.3458286, 34.329765 ] ] ], [ [ [ 131.376906, 34.4617506 ], [ 131.380226099999987, 34.4639766 ], [ 131.3758889, 34.4667432 ], [ 131.373832099999987, 34.4644618 ], [ 131.376906, 34.4617506 ] ] ], [ [ [ 131.375757599999986, 34.4821661 ], [ 131.3794542, 34.4820705 ], [ 131.3820259, 34.4851686 ], [ 131.380665100000016, 34.4878511 ], [ 131.377189099999981, 34.4861127 ], [ 131.375757599999986, 34.4821661 ] ] ], [ [ [ 131.3410638, 34.4980918 ], [ 131.345034200000015, 34.4985006 ], [ 131.346287, 34.5021001 ], [ 131.3436888, 34.5036711 ], [ 131.3394796, 34.5021051 ], [ 131.3410638, 34.4980918 ] ] ], [ [ [ 131.415048399999989, 34.5073476 ], [ 131.416707799999983, 34.510632 ], [ 131.412478, 34.5130308 ], [ 131.4083654, 34.5123231 ], [ 131.403212599999989, 34.5064534 ], [ 131.4012629, 34.498625 ], [ 131.401617, 34.4952944 ], [ 131.407569, 34.4892763 ], [ 131.4132306, 34.4926961 ], [ 131.415339499999988, 34.4911466 ], [ 131.4189431, 34.4941449 ], [ 131.4178691, 34.5003838 ], [ 131.415048399999989, 34.5073476 ] ] ], [ [ [ 131.286053899999985, 34.512794 ], [ 131.2779893, 34.5160634 ], [ 131.2776197, 34.5179897 ], [ 131.2718994, 34.5084292 ], [ 131.271595099999985, 34.5049048 ], [ 131.2776025, 34.4970654 ], [ 131.2804123, 34.5020946 ], [ 131.29175, 34.5050369 ], [ 131.293933399999986, 34.5113246 ], [ 131.286053899999985, 34.512794 ] ] ], [ [ [ 131.3900861, 34.5133197 ], [ 131.3922661, 34.5221748 ], [ 131.389452799999987, 34.5237082 ], [ 131.3841429, 34.520976499999989 ], [ 131.3840611, 34.5158344 ], [ 131.386538299999984, 34.5124391 ], [ 131.3900861, 34.5133197 ] ] ], [ [ [ 131.1461008, 34.7882647 ], [ 131.1418694, 34.7883606 ], [ 131.134531399999986, 34.7930358 ], [ 131.1307031, 34.7986542 ], [ 131.128586399999989, 34.7944358 ], [ 131.128115799999989, 34.7863347 ], [ 131.1302217, 34.7828986 ], [ 131.1300922, 34.7742683 ], [ 131.1308636, 34.7691306 ], [ 131.135580299999987, 34.763165 ], [ 131.137625, 34.758125 ], [ 131.148455, 34.758305299999989 ], [ 131.153893499999981, 34.7634109 ], [ 131.160913099999988, 34.7636525 ], [ 131.1623806, 34.7719508 ], [ 131.1609542, 34.7760664 ], [ 131.158114399999988, 34.7750094 ], [ 131.146764, 34.7797184 ], [ 131.1461008, 34.7882647 ] ] ] ] } },
{ "type": "Feature", "properties": { "hokenjo": "防府" }, "geometry": { "type": "MultiPolygon", "coordinates": [ [ [ [ 131.6968714, 33.9498386 ], [ 131.6944733, 33.9430678 ], [ 131.6914878, 33.9446228 ], [ 131.6897056, 33.9409536 ], [ 131.69323559999998, 33.9389456 ], [ 131.695471699999985, 33.9356622 ], [ 131.700284399999987, 33.9385464 ], [ 131.697009399999985, 33.9469928 ], [ 131.6968714, 33.9498386 ] ] ], [ [ [ 131.5922529, 34.0189366 ], [ 131.5861779, 34.0235192 ], [ 131.583241099999981, 34.0211313 ], [ 131.5688792, 34.0134184 ], [ 131.5663409, 34.0083677 ], [ 131.568175699999983, 34.0036095 ], [ 131.5636351, 33.9991445 ], [ 131.5586672, 33.9983005 ], [ 131.55566109999998, 33.9951467 ], [ 131.5558131, 33.9902706 ], [ 131.559668499999987, 33.9911094 ], [ 131.5616114, 33.994009 ], [ 131.5650257, 33.9933657 ], [ 131.5661609, 33.9869637 ], [ 131.5770708, 33.9919521 ], [ 131.581200599999988, 33.9926379 ], [ 131.5837741, 33.9954699 ], [ 131.591582599999981, 33.9993659 ], [ 131.5910883, 34.0015383 ], [ 131.5950832, 34.006997 ], [ 131.5956991, 34.0112123 ], [ 131.6013556, 34.0144853 ], [ 131.596153499999986, 34.0181074 ], [ 131.5922529, 34.0189366 ] ] ], [ [ [ 131.4711783, 34.0404789 ], [ 131.475698699999981, 34.037553 ], [ 131.484179399999988, 34.0281874 ], [ 131.487562699999984, 34.0306569 ], [ 131.4923054, 34.0265762 ], [ 131.501868699999989, 34.0234315 ], [ 131.5034339, 34.0252788 ], [ 131.5087447, 34.0229275 ], [ 131.513428799999986, 34.0180232 ], [ 131.5155581, 34.0141586 ], [ 131.511787, 34.012725 ], [ 131.5096184, 34.0097526 ], [ 131.509558299999981, 34.0035864 ], [ 131.513683499999985, 34.0048572 ], [ 131.516859899999986, 34.0031854 ], [ 131.521823399999988, 34.0077663 ], [ 131.526062, 34.0050935 ], [ 131.5267644, 33.9993618 ], [ 131.5343465, 33.9993236 ], [ 131.540198299999986, 33.9975916 ], [ 131.5448994, 33.9986879 ], [ 131.5537158, 34.0044518 ], [ 131.5617715, 34.0070282 ], [ 131.562715199999985, 34.0126721 ], [ 131.5753521, 34.017761 ], [ 131.585434, 34.0254427 ], [ 131.587854199999981, 34.0320557 ], [ 131.5897448, 34.0325301 ], [ 131.599423699999988, 34.0386092 ], [ 131.604153600000018, 34.0371695 ], [ 131.6018705, 34.0337985 ], [ 131.6021558, 34.0276985 ], [ 131.6080097, 34.0236726 ], [ 131.61138219999998, 34.0235205 ], [ 131.618006799999989, 34.0281235 ], [ 131.6233052, 34.0396862 ], [ 131.6296925, 34.0426794 ], [ 131.634792799999985, 34.0467928 ], [ 131.6435296, 34.0467586 ], [ 131.6473589, 34.0420383 ], [ 131.6461722, 34.0389531 ], [ 131.6520429, 34.0390994 ], [ 131.661529299999984, 34.041162 ], [ 131.6689046, 34.0450932 ], [ 131.6735923, 34.0439999 ], [ 131.6687047, 34.0520839 ], [ 131.660248599999989, 34.0532056 ], [ 131.664258099999984, 34.0576972 ], [ 131.6620494, 34.0614025 ], [ 131.6616536, 34.0668878 ], [ 131.6626925, 34.0723567 ], [ 131.6551839, 34.0751506 ], [ 131.650885, 34.0741275 ], [ 131.646043099999986, 34.0756022 ], [ 131.6443164, 34.0742175 ], [ 131.6400447, 34.0778539 ], [ 131.635778099999982, 34.0773272 ], [ 131.6343411, 34.0819261 ], [ 131.6346536, 34.087093599999989 ], [ 131.637998899999985, 34.0890442 ], [ 131.6423939, 34.0894346 ], [ 131.643048099999987, 34.0947606 ], [ 131.639354699999984, 34.1020286 ], [ 131.6388361, 34.1053953 ], [ 131.643412499999982, 34.1068397 ], [ 131.6463994, 34.1138169 ], [ 131.64253309999998, 34.1215633 ], [ 131.6454847, 34.1342528 ], [ 131.653561699999983, 34.1367964 ], [ 131.657438899999988, 34.1424242 ], [ 131.658647799999983, 34.1499069 ], [ 131.6603575, 34.1519333 ], [ 131.6558753, 34.1577339 ], [ 131.6358081, 34.1597461 ], [ 131.63096059999998, 34.1550981 ], [ 131.633315, 34.1497025 ], [ 131.628244199999983, 34.1495222 ], [ 131.6268647, 34.1426494 ], [ 131.6234964, 34.1399811 ], [ 131.619151700000032, 34.1386167 ], [ 131.618965799999984, 34.1431467 ], [ 131.612885, 34.1433311 ], [ 131.607484199999988, 34.1474178 ], [ 131.5988786, 34.1465125 ], [ 131.5910122, 34.1503256 ], [ 131.582309399999986, 34.1518725 ], [ 131.580782199999987, 34.1502564 ], [ 131.584190299999989, 34.1428411 ], [ 131.581138899999985, 34.1404358 ], [ 131.579014199999989, 34.1360033 ], [ 131.5732092, 34.1351167 ], [ 131.57316609999998, 34.1253658 ], [ 131.574759199999988, 34.1218581 ], [ 131.569898599999988, 34.1203219 ], [ 131.564121699999987, 34.1223106 ], [ 131.5600272, 34.1184242 ], [ 131.5573325, 34.1141867 ], [ 131.5584625, 34.1069089 ], [ 131.553586699999983, 34.1038667 ], [ 131.5513269, 34.0970461 ], [ 131.5485, 34.0957325 ], [ 131.5327756, 34.0932125 ], [ 131.5320475, 34.0898908 ], [ 131.5243853, 34.0893383 ], [ 131.5235711, 34.087180599999989 ], [ 131.518875, 34.0862103 ], [ 131.5142061, 34.0924586 ], [ 131.508151699999985, 34.0988664 ], [ 131.5000997, 34.0990186 ], [ 131.495823299999984, 34.0959058 ], [ 131.4907533, 34.0938311 ], [ 131.4906728, 34.0903308 ], [ 131.486409399999985, 34.0880919 ], [ 131.480689399999989, 34.0749583 ], [ 131.4663919, 34.0704328 ], [ 131.4618908, 34.0657314 ], [ 131.455241699999988, 34.0619631 ], [ 131.4554325, 34.0567614 ], [ 131.457613900000013, 34.0536875 ], [ 131.457175799999987, 34.0501981 ], [ 131.460895599999986, 34.0444664 ], [ 131.4640431, 34.0458753 ], [ 131.470034199999986, 34.0441094 ], [ 131.4711783, 34.0404789 ] ] ] ] } },
{ "type": "Feature", "properties": { "hokenjo": "柳井環境" }, "geometry": { "type": "MultiPolygon", "coordinates": [ [ [ [ 132.1492408, 33.7504539 ], [ 132.1463053, 33.7544417 ], [ 132.151524199999983, 33.7613928 ], [ 132.150914799999981, 33.7638911 ], [ 132.1427267, 33.7493897 ], [ 132.1400186, 33.7471911 ], [ 132.1403889, 33.7386553 ], [ 132.14531359999998, 33.7368478 ], [ 132.1450025, 33.7308106 ], [ 132.1387733, 33.7293692 ], [ 132.132871099999988, 33.7265636 ], [ 132.1304667, 33.7217758 ], [ 132.1266206, 33.7194089 ], [ 132.133538099999981, 33.7129233 ], [ 132.139180300000021, 33.7154806 ], [ 132.1420669, 33.718621899999988 ], [ 132.149271699999986, 33.7208858 ], [ 132.15300689999998, 33.7274539 ], [ 132.1490053, 33.7321453 ], [ 132.1460817, 33.7402156 ], [ 132.149146699999989, 33.7465678 ], [ 132.1492408, 33.7504539 ] ] ], [ [ [ 132.0518658, 33.7765878 ], [ 132.0480978, 33.7738033 ], [ 132.0511469, 33.7717386 ], [ 132.0548011, 33.7752647 ], [ 132.0524983, 33.7796097 ], [ 132.0518658, 33.7765878 ] ] ], [ [ [ 131.993535, 33.7797414 ], [ 131.991411299999982, 33.7860829 ], [ 131.9867476, 33.788013 ], [ 131.977022799999986, 33.7963367 ], [ 131.9706458, 33.7979936 ], [ 131.9675306, 33.7981444 ], [ 131.9626428, 33.7949058 ], [ 131.96107139999998, 33.7908556 ], [ 131.962702799999988, 33.7846822 ], [ 131.9588836, 33.7807881 ], [ 131.951668499999982, 33.7822846 ], [ 131.9471053, 33.7807492 ], [ 131.950409399999984, 33.7726072 ], [ 131.9532561, 33.7708403 ], [ 131.9641047, 33.7685511 ], [ 131.974435799999981, 33.7741331 ], [ 131.9797364, 33.7744747 ], [ 131.98889029999998, 33.7785258 ], [ 131.993535, 33.7797414 ] ] ], [ [ [ 131.9379542, 33.7869894 ], [ 131.9400181, 33.7883897 ], [ 131.93936309999998, 33.7922244 ], [ 131.9342044, 33.7949767 ], [ 131.930883599999987, 33.7939806 ], [ 131.9316934, 33.788585 ], [ 131.9379542, 33.7869894 ] ] ], [ [ [ 132.0926261, 33.8453658 ], [ 132.0835811, 33.8447867 ], [ 132.0776569, 33.8488973 ], [ 132.0781761, 33.8522267 ], [ 132.0714097, 33.8584092 ], [ 132.0719736, 33.8555314 ], [ 132.0683436, 33.8524336 ], [ 132.067631399999982, 33.8484967 ], [ 132.0700328, 33.8431133 ], [ 132.076151399999986, 33.8405736 ], [ 132.0811061, 33.8361486 ], [ 132.078156399999983, 33.8337867 ], [ 132.0783825, 33.8273572 ], [ 132.0704533, 33.8226008 ], [ 132.06695, 33.8188372 ], [ 132.061421699999983, 33.8196942 ], [ 132.0608933, 33.8154117 ], [ 132.058465300000023, 33.8144 ], [ 132.0575078, 33.8079681 ], [ 132.05957189999998, 33.8066936 ], [ 132.0541514, 33.7982681 ], [ 132.0496325, 33.79899 ], [ 132.0452319, 33.7960039 ], [ 132.0393914, 33.7962414 ], [ 132.0336969, 33.7949003 ], [ 132.0310519, 33.7961572 ], [ 132.0281292, 33.7934028 ], [ 132.033729199999982, 33.7922533 ], [ 132.0330806, 33.7890319 ], [ 132.0367281, 33.7868017 ], [ 132.041126099999985, 33.7901975 ], [ 132.0431889, 33.7898822 ], [ 132.049302499999982, 33.7845325 ], [ 132.0577131, 33.7889683 ], [ 132.0555738, 33.7919268 ], [ 132.0558097, 33.7956606 ], [ 132.0591628, 33.7985875 ], [ 132.060528299999987, 33.8024653 ], [ 132.0663811, 33.8044239 ], [ 132.0726578, 33.8031217 ], [ 132.0751019, 33.8051803 ], [ 132.073662499999983, 33.8082539 ], [ 132.07550470000001, 33.8137975 ], [ 132.0856842, 33.8172992 ], [ 132.0850769, 33.8209539 ], [ 132.088528900000028, 33.8258311 ], [ 132.097670599999987, 33.8265408 ], [ 132.104195, 33.8247303 ], [ 132.1084847, 33.8283319 ], [ 132.114765, 33.8276483 ], [ 132.1179981, 33.8306072 ], [ 132.111367299999984, 33.8316716 ], [ 132.108594899999986, 33.8372271 ], [ 132.1042094, 33.8366333 ], [ 132.1024042, 33.8437047 ], [ 132.097246899999988, 33.8433964 ], [ 132.0926261, 33.8453658 ] ] ], [ [ [ 132.1484731, 33.8387744 ], [ 132.1525978, 33.8431706 ], [ 132.1574497, 33.8447103 ], [ 132.1574325, 33.8490631 ], [ 132.1594378, 33.8506678 ], [ 132.158265799999981, 33.859725 ], [ 132.1558225, 33.8617806 ], [ 132.149403899999982, 33.8638025 ], [ 132.1463089, 33.8671403 ], [ 132.1482622, 33.8746094 ], [ 132.13671530000002, 33.8790589 ], [ 132.1330233, 33.8819028 ], [ 132.1313269, 33.8859725 ], [ 132.128507499999984, 33.8881528 ], [ 132.1290072, 33.8923047 ], [ 132.1315789, 33.8946703 ], [ 132.126792199999983, 33.8994972 ], [ 132.1290814, 33.9038164 ], [ 132.131646099999983, 33.9045822 ], [ 132.1319092, 33.9100622 ], [ 132.1279731, 33.915135 ], [ 132.126443599999988, 33.9238031 ], [ 132.125058199999984, 33.9259785 ], [ 132.1257151, 33.9383825 ], [ 132.1266171, 33.9407873 ], [ 132.1222573, 33.9425776 ], [ 132.1212296, 33.9466923 ], [ 132.1187184, 33.9490612 ], [ 132.120873499999988, 33.9526932 ], [ 132.1245782, 33.9470032 ], [ 132.1296361, 33.9530457 ], [ 132.1281481, 33.9572299 ], [ 132.1378604, 33.9565124 ], [ 132.152721899999989, 33.9562039 ], [ 132.1601714, 33.9571889 ], [ 132.1678742, 33.9603081 ], [ 132.1756007, 33.9616614 ], [ 132.1790091, 33.9631796 ], [ 132.1850608, 33.9620325 ], [ 132.1875053, 33.9632375 ], [ 132.192670599999985, 33.9719169 ], [ 132.195686099999989, 33.9748564 ], [ 132.199047399999984, 33.9808416 ], [ 132.1944853, 33.9827289 ], [ 132.1967072, 33.9884633 ], [ 132.1941208, 33.9917433 ], [ 132.195096399999983, 34.0018189 ], [ 132.1945403, 34.0069444 ], [ 132.1966694, 34.0108467 ], [ 132.1918447, 34.0142639 ], [ 132.1916917, 34.0164272 ], [ 132.187212499999987, 34.0193542 ], [ 132.177705, 34.0186894 ], [ 132.175117199999988, 34.0173556 ], [ 132.1679656, 34.016955 ], [ 132.161663299999987, 34.018265 ], [ 132.1525125, 34.0288228 ], [ 132.148695799999985, 34.0292136 ], [ 132.146515800000032, 34.0324189 ], [ 132.1428067, 34.031905 ], [ 132.1407567, 34.0396203 ], [ 132.139063599999986, 34.042382499999988 ], [ 132.1349186, 34.0444278 ], [ 132.1308019, 34.0426981 ], [ 132.12617, 34.0453983 ], [ 132.12506, 34.0491456 ], [ 132.1206894, 34.0517967 ], [ 132.113285599999983, 34.0497986 ], [ 132.1082242, 34.0529069 ], [ 132.1040653, 34.0525472 ], [ 132.0982817, 34.0482628 ], [ 132.094940799999989, 34.0484394 ], [ 132.0936944, 34.0456444 ], [ 132.0894772, 34.0432881 ], [ 132.0859328, 34.0369728 ], [ 132.081736899999981, 34.0324422 ], [ 132.0821364, 34.0299711 ], [ 132.0771119, 34.0252853 ], [ 132.07228, 34.0252853 ], [ 132.0672333, 34.0212856 ], [ 132.0601517, 34.0186644 ], [ 132.0590436, 34.0141708 ], [ 132.0536864, 34.0120417 ], [ 132.057721099999981, 34.0114108 ], [ 132.057625, 34.0085894 ], [ 132.0537942, 34.0063106 ], [ 132.053277799999989, 34.0018828 ], [ 132.0564408, 33.9992997 ], [ 132.059768599999984, 33.9991506 ], [ 132.0641536, 33.9967989 ], [ 132.0630931, 33.9899022 ], [ 132.055489199999982, 33.9897131 ], [ 132.051045, 33.9872892 ], [ 132.050512199999986, 33.9851908 ], [ 132.0357022, 33.9834819 ], [ 132.0324264, 33.9860556 ], [ 132.0248794, 33.9864303 ], [ 132.0219756, 33.9878156 ], [ 132.0125722, 33.9829353 ], [ 132.01310669999998, 33.9811131 ], [ 132.0083583, 33.9778519 ], [ 132.0120389, 33.97632 ], [ 132.004599399999989, 33.9711419 ], [ 132.00017, 33.9708333 ], [ 131.996927199999988, 33.968175 ], [ 131.997724399999981, 33.9643558 ], [ 131.9941278, 33.9596397 ], [ 131.983772499999986, 33.9581103 ], [ 131.980035, 33.9512756 ], [ 131.9808497, 33.9474244 ], [ 131.983089399999983, 33.9460733 ], [ 131.984029199999981, 33.9407928 ], [ 131.992390799999981, 33.9354525 ], [ 131.9945611, 33.9320358 ], [ 131.9984503, 33.9329431 ], [ 132.00299720000001, 33.9292381 ], [ 132.0025475, 33.9259878 ], [ 132.01184139999998, 33.9218067 ], [ 132.0160031, 33.9146186 ], [ 132.02722559999998, 33.9128219 ], [ 132.0255689, 33.9084217 ], [ 132.0251264, 33.9017364 ], [ 132.030221399999988, 33.9069096 ], [ 132.0375781, 33.9090245 ], [ 132.0437225, 33.9118838 ], [ 132.0455077, 33.9140827 ], [ 132.0529477, 33.915838 ], [ 132.0526659, 33.9222124 ], [ 132.0561514, 33.9208105 ], [ 132.0549963, 33.9126579 ], [ 132.0448696, 33.9097333 ], [ 132.0494521, 33.9083825 ], [ 132.053453599999983, 33.9097515 ], [ 132.0611811, 33.9093099 ], [ 132.067122399999988, 33.9077469 ], [ 132.068743499999982, 33.9051107 ], [ 132.0740145, 33.9054454 ], [ 132.0772246, 33.9006363 ], [ 132.0774946, 33.8931126 ], [ 132.087685, 33.8904665 ], [ 132.091822, 33.8870122 ], [ 132.1018532, 33.8818197 ], [ 132.110009099999985, 33.8807111 ], [ 132.1121684, 33.8781991 ], [ 132.1155391, 33.8787169 ], [ 132.119992599999989, 33.8754869 ], [ 132.12070319999998, 33.8707554 ], [ 132.1177758, 33.8650222 ], [ 132.1131527, 33.8608398 ], [ 132.115722, 33.8592113 ], [ 132.117270599999983, 33.8574133 ], [ 132.1164192, 33.8510656 ], [ 132.1182614, 33.8469203 ], [ 132.116483099999982, 33.8399113 ], [ 132.1178228, 33.8382528 ], [ 132.1154558, 33.8336661 ], [ 132.1183029, 33.8320315 ], [ 132.1246367, 33.8351331 ], [ 132.139942499999989, 33.8318003 ], [ 132.1445711, 33.8335878 ], [ 132.14481139999998, 33.8366342 ], [ 132.1484731, 33.8387744 ] ] ], [ [ [ 132.0699486, 33.8709426 ], [ 132.068778, 33.8748165 ], [ 132.065999399999981, 33.875856 ], [ 132.06472549999998, 33.8836531 ], [ 132.0618074, 33.8840815 ], [ 132.057472499999989, 33.8799446 ], [ 132.056748, 33.8759835 ], [ 132.0613928, 33.8733713 ], [ 132.0616516, 33.8667692 ], [ 132.0677293, 33.8678557 ], [ 132.0699486, 33.8709426 ] ] ], [ [ [ 132.0470056, 33.8936905 ], [ 132.0494382, 33.88708 ], [ 132.0540928, 33.8896407 ], [ 132.048914, 33.8989482 ], [ 132.043902799999984, 33.9008667 ], [ 132.0415822, 33.8958064 ], [ 132.0470056, 33.8936905 ] ] ], [ [ [ 132.1566837, 33.9376047 ], [ 132.1632951, 33.9393255 ], [ 132.168835299999984, 33.9452314 ], [ 132.1664618, 33.9473326 ], [ 132.1567217, 33.945876 ], [ 132.1544504, 33.9396021 ], [ 132.1566837, 33.9376047 ] ] ], [ [ [ 132.2234339, 33.8132892 ], [ 132.2211144, 33.8157897 ], [ 132.2176647, 33.8145683 ], [ 132.211101900000017, 33.8154797 ], [ 132.209395799999982, 33.8172933 ], [ 132.2057417, 33.8169383 ], [ 132.2048269, 33.8143089 ], [ 132.2009458, 33.8143822 ], [ 132.19488579999998, 33.8103656 ], [ 132.1949742, 33.8080517 ], [ 132.18786, 33.8076847 ], [ 132.1856144, 33.8108444 ], [ 132.1774758, 33.8080139 ], [ 132.1722033, 33.8038661 ], [ 132.1724461, 33.7980083 ], [ 132.176626699999986, 33.7965611 ], [ 132.185843899999981, 33.8006331 ], [ 132.1901717, 33.8040986 ], [ 132.1969125, 33.8042472 ], [ 132.2016639, 33.7999192 ], [ 132.20058, 33.7971383 ], [ 132.2018881, 33.7932108 ], [ 132.2130036, 33.7872964 ], [ 132.21566, 33.7819406 ], [ 132.2231042, 33.7830611 ], [ 132.229525599999988, 33.7813778 ], [ 132.2331436, 33.7836922 ], [ 132.2415656, 33.7816647 ], [ 132.2499694, 33.7739308 ], [ 132.2566425, 33.7710425 ], [ 132.2634664, 33.7737911 ], [ 132.2660589, 33.7737989 ], [ 132.2696767, 33.7777786 ], [ 132.25954729999998, 33.7796401 ], [ 132.2565075, 33.7829208 ], [ 132.2573017, 33.7862239 ], [ 132.255398899999989, 33.789028099999989 ], [ 132.2475119, 33.7965344 ], [ 132.24491279999998, 33.7944683 ], [ 132.240744399999983, 33.7974889 ], [ 132.235717199999982, 33.798073099999989 ], [ 132.232435, 33.8025436 ], [ 132.2337028, 33.8054214 ], [ 132.229763099999985, 33.8079297 ], [ 132.2266703, 33.8062117 ], [ 132.2230753, 33.808682499999989 ], [ 132.2234339, 33.8132892 ] ] ], [ [ [ 132.39446719999998, 33.8018225 ], [ 132.3995247, 33.8039181 ], [ 132.4000336, 33.8069592 ], [ 132.397925, 33.811005 ], [ 132.4010031, 33.8145867 ], [ 132.3960544, 33.812327499999988 ], [ 132.391672799999981, 33.8070428 ], [ 132.39446719999998, 33.8018225 ] ] ], [ [ [ 132.249375, 33.8107375 ], [ 132.2537792, 33.8065614 ], [ 132.2568911, 33.810727199999988 ], [ 132.2588672, 33.8162525 ], [ 132.25595389999998, 33.8173564 ], [ 132.2493725, 33.8141683 ], [ 132.249375, 33.8107375 ] ] ], [ [ [ 132.1782719, 33.8463349 ], [ 132.181487799999985, 33.8444477 ], [ 132.185711, 33.8458867 ], [ 132.185184599999985, 33.848444 ], [ 132.1805568, 33.8497234 ], [ 132.1782719, 33.8463349 ] ] ], [ [ [ 132.372725799999984, 33.8481125 ], [ 132.3733964, 33.8507994 ], [ 132.3702769, 33.8533678 ], [ 132.3671363, 33.8518072 ], [ 132.359342199999986, 33.8586228 ], [ 132.3559519, 33.8572506 ], [ 132.357362199999983, 33.8536992 ], [ 132.362399399999987, 33.8505683 ], [ 132.3656244, 33.8468553 ], [ 132.372725799999984, 33.8481125 ] ] ], [ [ [ 132.25899, 33.9498222 ], [ 132.2488548, 33.9541152 ], [ 132.2446108, 33.962735 ], [ 132.2339892, 33.96763 ], [ 132.229345, 33.9595844 ], [ 132.2241353, 33.959078 ], [ 132.2172778, 33.9608758 ], [ 132.2172766, 33.9649826 ], [ 132.2126112, 33.9640366 ], [ 132.2110629, 33.9603844 ], [ 132.2129788, 33.9562974 ], [ 132.2119035, 33.9522422 ], [ 132.2070353, 33.9496627 ], [ 132.2027889, 33.949058 ], [ 132.1915214, 33.9552662 ], [ 132.1845619, 33.9537256 ], [ 132.183365100000032, 33.9505326 ], [ 132.1853566, 33.9455039 ], [ 132.188219500000031, 33.9417307 ], [ 132.1880016, 33.9347112 ], [ 132.183948499999985, 33.9300261 ], [ 132.1814444, 33.9288526 ], [ 132.1763856, 33.9305117 ], [ 132.1731624, 33.9239181 ], [ 132.176756399999988, 33.9197122 ], [ 132.1772761, 33.9110191 ], [ 132.1752382, 33.9027182 ], [ 132.1798897, 33.8963344 ], [ 132.1870602, 33.8932835 ], [ 132.190190799999982, 33.8857581 ], [ 132.1947801, 33.8849486 ], [ 132.2003255, 33.8819678 ], [ 132.2041916, 33.878676 ], [ 132.2042966, 33.8721706 ], [ 132.1995814, 33.8711605 ], [ 132.2049415, 33.8644227 ], [ 132.20664450000001, 33.8593531 ], [ 132.209372, 33.8594093 ], [ 132.2130281, 33.8622376 ], [ 132.216174599999988, 33.8665328 ], [ 132.2144874, 33.8702239 ], [ 132.219828299999989, 33.8743949 ], [ 132.225386499999985, 33.8744592 ], [ 132.2342088, 33.8771735 ], [ 132.2377076, 33.8774674 ], [ 132.2422195, 33.8743133 ], [ 132.248760799999985, 33.8769031 ], [ 132.258595600000035, 33.8776183 ], [ 132.2637292, 33.8724547 ], [ 132.2681197, 33.8702144 ], [ 132.2680478, 33.8766875 ], [ 132.2691522, 33.8789489 ], [ 132.268171699999982, 33.8836825 ], [ 132.269967399999985, 33.8876949 ], [ 132.2689703, 33.8902133 ], [ 132.2743974, 33.8939062 ], [ 132.2780544, 33.8941808 ], [ 132.2791561, 33.8966725 ], [ 132.2839567, 33.9003267 ], [ 132.288555799999983, 33.902145 ], [ 132.2924028, 33.8983683 ], [ 132.288943599999982, 33.8939292 ], [ 132.2895906, 33.8908125 ], [ 132.2943225, 33.8930717 ], [ 132.296021699999983, 33.8965903 ], [ 132.3001864, 33.8966297 ], [ 132.3085025, 33.8946136 ], [ 132.3088678, 33.8922708 ], [ 132.313556399999982, 33.8916611 ], [ 132.319668299999989, 33.8932789 ], [ 132.3273022, 33.8893325 ], [ 132.329208099999988, 33.8825419 ], [ 132.33314919999998, 33.8861644 ], [ 132.338373099999984, 33.8806614 ], [ 132.337683299999981, 33.8780592 ], [ 132.3294611, 33.8726864 ], [ 132.3262078, 33.8689406 ], [ 132.324935, 33.8643217 ], [ 132.327385599999985, 33.857565 ], [ 132.3320467, 33.8579228 ], [ 132.3337067, 33.8612692 ], [ 132.3443091, 33.865454 ], [ 132.3450617, 33.8692603 ], [ 132.3500683, 33.8687892 ], [ 132.3522836, 33.8659733 ], [ 132.35518, 33.8670158 ], [ 132.359577799999983, 33.8638867 ], [ 132.3611108, 33.860645 ], [ 132.3655928, 33.863292199999989 ], [ 132.370661899999988, 33.8641261 ], [ 132.368428099999988, 33.8673031 ], [ 132.3692878, 33.8767464 ], [ 132.3644189, 33.8793503 ], [ 132.36313, 33.88473 ], [ 132.366744899999986, 33.8919864 ], [ 132.3635122, 33.8939123 ], [ 132.3626686, 33.8980555 ], [ 132.366538, 33.9027326 ], [ 132.37181529999998, 33.904018 ], [ 132.3712033, 33.9094236 ], [ 132.3757867, 33.9140536 ], [ 132.386336299999982, 33.9147671 ], [ 132.386556399999989, 33.9117225 ], [ 132.390294399999988, 33.9113556 ], [ 132.390361899999988, 33.9159296 ], [ 132.3938454, 33.9177656 ], [ 132.3989564, 33.9178219 ], [ 132.4050853, 33.9156142 ], [ 132.4056736, 33.9111503 ], [ 132.4104247, 33.9123417 ], [ 132.4111939, 33.9169944 ], [ 132.4163169, 33.9191914 ], [ 132.4182931, 33.9180911 ], [ 132.4228494, 33.9257603 ], [ 132.432726699999989, 33.9267475 ], [ 132.4342686, 33.9318158 ], [ 132.4431669, 33.9311847 ], [ 132.450614699999988, 33.9323344 ], [ 132.453914699999984, 33.9349342 ], [ 132.457470299999983, 33.9411892 ], [ 132.457714399999986, 33.9436419 ], [ 132.4444556, 33.9421225 ], [ 132.439125, 33.9437656 ], [ 132.4379228, 33.94605 ], [ 132.4386519, 33.9515642 ], [ 132.432226899999989, 33.9500603 ], [ 132.4239159, 33.9540557 ], [ 132.4165281, 33.9529234 ], [ 132.412224, 33.9466909 ], [ 132.4089639, 33.9439992 ], [ 132.4018331, 33.9408667 ], [ 132.4047203, 33.9380347 ], [ 132.40576919999998, 33.9330042 ], [ 132.401271899999983, 33.9282361 ], [ 132.395063599999986, 33.9258464 ], [ 132.3883097, 33.9251 ], [ 132.386715, 33.9268294 ], [ 132.3801747, 33.9262547 ], [ 132.3785667, 33.924745 ], [ 132.3724992, 33.9260117 ], [ 132.3697694, 33.9283889 ], [ 132.366371099999981, 33.9253756 ], [ 132.364850599999983, 33.9215622 ], [ 132.3601936, 33.917822199999989 ], [ 132.3545369, 33.9182164 ], [ 132.3524108, 33.9159181 ], [ 132.3578228, 33.9109422 ], [ 132.3539864, 33.9071444 ], [ 132.3461158, 33.9042444 ], [ 132.3415258, 33.9050825 ], [ 132.335095699999982, 33.9015152 ], [ 132.3298354, 33.9016128 ], [ 132.3285156, 33.9046097 ], [ 132.323400599999985, 33.9050369 ], [ 132.3218369, 33.9027853 ], [ 132.316726, 33.9060231 ], [ 132.3195378, 33.9090117 ], [ 132.323530299999987, 33.917182499999988 ], [ 132.320577499999985, 33.9189644 ], [ 132.3146894, 33.9168056 ], [ 132.312846899999982, 33.914942499999988 ], [ 132.307250399999987, 33.9153522 ], [ 132.305806499999989, 33.9187734 ], [ 132.301263399999982, 33.9200936 ], [ 132.3004464, 33.9244781 ], [ 132.30168279999998, 33.9299981 ], [ 132.297950499999985, 33.9344475 ], [ 132.287333599999982, 33.9418983 ], [ 132.2858383, 33.9554167 ], [ 132.28324139999998, 33.9560872 ], [ 132.273810600000019, 33.9498467 ], [ 132.2678972, 33.9480894 ], [ 132.25899, 33.9498222 ] ] ], [ [ [ 132.454707499999984, 33.9270222 ], [ 132.455491099999989, 33.9199642 ], [ 132.460792199999986, 33.9196336 ], [ 132.461275299999983, 33.9240311 ], [ 132.454707499999984, 33.9270222 ] ] ], [ [ [ 132.353856899999982, 33.9448183 ], [ 132.354290599999985, 33.9517803 ], [ 132.355528099999987, 33.9525086 ], [ 132.349854199999982, 33.9604053 ], [ 132.347727599999985, 33.9593256 ], [ 132.34449189999998, 33.9589103 ], [ 132.3375192, 33.9548717 ], [ 132.3374047, 33.9466961 ], [ 132.348546699999986, 33.9462 ], [ 132.352647499999989, 33.9393381 ], [ 132.35622859999998, 33.941788099999989 ], [ 132.353856899999982, 33.9448183 ] ] ], [ [ [ 132.491327500000011, 33.9584669 ], [ 132.48581249999998, 33.9562731 ], [ 132.4886914, 33.9530453 ], [ 132.4921239, 33.9560133 ], [ 132.491327500000011, 33.9584669 ] ] ], [ [ [ 132.4780844, 33.9544542 ], [ 132.4793325, 33.9588256 ], [ 132.4759119, 33.963395 ], [ 132.473354699999987, 33.9632972 ], [ 132.470801099999989, 33.9665689 ], [ 132.469922199999985, 33.9639056 ], [ 132.4654022, 33.9625483 ], [ 132.471901900000034, 33.9575356 ], [ 132.473827799999981, 33.9535703 ], [ 132.4780844, 33.9544542 ] ] ], [ [ [ 132.3510111, 33.9613723 ], [ 132.3538781, 33.9632456 ], [ 132.3555364, 33.9670411 ], [ 132.3519717, 33.9688403 ], [ 132.3487294, 33.973795 ], [ 132.348106699999988, 33.9700058 ], [ 132.3510111, 33.9613723 ] ] ], [ [ [ 132.272085800000013, 33.99918 ], [ 132.2694333, 34.0006156 ], [ 132.270070299999986, 34.0049936 ], [ 132.2659467, 34.0093439 ], [ 132.263713599999988, 34.0097986 ], [ 132.2596264, 34.0071217 ], [ 132.258403099999981, 34.0038731 ], [ 132.2659256, 33.9993208 ], [ 132.2640247, 33.9958172 ], [ 132.2716297, 33.9959947 ], [ 132.272085800000013, 33.99918 ] ] ] ] } }
]
}
