"keyword","source","title","link","snippet","posted","posted_date"
"急性呼吸器感染症","Google RSS","急性呼吸器感染症（ARI）の流行状況 - pref.hiroshima.lg.jp","https://news.google.com/rss/articles/CBMiYEFVX3lxTFB1UTVNOWZsQUphaXBIakNxWUNEUmRkWFFVczkyemkyMHZvNTh6SktNcnE4SWp2U3lyZHM0YkZleDhSTU5raWtnZ0ZVY2t0OTRIQlNQdU91OVY2REc1d1ZZWA?oc=5","急性呼吸器感染症（ARI）の流行状況,"Thu, 05 Jun 2025 07:00:00 GMT",2025-06-05
"急性呼吸器感染症","Google RSS","感染症の流行状況 2025年 第30週 - pref.saitama.lg.jp","https://news.google.com/rss/articles/CBMidkFVX3lxTE0tcHJZcXNPN2VDWWY0NEtXSE14bEVFMmVZbFV6WEFPajZEenpoLTF0LWdleGlDSzZvekh0UWhGazJpNWFJU2pWaDdRc1JFNGFYamRWcVQwQzRtTEE2WjRpTEFZS1hObm1vajFwYXVrSUtWSlk2N2c?oc=5","感染症の流行状況 2025年 第30週,"Wed, 30 Jul 2025 05:35:36 GMT",2025-07-30
"急性呼吸器感染症","Google RSS","豊岡健康福祉事務所感染症発生動向調査週報 - pref.hyogo.lg.jp","https://news.google.com/rss/articles/CBMid0FVX3lxTE8xNjlUX2ptekVCWjl0WmVrMHQwTTZ4U3RoZGNidmJaUnNHY19qVnlVYUl1b2lwdlRjQzVmbVM0c3FUd1JpMllzQmxscndWMTlQaFA3MF9EQzdoTTFxQVdVTWVHS2YxTjNTMEF2Y010RVVCZnEtMVRZ?oc=5","豊岡健康福祉事務所感染症発生動向調査週報,"Fri, 25 Jul 2025 07:00:00 GMT",2025-07-25
"急性呼吸器感染症","Google RSS","〔急性呼吸器感染症定点当たり報告数まとめ〕全国の定点報告数54.03人(第29週)（レスキューナウニュース） - Yahoo!ニュース","https://news.google.com/rss/articles/CBMif0FVX3lxTE1aQm8zOU9qUUlvcjJiZ1VxYWtrSEZrWVktQzhQdnRvRmo3N2tzQ2lncE5wMTlSVnl3S2ZnNjREbDVxVHUyMTJyYTVwVDAzSnd6bWxNWWc4ZllzbTJMQ1NYRUZxMHFYTUZJN1RYTENDUmdtMl9ubG9mZWhNM2h4NTQ?oc=5","〔急性呼吸器感染症定点当たり報告数まとめ〕全国の定点報告数54.03人(第29週)（レスキューナウニュース）,"Tue, 29 Jul 2025 12:00:00 GMT",2025-07-29
"急性呼吸器感染症","Google RSS","神奈川県ARI情報2025年24週｜神奈川県衛生研究所 - pref.kanagawa.jp","https://news.google.com/rss/articles/CBMijgFBVV95cUxPU0djTlZKVTUySmxjd0ZHNVdOZXcxQTB0STJlcjc5V2tza1N4ZWRlZUd2UlFxTklrUHBUeGlENDV2RDlWbFphRlljQ2p2RUs2aHo0Z1AtUk50elBLNVhtOXVMU0NlOUtubGRoOEVjVFBYVWtqbl83bzZ0cGR3Vm5COGFuZlZKT2Z2dE9VR1ln?oc=5","神奈川県ARI情報2025年24週｜神奈川県衛生研究所,"Fri, 20 Jun 2025 07:00:00 GMT",2025-06-20
"急性呼吸器感染症","Google RSS","週報ー徳島県感染症発生動向調査ー｜徳島県ホームページ - pref.tokushima.lg.jp","https://news.google.com/rss/articles/CBMihAFBVV95cUxPWWlrdmhmNkVwT3ZTazZUR1c5dGZLTVdFSWE2WjVyTEJFdDRkS01HSVhIYmJwNUJEM09kX2NHdE03ZW9mTHhENHBZRS1zSHAwczRZYXU5ZU41b0hJU2hGWUZHX0c3OEhncnBONzV1djRzNVRrVmFCQkhBU25NaXV3WUdFVnQ?oc=5","週報ー徳島県感染症発生動向調査ー｜徳島県ホームページ,"Thu, 24 Jul 2025 07:00:00 GMT",2025-07-24
"急性呼吸器感染症","Google RSS","宮崎県感染症発生動向調査2025年第28号 -宮崎県衛生環境研究所- - pref.miyazaki.lg.jp","https://news.google.com/rss/articles/CBMilwFBVV95cUxNTkpOaHdndlZGN19uVmZJR19fZE5HMzFtOEhSYWxQcVBFZG85Y1Vkd3A3WmMycTRBeGZ6SFFwazlaYXhfLW5obllpbFhSMUY0OHZKN3l0dEF1Y2FXWG0wSW83eVdvVUVLV1BqZ000N2x1QUx5eXYyQmUxMmF2M3RnZnh1b2E0UVdwdGJWanVPTXF5QXBBWmY0?oc=5","宮崎県感染症発生動向調査2025年第28号 -宮崎県衛生環境研究所-,"Sun, 27 Jul 2025 06:01:15 GMT",2025-07-27
"急性呼吸器感染症","Google RSS","急性呼吸器感染症（ARI）が2025年4月から5類感染症に／厚労省｜CareNet.com - CareNet.com","https://news.google.com/rss/articles/CBMiX0FVX3lxTE1nUjNGRTdmSzVHODRZVEdXTnhZZ09aODVoZ3BYUGtKMHpyb0pRdGtPeDhmT0Izc0tGRXpVcjUxZVZwM0djTjBZM1hhR3VNTGM3SWtCaTQ2UmNXOFVBSVl3?oc=5","急性呼吸器感染症（ARI）が2025年4月から5類感染症に／厚労省｜CareNet.com,"Mon, 16 Dec 2024 08:00:00 GMT",2024-12-16
"急性呼吸器感染症","Google RSS","感染症発生動向調査09 急性呼吸器感染症 - city.okayama.jp","https://news.google.com/rss/articles/CBMiYEFVX3lxTE1DUEkwdlFJSnAzQ2s0N3RaeEpYWk1HMnJQYkdTN0cyV0gzY09ORlVDVTl4RGlpaEFXX2paYTZVYXNnLThyZXp1RGpMbGR3OTJNZ3NLdzFtRE8tazR1N1oxcA?oc=5","感染症発生動向調査09 急性呼吸器感染症,"Tue, 03 Jun 2025 11:08:29 GMT",2025-06-03
"急性呼吸器感染症","Google RSS","急性呼吸器感染症（ARI）（定点あたり報告数、各区別報告数） - 札幌市","https://news.google.com/rss/articles/CBMibkFVX3lxTE1zeDVzTjBWR0RnQTlGS1hOUkhGS0dHakJqY0RkVnJPOEtITXZzUTdSQkpYUkJqSjdhc1JieEY5MlJNUnhPVXdjWkp0ZFgyd09DZG5oU2VqdDczNWNtSjRTS1hKRmRIeFExemllTmdn?oc=5","急性呼吸器感染症（ARI）（定点あたり報告数、各区別報告数）,"Fri, 18 Apr 2025 07:53:17 GMT",2025-04-18
"急性呼吸器感染症","Google RSS","急性呼吸器感染症(ARI)病原体サーベイランス - pref.tochigi.lg.jp","https://news.google.com/rss/articles/CBMiXEFVX3lxTE42ZXk2ZUYwbjV3ODlhY2w1WmZNWWlQb1BkYVNhWjFvYjlUTHFEMVF1VkdKbkpFRmdIQVQ1M3NsSzRoODFBSGlHODZhQ1h2VjBRQ2R5XzZMVExIb0Jw?oc=5","急性呼吸器感染症(ARI)病原体サーベイランス,"Thu, 17 Apr 2025 07:08:46 GMT",2025-04-17
"急性呼吸器感染症","Google RSS","急性呼吸器感染症（ＡＲＩ）サーベイランスが始まりました。 - city.hakodate.hokkaido.jp","https://news.google.com/rss/articles/CBMiaEFVX3lxTFBnS0xYVjlwX0VWbmVyX3Z5dmxpUTNWRGNLVUhEWTJ4TGRRenRFQjRfRnR0SVdRUy1XMGJYT2JVTkV5OUkxMk5yNHpLQVE2SjIzZmRZNUZLbHpTbklIWEF6RF9Ic3ZVLWhK?oc=5","急性呼吸器感染症（ＡＲＩ）サーベイランスが始まりました。,"Mon, 21 Apr 2025 07:00:00 GMT",2025-04-21
"急性呼吸器感染症","Google RSS","神奈川県ARI情報2025年29週｜神奈川県衛生研究所 - pref.kanagawa.jp","https://news.google.com/rss/articles/CBMijgFBVV95cUxOWVVpRzNmVUJoVGZ6bVh4RDdjN0J4ZU90OGxZM3VsM0VoMWhkdjVGY1VuMXgzbXBLVjNVZE5YT283WHRxVHpaQ1RLcmJxNmRxTzcxRHIwUHFIUnVNaXd0TzJkV0tjdjBqOFZpM0JReEpOZjVFajdTcUxPY3h5S2RTblFIYldXYk04TFRMb1Bn?oc=5","神奈川県ARI情報2025年29週｜神奈川県衛生研究所,"Fri, 25 Jul 2025 02:50:06 GMT",2025-07-25
"急性呼吸器感染症","Google RSS","広島県における定点把握感染症(五類)の週別・月別発生状況・5年平均比較 - pref.hiroshima.lg.jp","https://news.google.com/rss/articles/CBMiigFBVV95cUxOcDM2TlZBZDNSdlZLYkxWMld2MElTZkJWcHFSV0FmY09LMGtIc3c2aURwVktMcWN5TGdrZXg0bVRDdDdaMHQ0WFJVYmxweFNoYVI2N1Q2eVB1Y0ZUSVlGdlh2ZW9aR3B3VFBQUUkxV0FjcURuNWE1VFE2aUNjbWhmbVlZZXdZVnRyR0E?oc=5","広島県における定点把握感染症(五類)の週別・月別発生状況・5年平均比較,"Fri, 25 Jul 2025 07:00:00 GMT",2025-07-25
"急性呼吸器感染症","Google RSS","かぜ様症状の原因ウイルスの流行状況（急性呼吸器感染症（ARI）病原体サーベイランス） - pref.saitama.lg.jp","https://news.google.com/rss/articles/CBMie0FVX3lxTE5JaW93eUZpOUdUV3FHWUpHQkpoMUYwR1R4c0lpeU1jdmpiM2dQV2pVUmhROFNrQkJ2d0p0VnNpUmRZSzctdG9kMXJ0YXFnUkRLMnlUeHprSkZOdWZrdlQxYW96MzhxRFo4Uk1SRVctWTdzbDJHTUJGbkhQcw?oc=5","かぜ様症状の原因ウイルスの流行状況（急性呼吸器感染症（ARI）病原体サーベイランス）,"Thu, 01 May 2025 05:02:21 GMT",2025-05-01
"急性呼吸器感染症","Google RSS","神奈川県ARI情報2025年22週｜神奈川県衛生研究所 - pref.kanagawa.jp","https://news.google.com/rss/articles/CBMijgFBVV95cUxNRWFFakNaSXdiZHVyRFJSTmkySWRrZm9PRnk0aGpXZVRWTFBldFFzY0ozRnlxZWNnV3lXRjJSV0w0Rm1fb2JibnU1TVhrNERJQ0NsOHVPRklwUXIxQU1OVWEtaDNVV2hUNURBSmxjQXlPRVhWSFAwUlNVVWlZbkNxRDFLeGVlM2NWZko3Q2R3?oc=5","神奈川県ARI情報2025年22週｜神奈川県衛生研究所,"Mon, 09 Jun 2025 07:00:00 GMT",2025-06-09
"急性呼吸器感染症","Google RSS","神奈川県ARI情報2025年23週｜神奈川県衛生研究所 - pref.kanagawa.jp","https://news.google.com/rss/articles/CBMijgFBVV95cUxOU21XVjRpZmdaRmVsSkd6c0laRGVpNnpOZVlCSXprQlEwbVVMa0ItcFRKdlBzYTFSMjhXal92WUNWMDVZUWtlRWtFZTItUmpyb0ktUWxzbjRaS3N3Sl91cHM3WW0wV2dyWlFHYUVMNXd2Slh5VDRtM1pidlotbFhJbVdyanZlNVZDT2RLZHVn?oc=5","神奈川県ARI情報2025年23週｜神奈川県衛生研究所,"Fri, 13 Jun 2025 07:00:00 GMT",2025-06-13
"急性呼吸器感染症","Google RSS","神奈川県ARI情報2025年25週｜神奈川県衛生研究所 - pref.kanagawa.jp","https://news.google.com/rss/articles/CBMijgFBVV95cUxQV0tSbHBMSTZNYkFWXzBiU09XYVpUODFFYnJzbFNZSk5aTnZJMHluVVcteUY5QkZXcjJFekhMNk9aem5HMDBYR2tJY29HajFDRjRsRTY3RVRpUHQza05yTGF2VEpZNTZ3clZIekt3QkFwMGxmN2F0U3U2NnFWcWhpNTc4eUFVTEx3bWR0YVhB?oc=5","神奈川県ARI情報2025年25週｜神奈川県衛生研究所,"Mon, 30 Jun 2025 07:00:00 GMT",2025-06-30
"急性呼吸器感染症","Google RSS","神奈川県ARI情報2025年16週｜神奈川県衛生研究所 - pref.kanagawa.jp","https://news.google.com/rss/articles/CBMijgFBVV95cUxPdnFDZDhxYU1TWE1iZUMzZnRtZVlTRzlYd2lYOVN2ZFM0SFM5Tklxd2wwaE5LVDA4TWNHa2MwT2pHRUw1TlBtTFBOQjl5ekVkdDNUZC1jS25weWZ0UHl4aXhKVHRqZmhBNlJqTklsUk5ZWGZBWGVEbWxQbGZTb0pYaktseWxmS2hUd1A0NW13?oc=5","神奈川県ARI情報2025年16週｜神奈川県衛生研究所,"Mon, 28 Apr 2025 07:00:00 GMT",2025-04-28
"急性呼吸器感染症","Google RSS","神奈川県ARI情報2025年27週｜神奈川県衛生研究所 - pref.kanagawa.jp","https://news.google.com/rss/articles/CBMijgFBVV95cUxNX1BnY1lJQ2w0SXo3c2JzbGVVS1RWWS1PZ3NhRV9QUmMwS2JfWThYU0RCZ2tycFQxSkQ4UGw3Y3FrRWFyeC05V2tiOHBSZXV6UEpJSmxqYUZCUmMwXzVfTTJ4dFdTY0VFcGZDVk16TEhVd1BIVlBpdk9mVGxZTHVNMWdGMWhFeE5VcUd3dUd3?oc=5","神奈川県ARI情報2025年27週｜神奈川県衛生研究所,"Fri, 11 Jul 2025 04:50:10 GMT",2025-07-11
"急性呼吸器感染症","Google RSS","神奈川県ARI情報2025年15週｜神奈川県衛生研究所 - pref.kanagawa.jp","https://news.google.com/rss/articles/CBMijgFBVV95cUxPWU9WRGR4LUVVR1RlQTJfVVU2LVp2NktJZ2xCV05Xbm1zekd6bFBMYW5NcEJLN3V3QWNpanlFbVpMUWVIZklxNGI4U1lDZC1SLTJYNGhlRzdwazJ5c2NwMTlfT2N1UGo4bC1ERHkyT1F5VVQ3MVlKMlJvaDEwTTBaNnBrdkdtYnU3NkNGcnVR?oc=5","神奈川県ARI情報2025年15週｜神奈川県衛生研究所,"Mon, 21 Apr 2025 07:00:00 GMT",2025-04-21
"急性呼吸器感染症","Google RSS","2025年 第28週(令和7年7月7日から令和7年7月13日) - city.sakai.lg.jp","https://news.google.com/rss/articles/CBMizAFBVV95cUxQVFpIUV9lS2FkVXAzVDVwVTFiX0ZMYmRjQUQ3dDNoUXJPQTRZcU1hLVdDTloxNkFXdHVfRU5BVFdBMU5MT3JuSHA0c05YZk5veGVvTzZfdWdZVy1Oa1FMUk80Rm5KZzlGUDBNeUtIRFZlT3M2WXZ0d0pmYmk2VV9fT0lYYjBFZVlVRTNvekt1QmNFcEotSkI0UGlLNENIUGRPTVZlb2xyRDZPZGdRVDB0ajNfXzQxVkF4TmxBc3ZHQmdCZngtZjBNVXZWVlg?oc=5","2025年 第28週(令和7年7月7日から令和7年7月13日),"Sat, 19 Jul 2025 06:01:09 GMT",2025-07-19
"急性呼吸器感染症","Google RSS","神奈川県ARI情報2025年26週｜神奈川県衛生研究所 - pref.kanagawa.jp","https://news.google.com/rss/articles/CBMijgFBVV95cUxNODhEbEViSGpuVDY3a1pZN3VaZnVBMFNmbTZwUktYQzc4UkY0c3lhZVFWR2lxenl2RkRVd3VlX0JfMlNRemJpWWs1TUlkTVNKaWpQakFLUGdOT2thVkg2bzd6b2tfZ0ZMNm1jOV92ak4tMnhoc2lTcDlMSlhWM2FwbEpVVng3cjZGYzNGcWx3?oc=5","神奈川県ARI情報2025年26週｜神奈川県衛生研究所,"Fri, 04 Jul 2025 07:00:00 GMT",2025-07-04
"急性呼吸器感染症","Google RSS","ARIサーベイランスが始まりました！ - pref.kanagawa.jp","https://news.google.com/rss/articles/CBMigwFBVV95cUxPR1M4ejBNYTVjVU9zZEo5UmN1QlVRMWdaZHJSVmNRUE9vc3J0MnA4NHRrM01COVEzQ1NnQ3BPUzJkSFd1amNpekFISFdTa0hsZTRVUmxBQVg2WXVHRzR5cHhtby1GLXkzOTFwaHNTb3hOcDBmTk8yR3FRNWg0OVQ4d0wwbw?oc=5","ARIサーベイランスが始まりました！,"Mon, 07 Apr 2025 07:00:00 GMT",2025-04-07
"急性呼吸器感染症","Google RSS","RSウイルス感染症の流行状況 - pref.hiroshima.lg.jp","https://news.google.com/rss/articles/CBMidEFVX3lxTE15anh4LTVrTmNFdTVKMDR0bERFUGRwV05qYks3TXpsc2tyNzBqUFJhbTFYeHlsVG5QSFNIM21vcHdaUjhjQlhOZFJvSWNGb3Y0OTRvMXVmYThOV0Jlbzd0c0p1OHNreEVaYjBPQS1kTkZtLVZO?oc=5","RSウイルス感染症の流行状況,"Thu, 24 Jul 2025 07:00:00 GMT",2025-07-24
"急性呼吸器感染症","Google RSS","宮崎県感染症発生動向調査2025年第16号 -宮崎県衛生環境研究所- - pref.miyazaki.lg.jp","https://news.google.com/rss/articles/CBMilwFBVV95cUxOdFc0YUtwMGpZek9QWnZpa1M4NVR1Yy01cW1qNm1xYUcyVDBnTWpfM0kwYWxwX1BSSmprcDNiVkFYSXBuT1o2bDRnY2xCaWFqSFFVeHZSTURzM29JdVVtUGpqMVB4N2pmamdraHZ1VmRkQUhTeWtyUkZZNVlFUUN3SFZGSXlYNGxnTG5PUHZ5aXNlSGJXU0VJ?oc=5","宮崎県感染症発生動向調査2025年第16号 -宮崎県衛生環境研究所-,"Fri, 09 May 2025 14:18:14 GMT",2025-05-09
"急性呼吸器感染症","Google RSS","〔急性呼吸器感染症定点当たり報告数まとめ〕全国の定点報告数52.66人(第28週)（レスキューナウニュース） - Yahoo!ニュース","https://news.google.com/rss/articles/CBMif0FVX3lxTFBGTjZkdWVVaXl6NTlTRG1SWUVaOGdBSnB2bUtuOVVPVTdlUGkxTDJiVEJiVlp6N2Izd3otY0FPTDdOazNKblUzeFFFaUN3WFNCT3FnSmdmMjQ2VXprc213cFdMTndsM2NvcXV1amg1NDAwb0ZrbEloLWNfS2NWbFk?oc=5","〔急性呼吸器感染症定点当たり報告数まとめ〕全国の定点報告数52.66人(第28週)（レスキューナウニュース）,"Tue, 22 Jul 2025 07:00:00 GMT",2025-07-22
"急性呼吸器感染症","Google RSS","神奈川県ARI情報2025年17週｜神奈川県衛生研究所 - pref.kanagawa.jp","https://news.google.com/rss/articles/CBMijgFBVV95cUxOUGh1M2dBODh4eUtBLWZ2WVRsUDFiam92QU5CWWQzZUxHekZGQ1poeVR4Q2JJRWlxWC11QkhmYkFJRzJ2WXZGczZNeU16ZVF4aXlUbVFTRUw3NlpId3VTZjF5U3VWbkdmLWxneW9TMWpkYU00Z2R1dUhaTkFYTVhBanc1ZnJnMnJFSGI5dklR?oc=5","神奈川県ARI情報2025年17週｜神奈川県衛生研究所,"Fri, 02 May 2025 07:00:00 GMT",2025-05-02
"急性呼吸器感染症","Google RSS","急性呼吸器感染症“かぜ”定点調査開始 宮城県が患者数を発表 - nhk.or.jp","https://news.google.com/rss/articles/CBMia0FVX3lxTFA0SU1SX2lhRWVGOS16MnRoWTYtZ3A2UlJHMnJuckFwV2EtblBsRldROWNsX2ROTWdGNURISjBnRkx3UUx2MmdMdmUyZDJKV095U1l0SjlEZ3hQNE5ibEQzQ2ctc1JoYl9NdS00?oc=5","急性呼吸器感染症“かぜ”定点調査開始 宮城県が患者数を発表,"Thu, 17 Apr 2025 07:00:00 GMT",2025-04-17
"急性呼吸器感染症","Google RSS","神奈川県ARI情報2025年20週｜神奈川県衛生研究所 - pref.kanagawa.jp","https://news.google.com/rss/articles/CBMijgFBVV95cUxQRk9KT3FLRFhBR2dLN1VTS3RpcTA5d3djTXpGeld0TFFoQmhrS1A5SDFZd2FsS1RVX1hTRTVyQ19OcmZxaC1COW1hX3lRdFVyaWh1NWtOanJJcDAwVmpJcU5QUzVKZDJmcUFHZE1WWFdsakY3bVlMbmplN3B0V1dHU044eHV5anZRcTlCSWJR?oc=5","神奈川県ARI情報2025年20週｜神奈川県衛生研究所,"Fri, 23 May 2025 07:00:00 GMT",2025-05-23
"急性呼吸器感染症","Google RSS","風邪など「急性呼吸器感染症(ARI) 」5類指定後初の統計 熊本県内の感染者は1週間で3117人 - TBS NEWS DIG","https://news.google.com/rss/articles/CBMiV0FVX3lxTE96ODZaNFZmbTBzQW9vWkFQWUd0cGtLWlZHX3JhV25GVzk3TWFJOXdzdDhLSWIxVDk5ZWhDZ3pMcHhJeHhaeVNaLXJMSHhMVFhiWHN4LVUtUQ?oc=5","風邪など「急性呼吸器感染症(ARI) 」5類指定後初の統計 熊本県内の感染者は1週間で3117人,"Thu, 17 Apr 2025 07:00:00 GMT",2025-04-17
"急性呼吸器感染症","Google RSS","コロナ緊急事態宣言から5年 “かぜ”患者数の定点調査始まる | NHK - nhk.or.jp","https://news.google.com/rss/articles/CBMib0FVX3lxTE1mbmtpelJjQ1RfOVVLY2VIWnpzUDBlb1FvN3pfd0xuNnpBTTNqWjhxZFE5OWNGRllVT0t1OXA1NV9lRXNEZl9IOWFhMkd5bmltMUlJekoxallOM1Y4QkpBVnFGaFBRMWVROUJDaHR2RQ?oc=5","コロナ緊急事態宣言から5年 “かぜ”患者数の定点調査始まる | NHK,"Mon, 07 Apr 2025 07:00:00 GMT",2025-04-07
"急性呼吸器感染症","Google RSS","感染症の流行状況 - city.fukushima.fukushima.jp","https://news.google.com/rss/articles/CBMid0FVX3lxTE5GUXQtNHVxb1ZRVnNtWEduZHpfcHhveXBSbDhoOHRVcXh0NWd6cTh4VWd5Q3dCRU5IcXVsVXczaVY5MXlFY3ZEME1ISFRNdU5GUi1LaXlFajRyMVFJTDZzenhGZTJuRlNoYS1FQzhVVWw5X2Y5UlJV?oc=5","感染症の流行状況,"Tue, 01 Jul 2025 02:51:57 GMT",2025-07-01
"急性呼吸器感染症","Google RSS","2025年 第27週(令和7年6月30日から令和7年7月6日) - city.sakai.lg.jp","https://news.google.com/rss/articles/CBMizAFBVV95cUxPbm9ZUzFiMW03a3FKYUZtWDhBM1cxQUF0MjFIbTIzM1pmX0x5THRqcnE1Vi1LSWxWTEtVUnJIUl95R2xrUFUtaU8tZGRFS3VTTzVWSE96X2lDNUhjWlNra2RxNTNQc2hfT1Jra3B0akZrTjNUVDJrOW9KMGVoTjBZaEpHZ3RFVUpseS1RRWxpWno4d2RvcmplRnFXUFU4ZnozemFDMHZONnVUSGNGdDFORzJidlhyMlJJMzJsMkItMzlZVW5laVpGQUNoVkw?oc=5","2025年 第27週(令和7年6月30日から令和7年7月6日),"Thu, 10 Jul 2025 07:00:00 GMT",2025-07-10
"急性呼吸器感染症","Google RSS","感染症の流行状況 2025年 第24週 - pref.saitama.lg.jp","https://news.google.com/rss/articles/CBMidkFVX3lxTE00WjhVcjVBaS12MTFZcmdDLVFUelo3SmVaY0JiWWtWaDI2T01SaEFpTV9jZ1lpWmJjRVNqcGJFSW9kdzB0ZlFfbGh0a2VmanVPczJMRVNybEFUZFdxMHVmM2hCZzRva0w0Umk3VDU1RVV4VVFLWUE?oc=5","感染症の流行状況 2025年 第24週,"Wed, 18 Jun 2025 07:00:00 GMT",2025-06-18
"急性呼吸器感染症","Google RSS","急性呼吸器感染症、患者数を初公表 １週間で１８万人、風邪など―ＪＩＨＳ - 時事ドットコム","https://news.google.com/rss/articles/CBMiY0FVX3lxTE10NXVZQ3lQMjQ0VHM2MkF6eEQwZFRZNmo0WlVoZHBLaUxtX0pmNEVjeEE1Ung2SGxZeUFsR2J2ZDYySG5mWlBvZWI2SjctTUQ0RUZwZzJ0czdSdFAzQzZxdDhYcw?oc=5","急性呼吸器感染症、患者数を初公表 １週間で１８万人、風邪など―ＪＩＨＳ,"Tue, 22 Apr 2025 07:00:00 GMT",2025-04-22
"急性呼吸器感染症","Google RSS","〔急性呼吸器感染症定点当たり報告数まとめ〕全国の定点報告数51.93人(7/1)（レスキューナウニュース） - Yahoo!ニュース","https://news.google.com/rss/articles/CBMif0FVX3lxTFBEVzJmVGVXWjVaSkVFUjVyVmF1alVJb3hqNWlaN2xzY1JCWXlzdHRKQ1FLODdhRjE5OWZuaWd3NmhKQ0hNSTNvQWVGNUZmeFdIenhkQVo2TjBxWjByXzlFWVJ2cm5Pb3J1RTBzSG5zZk1ZUE9nV0Q0ODMzcF8tbTQ?oc=5","〔急性呼吸器感染症定点当たり報告数まとめ〕全国の定点報告数51.93人(7/1)（レスキューナウニュース）,"Tue, 01 Jul 2025 07:00:00 GMT",2025-07-01
"急性呼吸器感染症","Google RSS","2025年 第26週(令和7年6月23日から令和7年6月29日) - city.sakai.lg.jp","https://news.google.com/rss/articles/CBMizAFBVV95cUxQMVhRaFpSU1p3OUVoQ0VOajZUc29zVm5vblBTazNOOFFFel8yZm9uUXk5VWczeEhIOW5ROUdqX1Q2bnlndTczY0k1dHZaMmJfaWNOX01FYXMzVVh5cXc2dW92Sndud2dPUExMNDd6OHMxQ1hMdjhzVWFGRXladFVBU0JmeWV1OXBvaHlvX2hzakI5aFNOZHZnV2c4SjI0cElpTUNaSjFWZTUwM3JGelkybGV4QjRMNlYxNlRYOFBsZ2pXcjU2OTh1LTFITWs?oc=5","2025年 第26週(令和7年6月23日から令和7年6月29日),"Thu, 03 Jul 2025 07:00:00 GMT",2025-07-03
"急性呼吸器感染症","Google RSS","神奈川県ARI情報2025年18週｜神奈川県衛生研究所 - pref.kanagawa.jp","https://news.google.com/rss/articles/CBMijgFBVV95cUxNNWxIbmsyeVNJMUFKOTdkeDB6RHFRb3hWOWo4TGlLX0JUM2JTM1BLcXhwOW1FS0J3MjFjZVg1MnM5OUxBTVdnekwtbWRXazZJdjRRRHlvWWdzeVZwb0M4RmFxWmowMEx2OGlRTFpfcHRVelFtcFNYRHpDMFRRUGhSS0VlZzJ1dW9yWFk5blJn?oc=5","神奈川県ARI情報2025年18週｜神奈川県衛生研究所,"Mon, 12 May 2025 07:00:00 GMT",2025-05-12
"急性呼吸器感染症","Google RSS","〔急性呼吸器感染症定点当たり報告数まとめ〕全国の定点報告数60.24人(6/17)（レスキューナウニュース） - Yahoo!ニュース","https://news.google.com/rss/articles/CBMif0FVX3lxTFBlajRJbk9ybXVSWUlEUXZldVlvWXdpaFl0T2NJZi1PMGcwUWVyYW9XZ3Y5OGhNSE81VXM2VDlFQzFpTmw1bkNxOGIzZm83RV8zX2VmdXZTQzFRUTBMWGVLU3hUcE51V0Y2VThqQXJKTzhsNjhYWERMbm5fUzNwaDQ?oc=5","〔急性呼吸器感染症定点当たり報告数まとめ〕全国の定点報告数60.24人(6/17)（レスキューナウニュース）,"Tue, 17 Jun 2025 07:00:00 GMT",2025-06-17
"急性呼吸器感染症","Google RSS","〔急性呼吸器感染症定点当たり報告数まとめ〕全国の定点報告数50.58人・3週連続減少(7/8) - Yahoo!ニュース","https://news.google.com/rss/articles/CBMif0FVX3lxTE5hUnJ0ZTBaTlQxX1E1MEJOQkt6a1NSbFA1X3VmdWtXSkZqcmt0SUtFR3RpMU9jOXFQemJ4NXYweWoyeEY2b2J1bmU5VGJsX1lLMU9Wck8ydHpwaFhBWl9IQTdJNXFiUTdfX0FyTVd6NEN0eUNWQ3pFMjhPMDItcmM?oc=5","〔急性呼吸器感染症定点当たり報告数まとめ〕全国の定点報告数50.58人・3週連続減少(7/8),"Thu, 10 Jul 2025 07:00:00 GMT",2025-07-10
"急性呼吸器感染症","Google RSS","呼吸器感染症 - pref.gunma.jp","https://news.google.com/rss/articles/CBMiVEFVX3lxTE5FOGU0UW9fT3BPTFVCbEVmNGVsbGZEMUVNR1V2OWlNdDd1blNUTzBvc0poNFY2a2JZZ1ZLaDRkcXYzVGtnT1l4OFBPbWZuNDRCSElfbw?oc=5","呼吸器感染症,"Fri, 20 Sep 2024 06:41:40 GMT",2024-09-20
"急性呼吸器感染症","Google RSS","百日咳の報告数が増加しています - pref.ibaraki.jp","https://news.google.com/rss/articles/CBMihgFBVV95cUxOSUVTTlBmX1NnSzVERWh3ekJvSXZJczVhZzVfWFFGM0ticFl3MENPRDM1OW9rNDhEODAtUk10emx2MHlPMGNEUlJJOEJnU0VsUXFzdktkTXgxZlJFMEdzVl9PZHo0UEstdkViTVlCSVUyYy1IZC1fR0VfakdKZ2hBclFUUk43QQ?oc=5","百日咳の報告数が増加しています,"Thu, 24 Jul 2025 07:00:00 GMT",2025-07-24
"急性呼吸器感染症","Google RSS","4月から急性呼吸器感染症が5類に 県が動向調査を発表へ 流行の呼吸器感染症を把握する目的《新潟》 - 日テレNEWS NNN","https://news.google.com/rss/articles/CBMiiAFBVV95cUxPc1hDeVVwckV6X2hvRnJ3NlBmTExjVDh0NzlCMEtORWVGcXl3cU9sZktUNEFPeVVTQ2ZUYkVrSEhLRDBnVnh4R1B5YVphOXo2V256VHRhSDBPV29EWF9DT2hibGdVVjRCeWpyZjE4aDltR2JBYXZydkQ4bk9zOWVGbjZfLXBNSkFw?oc=5","4月から急性呼吸器感染症が5類に 県が動向調査を発表へ 流行の呼吸器感染症を把握する目的《新潟》,"Tue, 15 Apr 2025 07:00:00 GMT",2025-04-15
"急性呼吸器感染症","Google RSS","急性呼吸器感染症、５類に 風邪など患者数報告―「未知の病」把握狙い・厚労省 - 時事ドットコム","https://news.google.com/rss/articles/CBMiY0FVX3lxTE1BSXJ0ZVo0LS0yX0gyQ25Ec0JOZlk3NkdDQlZpMXM1d29mZmlnN3ljZGFXU3plbk0tRDV5MGkzX1dGdU9XUl9ZUGI3S0ljOTVDdzlRTGthTG5Nd2MzbVNNX1pyTQ?oc=5","急性呼吸器感染症、５類に 風邪など患者数報告―「未知の病」把握狙い・厚労省,"Tue, 08 Apr 2025 07:00:00 GMT",2025-04-08
"急性呼吸器感染症","Google RSS","感染症の流行状況 2025年 第21週 - pref.saitama.lg.jp","https://news.google.com/rss/articles/CBMidkFVX3lxTE00RlRZcF82N3gwMTZsTllKQ3FHbG0wZ3k0Uk1Fei1ybGx5RTVSYWltMnJMRFotMXU5bEJVbjdUZkkwTHpmQUVhODF5dFdRZklXemc4dng1V1JIR19DcnZVUmItRFBHV0NZRUFCQVVibEFIdmZIZFE?oc=5","感染症の流行状況 2025年 第21週,"Wed, 28 May 2025 07:00:00 GMT",2025-05-28
"急性呼吸器感染症","Google RSS","感染症の流行状況 2025年 第18週 - pref.saitama.lg.jp","https://news.google.com/rss/articles/CBMidkFVX3lxTE1OaW1rZ3g4TVEwQ0lsMDNIN2JlYnY5V3ZOVDA2QW1XYmJ6RTNpWFVKUkdaWEpuQ3V3ckRCOTBWZWxBZ1c0dGw0LWNFM0pyN0VtNnZXZnJjYU15WFRpN09BV2FwWXBtemx6aTkxdVh3dzRRX1JXTkE?oc=5","感染症の流行状況 2025年 第18週,"Thu, 08 May 2025 07:00:00 GMT",2025-05-08
"急性呼吸器感染症","Google RSS","「風邪が5類？」「風邪を報告？」厚労省が新たに始めた患者数のモニタリング調査《パンデミックへの備え》になりにくい残念な理由 - 東洋経済オンライン","https://news.google.com/rss/articles/CBMiX0FVX3lxTFBqRE1ycXpwTjBibndaWlF0czVJc0ZpTFVSRmxaS1BLSURnWkY2b3RJd1JTM2tyU3NINlpscXZfdTJNRkJqWEkwVFh4ZU4xZ2dzcFlUeWJBeVc2ZXlQNmdV?oc=5","「風邪が5類？」「風邪を報告？」厚労省が新たに始めた患者数のモニタリング調査《パンデミックへの備え》になりにくい残念な理由,"Thu, 24 Apr 2025 07:00:00 GMT",2025-04-24
"急性呼吸器感染症","Google RSS","呼吸器感染の患者数を初めて公表 急性症状の事例広く収集、流行を早期に把握へ - 産経ニュース","https://news.google.com/rss/articles/CBMidkFVX3lxTFBBS0ZkUkh6eVlWdzJtb2J5bU5ONGF2ZmxqMHRhd0NRY1RZLUdUWWVhcGV2Zm9EMXBnTnRzbEtjTm1VeFNQclBPVUUwZFhyd0U3Zjctbk1nV0k4Z3JYeG8xRHgzay10dkZyOFpia2dBWkJHRUNOd2c?oc=5","呼吸器感染の患者数を初めて公表 急性症状の事例広く収集、流行を早期に把握へ,"Tue, 22 Apr 2025 07:00:00 GMT",2025-04-22
"急性呼吸器感染症","Google RSS","感染症の流行状況 2025年 第23週 - pref.saitama.lg.jp","https://news.google.com/rss/articles/CBMidkFVX3lxTFBsOXVKVE5ISVI1OFg0ek9XVGRxdjc4djRKN3dLbEtTeHpWYnhMSWcyTnVyekxsVVpVeFhFYktWSE5UQjd0SDRtUXBaQzI4Q0NkVnRhVnU2LS1ycHJxQTczNXNsZzI3OTRvWVV3VDcwUkRHSy1Idmc?oc=5","感染症の流行状況 2025年 第23週,"Wed, 11 Jun 2025 07:00:00 GMT",2025-06-11
"急性呼吸器感染症","Google RSS","仙台市 “かぜ”症状の患者の定点調査の結果 初めて公表 - nhk.or.jp","https://news.google.com/rss/articles/CBMia0FVX3lxTFBKNkRSNklkazYwVDdzeTJ6N3NzV19vLWNJeXhkN0E5bXhhYnpJOEt1czUzX0hhLXdxWFJrYkhVQmFpMFZUWU9mclpOXzB1U21icWpqbGZobGxEOGdkeEI1SXlFY0tpVnY0TEQw?oc=5","仙台市 “かぜ”症状の患者の定点調査の結果 初めて公表,"Wed, 16 Apr 2025 07:00:00 GMT",2025-04-16
"急性呼吸器感染症","Google RSS","定点把握感染症(五類)の月別患者発生動向 - pref.hiroshima.lg.jp","https://news.google.com/rss/articles/CBMigwFBVV95cUxPV3JCY1dMdXpjWTdDM3BwRlZlZ19ua3haRHhDNUZ1WGpTbktfbEg4WnlTZDRoaDEtMDljWHVLVU41VTlWdmotdzE2NWNpZU5FWlZ3WXhKVWNUUXRFUmYySzV5UGxNZU5iUVBjYURTd0RnVWpfOXl0cUc3MlpkZ19zaDBGaw?oc=5","定点把握感染症(五類)の月別患者発生動向,"Mon, 30 Jun 2025 07:00:00 GMT",2025-06-30
"急性呼吸器感染症","Google RSS","５類定点にARI（急性呼吸器感染症）が取り入れられる - 医学情報・医療情報 UMIN","https://news.google.com/rss/articles/CBMiU0FVX3lxTE83bHR4RGVEOFBYaS1aOVhPcVVhMFFBQS1pYl92ZDJQMmxBNUNzUjI1eDNUelpkbC1zUEtPOUlUU21oOUc2N0NoT01CWVhMQ3R2UXYw?oc=5","５類定点にARI（急性呼吸器感染症）が取り入れられる,"Fri, 07 Feb 2025 08:00:00 GMT",2025-02-07
"急性呼吸器感染症","Google RSS","百日ぜきの感染止まらず 1週あたり最多ペース続く 依然多い10代 インフル含む急性呼吸器感染症も増加 鹿児島県内 - 南日本新聞","https://news.google.com/rss/articles/CBMiWEFVX3lxTE90RjRiVDFvYkFmZUYwa1hSekFKMFNnOWVSMnl4QW5fMmNrQ0djcHNraFk4T3J3TFVJdG5aTng2M2lldE5GY1k4QlIxbEFvYzJFLTBLRGx6eFU?oc=5","百日ぜきの感染止まらず 1週あたり最多ペース続く 依然多い10代 インフル含む急性呼吸器感染症も増加 鹿児島県内,"Fri, 02 May 2025 07:00:00 GMT",2025-05-02
"急性呼吸器感染症","Google RSS","急性呼吸器感染症（ARI）の5類感染症への指定について - 日本医師会","https://news.google.com/rss/articles/CBMiZEFVX3lxTE51MGkyY0xSNk5keWpaV29zVHQ5eGlNN1Rwa3UxYThjdFNWUEw1V1B6LWlsWnJxSFljWGNfd0NpaVhPS3VDU05Dc3psZV9FZDRPdHUxekVpdmpfQUFjbENUWURyN1Y?oc=5","急性呼吸器感染症（ARI）の5類感染症への指定について,"Tue, 24 Dec 2024 08:09:33 GMT",2024-12-24
"急性呼吸器感染症","Google RSS","感染症の流行状況 2025年 第27週 - pref.saitama.lg.jp","https://news.google.com/rss/articles/CBMidkFVX3lxTE5fNDg1WUZIU285eWYwdWlLZEROSU9ZMHFQY3JuLTR3eUFZaFJfVFFUVGJsRHgyeE94Ti1seEI5MXNxX2VsOE05eXkwdlg2MThwdWlaWWxNbUlZTU1ZRVlWenRYc2MwemF5dWJtU2VXNnlFaHJud1E?oc=5","感染症の流行状況 2025年 第27週,"Wed, 09 Jul 2025 07:00:00 GMT",2025-07-09
"急性呼吸器感染症","Google RSS","中国、呼吸器感染症が拡大 インドでも確認、ベトナムは注視（共同通信） - Yahoo!ニュース","https://news.google.com/rss/articles/CBMif0FVX3lxTE5sZHlMRGZmNjNnLU1NTlNlLVhLd2hhUDdMTGJDTk1ldWtUY3NfMlFNdWY0UzB4dTZNVExYalZKZ0lwRk1jaTJXVmp6Q2VKNHc3cW16eWJvbllEYW1BbUl6enVVUmFRZ0V6R2R5eW9OXy1oUmU4WTBxUTlVczc0R3c?oc=5","中国、呼吸器感染症が拡大 インドでも確認、ベトナムは注視（共同通信）,"Tue, 07 Jan 2025 08:00:00 GMT",2025-01-07
"急性呼吸器感染症","Google RSS","“普通の風邪”含む「急性呼吸器感染症」前週より増加 1医療機関あたり73.57人 宮城 - TBS NEWS DIG","https://news.google.com/rss/articles/CBMiZ0FVX3lxTE1nSmgwbDNPUHNqQWlFSDZmU3lTWHlQZ3lubkhlblZfUjZQejFWRVNkbDJEcVRKamloODVsbkxUYmx5aEpnNXd4TlgxTWpQQU1vM0xZLVFVNzBVUkFjV0xiUzRCZDlyTG8?oc=5","“普通の風邪”含む「急性呼吸器感染症」前週より増加 1医療機関あたり73.57人 宮城,"Thu, 24 Apr 2025 07:00:00 GMT",2025-04-24
"急性呼吸器感染症","Google RSS","「急性呼吸器感染症」広島市で初集計 いち早く“流行”把握へ - 日テレNEWS NNN","https://news.google.com/rss/articles/CBMihwFBVV95cUxPdm5BQ3J6UVpNQ3dLbk04Si15Nk01RU5mUF9KZlZuQ1NmdzNnYVl2dUhKQXJxZXppT0huYzdxREh3Ny1jVmRUREtpeDNLUlJsQkVXME0zUXA2Y1VvTHctaHo1aXN3eW1mSGtuLVQxQnI3b2FWNzJUbU1Oa0NXQWdaR19ZQWJRQUU?oc=5","「急性呼吸器感染症」広島市で初集計 いち早く“流行”把握へ,"Wed, 16 Apr 2025 07:00:00 GMT",2025-04-16
"急性呼吸器感染症","Google RSS","急性呼吸器感染症（ARI）対策の新たな一歩 ５類定点へ（高山義浩） - エキスパート - Yahoo!ニュース","https://news.google.com/rss/articles/CBMiiAFBVV95cUxPOTNJNVg0OTlBN19WWWxFYTZFWDE5dTR2NDJVTUlrSnd1WC1WYXB6S2R4VW80QlpSZG5POE16SWsxYTlJTDFTWkFSZE1XLUFEMkEtOGFiQ1lnLU0zV1Jlei1Yck9lREtZYTNVaTZ1WmhGc2ZNR2VoWmV5QkZ5dHpCSHpzYVhHa2sy?oc=5","急性呼吸器感染症（ARI）対策の新たな一歩 ５類定点へ（高山義浩） - エキスパート,"Mon, 02 Dec 2024 08:00:00 GMT",2024-12-02
"急性呼吸器感染症","Google RSS","2025年 第17週(令和7年4月21日から令和7年4月27日) - city.sakai.lg.jp","https://news.google.com/rss/articles/CBMizAFBVV95cUxNWU9KQk1zQXlUeXNJZmcyTndRdkdxeGtCa1R6UTJGM1hCYjRQemluQTRLUkhLckhDalZqZkszOEZtTjQ5bjBiVWVLSUJNQzk1LVBlQ2hlNXpycGZMYTF0Ujc2a2JteHFDcWlRbUdiVmhta093M2ZsNzF1WF9aVHc4eXd3dnRFWHhEUy1nNlBOc3FILUVZbkFhellnTDd5eTNNbU55Q1huTHFNaWlaTGdsN3pBaGV1UnVyZEdnVE5zTjd0MGNOTW9BLTlQX04?oc=5","2025年 第17週(令和7年4月21日から令和7年4月27日),"Thu, 01 May 2025 07:00:00 GMT",2025-05-01
"急性呼吸器感染症","Google RSS","感染症の流行状況 2025年 第26週 - pref.saitama.lg.jp","https://news.google.com/rss/articles/CBMidkFVX3lxTFBIVFVYMlFtcTlySHhrTlN4bWZUbFU5SnY0bkgwY3NGNHVNS2t1S2djNTE2emc5YloxSWFIa0otejVMN29mR1JCcldORzZ0TElzWTFSMTc1eXdWTGliU3dKNTNRaVpCaldMNXRVc3d3U0VYRVhIMXc?oc=5","感染症の流行状況 2025年 第26週,"Wed, 02 Jul 2025 07:00:00 GMT",2025-07-02
"急性呼吸器感染症","Google RSS","WHO「ヒトメタニューモウイルス感染症」中国で感染増も想定内 | NHK - nhk.or.jp","https://news.google.com/rss/articles/CBMib0FVX3lxTE1BUlJ6STBFUFFoMVBKX21ZUHVvMDU5emF1T0dpQ1BocU1SNEppZzhMSDNqNXlqUzYxM0M0alltUnZBVzFYaXBqSk1tZHA5emkyWllNamxyMG5QV1F6alJvU1p2QkxacXNFaVR1eUJ4UQ?oc=5","WHO「ヒトメタニューモウイルス感染症」中国で感染増も想定内 | NHK,"Wed, 08 Jan 2025 08:00:00 GMT",2025-01-08
"急性呼吸器感染症","Google RSS","“かぜ”患者数の定点調査開始 東海３県の速報値も発表 - nhk.or.jp","https://news.google.com/rss/articles/CBMiakFVX3lxTFBidnFjLTBZbHh6UjFZSHhsOE56dXc3ZGk5TnBBVEdOajVqN3BwZ2ZBZDk4OWh2bHVFRW1oRlVlOG5DLXoxNWFGb25GTWEzWDVDUHRVZGl0TV9ONE1SVjRpZ3paYUZRcTYybnc?oc=5","“かぜ”患者数の定点調査開始 東海３県の速報値も発表,"Thu, 24 Apr 2025 07:00:00 GMT",2025-04-24
"急性呼吸器感染症","Google RSS","青森県 「百日ぜき」ことし１３０人超えの感染 対策徹底を - nhk.or.jp","https://news.google.com/rss/articles/CBMibEFVX3lxTE9BWl9NMURWMWFmakdnOVJXUWRKR2lUbllaWmJnVmNnbUgwZVFGMlJfdnV6YTJmZFVXWG5oaE9XaV9fd3M4UkQzTGx6bTlGRXB0RkNiR2NRM1k3dTlNcENua0xZeWxIZDJSU3FzeQ?oc=5","青森県 「百日ぜき」ことし１３０人超えの感染 対策徹底を,"Thu, 17 Apr 2025 07:00:00 GMT",2025-04-17
"急性呼吸器感染症","Google RSS","新たに5類指定“風邪”などの症状「急性呼吸器感染症」1医療機関あたり65.85人 指定後初の発表 宮城 - TBS NEWS DIG","https://news.google.com/rss/articles/CBMiV0FVX3lxTE05bGl4cTBVZUhpeE1pXy1LcTBZWVh6Y3FPZHR1RnNRWTBfbUhZcmVYRnk4Tk12c3NybGdrUVRuSEoxaXNLVzQ0VlJzNXh0X3o2Wi1GWmt2aw?oc=5","新たに5類指定“風邪”などの症状「急性呼吸器感染症」1医療機関あたり65.85人 指定後初の発表 宮城,"Thu, 17 Apr 2025 07:00:00 GMT",2025-04-17
"急性呼吸器感染症","Google RSS","全国における定点把握感染症(五類)の発生状況 - pref.hiroshima.lg.jp","https://news.google.com/rss/articles/CBMiggFBVV95cUxQLWxZcVc4V3NfOFpOc05nQ2lHbDZrY3VKaFpHWVNZai1aek9XSDQzcTZHNFg4ZU02ZXNRS25qYzNZNHJNRTVlLUhZdXkzZW0zNGZwQTJ3TlNCeU5taktKcjQxR2JfN2ZQX0lnMURCM0ZjUEhpR2ZiOW5uczRWb2JIa1FB?oc=5","全国における定点把握感染症(五類)の発生状況,"Mon, 30 Jun 2025 07:00:00 GMT",2025-06-30
"急性呼吸器感染症","Google RSS","群馬 県内で“かぜ”の患者数 定点調査が初公表 - nhk.or.jp","https://news.google.com/rss/articles/CBMib0FVX3lxTFBybWhUUDBkaWtLODBmdVVmWnUyLXdUdmVDSlhKY2l0R1VPNFAwOThvQUJCZENFZlZlcXVQbUQ5OGR3YzRjalZlXzJCMm90YXRJcnE2OGo1d3ZWVUlYNnY4LXY1ZlFJZkJUZTItRzdBSQ?oc=5","群馬 県内で“かぜ”の患者数 定点調査が初公表,"Fri, 18 Apr 2025 07:00:00 GMT",2025-04-18
"急性呼吸器感染症","Google RSS","【保環研】感染症情報：病原体検出状況 - pref.niigata.lg.jp","https://news.google.com/rss/articles/CBMia0FVX3lxTE1ERFBuY3RNSmgyWmJKeWwwTkNrQ3o5dUNSMnkzVUpFVlByMkVaNUZDWkFWdHdRUjhIdVF0TG5VbkFnSUlGZXFNbHEwU3VRbzBfTVJOVnRacXVKTXlNaHM5NDNGeVNyc3ZpUU5N?oc=5","【保環研】感染症情報：病原体検出状況,"Thu, 29 May 2025 08:26:59 GMT",2025-05-29
"急性呼吸器感染症","Google RSS","新たに5類指定“風邪”などの症状「急性呼吸器感染症」1医療機関あたり65.85人 指定後初の発表 宮城 - TBS NEWS DIG","https://news.google.com/rss/articles/CBMiZ0FVX3lxTE0zLXdySGFsLW5WQ1Z4em50UlAxMmczVlc3MXdKWDhqemdzVmxiWGlMRzdGNlJZQVA2OEdTYU84d2IwQ2hLUnU5c2V1RE5wQTJJY0JYODkyUUhvQ29CREVNVXB5Rjd1aFU?oc=5","新たに5類指定“風邪”などの症状「急性呼吸器感染症」1医療機関あたり65.85人 指定後初の発表 宮城,"Thu, 17 Apr 2025 07:00:00 GMT",2025-04-17
"急性呼吸器感染症","Google RSS","なぜ 風邪＝急性呼吸器感染症が来年4月から5類に? 医療費など患者への影響は？学校は？ 医師に聞いた - TBS NEWS DIG","https://news.google.com/rss/articles/CBMiWkFVX3lxTE0teDRwdlVETEdWeno5SEpkX1FjSHVTS2NPQW91RkhkeWVqNUQyTUMtNm52eXkycm9pTFpxWXpEU1B2RWRTazM2ekNsRWIzdFl4ZGJEeUJSVmIxZw?oc=5","なぜ 風邪＝急性呼吸器感染症が来年4月から5類に? 医療費など患者への影響は？学校は？ 医師に聞いた,"Fri, 13 Dec 2024 08:00:00 GMT",2024-12-13
"急性呼吸器感染症","Google RSS","急性呼吸器感染症＝風邪 仙台市の感染者数は前週からわずかに減少 - khb東日本放送","https://news.google.com/rss/articles/CBMiT0FVX3lxTFBzNllnTzJ6VWh4NXpKb2poVWxCbldCZDF5WXE3dFd5b2JQQk5qZU1zT0JtT1hobzU3X29DUnA1d2kwcnY5RGNtRnU1T3c1X0k?oc=5","急性呼吸器感染症＝風邪 仙台市の感染者数は前週からわずかに減少,"Wed, 23 Apr 2025 09:50:28 GMT",2025-04-23
"急性呼吸器感染症","Google RSS","急性呼吸器感染症、５類に＝風邪など患者数報告―「未知の病」把握狙い・厚労省 - リスク対策.com","https://news.google.com/rss/articles/CBMiWEFVX3lxTE9HcHA0bWpyRlllT0tVUGJKczNUektDZjZJQVdQVGJ5VEcwR2drRE1XUUo2MVk5bVA1ckRRSXJKTjdtaG1iS09RcHFRY05LVFpfVi1fUHVCOGw?oc=5","急性呼吸器感染症、５類に＝風邪など患者数報告―「未知の病」把握狙い・厚労省,"Tue, 08 Apr 2025 07:00:00 GMT",2025-04-08
"急性呼吸器感染症","Google RSS","宮崎県感染症発生動向調査2025年第25号 -宮崎県衛生環境研究所- - pref.miyazaki.lg.jp","https://news.google.com/rss/articles/CBMilwFBVV95cUxNZ1c4dlVmVnRUN1E0UzI1NHY1MGhEaWlFdkl0VlFScEJjc09fdzVBUnRxNDJGUnIxRm1helc3cW15ZVNjbWRTUzFGdWlpNTI4S1FDUC1JZnNvUFI5Q1VfZDN5VzREQkZPNmdxaGZJb2JMdkZISDFxSUhNZFBlLUhSX2x4b1BCOHhqZnV4YllfdWxiWmFnWjNR?oc=5","宮崎県感染症発生動向調査2025年第25号 -宮崎県衛生環境研究所-,"Sat, 05 Jul 2025 18:13:55 GMT",2025-07-05
"急性呼吸器感染症","Google RSS","感染症の流行状況 2025年 第25週 - pref.saitama.lg.jp","https://news.google.com/rss/articles/CBMidkFVX3lxTE13TnJnNWM2RlkwVlg1RVpOZUNCaGJIckh0YWoyZEUxU0RKNVdGZzFWbk13bzFWMlR4WmZJQk1oSEk3WlUyeG1mLWNsQm1POWZjVzlEdlhPaC1vS2xlRlNDTnF3cS1yM2pRTmpsSWpGaXh4dVpfRWc?oc=5","感染症の流行状況 2025年 第25週,"Wed, 25 Jun 2025 07:00:00 GMT",2025-06-25
"急性呼吸器感染症","Google RSS","呼吸器感染の患者数を初公表 急性症状、流行を早期把握へ - 東京新聞デジタル","https://news.google.com/rss/articles/CBMiU0FVX3lxTE5HZUVhUmdpOVY1MTVZUG02QWhMeXZaV3pJZFZGME02TXh2THY5bno4Wl9zUkhqODFkdmYzTXNhdTM3a2ZQMkZRYUwta21XWElJcVZj?oc=5","呼吸器感染の患者数を初公表 急性症状、流行を早期把握へ,"Tue, 22 Apr 2025 07:00:00 GMT",2025-04-22
"急性呼吸器感染症","Google RSS","【速報】いわゆる“風邪”「急性呼吸器感染症（ARI）」流行状況の発表始まる - 日テレNEWS NNN","https://news.google.com/rss/articles/CBMifEFVX3lxTE8zdmdORFhSbWFMelI5RTNiRmV5d0J0Z3ZmcmtGc2tldU5MWVd1akFOV3pla0N2eTgyVjhRdXNTMHRvcnhVU3haZmZ3VnZSZnpPcTBEeVZ0M1lEWnFEc2lkX09ROU1zMVh2c21IalpRdHBDX3AwNklxNjNEVGc?oc=5","【速報】いわゆる“風邪”「急性呼吸器感染症（ARI）」流行状況の発表始まる,"Mon, 21 Apr 2025 07:00:00 GMT",2025-04-21
"急性呼吸器感染症","Google RSS","百日せき 秋田県 ２０１８年以降の年間最多をすでに上回る - nhk.or.jp","https://news.google.com/rss/articles/CBMia0FVX3lxTE9MUXM5bXl6MUkteWplMVBWbmdseUZ3dTJ1bG1NaHhzTE1CdnJKSG5FSnZNWWhCa2Q5d1ZGemdtVWh6SVdxR2FyeG9yeTRjalF1MkdSSE9ReTh6R21IZTlJenBfQ0FmejBUTnNn?oc=5","百日せき 秋田県 ２０１８年以降の年間最多をすでに上回る,"Fri, 09 May 2025 07:00:00 GMT",2025-05-09
"急性呼吸器感染症","Google RSS","急性呼吸器感染症、患者数を初公表＝１週間で１８万人、風邪など―ＪＩＨＳ - 時事メディカル","https://news.google.com/rss/articles/CBMiS0FVX3lxTE00OE9QVjVBUGJsT3VxX1VrYWRDYUZ0dXk5Rk41MlVweUtnRVEzNXVmSU0zOW96bFhrMUM4VnhLQzB0enZvZno5OFhNcw?oc=5","急性呼吸器感染症、患者数を初公表＝１週間で１８万人、風邪など―ＪＩＨＳ,"Tue, 22 Apr 2025 07:00:00 GMT",2025-04-22
"急性呼吸器感染症","Google RSS","感染症の流行状況 2025年 第20週 - pref.saitama.lg.jp","https://news.google.com/rss/articles/CBMidkFVX3lxTE9VbXRsUmExSDMyZGFHWE9SeVNSdmZxTVVHRnNiR3FUYmFwMTJ6a3VTTW1Odk00eHBzdFNaSUVoaHBWaHBHV2p6UmlYSGYwU2ZvZUZHTDA0bDl6UHV6SWgtYi1XTjZnVzVVYUhtUlhLTy1lbzNFX1E?oc=5","感染症の流行状況 2025年 第20週,"Wed, 21 May 2025 07:00:00 GMT",2025-05-21
"急性呼吸器感染症","Google RSS","感染症の流行状況 2025年 第19週 - pref.saitama.lg.jp","https://news.google.com/rss/articles/CBMidkFVX3lxTE53SGlwTXRFakhpcnNrZmFQWEt0OHU0MTJQNk5oOThtaUJ4VFQ1V3JnOF9Fa29WWmpWc21JZC1sRGRTUG1FanFjcEpJMlpSdWRiZXk0OUpJTUxyUG1wOGVaYTRxeXROcGtkRFYxaUxJeUFpMHppZ2c?oc=5","感染症の流行状況 2025年 第19週,"Wed, 14 May 2025 07:00:00 GMT",2025-05-14
"急性呼吸器感染症","Google RSS","対象となる感染症 - pref.kanagawa.jp","https://news.google.com/rss/articles/CBMif0FVX3lxTFBmczFtOURZNGtRMHQxbEdpV3hGbnlod0F3YnZBVDlkQXBNM3I5OHQxVnV1Q2ZUZVc0bXhoZmU0Vm8zeGFFRXpLYTlkOS1DOWs2ZEJ2M3JkRV9EZWJsanJsc2pOcmZoMUZxbXhWTEpfMDZwcm5EMnJOTE50T25qa3M?oc=5","対象となる感染症,"Mon, 07 Apr 2025 07:00:00 GMT",2025-04-07
"急性呼吸器感染症","Google RSS","急性呼吸器感染症、５類に＝風邪など患者数報告―「未知の病」把握狙い・厚労省 - 時事メディカル","https://news.google.com/rss/articles/CBMiS0FVX3lxTE93ejdUMUxFOTBzM2NTRHg1cWUwcVJkSDdZMFU5Vm10QXVxbVV1eWJaTXJYbFMwUS1FSGh4X0NIaGZZMl95Q1ZrQlRjOA?oc=5","急性呼吸器感染症、５類に＝風邪など患者数報告―「未知の病」把握狙い・厚労省,"Tue, 08 Apr 2025 07:00:00 GMT",2025-04-08
"急性呼吸器感染症","Google RSS","「風邪」の患者数 JIHSが公表開始 次のパンデミックに備え - 毎日新聞","https://news.google.com/rss/articles/CBMiaEFVX3lxTFBhVV9zUXk4UlB5OG9iRVgza2pkVWI0TmZjdGJ4QjgzNXNsYUtrRjJ5al91M2tWYmQtRTVmQU9MSE0xMThTOUJXU0lrdHlIbC1WTmNXSWZldzlQakRhOHpUTGtaQnVhOWNC?oc=5","「風邪」の患者数 JIHSが公表開始 次のパンデミックに備え,"Tue, 22 Apr 2025 07:00:00 GMT",2025-04-22
"急性呼吸器感染症","Google RSS","県が患者数を初めて公表 4月から「5類」に移行の急性呼吸器感染症（ARI）《新潟》 - 日テレNEWS NNN","https://news.google.com/rss/articles/CBMiiAFBVV95cUxPNzBLb3Z4eVdQdHI4TjlaaWxrMFFkRF9rdi1XWWZUMlN6ZjFQV0NvUlZGUmljcVR2UTk3ZUlFRVF1em1oNXhOazM0emI2X1R3eEpmZFVWTFNfLU5QYm91QmV4UHJWbFFsbDdMUldkWVotblFGeFQ5LWZMbDhkNWpSS1Y0VGVrTHFT?oc=5","県が患者数を初めて公表 4月から「5類」に移行の急性呼吸器感染症（ARI）《新潟》,"Thu, 17 Apr 2025 07:00:00 GMT",2025-04-17
"急性呼吸器感染症","Google RSS","感染症の流行状況 2025年 第22週 - pref.saitama.lg.jp","https://news.google.com/rss/articles/CBMidkFVX3lxTE9SN2ZOcENsZUxZejFKWks0OXJvdHdIa0FmeDdNZ3NiTXFrM21xT1JwZjZndnZpRkxhOUxKSjg1bGJJYk1YQldkWkpLWnhTclp1cHllb1hRbHY3czBmU3A2eHVMak14Ry1GYXNFX2NzLVpJWnJSdHc?oc=5","感染症の流行状況 2025年 第22週,"Wed, 04 Jun 2025 07:00:00 GMT",2025-06-04
"急性呼吸器感染症","Google RSS","「未知の感染症」早期把握へ 呼吸器系は病名不明も調査 厚労省 - nhk.or.jp","https://news.google.com/rss/articles/CBMib0FVX3lxTFBxcWJlcEtJakRXV3hZa1pqZWhQMnZuX0NoMXBrTXhPcXpqQnBqV0VMTy1hbU12amU4U3BUdmlYUGdsUDM5MVRhMFMzbXBXVml1WW1LSVNLVjNHUS0xbUN0STNYVEdlNWdrSlRzZnkydw?oc=5","「未知の感染症」早期把握へ 呼吸器系は病名不明も調査 厚労省,"Sat, 12 Oct 2024 07:00:00 GMT",2024-10-12
"急性呼吸器感染症","Google RSS","宮崎県、急性呼吸器感染症流行を公表 早期に把握し定点調査に追加（宮崎日日新聞） - Yahoo!ニュース","https://news.google.com/rss/articles/CBMif0FVX3lxTE9tSFMzV2pDLU1jVUJtcGRzSEtPTW9NNFJCSjFCZXNnUW5JaHFVVWdqRTFhWXAwcE1GVExod2dKaG1MNHBqSGRSVGdkRXN6WXp5a1oyRUdud2txSnNGeVNnTlFVWS1yQXpid211LWNGS0lqNnItUERnQ29aelNPeFU?oc=5","宮崎県、急性呼吸器感染症流行を公表 早期に把握し定点調査に追加（宮崎日日新聞）,"Fri, 25 Apr 2025 07:00:00 GMT",2025-04-25
"急性呼吸器感染症","Google RSS","感染症の流行状況 2025年 第17週 - pref.saitama.lg.jp","https://news.google.com/rss/articles/CBMidkFVX3lxTE9Ua1Q3OC1XeTFVSDFRdE5xcjlEblhVWW53bkc0U0FCajV2Z1h6S3RVdU1vZms1bEVQTWx6TVY3UzhZZ0Rxa3VaMllzOTFJZDJPZ19vNnNGVzZnT2NiNkpNOF9xbmljYjVXYkdxcDFOUk8zOFkxNmc?oc=5","感染症の流行状況 2025年 第17週,"Thu, 01 May 2025 07:00:00 GMT",2025-05-01
"急性呼吸器感染症","Google RSS","“かぜ”症状の定点調査 初回は１医療機関平均で９１.３３人 - nhk.or.jp","https://news.google.com/rss/articles/CBMia0FVX3lxTFBqWVFTbVREeFA0NkQ5dXh5RTlKbDJMTFlsRVB3V3JPOE00Sm9aRElrZ1d3TmV4YTBLZGFYUXZNci1qVndhSFU3ODBOSzZMWG1yQWtvYlduVzB5TlRVMFhSQzJkdmdFYUEtRllB?oc=5","“かぜ”症状の定点調査 初回は１医療機関平均で９１.３３人,"Fri, 18 Apr 2025 07:00:00 GMT",2025-04-18
"急性呼吸器感染症","Google RSS","「急性呼吸器感染症」を5類指定へ 流行状況の監視を強化 厚労省 - 朝日新聞","https://news.google.com/rss/articles/CBMiZ0FVX3lxTE5SazdXQ1Vxb3doZDJIVVdpS3lZbHY1UDJRQWFLOWFqU3BEdzhsSndXMm9uc2g0Yl9hSXZlLVN3eVdIOVE3cmVLQklHX0Y0dTFDbV9WOXY4aEN3TEhXaDJpd3hpc3lBYTA?oc=5","「急性呼吸器感染症」を5類指定へ 流行状況の監視を強化 厚労省,"Thu, 19 Sep 2024 07:00:00 GMT",2024-09-19
"急性呼吸器感染症","Google RSS","ヒトメタニューモ呼吸器感染、中国で増加 WHO「予想の範囲内」 - 毎日新聞","https://news.google.com/rss/articles/CBMiaEFVX3lxTFBXMTk1WGpKa2FmTDZFWUJWdTZDMUxjcWEtSWRzSmlVZERDekRmSVRTT1hwbjZ5aERwT3pYeWhVVy1tM0NkOWpvZTZnSkhEdlhTbWc2LUFmMmswNUU0N01OV3A5cGltWHFu?oc=5","ヒトメタニューモ呼吸器感染、中国で増加 WHO「予想の範囲内」,"Wed, 08 Jan 2025 08:00:00 GMT",2025-01-08
"急性呼吸器感染症","Google RSS","秋田県 新たな感染症に備え“かぜ症状”患者数の定点調査開始 - nhk.or.jp","https://news.google.com/rss/articles/CBMia0FVX3lxTE1fZ2dvbnphYkhQY005NGNBVV9rTVZuWE5DcEF1UlVQSWR2VnZEdkhyNWd0b1BteVl4RHFRSEttNWZvRVg1STQwVHZNbHdEaDRLTW9waERrM01MM1JqOVRkUjlPdi11Y2lfQ2h3?oc=5","秋田県 新たな感染症に備え“かぜ症状”患者数の定点調査開始,"Fri, 11 Apr 2025 07:00:00 GMT",2025-04-11
"急性呼吸器感染症","Google RSS","〔急性呼吸器感染症定点当たり報告数まとめ〕全国の定点報告数52.71人・37都府県で増加(第27週) - ｄメニューニュース","https://news.google.com/rss/articles/CBMiiAFBVV95cUxNWFQ2d3dyU3dZR21NaVc0bTBrQXh4OHZfSzJYZlZJeDVubng1Y284NEs5dnFUeThxellHWkplbWpkVHZVc1FuWC1iVmluMUg4YjBHNGh6ZnFCYklaTS01Umx0OW1ZYmZhc1VFX3FFVTA3NDdsbmRnYjBIVXNUakVhRW1rcldNaVZz0gGOAUFVX3lxTE90RGZMYjNQNHU3ellYVXZFNDhvRmJkWVZOeUEzcnFqeWxsRFpTcGd1OFo4MldCOFkwZzZDQ19xTzl2WU40aFBkbm5JUkQ4T3F3Q2ZaUXRMVFRwTm0zV1Y5cHM1TGt2SFhnMzN3YW5zbzRva3hOUHg5Vk5GakwwT3F2d0czREVQeTNMWkxBYlE?oc=5","〔急性呼吸器感染症定点当たり報告数まとめ〕全国の定点報告数52.71人・37都府県で増加(第27週),"Wed, 16 Jul 2025 13:35:14 GMT",2025-07-16
"急性呼吸器感染症","Google RSS","中国で呼吸器感染症「ヒトメタニューモウイルス」拡大 インドも感染者確認、ベトナム注視 - 産経ニュース","https://news.google.com/rss/articles/CBMidkFVX3lxTE1IdTRoQlZyNUQzMkJfdGR4WEo0TnZ6T3d1Zk5IdHg3b0kyWEdMRUkwM1FhX3QxSXlyOWhhbEdydm5SeGFGTzdkY3F4eHZzU3BCTk1zamN6cXI2VU9yT2lVdlZRaGkycHNnSzNjN1hNSklFS2xQREE?oc=5","中国で呼吸器感染症「ヒトメタニューモウイルス」拡大 インドも感染者確認、ベトナム注視,"Mon, 06 Jan 2025 08:00:00 GMT",2025-01-06
"急性呼吸器感染症","Google RSS","目黒区感染症発生動向調査 週報 - city.meguro.tokyo.jp","https://news.google.com/rss/articles/CBMihwFBVV95cUxOc3FwelVqSTNaRUFFMy1FeUNDWnVfamczUE02dU5EZDVmelpvWlk3ejJEX3BXQ3VRMDRjX1VYekhjMUN5MGU4WHJJYmpISmJsTDN3X1BLMlRZamkxbDdpNkdrVllPdE9HbUQ5RUtBUUVQVjFISHB5akFYamIyWVlFeVVNY21qTGc?oc=5","目黒区感染症発生動向調査 週報,"Tue, 15 Apr 2025 06:27:30 GMT",2025-04-15
"急性呼吸器感染症","Google RSS","「風邪」を5類感染症に 定点観測で国の調査・研究体制整え、パンデミックへ備える狙い - 産経ニュース","https://news.google.com/rss/articles/CBMidkFVX3lxTE9GbW1KcVJJQ2RjdkVlN3JremFibVdKV2lNcWNVNnFRZXdzazA3Qi1VbkN0NUdJU1FTT3FlWlJVc19IZ01EZGY3alU1U0NBOTR1dHIwRjMtYmhYLURDVlgtOHc0aWx6WTdrOVFYOHdIalFfT1NmYnc?oc=5","「風邪」を5類感染症に 定点観測で国の調査・研究体制整え、パンデミックへ備える狙い,"Mon, 07 Apr 2025 07:00:00 GMT",2025-04-07
"急性呼吸器感染症","Google RSS","せき・のどの痛みあれば、国に報告 未知の病気早く見つける制度開始 [新型コロナウイルス] - 朝日新聞","https://news.google.com/rss/articles/CBMiZ0FVX3lxTE1VQ2l5Y0FBSUc1YUdJS1BMZkoxeTN4YjlsVGgyN0dMbUFBWkdHZGthbmhVTEZiRUFJSDJmdWgzNF9Hak9ma0ZHd2NiR04xdGFNd09CbVd2bExVWHFWTWY5ZU56WTlKbTA?oc=5","せき・のどの痛みあれば、国に報告 未知の病気早く見つける制度開始 [新型コロナウイルス],"Tue, 22 Apr 2025 07:00:00 GMT",2025-04-22
"急性呼吸器感染症","Google RSS","急性呼吸器感染症の5類位置付けで風邪の定点観測を開始 群馬県は全国で6番目の多さ - 上毛新聞電子版","https://news.google.com/rss/articles/CBMiWEFVX3lxTE1EUzZLVTdpYzhval9NN0dMVFllcGRWY1R5eThNM2d6T3pHd0haLTNaclp2aGloTjVuUEVQZXpFZVVPekl0c3BKUlVONXdxdnNrTi04X0xUdGc?oc=5","急性呼吸器感染症の5類位置付けで風邪の定点観測を開始 群馬県は全国で6番目の多さ,"Wed, 23 Apr 2025 07:00:00 GMT",2025-04-23
"急性呼吸器感染症","Google RSS","急性呼吸器感染症の定点報告、25日から週報で JIHS インフルなど警報・注意報基準の見直しも - 医療介護CBnews","https://news.google.com/rss/articles/CBMiW0FVX3lxTE1TVjBBTmhMYTBENDBJbkFETmtIa2ZPZDM1RU5CZ2xXWEtTMFJVQkdJNW9Cay1sU1EzY1FMZ09rOE8tMGJKY2JHWlRaT0VraGRfY0t0dXk2UzUtbHc?oc=5","急性呼吸器感染症の定点報告、25日から週報で JIHS インフルなど警報・注意報基準の見直しも,"Wed, 16 Apr 2025 07:00:00 GMT",2025-04-16
"インフルエンザ","Google RSS","インフルエンザ（季節性インフルエンザ）について - city.osaki.miyagi.jp","https://news.google.com/rss/articles/CBMimgFBVV95cUxPRkZGbTRqYjNDM1VyM2dIdi1Pem1vT28wWlV6V1VQbFpMeEstVV9wQjJiOHFGTnFJS3YzWnhweVdLUmRkVzl3Rm5RZ29FemVGOGRCd0xxQkNGT1kwX3J2RDFEbTMxMU1kT3h2Y000M1NyWXM1bW9LNHE3OHFOck5UTkg2V1lmbnZyeVVJNXpuemt1UUZvcHhTdG13?oc=5","インフルエンザ（季節性インフルエンザ）について,"Fri, 25 Jul 2025 07:00:00 GMT",2025-07-25
"インフルエンザ","Google RSS","静岡県内の新型コロナウイルス・インフルエンザ感染状況について - city.fujieda.shizuoka.jp","https://news.google.com/rss/articles/CBMijgFBVV95cUxOT3diNnF5LUVWd3hWRDNpSURKamVwaktOekhGR2N4SVZKUktUUkNIRm82bmxVeXdWa3VUOEplX2tFUFNfdERRT0FJOHJRbTBEVnNGdFJoUTdFekNIV0k2X2M4RnRzWVh5bksycTFpbFF1YWhTMkN1MW1vUi1fa3NTdHpPRWZ4ZlNEblZsLUxR?oc=5","静岡県内の新型コロナウイルス・インフルエンザ感染状況について,"Mon, 28 Jul 2025 07:00:00 GMT",2025-07-28
"インフルエンザ","Google RSS","インフルエンザの流行状況についてお知らせします - pref.fukuoka.lg.jp","https://news.google.com/rss/articles/CBMiakFVX3lxTE1lWnNjcXBTd0xJbTJRLWdScEVtOGZYa2JzV3N1VXhMU2JxbVZUWEd0WlhrWDdVcHhVOHVnNEFfMld2Z284Z0R4dUJNdmRGN3Z1cWdaS3h0aUhNd3JQYWVWQUxYTU5UWWpFUnc?oc=5","インフルエンザの流行状況についてお知らせします,"Thu, 17 Jul 2025 07:00:00 GMT",2025-07-17
"インフルエンザ","Google RSS","鳥インフルエンザウイルスに関する情報について（対応レベル1） - city.kakogawa.lg.jp","https://news.google.com/rss/articles/CBMinwFBVV95cUxNT3hkZlNRYmhvZGpJWjNGOTNmdlVGaDcwVXRxb1hpNVBzU1VDSGE4ZTJlUFVoOGRXYlNRVWVEeEdmNnBjZ3Y0MFVMRmNwd2FhTGFUTGtKYmRaZ2Y2WnBEVm5QWXhCWE5SUjh6T1lNejQ4RFEyMTdlRVlidDNfYk53TnlhdlJoWGpnZDAxWFJOMWpTVXZ6WGZDSnZRRjQ4LW8?oc=5","鳥インフルエンザウイルスに関する情報について（対応レベル1）,"Thu, 24 Jul 2025 07:00:00 GMT",2025-07-24
"インフルエンザ","Google RSS","鳥インフルエンザに関する情報 - city.fukushima.fukushima.jp","https://news.google.com/rss/articles/CBMidEFVX3lxTFA1RGQ0VFZoSVpBMzRhUC1yRm44emRrWURPNkF1Qk41c2tHVmhmbDI3SGYyTHdhXzZtc3pvdkQwOHl1MTB4a29JbTl4bnpFSF9SNXBoTlBCb2tkSW9CZkpPTTMwbURjeUdNaHk5ckpJaXMyY0Rn?oc=5","鳥インフルエンザに関する情報,"Fri, 18 Jul 2025 07:00:00 GMT",2025-07-18
"インフルエンザ","Google RSS","季節性インフルエンザ - city.nerima.tokyo.jp","https://news.google.com/rss/articles/CBMijgFBVV95cUxPdkRlRXJxNVppZXAyRlZoNTZTRGtUZXY2R2hsT0c3aEYzdGE2bU80aWNha1BMOU51S3k5dEo1ZjA2UXh2VlVTZUJaQjlyVUk3Q1ZPdzctdFZnWVU4REFFc2JoSXZEUlZQbXdWTUZxWnZpMUZUYkVKZHZYM3lmRTFmTktBaU1wSFNRamZTdjFB?oc=5","季節性インフルエンザ,"Tue, 17 Jun 2025 07:00:00 GMT",2025-06-17
"インフルエンザ","Google RSS","インフルエンザ情報 - city.minato.tokyo.jp","https://news.google.com/rss/articles/CBMiZEFVX3lxTE1JQUNNWk5XaTQ2ZTdMNkdQS2tuUGJRTU1BMUNPelhqR2VLaTFkYTlPbGwteTktQkhNRjkxV2xhQTUySlVWazBlYVozbDBJNmUyMXdwNkpRbWZhdlJYNDYzR3JBWFM?oc=5","インフルエンザ情報,"Wed, 23 Apr 2025 07:00:00 GMT",2025-04-23
"インフルエンザ","Google RSS","インフルエンザ - 沼津市ホームページ","https://news.google.com/rss/articles/CBMikgFBVV95cUxOb0VhMmRaNWRfUzlINGEtUWFEYldVYzg1RzRxOE5IZmlxczNhTVdfcW44MTN4TE0zazVfbWI0UXVONERld3dDZ0J6ak1BYjg5bXdpWGdDY3FmQnZ0RlBpMGZVMHp0R0oyMlMtRFFJQTBaekhPdU5NUEZmNG8wNm00TU9VaGdCY1lSUVFHRTk2UDl5Zw?oc=5","インフルエンザ,"Mon, 02 Jun 2025 07:00:00 GMT",2025-06-02
"インフルエンザ","Google RSS","牛で流行の鳥インフル 投薬遅れで耐性ウイルスに変化の可能性 - nhk.or.jp","https://news.google.com/rss/articles/CBMib0FVX3lxTFBoZTY5UHdFNTNHNUk3bHNvcEZjUUptc0ZMNG5Pdi1CRDdHdEVfSHFlOGtPc1F0bnB2RWJIUlVzVnlldnJOOGpxSGdYcXM3enR4ZzkxWFdvXzRfRmx1bEtsVzJWakJndHl6eElQU01GVQ?oc=5","牛で流行の鳥インフル 投薬遅れで耐性ウイルスに変化の可能性,"Mon, 21 Jul 2025 07:00:00 GMT",2025-07-21
"インフルエンザ","Google RSS","インフルエンザ様疾患による学級閉鎖などの措置状況について - pref.hiroshima.lg.jp","https://news.google.com/rss/articles/CBMibEFVX3lxTE1oa1JrcFVRZUpnUXhzaFc4SGFPU2RVN0JXTkdFTkZWYUlIUUxYOGdBOWswRGdTV0wtemR4T2kwTW9SLTloRkhqd2sxYkc2SUViUnRmQlZjM1ZZVGlTbEZSempDczcwRkp4MXRsMA?oc=5","インフルエンザ様疾患による学級閉鎖などの措置状況について,"Wed, 21 May 2025 07:00:00 GMT",2025-05-21
"インフルエンザ","Google RSS","高齢者インフルエンザ予防接種 - town.samukawa.kanagawa.jp","https://news.google.com/rss/articles/CBMivwFBVV95cUxOcUhRdkVEY094SE9uR1VCcERGVmtoMENIY3BnR0FRdE9ibENMbE9VVUtyNmpXZ0tqdDQzckVncHExU1pIWFVMRGxxeFN5bXlhZm1obUxSZkh6Vy1oeFRXSnlPYjRpZXhJaERmM1dlUkhCNmJpNUtjaFpBRUJVSjBSenVkYkJQRmpjclUyN21WSFZmbHhjbHl4LURlUTktUTFEdDBZNUowOVVUdDVWNzh2WkJ2ZHZXS0VsTU1BeWtKbw?oc=5","高齢者インフルエンザ予防接種,"Thu, 27 Mar 2025 07:00:00 GMT",2025-03-27
"インフルエンザ","Google RSS","那覇でインフル集団発生 児童・職員59人感染 沖縄（琉球新報） - Yahoo!ニュース","https://news.google.com/rss/articles/CBMif0FVX3lxTE1XQzhqSlhubU8wRXZQZnFFYXhVVF9Oa3hQbUItMXJpRVNWRFliYVNNeFJkTGJQMUd0bUxqb3dpU29lQUZtcWs0UDV5d1BaMlU5MlhWeGdTTU1vMG9idVdJRldUdlRwVHd5QVZCZXF3dGxKR3g4aUN2MkI2QUdvSkE?oc=5","那覇でインフル集団発生 児童・職員59人感染 沖縄（琉球新報）,"Fri, 04 Jul 2025 07:00:00 GMT",2025-07-04
"インフルエンザ","Google RSS","高齢者インフルエンザ予防接種 - town.aichi-higashiura.lg.jp","https://news.google.com/rss/articles/CBMilgFBVV95cUxPWk5YbmZjTWdoRDNiWk9jRWRuV2JYUExvYTl6TkhIbDFKTmxQNUdxRTh2UHluMWs5bWRaZnNLYVBPZzM4b2tDSFJoSzRVTC1hOHpWazVCclhUQTZlbDJRWHE3VGpoRGVJbnJKSXNTQ2U4Wnp4ZFg2Tms1TTZaTnlLZUdLc0Ixam94cGJpYWhXRi1Ub3kxdlE?oc=5","高齢者インフルエンザ予防接種,"Fri, 21 Mar 2025 07:00:00 GMT",2025-03-21
"インフルエンザ","Google RSS","インフルエンザを予防しましょう - city.koshigaya.saitama.jp","https://news.google.com/rss/articles/CBMirAFBVV95cUxQNUc5TmV3bHNsbTc2OXZ6TjRjVnRGLXZyQUE5WmNoOGZwQ3pndG9LUGhuNXFFaF9ZUGJ5bWlRaE9YdlFVSE5QeGVRekRNZlRZVXdNZXlyUFZ6bkVMczRBb2p2Ym1yU3Q3UHkwZzdyTVpvUHU2MzFYS2lrUnp1S1FaUzZMU01XZWdKaFVkZl94aV9PSlNMcmhMTUJJcWI4NXg5MXpXdjlPVUxmY0dN?oc=5","インフルエンザを予防しましょう,"Mon, 10 Feb 2025 08:00:00 GMT",2025-02-10
"インフルエンザ","Google RSS","新型インフルエンザの発生に備えて。一人ひとりができる対策を知っておこう - 政府広報オンライン","https://news.google.com/rss/articles/CBMia0FVX3lxTE1qM2ttRHlfUGhkX1JSRWM4Q2RjY3J6NkpYZ1g1RDVEREt0MXdwX25pMmM4UmEzT1BNZHJJRmlSUVh0Q0w5ZjYzS2RYZXdKb1gyaVZ1SkNsUFdyTzMyQlRrOWxWUHlyV1FEZ24w?oc=5","新型インフルエンザの発生に備えて。一人ひとりができる対策を知っておこう,"Mon, 03 Mar 2025 08:00:00 GMT",2025-03-03
"インフルエンザ","Google RSS","インフルエンザ流行情報 - city.tsubame.niigata.jp","https://news.google.com/rss/articles/CBMie0FVX3lxTE4ybERreHB5WFA5ajZSRVBTVVpPT2QxdVV4SzUyS1ZpZFhHdDg3QTJ1dXZlRzdUV1FDMGtUcEdySENpMkJlS19YWGdudC03ODNHdkZOeVlPVjNZcUktWElEQWdZQjUtMFAwVEhKcUhqX1BIUjI4YjNIcVZJbw?oc=5","インフルエンザ流行情報,"Thu, 20 Feb 2025 08:00:00 GMT",2025-02-20
"インフルエンザ","Google RSS","新型インフルエンザ等対策について - pref.fukuoka.lg.jp","https://news.google.com/rss/articles/CBMidEFVX3lxTE0xWDVTYlJEQTlBNjVydktpeWF1MlEyTG9zRFJOQmlsR1ZvUzBpVkcyZlBEeGIwaHhic21wM3prYTBkTV9DUXdZeWNQa05uRU54QTR2QXV1WGNCM29WZW1kVXNsbmtyY0Q0WnhqcWxnWFhsLUZs?oc=5","新型インフルエンザ等対策について,"Tue, 15 Jul 2025 07:00:00 GMT",2025-07-15
"インフルエンザ","Google RSS","インフルエンザの予防方法とかかった時の注意事項 - city.hiroshima.lg.jp","https://news.google.com/rss/articles/CBMid0FVX3lxTE43OGtxaHIycmlLU0p1aHY4ZXFENjhFVmdtYUh3VlRlbnF5WFY1X0xkOWpkbG1pdnU5ZlFJcUl6YnlGM2FqbjhvdGUtRlAzb0g3M3RLUFRUekhtZXZDLVZ3ZXhUd2x5T0t1RDQtRnJ3WTNrR2JhekNj?oc=5","インフルエンザの予防方法とかかった時の注意事項,"Wed, 26 Feb 2025 03:13:21 GMT",2025-02-26
"インフルエンザ","Google RSS","「福岡県新型インフルエンザ等対策行動計画」を改定しました - pref.fukuoka.lg.jp","https://news.google.com/rss/articles/CBMid0FVX3lxTE9wb1VrUjI2ek1iSlRKSEtqT0NWVGhPemo5cm9nV2VOSnBOUWljaGFnUy1ic2djVHVPOU5jNjItX3B2VUY3dWlLcGRRcmsxdHRoeWwtVHhla2w4bGRHYl9ITTNDaEp2aGRlUUxMNmwydTZHN05LOVJB?oc=5","「福岡県新型インフルエンザ等対策行動計画」を改定しました,"Tue, 25 Mar 2025 07:00:00 GMT",2025-03-25
"インフルエンザ","Google RSS","インフルエンザの流行警報を解除します - city.kawaguchi.lg.jp","https://news.google.com/rss/articles/CBMiiAFBVV95cUxQUjVTTDBvc3BrSlh4T21leVhDSlNTRWpycWNEd1hMTEZib1pRV0U3dWp2UGx5b0NEa2h4eVJsY3ZVZFFianQwaUZLYjU1SDhLdC1IckllT2dIeWZ5cEk2aXBZbkU5bGpLYzZtSnE4T2l1VXBISk9MSlNXS0JHNUdkRnNMUWUxdWlO?oc=5","インフルエンザの流行警報を解除します,"Wed, 07 May 2025 07:00:00 GMT",2025-05-07
"インフルエンザ","Google RSS","インフルエンザ - city.kobe.lg.jp","https://news.google.com/rss/articles/CBMilAFBVV95cUxPV0RPQTQzY25SR2xQWlVMZTY1bTBGSDByZlphV0NkY3dMUVpZZVc1dHVrVTJmakxSNkI1ZkdvRTUxcWJ5Tnl4c25qYnJzT0FsclB3ZlFJTDBnTnVoR1dBU2VrMnJWZFhjUkh2RGhleGpISGR2VlB1QzVCSDVpRFJRLVZidzVyczZIdWdmdWtGS3pVdlNM?oc=5","インフルエンザ,"Thu, 10 Apr 2025 07:00:00 GMT",2025-04-10
"インフルエンザ","Google RSS","高齢者インフルエンザ予防接種 - city.niigata.lg.jp","https://news.google.com/rss/articles/CBMihgFBVV95cUxPeXZNV29qNmNiZkF0aXQzenhSMnNXREpmZG5GUFFmQTlZNVJ4dXBiQUZ6c1lIMGE0bElYWWtJcXV5TkFhRGJaOEtnR0FLWVBta29oUHBDQjM5b2xuU3lUVXNzMVVFZ2ZJY2g1SGU5YW83WmIxSVdreEQ0U19oTjJjRVRzZjJoQQ?oc=5","高齢者インフルエンザ予防接種,"Tue, 01 Apr 2025 07:00:00 GMT",2025-04-01
"インフルエンザ","Google RSS","インフルエンザ - city.chiyoda.lg.jp","https://news.google.com/rss/articles/CBMihgFBVV95cUxNb3RMQ2NxQUY0SV9zOGhHMTEtRVBvcWQ4SVlaNHlGVkhma1RHZ1NsdWJvdlcyaHdzYlQ3N3g3NkR4THVHeDBVaWdUVGYxeWhZUm05M2JsMUZBUnpjdzhZNURBa3c4alBJcHZoWDVkRDZnYUQ0ODJPZjduVkNwaVJvQ0Q4cU9Pdw?oc=5","インフルエンザ,"Wed, 19 Feb 2025 08:00:00 GMT",2025-02-19
"インフルエンザ","Google RSS","2024/2025シーズン神奈川県 インフルエンザ情報 令和7年（12）2週｜神奈川県衛生研究所 - pref.kanagawa.jp","https://news.google.com/rss/articles/CBMinAFBVV95cUxPVE9EWEJLSVB6Y19TV0pkWkRVRS1pcU56RWtXdldIWnZqTXhzdElST0pSdllHVmNJT08ycE1oRGdraTdfMXVJbFBXSGFCaVhNQjVnVkpmcG15LVdVX3I1S0E1Zld3VU1mTm9Jd0loMUZDR3FXN3FHeHNQN3VvZ0dEN2stZkUyRkpaVk9zenE4MjJIWWE5cDNHNzlobHI?oc=5","2024/2025シーズン神奈川県 インフルエンザ情報 令和7年（12）2週｜神奈川県衛生研究所,"Fri, 17 Jan 2025 08:00:00 GMT",2025-01-17
"インフルエンザ","Google RSS","新型インフルエンザ等関係 - pref.shizuoka.jp","https://news.google.com/rss/articles/CBMikAFBVV95cUxQX25Xcnc5ZUtoZWVscmlCekJPWHQyeHhGemgwcTN1Q04wV1ZYTk1Qa1MzbWd1MTVJZlVkSmNpaXpmSW9aWXp0bElOQjRUZkJLeVEzbUpVc0xxVkxYaHd1d2I2dC1uZnVGa2Etd0pDZjdkdUZrUjRzRlhVbWl3VUJLTlJDM2lCcElTZk9BeVhIaTg?oc=5","新型インフルエンザ等関係,"Wed, 26 Mar 2025 07:00:00 GMT",2025-03-26
"インフルエンザ","Google RSS","新潟市インフルエンザ発生状況 - city.niigata.lg.jp","https://news.google.com/rss/articles/CBMilwFBVV95cUxPUTc3RHd2bTR5OGFuSzFqZXowbjVhMGJISVFUOUpBSkMzb1BZTlFVSHljdG92ZVU1VEY5alZWRU1VRFpXZng5QWFhQkpqa0dRdERiWWtjOFhrRWNaQ2JCbmgyVXJvN2lUWW1kZFlZVjBQaHFhSnA2SU5jc0VkbmNrejFvYm9CQTJmR3ZrdXdkb20tRThOZW9B?oc=5","新潟市インフルエンザ発生状況,"Thu, 15 May 2025 07:00:00 GMT",2025-05-15
"インフルエンザ","Google RSS","令和6年度高齢者インフルエンザ予防接種について - city.higashihiroshima.lg.jp","https://news.google.com/rss/articles/CBMigAFBVV95cUxQbkRmZkdLWktYX2V2QWd1ajQ0YVIya1QxdUZwSnpmQm8tT3dBNkl5ZHo0dS1Sd1VERi1CY0hBeEVHajFLTVVjUEZ2cW1ueHNjd2J6Rk5GbUtMUXp6REpMRkdUcjFMekh2Y1V3Ry1fYmZUM0MyWHdKWmZkQ1lfLV9oSw?oc=5","令和6年度高齢者インフルエンザ予防接種について,"Mon, 10 Feb 2025 08:00:00 GMT",2025-02-10
"インフルエンザ","Google RSS","新型インフルエンザ等対策行動計画 - city.higashihiroshima.lg.jp","https://news.google.com/rss/articles/CBMiiAFBVV95cUxPOW12SVlJeVotcHlSbnhkU1czREdnWExUQTVkM25kejlfaHBUcElheThDMUFtNTU3cFFOQXFoYlBXdkJPQWVSMlREX0lHX00yaG1mbHlYdzlUY2h5QUxRZ0NYaVlvTjhnWmF4MFY1b3h0bXhQVFI1RVRSWFBuMDdmZkNieFMxeDNf?oc=5","新型インフルエンザ等対策行動計画,"Wed, 23 Jul 2025 10:31:40 GMT",2025-07-23
"インフルエンザ","Google RSS","高齢者インフルエンザ予防接種および高齢者新型コロナウイルス感染症定期予防接種について - city.honjo.lg.jp","https://news.google.com/rss/articles/CBMilgFBVV95cUxQOC1UbVRMU3gyS0w3QlhSQlFBZERKSzdDYjJ3RktmR29lYlRzbzEzR21tTDZ3VEFvTG14ZkQ0akY0YVJzalg4dWlobndlSEY1QWkyZEZfc0I2ekRrbFBzRkNxa0ZUZW9BYlZyVGJXQlVka3hKVjR2Vk16RXprZW50a3p3NWlkaE1DbmwtSnFjbWhoUnQzeEE?oc=5","高齢者インフルエンザ予防接種および高齢者新型コロナウイルス感染症定期予防接種について,"Sat, 01 Mar 2025 08:00:00 GMT",2025-03-01
"インフルエンザ","Google RSS","高齢者のインフルエンザ予防接種 - town.rifu.miyagi.jp","https://news.google.com/rss/articles/CBMigAFBVV95cUxNdWVCazJZQkhPMmE2eGdaQkl3WkNWNzZYa2NOS3l0eklCclZwb3R0TjdZNWFiSXRNVlRoU1k4M3c4bWVkZk9LZWZjQ3pKSEhWXzEwYnlsUzBVaTVqckZSZ0R4ckJvOUVBTURCVjBIRm4zRll3NWk3WWJwdkhLTF9XWA?oc=5","高齢者のインフルエンザ予防接種,"Fri, 28 Feb 2025 08:00:00 GMT",2025-02-28
"インフルエンザ","Google RSS","インフルエンザと新型コロナ、予防接種の費用一部を松川村が未払い - 信濃毎日新聞デジタル","https://news.google.com/rss/articles/CBMiZ0FVX3lxTE0xbXNWOGJQdkJ3bF9qd1B6N3V3cjU1MzB2MHBrY0taYUp2bE4yaUE2WEZCLTBXbUlPdFc4b0g1YXhkNXFmaFQ4MlNxVE0xRk1CN0lIcGtFLUlRTVNIZmVkb1JPNUVzdWM?oc=5","インフルエンザと新型コロナ、予防接種の費用一部を松川村が未払い,"Wed, 30 Jul 2025 08:42:00 GMT",2025-07-30
"インフルエンザ","Google RSS","マウスモデルにおける牛由来高病原性H5N1鳥インフルエンザウイルスに対するバロキサビルの効果 - u-tokyo.ac.jp","https://news.google.com/rss/articles/CBMiaEFVX3lxTE9SOEM2ZnE3dndhZnBTd0FUUHlfdERXUEhuaDVBdG1jSVhWc2xyeXp6N21qaC1kTE0xT290T001Smh6UFRCTVJJeEN1SkRlQXp0dS03Wmc1aXdYOXc2T0VFcThRaTVyZ1Nf?oc=5","マウスモデルにおける牛由来高病原性H5N1鳥インフルエンザウイルスに対するバロキサビルの効果,"Tue, 24 Jun 2025 07:00:00 GMT",2025-06-24
"インフルエンザ","Google RSS","インフルエンザとは - 国立成育医療研究センター","https://news.google.com/rss/articles/CBMic0FVX3lxTE1PMXRpdWtMQ3JwQndrZ3FqQ2c4anJCRk9udzdTekM3b1VpRkUxWFdIY3ExbHpwQVo4LUlMZHJXOUdDbHZTcG1JNmM5ekxlWk5xOGtvamhmc2NRUmdzZlE5NmNXbHFvNmplUHRlZGc2aC1YRFk?oc=5","インフルエンザとは,"Thu, 14 Nov 2024 13:05:09 GMT",2024-11-14
"インフルエンザ","Google RSS","児童・生徒が新型コロナウイルス感染症・インフルエンザに感染した時の対応について - city.yaizu.lg.jp","https://news.google.com/rss/articles/CBMijgFBVV95cUxPY3V1cTk5YWdWbWs2SFdCeHVoTkU5cVV2ak9fZkhpcmJSUWZ2RENIeWFsbE1YOTFyMWRwMFFqR3ROLTA1R09tN3I4d2ZNdkEtMlRaOURhNk9lVHQ3UGxFYkRoZ3MwMzhPNWFOR3NGblNDZzRMSlBOaDl6RVY0WFhDMXZnVHNyNjh3NnFfSmp3?oc=5","児童・生徒が新型コロナウイルス感染症・インフルエンザに感染した時の対応について,"Tue, 11 Mar 2025 07:00:00 GMT",2025-03-11
"インフルエンザ","Google RSS","インフルエンザの予防について - pref.yamaguchi.lg.jp","https://news.google.com/rss/articles/CBMiZEFVX3lxTE5Lc1FTaXJveFZzVXpkNlprazZ4Yjk3WU1QM3RIT2w2ODNuMnpaNXVERnV1alV2Z2dOb3d3eVlGVW4yM0JBM3JWX1Vnd2J0RVR0T2kzb05sd1pFdjU3Z2x1dVlXSmw?oc=5","インフルエンザの予防について,"Fri, 10 Jan 2025 08:00:00 GMT",2025-01-10
"インフルエンザ","Google RSS","馬インフルエンザ 熊本県内で感染確認 国内では１７年ぶり - nhk.or.jp","https://news.google.com/rss/articles/CBMib0FVX3lxTE9uSDdadkZOZ1BNS1Q2NjYzSjI1X3A5NW1RRFhkUG5tZVMxT1RmaGp1aTNxbjN0SHpaSklXWlpxUDlqWkNoNDFYYWNuZE53NjA3MWI0TW91NElNd3BKWjZUdlpvQWZsVV9pLXdfcWVxdw?oc=5","馬インフルエンザ 熊本県内で感染確認 国内では１７年ぶり,"Fri, 11 Apr 2025 07:00:00 GMT",2025-04-11
"インフルエンザ","Google RSS","インフルエンザについて - hokeniryo.metro.tokyo.lg.jp","https://news.google.com/rss/articles/CBMicEFVX3lxTE5XaE9MaUdSZTQ4YkxNS3ZvVVNkcXhObFBQZjFldWdYTlJ4U1VaRjhzNlpkSlBjNkFqOVBKdWwzWFlZRk1WYUhkWHVPVkNOUndFQlZpYVJROTE4NEtPcUNDN1A5cDhlV09NRWlSVGdubG8?oc=5","インフルエンザについて,"Wed, 15 Jan 2025 08:00:00 GMT",2025-01-15
"インフルエンザ","Google RSS","インフルエンザについて - city.hachinohe.aomori.jp","https://news.google.com/rss/articles/CBMikgFBVV95cUxOTzB3cU4yXzR0cF9ReVVrWWxlaDVPUkxGUUlsei1tSWlEWU1IUWlKQ2tmVDlaZTEzTVRFTUxGVmRjZVRYS01LZUlMaENPdmxNQVRva29BWGEtQ05wdXkxRWFCUXIzRW81bkxNanR3OXlydWFnZkpKZE42MmJTWExCbHFsakkxcXBKX2pMWFhnRzludw?oc=5","インフルエンザについて,"Tue, 07 Jan 2025 03:43:30 GMT",2025-01-07
"インフルエンザ","Google RSS","インフルエンザについて - city.kamagaya.chiba.jp","https://news.google.com/rss/articles/CBMimAFBVV95cUxQLWtMZXlJdEhMbGZwRHVUbDYyOFRROUFqZENNUEJCUDFkcFVOaXZwS214WlVHanhXLXpTMy1vdEdrQWdyUTZkc3Z2OXhlQjU5M0t4TGJ6M2lPTFBNLVRmSDNJV1FmMWswUmNMN19KRGZPd1RuV1hPZksxVFRlVEdwTVVIX0tXUEU3eVB1cjBsSDBUcFA3NkRwWA?oc=5","インフルエンザについて,"Mon, 28 Apr 2025 07:00:00 GMT",2025-04-28
"インフルエンザ","Google RSS","インフルエンザの流行警報を解除します - pref.saitama.lg.jp","https://news.google.com/rss/articles/CBMidEFVX3lxTFBVUFpMNUlMeVpZSy01NTZMLUppXzlZSkpWemg4ak13dVVRdDFzalVQcWR3MVpCLUJkUjgwbGhSZ1ZjLVhBNkhOS1hEakZUSTkzNWJhQXlnX2pwcm8zbHZqcC1BWllQaHI4YU9lc0JvN1lQaVRJ?oc=5","インフルエンザの流行警報を解除します,"Wed, 05 Feb 2025 08:00:00 GMT",2025-02-05
"インフルエンザ","Google RSS","鳥インフルエンザに関する注意事項 - city.fukuroi.shizuoka.jp","https://news.google.com/rss/articles/CBMigAFBVV95cUxNcU9XSlBqZHRZTlBxRWw2ZmpOY0RCUzhhWWp3OGM1cXo1b2tUbFpILUl3WHZxQjhqbmZjV1Y0dC13QzNiRmdyc1hrWEhEVV9uZXhGV0VMMXZYYzJuc0ZtYndib1JiNTcwVjlPaXZRN2RaWFNNVUZmcnV0TERPSzBWVA?oc=5","鳥インフルエンザに関する注意事項,"Mon, 30 Jun 2025 07:00:00 GMT",2025-06-30
"インフルエンザ","Google RSS","インフルエンザに注意しましょう - 鶴岡市","https://news.google.com/rss/articles/CBMijAFBVV95cUxQT1NsaVkxYklmY3lvWUhmaXN0dWY1V3JHTHZHRXd6ejBCMHpBZllVczU4NzA5azVPWGZRbGpyR1RJTUlSdVpXd21lb1R2MDdSWUNZa2JHQkpxTGM1eVRDWmhZaHVRaUFDZ29XOUcwRDVrZ09KcDJUWkNXa3RDQ0RScm1hUnZoRXZlVUVNYg?oc=5","インフルエンザに注意しましょう,"Fri, 14 Feb 2025 08:00:00 GMT",2025-02-14
"インフルエンザ","Google RSS","令和７年度広島県内における高病原性鳥インフルエンザに関する情報 - pref.hiroshima.lg.jp","https://news.google.com/rss/articles/CBMie0FVX3lxTE5SX1pwVEd5Q0FZTEk5WFRaSVlvN1pLZFVBVmRoUGx2TzhWSWwzal9SeUpJOHYtYXZtSk1SbGxaYUdjR25Obmh0Y0xxcURoYzU4bWh1Z2dMLWQ2U2d2SjhEN2tfS3BYOGtlYmFmUGNrclRuWHNHb1NabHE3RQ?oc=5","令和７年度広島県内における高病原性鳥インフルエンザに関する情報,"Wed, 25 Jun 2025 07:00:00 GMT",2025-06-25
"インフルエンザ","Google RSS","人が鶏肉や鶏卵を食べても鳥インフルエンザに感染することはありません - pref.kanagawa.jp","https://news.google.com/rss/articles/CBMibkFVX3lxTE9wR2FZa2I2OFdIZDV4cmc5QTR0TlMwQmUxVy16ZVhveXVjc21uUHNJY001c1pxaERjQ3ZYNnd6VVR1OWdmQjE1LVNZUUJDWUNGVUN1OXBCdGY5MzA0WnFlRmM3cVFfUm5tZWdVVnN3?oc=5","人が鶏肉や鶏卵を食べても鳥インフルエンザに感染することはありません,"Thu, 08 May 2025 07:00:00 GMT",2025-05-08
"インフルエンザ","Google RSS","インフルエンザの流行警報を発令します ～感染予防により一層努めましょう～ - pref.saitama.lg.jp","https://news.google.com/rss/articles/CBMidEFVX3lxTE1vTVh4UmxkeGZjX0RBcnVMd3hRYjRCc3QydUlfVGsyZi1SY0d3V2RoVndtQWgzQW1KdGp1SElmd2tILVhsLWNmOGNQLVc1aHFvWkpzcHZTWEIzNEk0d25IS2ZQZ1d4amNIWUNKY2g1cmFPQTk5?oc=5","インフルエンザの流行警報を発令します ～感染予防により一層努めましょう～,"Wed, 25 Dec 2024 08:00:00 GMT",2024-12-25
"インフルエンザ","Google RSS","インフルエンザ この時期 過去10年で最多【年末年始の対策は】 | NHK - nhk.or.jp","https://news.google.com/rss/articles/CBMib0FVX3lxTFBnRldEQk4yQlNjZFM0Nk93OWg5VVgyQ3MwdjdEQ01aajZVbDJUb1J5ZFJqVTV1X1FPM3ZfYk5FTjBCQm1YYU05YTJaY2NoTWhiak9Ud3pzWTZpUmcxQkFJTjUtbk9UeHh2b0d6dmJfQQ?oc=5","インフルエンザ この時期 過去10年で最多【年末年始の対策は】 | NHK,"Fri, 27 Dec 2024 08:00:00 GMT",2024-12-27
"インフルエンザ","Google RSS","インフルエンザについて - city.hikari.lg.jp","https://news.google.com/rss/articles/CBMid0FVX3lxTFB2S3pYV09SUUtfUHdQS3UxTkpSbGdBRDUyc1ZPbmc1a1YtM2pIN0RVVkx4RW1BcUJyOFNxQkdiUU9BaDFpd1ZEV3RlY0cxenVEOUJUS3FfWTBJUGRsVVUtbGVLYVVwSVhFY0dNcmtIVHY2YTlKazFF?oc=5","インフルエンザについて,"Wed, 25 Jun 2025 07:00:00 GMT",2025-06-25
"インフルエンザ","Google RSS","インフルエンザ予防接種の費用助成について - hiezu.jp","https://news.google.com/rss/articles/CBMia0FVX3lxTE8yOTh3QUdHSkstMDRLQmhSVDdzeFkzYm5tQ0xvSGNkWHpkQW0tb3p3WElMa2htNE1OY09DdndkcS1iLUJPUEFPc1d0Ui1oZ25ZNU8zQ2FTUnNjdlNaYjRaM2h1b3VVSWtSOThr?oc=5","インフルエンザ予防接種の費用助成について,"Wed, 22 Jan 2025 08:00:00 GMT",2025-01-22
"インフルエンザ","Google RSS","県西地域のインフルエンザ発生状況について - city.kanuma.tochigi.jp","https://news.google.com/rss/articles/CBMib0FVX3lxTE9SN196NnF5d3FYYmVNZEhYUlBqM3pFV1ctemFyWmhhQUhmTjIzdmVZX2xwVlRXTGtCYlZnUUVONHhWWTFWYzZ0X1V6MURPamlUZHdlQTNzTzhXUDJFLUk0SUpwRkhsNHd4QUEyRTJFUQ?oc=5","県西地域のインフルエンザ発生状況について,"Thu, 09 Jan 2025 08:00:00 GMT",2025-01-09
"インフルエンザ","Google RSS","高校生以下のお子さんのインフルエンザ予防接種費用助成（無料） - city.chiyoda.lg.jp","https://news.google.com/rss/articles/CBMijAFBVV95cUxNX1JQQTlXOGwxaF9qVTBEWGRBOXVPbmVDQzhpa3BLVFY3VEZxQmhVNGRhdUt3bTZUVWFLVU4xOTIzY21BUzZDNXA1WlZkN21BcGtBVWlvWXotcGRwTHU4NWNkaVN0RkkxaE5OUEZROWNnVWIyQzhWOFpyUUFFTGRzUjlua0otdEh4U19rNg?oc=5","高校生以下のお子さんのインフルエンザ予防接種費用助成（無料）,"Tue, 07 Jan 2025 08:00:00 GMT",2025-01-07
"インフルエンザ","Google RSS","冬に流行するつらい感染症の予防・対策（インフルエンザ、ノロウイルスなど） - NHK","https://news.google.com/rss/articles/CBMihgFBVV95cUxNTU9Qc2JYdHlILVljWDBOcHozUEo3TWU1YXV4NmxVOGFjOExYWTEza3RYbk9xT2pRVDFET3YwOEpwM1dabXR5X3hCV3dha2lTNlpHQ1FRYk85Ny1sTWZsLVl0VGhMcEJhbUxTNmFqTXdOUF9aUmVsOFpyYVpldEp4TWZXNTZDUQ?oc=5","冬に流行するつらい感染症の予防・対策（インフルエンザ、ノロウイルスなど）,"Wed, 14 May 2025 07:00:00 GMT",2025-05-14
"インフルエンザ","Google RSS","インフルエンザ対策 - vill.hakuba.lg.jp","https://news.google.com/rss/articles/CBMivwFBVV95cUxPYzBYRlk5cXZhZFk4bDB1a3pMek9pMDQ5SnIyNUdUNTROSzg5V0ZENG1HVFJkbDM4WmVwWVY3QlNheEszNlBEQ2tZQWhUVXN4MkhqaDJ2bWc5Q3Vic09iVzcwTUpmVDVMZHVPcHhhYVpLZHpNVUY3dWhDQjVXTXJuX0FYekFqenlLaS1BV3BNakYwd1BBLUl6WHRIRm9pTHpaM3J1WGNxcGlwOUpVRGVnYXJfX0Rlc1ZTdUYzM0oyVQ?oc=5","インフルエンザ対策,"Mon, 20 Jan 2025 08:00:00 GMT",2025-01-20
"インフルエンザ","Google RSS","インフルエンザ患者数 現行の統計開始以降で最多に | NHK - nhk.or.jp","https://news.google.com/rss/articles/CBMib0FVX3lxTE5kbTNwUlVqVjlRN0FRRDJ2cnFPYl80dHZnVkhuRV9nUmcwNUZGaVBKVEY4ZF9jZGVKNFBvdmpKaUxjMkIzVW1vOEtBUDk5OEpBM3dkcmRXUUpjR1FFZmRfaV9HbGZ5Ym1SNEgwUVFBQQ?oc=5","インフルエンザ患者数 現行の統計開始以降で最多に | NHK,"Thu, 09 Jan 2025 08:00:00 GMT",2025-01-09
"インフルエンザ","Google RSS","【事業終了】お子さまのインフルエンザ予防接種費用を一部助成します【任意接種】 - city.ota.tokyo.jp","https://news.google.com/rss/articles/CBMipAFBVV95cUxNdW9pNDhKSE1vdHNucm56NDhjY2wzUElyNkVYRVFDM1d1SEJDaFlXOU1NUnoxV1hKWE9fanpMekJ6bDRaaUh1allmZHNXYjZFTHJkNXVKbVZlQ3NJMkRjS24zb0NpeDRfWUVyTTNrZzJUVUx4QXJzVXdPQlNxSTFFT1Q3bUNMSExlUkN2cER6Y1BfdmlnLXhNTXA2NE5LQ0tPeWhrNg?oc=5","【事業終了】お子さまのインフルエンザ予防接種費用を一部助成します【任意接種】,"Sat, 01 Feb 2025 08:00:00 GMT",2025-02-01
"インフルエンザ","Google RSS","インフルエンザ警報の解除について（令和7年2月12日） - pref.chiba.lg.jp","https://news.google.com/rss/articles/CBMieEFVX3lxTE5CeFlXVW5WOXMzS3BuN01xdk1Sd1pTa1djRm9JRFpMQlpCcHZSZEdCV0phUTNDZ05qT3loVElxdGN4M0RQZ3NsM0drcFdKNzlDNjBTWldaZDZ2dWVleHZWWE90X3hwMW5rY1BWYkpoNFpaZk9Cb0UxNg?oc=5","インフルエンザ警報の解除について（令和7年2月12日）,"Wed, 12 Feb 2025 08:00:00 GMT",2025-02-12
"インフルエンザ","Google RSS","インフルエンザ警報を発表します - pref.fukuoka.lg.jp","https://news.google.com/rss/articles/CBMickFVX3lxTFA2Y2QzU0Q3c2dJTEZLejFWbHUtbzFpRzNMT0NmcGhWT045djlDd2R4cjd1RF9nODVMRnRSREJnSlBPZ0M5ZGZaX21hbWtwUzNCcnNMMDFDUng2UVM5LUVOWXNWVTBSelVYYVg3Z01MM3Nxdw?oc=5","インフルエンザ警報を発表します,"Thu, 19 Dec 2024 08:00:00 GMT",2024-12-19
"インフルエンザ","Google RSS","インフルエンザ警報等の発令状況 - pref.hiroshima.lg.jp","https://news.google.com/rss/articles/CBMimAFBVV95cUxPdTdvTlVTREtITEF3dGxReENGTG5aSnhULU53NnZkOUROUnFQanRHV19HVmdiV1hLc0Vac2xYWmFTc3VsQ3NBOF9aQ3ZGX2RMZWZvdTliZlBfZ0tuc2NwNDk1ZUtxQnl4UE9rVzJTVVg0N0VUWmhZUGdQMFhVNlYzREx6T2FMM1dpZXR1a21pUVpXVXJoMmo0cg?oc=5","インフルエンザ警報等の発令状況,"Wed, 12 Feb 2025 08:00:00 GMT",2025-02-12
"インフルエンザ","Google RSS","インフルエンザの流行注意報を発令します ～咳エチケット、手洗いをして感染予防に努めましょう～ - pref.saitama.lg.jp","https://news.google.com/rss/articles/CBMidEFVX3lxTE5uaEFEaFM2Q0NkZ0xheVJ1eU83X0o3b056UmlfMDJoeVVyQXdpZUdVMU5EblBNaGcyZTdSaWNHWWtmYzNBLU1FMFFsSkd2aVN1b1gxOWxIWDdXeENScGp3SERtc0tYUmlHazJMdWU2TElXUU1L?oc=5","インフルエンザの流行注意報を発令します ～咳エチケット、手洗いをして感染予防に努めましょう～,"Wed, 18 Dec 2024 08:00:00 GMT",2024-12-18
"インフルエンザ","Google RSS","インフルエンザ患者数 大幅に減少も引き続き注意 | NHK - nhk.or.jp","https://news.google.com/rss/articles/CBMib0FVX3lxTFBiSG5uczIyUkNGYWNrSmw3aHFocjFZa2l0cE1FcDYwNWk1QVVqSUVwb2dVejBzaW9waV80Yy1vbHVXSnl0YVpPd2RudlE4cHEtdTJ5bkNIWHJTME0tVjNMZXRFVkhyVENiUEZ5TGhlcw?oc=5","インフルエンザ患者数 大幅に減少も引き続き注意 | NHK,"Tue, 14 Jan 2025 08:00:00 GMT",2025-01-14
"インフルエンザ","Google RSS","感染症対策部からのお知らせ - mhlw.go.jp","https://news.google.com/rss/articles/CBMisgFBVV95cUxOTmJpcldfbmpUdkdDbGlMTU1IaEplMjJSX2RaUFM5YjZDQnF1NXh4WGpMUHVoMU1tWGFvemtVWGI0ZHhFS05PUkhDbWZGSzVXUTZKZm9mRWxYTzBFeEhXaWNzSHNwWlhYekFiNTFiRFV5Y0xPNFREN2RuS2pZUGJsejIzSGQ0VGZ6Q2JhM0NKeG5PcVFqbjE4MGdZaHozLURCNTRycko0NTJLTVFHUkFiVmRn?oc=5","感染症対策部からのお知らせ,"Fri, 27 Dec 2024 08:00:00 GMT",2024-12-27
"インフルエンザ","Google RSS","インフルエンザの流行入りについて - pref.kagawa.lg.jp","https://news.google.com/rss/articles/CBMiX0FVX3lxTE1rV1o5Um1heHFfUklvMWlvUE1DY1lFcXZMd2NhRDhnRElOTW9tOWtoQ2tiM2RtMnFoRk5pWTNFaDFKNFprMmhsc2ZQclg3SHlSM1pnY1hkZWdmNzA0LU40?oc=5","インフルエンザの流行入りについて,"Fri, 06 Dec 2024 08:00:00 GMT",2024-12-06
"インフルエンザ","Google RSS","インフルエンザ “流行ピーク越えたか” 一方で重症化ケースも - nhk.or.jp","https://news.google.com/rss/articles/CBMib0FVX3lxTE5vUnYxUVZKTWdWREF2WFRzdGVjRGV1dTVSaVFKdEpBczB6M3RwYjBLbTFCaWxvcDlJREFHcXJZRm1NeE1Id0ZaQ29jT1lsdF8zSmN0bk9zb2VxTWRPNms2YWFlR3liV185dkdLSGJQMA?oc=5","インフルエンザ “流行ピーク越えたか” 一方で重症化ケースも,"Fri, 24 Jan 2025 08:00:00 GMT",2025-01-24
"インフルエンザ","Google RSS","インフルエンザの流行に注意しましょう - city.fukuoka.lg.jp","https://news.google.com/rss/articles/CBMimgFBVV95cUxPdThwR3pwUHhFalVmem9OV1U1c3RnSTBHUGtvNkRlUkV0dnp6VHRLdmZZaWdGdVR3UE1wT24xQ01oSkJLNGtsSVdITnFnSVYxMTlNQWZKYzRWQ0FEcm1lRVdPTFVqa1daV1hsUDlfekVsMzZYU0JNT2d0cVQ5cHUxQl9JZFJVZVZ4ZFUxZnJWd1FHZkZtbGFkblN3?oc=5","インフルエンザの流行に注意しましょう,"Wed, 12 Feb 2025 08:00:00 GMT",2025-02-12
"インフルエンザ","Google RSS","インフルエンザの予防、発症時の留意点等について - city.niigata.lg.jp","https://news.google.com/rss/articles/CBMilAFBVV95cUxQaUZnOXZjWTVnTm5SeVpRUDFmN2todjB1Sk1lSl9XaHFHOTZlaG93d1A0Y1JWaTk1M295dWZZbFdjbWhEV0h5TVRkdjBhRzFQU0RYTmxWV2Mxcmk1MS1KdjhfRm0tbTY2bGo4Y2k5Sy1WLURDbDA1UTRfSjZhYkZsTXRGOXdLNzg1UzlhbFZOSFpEdEtW?oc=5","インフルエンザの予防、発症時の留意点等について,"Wed, 08 Jan 2025 08:00:00 GMT",2025-01-08
"インフルエンザ","Google RSS","インフルエンザ警報の発令について（令和6年12月25日） - pref.chiba.lg.jp","https://news.google.com/rss/articles/CBMiekFVX3lxTE1qa09Wcm0tY3ROYUljd0Z1SXZoa214MEc1b25EVWVtYzJubkEyME4xUERlVTZDaXUzUWFTX3h5eW5uUkxIaW84cVZvckd6cFVwNHZ0dWVqejdNVXpxcHlSaXp1MEpId21fZGtscjlNRV9MYkhvMWhuZ1NR?oc=5","インフルエンザ警報の発令について（令和6年12月25日）,"Wed, 25 Dec 2024 08:00:00 GMT",2024-12-25
"インフルエンザ","Google RSS","令和6年度の季節性高齢者インフルエンザ定期予防接種について - city.ibaraki.osaka.jp","https://news.google.com/rss/articles/CBMipgFBVV95cUxPMW1QS3Z5MFhPVHEyM0pPUUJ2OHQxR19Ua2Q0ZktsSnJvYS02cE5iQ2JFWGZhWmdISU1nanpfUlBvcjN6LWdLRU13eHM0VnUwMjBTYUtUVHhwX0lCb1BtY2NsV1E3YmpBZ1ZQSWxWN1JOVGFSdnh3aVBLUWFEUWRTQk1lc2tZaFlJU3VCT181U0tRUVlXTlN5bkM3Y1paWkRra2Z6MkJn?oc=5","令和6年度の季節性高齢者インフルエンザ定期予防接種について,"Wed, 01 Jan 2025 08:00:00 GMT",2025-01-01
"インフルエンザ","Google RSS","【令和６年度は終了しました】高齢者インフルエンザ予防接種について - 横浜市","https://news.google.com/rss/articles/CBMiqgFBVV95cUxNQTB1MUtkQ3pqTWk3RXp4MWpXc3NtRXdvR3ZNRk9IRjIzWWMzaU9LTVFIRFNrMFEwYWQ2NDk4dl9CTWdaQ3hWX3JCNmxYTDZXWEdjOGthaUktT1gxUkV2YTgtcjJTcUNKYTdvckhmdmdnUE80R3hETTNOcmUyUlppdlVBdG9XbUJIQnNfX09RZFd5UFdEQXdETENkSEdFa3pGYzZraWFYRlBzUQ?oc=5","【令和６年度は終了しました】高齢者インフルエンザ予防接種について,"Mon, 06 Jan 2025 08:00:00 GMT",2025-01-06
"インフルエンザ","Google RSS","インフルエンザが流行しています！ - city.misato.lg.jp","https://news.google.com/rss/articles/CBMif0FVX3lxTE1yTU5kdkVfQ2tvRWJLaTR1Q1ViMkx2M2ZObjdXeFl1bmJXellkTzJMaFVsUmdFYllLZEk5RUFpRGRYREtLVWc3U1pHN0xxM0thWEtMc0tPZkFkaThKalg1eHY0VWFiOW5HRW9PSjhNajhRRVltZHVleXJ5SXhOcEE?oc=5","インフルエンザが流行しています！,"Fri, 20 Dec 2024 08:00:00 GMT",2024-12-20
"インフルエンザ","Google RSS","インフルエンザ患者 前週のほぼ半分に減少も B型が徐々に増加 - nhk.or.jp","https://news.google.com/rss/articles/CBMib0FVX3lxTE9hR2RfWVFyMkJwNGYwVFZiSEJSYVdDazhsMU1nNEpzbnUzQXZjWWxGLVFmNExPZjhjdm15OF85STJQamMwT2lTdkVJYVFxR3NrZDYyQ010aDFvRkg2TXh4RkVmM0ZHLWJvVkJvWUVUOA?oc=5","インフルエンザ患者 前週のほぼ半分に減少も B型が徐々に増加,"Fri, 07 Feb 2025 08:00:00 GMT",2025-02-07
"インフルエンザ","Google RSS","インフルエンザを予防しましょう!! - pref.hiroshima.lg.jp","https://news.google.com/rss/articles/CBMibkFVX3lxTE51ZnJzd1JyWld4cmpSZlFnelJRVFF6QXYwN3NCRGRHLVN2bnRmZnpKZEVteXdJOWo0VmhYQlNab1J5bFpROFBfYlRhYVV5RXRGb0FqSmhnbnVnenRnMW1rMU9xR2d5Vm9kU05OTTR3?oc=5","インフルエンザを予防しましょう!!,"Wed, 20 Nov 2024 08:00:00 GMT",2024-11-20
"インフルエンザ","Google RSS","インフルエンザ流行 “基本的な感染対策と重症化防止を” | NHK - nhk.or.jp","https://news.google.com/rss/articles/CBMib0FVX3lxTE14THpLbXQ0RzRmWTRNMzNodjRjcnBXSmhRamRXZ3k0WGhHTlVkUm5iSnNGSTJFZmdPQjMyblg5bE0wbHdiQXV3YXl3bi00QnI4d2MzcDR2QjI5TU9KTzdTUV8zTkJOc2dIZjhOcWlZQQ?oc=5","インフルエンザ流行 “基本的な感染対策と重症化防止を” | NHK,"Wed, 15 Jan 2025 08:00:00 GMT",2025-01-15
"インフルエンザ","Google RSS","インフルエンザ注意報の発令について（令和6年12月11日） - pref.chiba.lg.jp","https://news.google.com/rss/articles/CBMickFVX3lxTE1nZ2VTU093X3pHVXlfSWIxYmsweUVpOEFRSnl5LTZfYWZXTnU3aFZ2LTRUbV9tSExoUHBFX2FtNVI4YTlRM0Zxalc3enNjYlozY2NTdlFzZHV5QTdrZlVfSVlEbDBZRHFZbnZpUWtocG1UZw?oc=5","インフルエンザ注意報の発令について（令和6年12月11日）,"Wed, 11 Dec 2024 08:00:00 GMT",2024-12-11
"インフルエンザ","Google RSS","五泉市立小中学校におけるインフルエンザ等の臨時休業状況／五泉市公式ホームページ - city.gosen.lg.jp","https://news.google.com/rss/articles/CBMiZ0FVX3lxTE5VMllVVGVuZllZUHJxcmY2SFc3dnZ1UXgtVFNqRTgwMWMyc0o2blVnNzJWYXZYQWRYQ3V3cUJfMFlwSEx1WDRKOUV3bGZ6LXgwNEFVTEh0WEUzdUF3SWVWRFZxRGVhQkk?oc=5","五泉市立小中学校におけるインフルエンザ等の臨時休業状況／五泉市公式ホームページ,"Mon, 03 Mar 2025 08:00:00 GMT",2025-03-03
"インフルエンザ","Google RSS","インフルエンザ - city.yao.osaka.jp","https://news.google.com/rss/articles/CBMihgFBVV95cUxNVS1Ya1hOel9jOUt0VlZCMTZ4MjlZaGpfQnF6T0w5Zm0wekp5T3lHUHJFOTUtUkkyUXJ3WEZNUkRPTmJaMl9ub2NEdUNzUlZ4VDdqaHZ4eVBXUHc2bXh4VFk4Wmo2d0I4YmNMWU1reFlrTUJuOWpOU2d1T3FsZzgtZy01clQzdw?oc=5","インフルエンザ,"Thu, 03 Apr 2025 07:00:00 GMT",2025-04-03
"インフルエンザ","Google RSS","市立幼稚園、小・中学校の季節性インフルエンザ・新型コロナウイルス感染症等臨時休園（校）状況 - city.osaka-izumi.lg.jp","https://news.google.com/rss/articles/CBMipgFBVV95cUxQaTl5YWhZTm91a1RFcjFxV0praFp6NW9WTGluaGxJZ0VjN3hmV0FrcDlvOTQ0M01GbnpMN2VfTWlmODdkSjBsYXZRMTFMc3U2d0hjRk16UE12eXA0dDBuUlRsSHZOU2JrXzUyN0FqVmRaSXUzeER5YUVEd1lUcDBxQ2tET2lGZ1hGajQzTEtsM2hSWUtGTUF3VmxNOXlJUW5OMlY1Qkxn?oc=5","市立幼稚園、小・中学校の季節性インフルエンザ・新型コロナウイルス感染症等臨時休園（校）状況,"Wed, 04 Jun 2025 07:00:00 GMT",2025-06-04
"インフルエンザ","Google RSS","インフルエンザ患者数 4週連続減少 沖縄 新潟では注意報レベル - nhk.or.jp","https://news.google.com/rss/articles/CBMib0FVX3lxTE1qY29zSFNabjJiNXY1SXRIWnBVVXZOTzEwUmN5SWxHUjV1VFM4b2xEVkF2cXBnR2VMd3g3QUs3RGlxVVNUR1JfV1VkTURxNmJEd2xnWmJhSXRBdFlaSlZMRFRRdndEVmdJSk1XN0xvYw?oc=5","インフルエンザ患者数 4週連続減少 沖縄 新潟では注意報レベル,"Fri, 14 Feb 2025 08:00:00 GMT",2025-02-14
"インフルエンザ","Google RSS","野鳥における鳥インフルエンザ（死亡野鳥の対応）について - pref.shizuoka.jp","https://news.google.com/rss/articles/CBMifkFVX3lxTE1iVlVtU2pmMmx5OE1rV2NCQy1HRW16aTJiY2lkVHhSR2ZZOEQ4T1FFTEdWaGxYdHJPb2R3UHhwQlMwaHVsYTIxZTNKNjZnbGJkZGNkSEYwNjc5OWh2Q2RxRzNNMG1zMEtsOFROVnBjVFBkSllQNExGdURXVDFpdw?oc=5","野鳥における鳥インフルエンザ（死亡野鳥の対応）について,"Thu, 26 Dec 2024 08:00:00 GMT",2024-12-26
"インフルエンザ","Google RSS","子どもの「インフルエンザ脳症」増加も予測【注意点を詳しく】 | NHK - nhk.or.jp","https://news.google.com/rss/articles/CBMib0FVX3lxTFAzUGZXazZfMmR6X0gwMTM4WWVwNXpfWWNZZGl0dVdtem1pUG9wcmRod3h0VkpMdzZpMHJ5LWlHcjFUeHJNS1hTN0R3WGV0czBkM0tTaHRpQVpaaHVILVhlUDB5TUo3b1NhUExUWlB2dw?oc=5","子どもの「インフルエンザ脳症」増加も予測【注意点を詳しく】 | NHK,"Wed, 29 Jan 2025 08:00:00 GMT",2025-01-29
"インフルエンザ","Google RSS","北海道 根室 死んだラッコ3頭に鳥インフルエンザ陽性反応 | NHK - nhk.or.jp","https://news.google.com/rss/articles/CBMib0FVX3lxTE83OHZZUlJqUGZEbVVVUjc1VXhvNWNhQ1pMRmhaOU1iUWVkS2YxSzgyQmRjUVpoM1BxY001b3NQTi1yM2Y3VFlNRWx2MVNZUG1FNVlVN3lUZmVSS2M4RlZ1djVYWWVrbVlDLVJJY2pKZw?oc=5","北海道 根室 死んだラッコ3頭に鳥インフルエンザ陽性反応 | NHK,"Fri, 09 May 2025 07:00:00 GMT",2025-05-09
"インフルエンザ","Google RSS","インフルエンザの流行状況 - city.hiroshima.lg.jp","https://news.google.com/rss/articles/CBMid0FVX3lxTFBTQTZ1dDRkUzVFMDdtdVg5MUVXcVNrRi1yeG13SkpqeWRkVElUMFViQ2pIZ0JZaVpuWDQ1OHZPOFQ0QWgwLUt4XzhsdHNRakhSbTdBNENNU1RsVjJaNUE2cS0yRGUzX1RnS295eFI4NlFTM0V3WXUw?oc=5","インフルエンザの流行状況,"Wed, 26 Feb 2025 03:29:56 GMT",2025-02-26
"インフルエンザ","Google RSS","インフルエンザの流行警報発令について - pref.kagawa.lg.jp","https://news.google.com/rss/articles/CBMiakFVX3lxTFBFQ210N1B4ZTZGWlNLdV9XMHNCZXJqRkIwM1ctVEZJWUVKei1QYWl2TjRETDZPN2dJZXBUOFNRREk0U25UaVVzTGJ3UVRaeTF4LXBNQVV0R1UzMmQxQmdHUUJjSEg2OFRVdVE?oc=5","インフルエンザの流行警報発令について,"Thu, 09 Jan 2025 08:00:00 GMT",2025-01-09
"インフルエンザ","Google RSS","インフルエンザ患者数 前週から減少も“今後B型流行の可能性” - nhk.or.jp","https://news.google.com/rss/articles/CBMib0FVX3lxTE9iRTlZbk5oQjJhZVo1akFIcTVWd3pTQi00eGNQME0xS2tIQkw5UVVVdGQ2cUt2ZFRMZGp6Mlh2TmxFYTZYeElibTBwb1dHYVpWQXhsLXNDUEhmeWFhSWdxX18yczNDVzhrRlZ4cGJ5WQ?oc=5","インフルエンザ患者数 前週から減少も“今後B型流行の可能性”,"Fri, 31 Jan 2025 08:00:00 GMT",2025-01-31
"インフルエンザ","Google RSS","インフルエンザ流行レベルマップ 第14週（4/11更新） - 国立健康危機管理研究機構","https://news.google.com/rss/articles/CBMickFVX3lxTFA0SGdaVGZ1OHJaV3Y2Y0RYNDc3T010aEtSbFZCaXM2dXhQQVJrZ2E3Y2R4RDNUZEZTNkc3ZWktaEJ0ay16bHBGZEJRcnVuakR3cThibkdDRDBhakVhNWVNY2RSWnhkbU1MYXltYy1iM0c0Zw?oc=5","インフルエンザ流行レベルマップ 第14週（4/11更新）,"Fri, 14 Mar 2025 04:58:01 GMT",2025-03-14
"インフルエンザ","Google RSS","感染症発生動向 - city.kobe.lg.jp","https://news.google.com/rss/articles/CBMif0FVX3lxTFBJX3BncU00Y0Z6R3ZJWEtROTBDeVBTeWZ6ZnJGS3g5YVd2bEt6REtsbFpfR0ZrakpGR3c4aWNuWlQ3X2J0b2owb1VNNEFOLS1HajVNc0R6NHNGV2UzUUREUGw3QjZIZ2tkbVlyTTJCQWNXaGxWSjZ3emZHY0NUSE0?oc=5","感染症発生動向,"Wed, 09 Apr 2025 07:00:00 GMT",2025-04-09
"インフルエンザ","Google RSS","マカオで夏のインフルエンザ流行拡大…衛生当局が感染予防対策強化呼びかけ（マカオ新聞） - Yahoo!ニュース","https://news.google.com/rss/articles/CBMif0FVX3lxTE9ZMU1sVTFvc3VsYWQ0NExLcUlROWsxUEpvcVRTQW05eVVEVXpXZWdLWVdBU051NGgzQTBSRy1EWVJCOFc0MzVzUnBJUDBJTm0zM0Zjb0ZmdjdwQW9jNGIzbXlWMDF5OFdXVVRMUmJOSWp3SFVGMm15TXlJcUhsd2c?oc=5","マカオで夏のインフルエンザ流行拡大…衛生当局が感染予防対策強化呼びかけ（マカオ新聞）,"Fri, 04 Jul 2025 07:00:00 GMT",2025-07-04
"インフルエンザ","Google RSS","鳥インフルエンザに関する情報 - 農政部生産振興局畜産振興課 - pref.hokkaido.lg.jp","https://news.google.com/rss/articles/CBMicEFVX3lxTE53N0JDNWVaWjdrWTRZUFBZbExwVUU0dzVmc2xwRHhvVFVETHpfQVNZQTFxZEl0LWhsZDJtM3R2UnhiX0dxUlZwTTh2UFpjaEtaaXBjMXZvLWlkRm1FaXNXRDJlR3oxYks4M3NOcXE2RDI?oc=5","鳥インフルエンザに関する情報 - 農政部生産振興局畜産振興課,"Tue, 12 Nov 2024 08:00:00 GMT",2024-11-12
"インフルエンザ","Google RSS","「季節性インフルエンザに対する半生ワクチンの研究開発」 - u-tokyo.ac.jp","https://news.google.com/rss/articles/CBMibEFVX3lxTE4tZjZWRjh1dHJEU2NtLTl1a1ZGX05pMldicVo5a1FOdkhvNkFUT2xIZnlwZUQ4SF9TYmp0c01tX0VVSi1aUlBYNExEVkZ0NkdLYU5HeHYyWHlwQmdLTk5WSy1CLWFXYWIycnFYcA?oc=5","「季節性インフルエンザに対する半生ワクチンの研究開発」,"Fri, 18 Jul 2025 07:00:00 GMT",2025-07-18
"インフルエンザ","Google RSS","季節性インフルエンザ情報 - city.fukaya.saitama.jp","https://news.google.com/rss/articles/CBMirAFBVV95cUxOd1dTY0ZDcHZjV09JY2QxbWFDSTZvM3lWMkNDOGpDcnd5NVNMMkpEdW5CNm1YbWhwZ0ZsOHlpUlNWWFItMEcyUGpSYVZrUEQ0d1NFbldWMXh3SnJwb2tiY0s5aU53QVJDUmFqYWtEamhMY2tRdG1hSDhnZUxwT1A5Z1didXVrQUVUQWVEYzNHOWNFcFVEblR5UVN0THNDWG5WZVZhOG5DTGtoWm8z?oc=5","季節性インフルエンザ情報,"Thu, 09 Jan 2025 08:00:00 GMT",2025-01-09
"インフルエンザ","Google RSS","新型コロナ・インフルエンザ予防接種（65歳以上）開始について - city.susono.shizuoka.jp","https://news.google.com/rss/articles/CBMib0FVX3lxTE1QcEl4b2dZWDVuVTRENUE0MklBNWkyZTNOa2RELTdaS1NMQnQ2M2w5dGxOZjVZb0FoRDFFdEFlVmVwNy1CZ2lsT1pSZGE0VnV6Y0hmMmV3UTlwVERLSmRvakFubFM5X1Bnd1FyempENA?oc=5","新型コロナ・インフルエンザ予防接種（65歳以上）開始について,"Sun, 24 Nov 2024 01:46:49 GMT",2024-11-24
"インフルエンザ","Google RSS","インフルエンザシーズン到来！ ～流行に備えて早めの対策を！～ - taisho.co.jp","https://news.google.com/rss/articles/CBMickFVX3lxTE9TdXlBOUw1MndZRDk1aHJEWm9WdEEwLXk5T1hZa0RCck1NeHhVUVN0TFppZTU5clVkV1ZTRFhlaUgzY2x6cmxxYUYwUGNPY2FGMlhNWkUtLUdMN2dmQ2h4VER6cExiYUE4cElCbVlpMzVwUQ?oc=5","インフルエンザシーズン到来！ ～流行に備えて早めの対策を！～,"Wed, 04 Dec 2024 08:00:00 GMT",2024-12-04
"インフルエンザ","Google RSS","2025年度 第2回都民講座「鳥インフルエンザと私たちの暮らし：正しい知識で正しく対応」 - igakuken.or.jp","https://news.google.com/rss/articles/CBMiaEFVX3lxTFBIYUxRS0NhU282c2FJbXc3X2prbnFJNjdrNV91Vl8xSnAtVm5iWkRacDluNE9LREFqNmRmREhWRHhEVjBYTjNwQk1Jalk0X1ZnX1N2dUthY25VaGhuZUJSQ09aSDhOUlM5?oc=5","2025年度 第2回都民講座「鳥インフルエンザと私たちの暮らし：正しい知識で正しく対応」,"Thu, 24 Apr 2025 04:47:47 GMT",2025-04-24
"インフルエンザ","Google RSS","インフルエンザ脳症に注意を！重症化を防ぐにはどうすれば？兆候や発熱時の対応を医師に聞きました - nhk.or.jp","https://news.google.com/rss/articles/CBMiYEFVX3lxTE9Xa2gyVFNrQUxneUE0ZWZqckgzUFBrVTItS1JReUZNLUI0NDM4RUwwQ0Uxb1BZcW9IRmNmMjlfanFwQW9Pa1ZpRGxNbmJodmFlVElDd0R4X0ZITTI4TldRdQ?oc=5","インフルエンザ脳症に注意を！重症化を防ぐにはどうすれば？兆候や発熱時の対応を医師に聞きました,"Mon, 27 Jan 2025 08:00:00 GMT",2025-01-27
"インフルエンザ","Google RSS","インフルエンザの流行警報を発令します！ - pref.kanagawa.jp","https://news.google.com/rss/articles/CBMiZkFVX3lxTE1Gb1hMTEtjMmUtQUYyZXVxd2J1bFpYRjAtQWVMdTY5OTBpd1RiRm9oREF4S2lMYVNUM0dNYzJxVlFoQjVmNEVKNnFTSjdwRWV0VTFzcnJnb0NsRTVPUEYxem43d0IzUQ?oc=5","インフルエンザの流行警報を発令します！,"Thu, 26 Dec 2024 08:00:00 GMT",2024-12-26
"インフルエンザ","Google RSS","感染症発生状況について - 北海道芽室町","https://news.google.com/rss/articles/CBMiigFBVV95cUxPYlN0dF9MdTR1TEhVbVBxemdlMVRNWDlGRy1WdmpjU3NlMnVhZ3N4YmtRdlUxTzFhellGN0ctNkVOcDNtZXNCenRQSnRKZGFoaW9qRkZmekpuN09uT25Palh6NzZ6a0JDZXVuMFpwUnJiTHdXb2hnVXMzUUw5dnZ0M1RKZDhfODAwWHc?oc=5","感染症発生状況について,"Fri, 20 Dec 2024 08:00:00 GMT",2024-12-20
"インフルエンザ","Google RSS","インフルエンザの流行期に入りました ～咳エチケット、手洗いをして感染予防に努めましょう～ - pref.saitama.lg.jp","https://news.google.com/rss/articles/CBMidEFVX3lxTFBBOXdXZHN6TDNiRFhtYWRXU0RSaXVlellPYlU2Qm1LZlhJLWFqYUhCWlhKVHVaTDZFMVFERlBwNlgwbmJTdV9PZ3hQcF9oZlVtc3RuakVZakJ4R2k5ZDVkakx0TW5iNjQ1Y0I5NmFnRVllMXVq?oc=5","インフルエンザの流行期に入りました ～咳エチケット、手洗いをして感染予防に努めましょう～,"Wed, 20 Nov 2024 08:00:00 GMT",2024-11-20
"インフルエンザ","Google RSS","（警報が解除されました）インフルエンザを予防しましょう - city.komatsu.lg.jp","https://news.google.com/rss/articles/CBMib0FVX3lxTE8zZXh3OTdqc2tXNHdnSmpKTkk2UTdJSlg0ZXRtZVg5MDFVSDAweTNVQ2psbjNEekUyTnlDa1hFbjBlU2Y5alFwYXphVzhIbW1RcW42WkNxLUhqVGdvSXhESjdySGVtSjZxVHdaanBSUQ?oc=5","（警報が解除されました）インフルエンザを予防しましょう,"Wed, 12 Feb 2025 08:00:00 GMT",2025-02-12
"インフルエンザ","Google RSS","鳥インフルエンザ カラスで感染拡大し養鶏場に持ち込んだか | NHK - nhk.or.jp","https://news.google.com/rss/articles/CBMib0FVX3lxTE82Q3l6b3lLYXBMdkNrbWstWUlsSTFVMThuU25TNHU1R0pubVVsNVNwV1ktNmxTQWxNaWxPVE9DVmRONC1qZ2R2ZzZPVEFRbXVtVWtEYjJkbDFxNWZQSjFsbzMtYlN5THQ0R1JxNUtuUQ?oc=5","鳥インフルエンザ カラスで感染拡大し養鶏場に持ち込んだか | NHK,"Sat, 15 Feb 2025 08:00:00 GMT",2025-02-15
"インフルエンザ","Google RSS","インフルエンザ 感染ピークはいつ？流行期入り後 患者増続く - nhk.or.jp","https://news.google.com/rss/articles/CBMib0FVX3lxTE42UTB3Z1FXQ0ZIWWhXYkJNeXRfMzcyclhNY2pxZmZ4SE43YUhuSG5OV0cwZWl0WmZnUnlrOWcwOV9Id2cwWkVpUU9uR2REV2JnbHFjNnUtZ1NZSGpkdGlqaXpRZFVWc2t5VFNhQXh4bw?oc=5","インフルエンザ 感染ピークはいつ？流行期入り後 患者増続く,"Fri, 06 Dec 2024 08:00:00 GMT",2024-12-06
"インフルエンザ","Google RSS","インフルエンザ 3連休中に症状が出たら？受診の目安は？ | NHK - nhk.or.jp","https://news.google.com/rss/articles/CBMib0FVX3lxTFBMUFZwakk4ZWRjMVZWWldZUG54eHluYlVnYnJNX3dJZFNIZ0hnZTFMSHZRZmlDOG14THktTzFkMWVSai1GanBqeGpUZmc5eUtfWGVvZDQ4QTNSWmRldU1DbEdLWkxKS3hYLWlwclM3SQ?oc=5","インフルエンザ 3連休中に症状が出たら？受診の目安は？ | NHK,"Fri, 10 Jan 2025 08:00:00 GMT",2025-01-10
"インフルエンザ","Google RSS","鳥インフルエンザについて - 北海道厚岸町","https://news.google.com/rss/articles/CBMiVEFVX3lxTE9fWXdCSE50TXBJb1Y2UDBiVEtFQXljakt1VFhpSFhUS1ZWOU5nS2lSc0Z4N0N0Tm9TWGhjS3JhWlRodEZJQ1FnSGRiTXA4SDBsWkd2bA?oc=5","鳥インフルエンザについて,"Wed, 26 Mar 2025 07:00:00 GMT",2025-03-26
"新型コロナ","Google RSS","【新型コロナ速報】千葉県内、感染者１・２２倍に ７月２１～２７日 １医療機関当たり５・９１人 - 千葉日報オンライン","https://news.google.com/rss/articles/CBMiWEFVX3lxTE4zc2VEZ3h1UzFBUE5sUnFJNWhsbW9uNHFxSlhmNUVuMVJ4akx1end4VUhSX0QzQURPUzFVdXdCM256TjNUcjZnYWV3RUFRdEgzcS1FbERIX2I?oc=5","【新型コロナ速報】千葉県内、感染者１・２２倍に ７月２１～２７日 １医療機関当たり５・９１人,"Wed, 30 Jul 2025 07:33:18 GMT",2025-07-30
"新型コロナ","Google RSS","新型コロナワクチンとは何か、改めて問う 大阪泉大津・南出賢一市長「政治の役割とは、市民の健康と命、安全と尊厳を守ること」 - Yahoo!ニュース","https://news.google.com/rss/articles/CBMif0FVX3lxTE1ma2NBdXF3WHlGclc2SXZ5V2dMb3Nxck5OWXVmTjdRN0xwUjA4UXNjN1ZNZzE1X2dPVDZHNDFMaXNBb2l5alRpR0t6QlJ5SXRGS1dDeFRjZ0NBTWFxMnpRSUZ4S0t2alBLWDNmRExROVlrZXZ1RUk0ZmxjdlZmenc?oc=5","新型コロナワクチンとは何か、改めて問う 大阪泉大津・南出賢一市長「政治の役割とは、市民の健康と命、安全と尊厳を守ること」,"Thu, 31 Jul 2025 07:42:49 GMT",2025-07-31
"新型コロナ","Google RSS","コロナ２週連続増 岡山県内直近１週間 - 山陽新聞","https://news.google.com/rss/articles/CBMiUkFVX3lxTFBZVEk0WmpZNXNuRVkwcHdvcENDNjdlcmZFTUNKWkNNSk9QUGUyZ3ltUE9TU0RYWWRMZEJqTXNTS3o3S1RBSlhNRVdXQWs5WVI5d1E?oc=5","コロナ２週連続増 岡山県内直近１週間,"Thu, 31 Jul 2025 07:10:00 GMT",2025-07-31
"新型コロナ","Google RSS","新型コロナ助成金不正受給の疑い 会社役員を送検 名古屋 - nhk.or.jp","https://news.google.com/rss/articles/CBMiakFVX3lxTE5CaHF3emNXMzZmakxNZmFyallDNVBpVFJCbm15TEFHd19ydzhwUEt5WmtMdldKS2NlZndpUGJ5RnFvRGFobUQxdFZjTXhWcGVKUnJDQW1Kem16RFFBUnlpMjNuZUp5UlFhTXc?oc=5","新型コロナ助成金不正受給の疑い 会社役員を送検 名古屋,"Thu, 31 Jul 2025 02:40:00 GMT",2025-07-31
"新型コロナ","Google RSS","7月平均気温が過去最高更新へ 酷暑の中『新型コロナ』『百日ぜき』増加傾向（テレ朝NEWS） - ｄメニューニュース","https://news.google.com/rss/articles/CBMihwFBVV95cUxOQ2dsZTBoYWdibFVhTWJzMkZBZDl2MHd3aTFxelRoQ1E2V1pCTFA3U2RybjlCNEctTDdtRW5leUN6YjBIcktKMExzcHFJQ0VjUENudWZ0WWVMZnl0ai1NUTA3TlZMbkpVcFR5R0JwUUZSYUg2cWpZNi1vRHVpNjBObGxSQjVYYm8?oc=5","7月平均気温が過去最高更新へ 酷暑の中『新型コロナ』『百日ぜき』増加傾向（テレ朝NEWS）,"Tue, 29 Jul 2025 16:34:00 GMT",2025-07-29
"新型コロナ","Google RSS","百日ぜきの長野県内の感染者数が高止まり 新型コロナも５週連続で増加 - 信濃毎日新聞デジタル","https://news.google.com/rss/articles/CBMiZ0FVX3lxTE9WNjV1aFMzdFl5S09DTzVIZUQ3VGV6cmNSYmxwSGtTaURtQXZod3ZyT21rdGIwTHJwVjAyX0xZY2VOVXBrbWhvRllXcDltUnhPdWdUUkRQME9qVUxIV2todll5Z2hXUGM?oc=5","百日ぜきの長野県内の感染者数が高止まり 新型コロナも５週連続で増加,"Wed, 30 Jul 2025 21:40:00 GMT",2025-07-30
"新型コロナ","Google RSS","歌手の稲垣潤一 72歳、新型コロナ陽性に 29日・30日の大阪公演見合わせ - 日テレNEWS NNN","https://news.google.com/rss/articles/CBMifEFVX3lxTFBBRmNtclR4MHhIM3NaYVVmRkF6UzNYR0h6TnJaZUJuMzhhemY0NWhMN2tuU01JSkRhcENqZXFnSmV0VlRRVFlEUXZEeF9MbWNyck9VQWtiMWJBLVY1Nk9zVkd1b1FMeVlfRERIbW5aaWNSaUJWbkU3a21LRUI?oc=5","歌手の稲垣潤一 72歳、新型コロナ陽性に 29日・30日の大阪公演見合わせ,"Tue, 29 Jul 2025 06:36:00 GMT",2025-07-29
"新型コロナ","Google RSS","新型コロナ感染者数が増加中 夏場特有の注意点も 【鹿児島】 - FNNプライムオンライン","https://news.google.com/rss/articles/CBMiTEFVX3lxTE9td3dZdUw4WHhYdWJ3cFFPdV9sWW1RT1prTFhlTmE5WFVqcGpmS1RGd2pyd05LZi1leHc0Um9WYXhqRE9MZkU5bWZCUXg?oc=5","新型コロナ感染者数が増加中 夏場特有の注意点も 【鹿児島】,"Wed, 30 Jul 2025 09:46:00 GMT",2025-07-30
"新型コロナ","Google RSS","【「新型コロナウイルス学者」の平凡な日常】G2P-Japanアメリカツアー2024～ハミルトン、ダーラム、チャペルヒル（6） - wpb.shueisha.co.jp","https://news.google.com/rss/articles/CBMibkFVX3lxTFBfZTBjZEpQR2xwR2VraXJYd2xyc1dFajdWU2hXaHFONkFaV2tkRVFCMFdyRVFkR0p0TXNaQ3VsTVNwQmJiUzNDc18wRkNodmpQcS1VU0hnb3ItLUtsT2xxTWQzeWdPZmlXaWlGMlRn?oc=5","【「新型コロナウイルス学者」の平凡な日常】G2P-Japanアメリカツアー2024～ハミルトン、ダーラム、チャペルヒル（6）,"Wed, 30 Jul 2025 21:50:00 GMT",2025-07-30
"新型コロナ","Google RSS","新型コロナ31％増加 三重県内、先週の感染状況 - 47news.jp","https://news.google.com/rss/articles/CBMiS0FVX3lxTE9Xd0xWYVFNSGszNjNvTEc0dVFrZE9oTXRfbXVNd29uSFl3SVlNYmMtRWhHOFNIRVJwcmpWc2x0WE41Z0pIY1ZMUTc2Zw?oc=5","新型コロナ31％増加 三重県内、先週の感染状況,"Thu, 31 Jul 2025 02:00:00 GMT",2025-07-31
"新型コロナ","Google RSS","静岡県内の新型コロナウイルス・インフルエンザ感染状況について - city.fujieda.shizuoka.jp","https://news.google.com/rss/articles/CBMijgFBVV95cUxOT3diNnF5LUVWd3hWRDNpSURKamVwaktOekhGR2N4SVZKUktUUkNIRm82bmxVeXdWa3VUOEplX2tFUFNfdERRT0FJOHJRbTBEVnNGdFJoUTdFekNIV0k2X2M4RnRzWVh5bksycTFpbFF1YWhTMkN1MW1vUi1fa3NTdHpPRWZ4ZlNEblZsLUxR?oc=5","静岡県内の新型コロナウイルス・インフルエンザ感染状況について,"Mon, 28 Jul 2025 07:00:00 GMT",2025-07-28
"新型コロナ","Google RSS","新型コロナ感染者13倍に急増 リンゴ病も警報基準を超え、今年最多 大分 - TBS NEWS DIG","https://news.google.com/rss/articles/CBMiWkFVX3lxTE02NnNhMVV4YVI4dUstNG51SkI5bkF1cFUxODhxd3ZOemFXMlg1cUExWnBFSkpxdWJ1Tlh4UVhNUG1US0VVTFF0M0g5Tk00Vnl5eUZUSGJrdzFzUQ?oc=5","新型コロナ感染者13倍に急増 リンゴ病も警報基準を超え、今年最多 大分,"Wed, 30 Jul 2025 09:55:00 GMT",2025-07-30
"新型コロナ","Google RSS","新型コロナ31％増加　三重県内、先週の感染状況 - ｄメニューニュース","https://news.google.com/rss/articles/CBMizgFBVV95cUxNV2FyMS1SZnk3WThxSlVMUGxHRGM3WlAtTVJjNW1ISGRndHRhaGk5ZGstUjRwSnNhNkU1MzNHTVBxLUk4UVNUQzQ2S1FTdHY5dzVDbnZSeFNKejZXN1RhMnk3dFl1NnBneDZjZFEwMkJiY1lYTUMxZVhaT0NSdU5FSnlQMXF0YzFUZ1AyR1dnTFZSVFhzRlZSZ1h4QlRkX0RFdmJyUWpndWFnZmtxUDlBb0R2YzlFbHFLcjR1bHFTblZDVlFCZXQ4aDFVZGZQQdIBfkFVX3lxTFAwaktTWlNQbUZmWTEzc3hxTi1Bb1RqaFpmLTNQQTk4NVVkdXgtbXZfMUxnVEpzTHQ3R3VWeW13cEd0MDJiSDcwZUYtM0kzWnhFUzNSanJreWdmWFJXQmZCOWZ2c240TW9sTF9PMHdEaXdwbTRQM1ZvbFlSQjVYZw?oc=5","新型コロナ31％増加　三重県内、先週の感染状況,"Thu, 31 Jul 2025 02:00:00 GMT",2025-07-31
"新型コロナ","Google RSS","新型コロナで前年比男性＋0.01年・女性＋0.03年…どの死因が平均寿命に影響したか(2025年版)（不破雷蔵） - エキスパート - Yahoo!ニュース","https://news.google.com/rss/articles/CBMiiAFBVV95cUxOZ0JiTU9aWVdncVhPaDdTOExBUWthdU8xWU51OHVEV0ZyU05KOFR2NnY3VTQwendUZldLbzA1eHZydDJzR1pXdGphc2tiNFhwSU8waHFSdkxNLThScV9RMl9hM2hzRkc2VkdHZ0ZJRzJ0S0JrY2tOYmRYYmJIWlNZQnZEUHdNakhv?oc=5","新型コロナで前年比男性＋0.01年・女性＋0.03年…どの死因が平均寿命に影響したか(2025年版)（不破雷蔵） - エキスパート,"Thu, 31 Jul 2025 02:01:00 GMT",2025-07-31
"新型コロナ","Google RSS","社会保障給付費 2年連続で減少 新型コロナ対策費大幅減で - nhk.or.jp","https://news.google.com/rss/articles/CBMib0FVX3lxTFBSVDc3b1BCYjZaeWJiajRVbWVHaU5kYmVsSFNOaFVwTVluVjVVbmJRTHBub2FZaUFYa2ZUM0F2SlgwOHU3MDl6NDFvREVyOVQtcTVPVzY4UUZyVHQ3WTRPUkxGQ0VIbTg2NDZGUG1NMA?oc=5","社会保障給付費 2年連続で減少 新型コロナ対策費大幅減で,"Tue, 29 Jul 2025 13:34:01 GMT",2025-07-29
"新型コロナ","Google RSS","百日ぜきの長野県内の感染者数が高止まり 新型コロナも５週連続で増加 - 47news.jp","https://news.google.com/rss/articles/CBMiS0FVX3lxTFBCMHZoRXZRTURYSmRCSU9makZUSy14ZmxxV20tSzU4dkNrMzlnLXJEQS1vbC0zVDZQS2ZWNFA0NmNJU1BUYTdZWVFzSQ?oc=5","百日ぜきの長野県内の感染者数が高止まり 新型コロナも５週連続で増加,"Wed, 30 Jul 2025 21:40:00 GMT",2025-07-30
"新型コロナ","Google RSS","要注意「新型コロナ」の報告数が再び上昇中 #エキスパートトピ（石田雅彦） - エキスパート - Yahoo!ニュース","https://news.google.com/rss/articles/CBMiiAFBVV95cUxPSTJhS050SlZLNnVERExHNG1pNGlVbGFTOUVSXzhJdmxFRVhBemhlUGZTUzByRXo2blZwUUI0SEJGR1AtM0Nia2pzLVFraFNQaVBURjUwZjVCOUxYTHlrVElyWmZ0R3M3TnJMS0JzUWFJU1JOb3FldEVoeVIyaGZZQXpNZzBTMmxK?oc=5","要注意「新型コロナ」の報告数が再び上昇中 #エキスパートトピ（石田雅彦） - エキスパート,"Mon, 28 Jul 2025 23:30:55 GMT",2025-07-28
"新型コロナ","Google RSS","新型コロナ 1医療機関当たり平均患者数2.40人 4月以来2人超え | NHK - nhk.or.jp","https://news.google.com/rss/articles/CBMib0FVX3lxTFBaZ0dvbXhFTF9OOTRQS2Nqdkx0NFlwU1J2ZF9jT2N5T1k5b2wtX2NFYmdmOF9SaGo0TnAzamNLVi1xRkpHTG9lNGlZVmJKbkdWSmdTaTFndm9EdWdKWGxtR3Y4REY1UzlEc3NlSUVudw?oc=5","新型コロナ 1医療機関当たり平均患者数2.40人 4月以来2人超え | NHK,"Fri, 18 Jul 2025 07:00:00 GMT",2025-07-18
"新型コロナ","Google RSS","韓国の夏、新型コロナが再び広がる？…政府は警戒強化、予防対策の徹底呼びかけ（KOREA WAVE） - Yahoo!ニュース","https://news.google.com/rss/articles/CBMif0FVX3lxTE9YdmRzMUt1VjNGNWw0cWRLRFpBSjkzc1pNNTc2dlU5cnlabEdFQng3Y044eGE2S0FJVU5wcFV1OTg3UHNoSEUtRkpWeDFiUzI5MDZ1aWdpREJqcVRiYmhaMXZDZHQtYkFaRVBxVDNMeUs0MHl0VThwUDAtcXM5NUk?oc=5","韓国の夏、新型コロナが再び広がる？…政府は警戒強化、予防対策の徹底呼びかけ（KOREA WAVE）,"Tue, 29 Jul 2025 08:03:53 GMT",2025-07-29
"新型コロナ","Google RSS","新型コロナ飲み薬 約250万人分期限切れで廃棄 国が購入 | NHK - nhk.or.jp","https://news.google.com/rss/articles/CBMib0FVX3lxTE54R2p5U3VMbUFsTGFLalkwdUw0cFBMbTAyekVKOUc0ZzlXM21FakdUX1ZMMnB1TFJXd250bmlNZS1ya3hVOXdLT2EyNGozelNsbzl6bERXcDNqaDFqYlVwNDQwZG9aMFpYVkpPNW9WRQ?oc=5","新型コロナ飲み薬 約250万人分期限切れで廃棄 国が購入 | NHK,"Wed, 16 Jul 2025 07:00:00 GMT",2025-07-16
"新型コロナ","Google RSS","新型コロナ、韓国で夏の流行本格化か…入院患者数が5月初旬以来の多さ（朝鮮日報日本語版） - Yahoo!ニュース","https://news.google.com/rss/articles/CBMif0FVX3lxTE12Ym90QUN5dm9jNEpIWHZ6a01LTjdKLTZ1NmQ2TlN4UTQ1dnlnNTdndi1ySlFjVlBWZHp0ZVQzY1BRc0JMQ3E1Q0V1cVY2eHFrd3ZRZGFienVRUkt1Y1hIX1Rka3pjR0pvaFI1Q2I2RVBaR2taRzRjNnpWQUstUGM?oc=5","新型コロナ、韓国で夏の流行本格化か…入院患者数が5月初旬以来の多さ（朝鮮日報日本語版）,"Mon, 28 Jul 2025 01:25:00 GMT",2025-07-28
"新型コロナ","Google RSS","歌手の稲垣潤一 72歳、新型コロナ陽性に 29日・30日の大阪公演見合わせ（日テレNEWS NNN） - Yahoo!ニュース","https://news.google.com/rss/articles/CBMif0FVX3lxTFBpVzVyRW5UTy10N0RkbFk3aFNXNUc0MHloOUdiODRJTDE2M2RWeGpBdndPSVJxSHlBT3J1NlUwS090dUJEV2t4NHhBUG5GU2d6SnhMOURCTFd4ZXJlaHVwU1BMSGRxdlZIVHZxZVBGTlFiX2hJQjdvV3dCSTFvZkk?oc=5","歌手の稲垣潤一 72歳、新型コロナ陽性に 29日・30日の大阪公演見合わせ（日テレNEWS NNN）,"Tue, 29 Jul 2025 06:36:00 GMT",2025-07-29
"新型コロナ","Google RSS","新型コロナ感染者数が増加中 夏場特有の注意点も 【鹿児島】 - Yahoo!ニュース","https://news.google.com/rss/articles/CBMif0FVX3lxTE8wTnJLSWdRNXNBV1l6eFNxbzNEUEtPd3Vacm5jamM2SDd3WVpncmI4SHltQkFfbnU1YUdpOThaaEFPYlE0a20xVzBQVHlpWkFjcnN5dm1JdlVHbVJWOVdrRmJRSHd2RlZGenlWVjRXc2pYVnZkRE5YbnhMOFFTUDA?oc=5","新型コロナ感染者数が増加中 夏場特有の注意点も 【鹿児島】,"Wed, 30 Jul 2025 10:20:01 GMT",2025-07-30
"新型コロナ","Google RSS","新型コロナじわじわ増加 専門家「8月ピークか?高齢者と接するときは基本的な対策を」鹿児島（MBC南日本放送） - Yahoo!ニュース","https://news.google.com/rss/articles/CBMif0FVX3lxTE9JOVBfYXNRU2pwR1dORmJqOHZRNnM0U2J1U25XLUoyNDlkWG81ZVA3cmNPejJRQV9OeEtyODRkMlA4NlJaR0wyWmd2aUhhb1F5OFB6NXpDM1hhYkhrSGRBX1RSNFFyMWY3R3Uwd2RKZkpIZVozRkd4U0RZRDBCS28?oc=5","新型コロナじわじわ増加 専門家「8月ピークか?高齢者と接するときは基本的な対策を」鹿児島（MBC南日本放送）,"Fri, 25 Jul 2025 10:13:33 GMT",2025-07-25
"新型コロナ","Google RSS","新型コロナ患者が増加傾向 県が「感染拡大準備情報」を初発出 - nhk.or.jp","https://news.google.com/rss/articles/CBMibkFVX3lxTE1HSXNOTlozNW43MWZUdHI2OV9BaHhQd3BmZ1diNmhfSDlRRG1vcUtUX3JTQzI4SVhVc05mejJBVVZmZ0FMYnMtb2pwc1pGSnRJSDJldy1LMGlxUE0ydDhMSUZ2dEV4RGZZSHJYSlF3?oc=5","新型コロナ患者が増加傾向 県が「感染拡大準備情報」を初発出,"Fri, 04 Jul 2025 07:00:00 GMT",2025-07-04
"新型コロナ","Google RSS","コロナ感染者数、15週ぶりの1万人超え - 定点報告数は17週ぶり3人台 厚労省（医療介護ＣＢニュース） - Yahoo!ニュース","https://news.google.com/rss/articles/CBMif0FVX3lxTE1YMTRjM2tCWGV4MlpPME9DNVN5blk2QVhtZDRLWnhPSlVkZU93UmM3YTdQTzJ1TzBwZFZESkJwUTB4TzlBbWdVQl83UWJGWWJBWFhJcjBEUDVFNURWUmNUSnMyaTU3UFlNYTFlWHdCT1Q0OERzTVMzLS1JOC03dTA?oc=5","コロナ感染者数、15週ぶりの1万人超え - 定点報告数は17週ぶり3人台 厚労省（医療介護ＣＢニュース）,"Fri, 25 Jul 2025 08:08:00 GMT",2025-07-25
"新型コロナ","Google RSS","コロナ対策、主な事業に約31兆円 20～23年度の社会保障関連 [新型コロナウイルス] - 朝日新聞","https://news.google.com/rss/articles/CBMiZ0FVX3lxTFBNWWwySER0MUtoQlhacm8tRDhXSmRUU2E4VFMwc0o2aUJ5YW1aUDZtUktXcW4zeTB5N0JQbkdMbDA2dGx1a1BfWkd0OHA3d0xrekFfUVI0T1JpdWVJc1piWDB6REZjUWc?oc=5","コロナ対策、主な事業に約31兆円 20～23年度の社会保障関連 [新型コロナウイルス],"Tue, 29 Jul 2025 10:25:31 GMT",2025-07-29
"新型コロナ","Google RSS","青森県内コロナ感染者３週連続増加 - 47news.jp","https://news.google.com/rss/articles/CBMiS0FVX3lxTFA5SUloOUp0eFlBaTFBbUM0bDdKNF9IdWJfc0JFd190LU1sX1B0Uzg5bER2R01McUVGWkRRVkptOWxUWl9qWWN0ejJvWQ?oc=5","青森県内コロナ感染者３週連続増加,"Thu, 31 Jul 2025 03:00:48 GMT",2025-07-31
"新型コロナ","Google RSS","7月平均気温が過去最高更新へ 酷暑の中『新型コロナ』『百日ぜき』増加傾向（テレビ朝日系（ANN）） - Yahoo!ニュース","https://news.google.com/rss/articles/CBMif0FVX3lxTE5FN0o2ekJPcUtvZTJsUmFJRE1jV1ZkU3d6QlhyWE45dVlBd09fcVBvOWIwMzJMcXBlSnUyRTMtZDZ4OHdxUkR3YlhncHdQUXFIX042TlVwbUJOYWFQX1prRThFaXNVWlhSX3RtQ3AwbHBRMHpYNTdNMHpub285amM?oc=5","7月平均気温が過去最高更新へ 酷暑の中『新型コロナ』『百日ぜき』増加傾向（テレビ朝日系（ANN））,"Tue, 29 Jul 2025 16:36:54 GMT",2025-07-29
"新型コロナ","Google RSS","福島県内コロナ１３１人感染 前週比３１人増 ２１日～２７日の１週間 - 47news.jp","https://news.google.com/rss/articles/CBMiS0FVX3lxTE9mSmpzU1lXWmU1c1dlSGJHaFNkOV8zb3NTNkR1OWVrc1NuLXdvUUFXRm1LUHYweEZRTEpielc4c0FxWWVjNW9EUlZBRQ?oc=5","福島県内コロナ１３１人感染 前週比３１人増 ２１日～２７日の１週間,"Thu, 31 Jul 2025 02:00:14 GMT",2025-07-31
"新型コロナ","Google RSS","新型コロナワクチンに係る副反応について - 札幌市","https://news.google.com/rss/articles/CBMiggFBVV95cUxNNzBlWHNOVTZUY3lEYU44RXVoLW12elp6aUpRRGdKTXBfM0I3dTZGV0VGZjNTWHlHcVNvdV8xYnB5SWxsLVUydDQ4UWpmdWNhMnNMS2U0aWdHblpOZURYVTU0c0hnWEFNLUN1UW56cGk4YnNlLVVwMHFOZEx2Qml0Z0R3?oc=5","新型コロナワクチンに係る副反応について,"Fri, 27 Jun 2025 07:00:00 GMT",2025-06-27
"新型コロナ","Google RSS","令和7年度高齢者新型コロナウイルス感染症予防接種 - town.samukawa.kanagawa.jp","https://news.google.com/rss/articles/CBMitAFBVV95cUxNY0V5NkdCTk1GWDNxbUpvOVJubXpNM0MtRVNvbmxMcTFQRWNGRHdrLXR2U0RpT1hhR082NFY5cFZybXdMRlRLUXgwN3Y5dGtHZVJYbzJnZ3U4MWJSNFFWcWtxRVJJUzdUM0FuN1lfOUtxd0Rsd0FmbDVyQTV4WVBaOU5TbFNGZnJZOC1lVDU0WTJaNUxuTEpqR1N4RlhYU0trMHRBQmhwVG15bmtOMVhUMEZjSWs?oc=5","令和7年度高齢者新型コロナウイルス感染症予防接種,"Fri, 11 Jul 2025 07:00:00 GMT",2025-07-11
"新型コロナ","Google RSS","インフルエンザと新型コロナ、予防接種の費用一部を松川村が未払い - 信濃毎日新聞デジタル","https://news.google.com/rss/articles/CBMiZ0FVX3lxTE0xbXNWOGJQdkJ3bF9qd1B6N3V3cjU1MzB2MHBrY0taYUp2bE4yaUE2WEZCLTBXbUlPdFc4b0g1YXhkNXFmaFQ4MlNxVE0xRk1CN0lIcGtFLUlRTVNIZmVkb1JPNUVzdWM?oc=5","インフルエンザと新型コロナ、予防接種の費用一部を松川村が未払い,"Wed, 30 Jul 2025 08:42:00 GMT",2025-07-30
"新型コロナ","Google RSS","新型コロナ感染者13倍に急増 リンゴ病も警報基準を超え、今年最多 大分 （OBS大分放送） - Yahoo!ニュース","https://news.google.com/rss/articles/CBMif0FVX3lxTFBrUndYYW9RQzdpMEZWdlpEekh1b2hlaWhMenIzS3hrdnl0MmtQSVV4ejJGRmFtTmd0Q05KcXZTUWlxd2p5bS10dWFVRW55QU9FMDNKcUtWTUtQNXFRdlY1dF9ZRlpha01iU3E3aHA4dlpXOTgyemlzZUtzUW5mcEE?oc=5","新型コロナ感染者13倍に急増 リンゴ病も警報基準を超え、今年最多 大分 （OBS大分放送）,"Wed, 30 Jul 2025 09:56:19 GMT",2025-07-30
"新型コロナ","Google RSS","【新型コロナ速報】千葉県内、感染者１・２２倍に ７月２１～２７日 １医療機関当たり５・９１人 - 47news.jp","https://news.google.com/rss/articles/CBMiS0FVX3lxTE9LV1VzLTVJMnJka05GT2pDbmtlRnF0SWQ2MDItSkpSaGFaZVZRVmVrbkltRXozTURRRFdUNnJkUk9Rb055ZjZWTTJuYw?oc=5","【新型コロナ速報】千葉県内、感染者１・２２倍に ７月２１～２７日 １医療機関当たり５・９１人,"Wed, 30 Jul 2025 07:33:18 GMT",2025-07-30
"新型コロナ","Google RSS","富山県内コロナ感染者数、５週連続増加 （７月２１日～７月２７日） - 47news.jp","https://news.google.com/rss/articles/CBMiS0FVX3lxTE9TaVlOTFpqUWtELWhtaHFDZzhTd2dMZWtudU1IZnA5dmxxWURtZXhZWUtHdVN1NFZQbldrSlhjcmIzb2E1ZHZ5UmlDRQ?oc=5","富山県内コロナ感染者数、５週連続増加 （７月２１日～７月２７日）,"Wed, 30 Jul 2025 22:00:00 GMT",2025-07-30
"新型コロナ","Google RSS","新型コロナワクチン後遺症問題を描く映画『ヒポクラテスの盲点』、ポスタービジュアル解禁（クランクイン！） - Yahoo!ニュース","https://news.google.com/rss/articles/CBMif0FVX3lxTE9RQURSS0dSdDhjVURLQ2tVeWhDdWpsbzZfSE96TWZKeHVMbnNocF9kZnd4Mk03OGdKY1hha3JKRVVGTGJZRmsxVm1oSFl0TTZYb2ljdjlQa0FxRjZvaWNpdXNkNmlweHIybmg2RW4tRUo4a29GNXRmWVQ3cTMxeGs?oc=5","新型コロナワクチン後遺症問題を描く映画『ヒポクラテスの盲点』、ポスタービジュアル解禁（クランクイン！）,"Thu, 24 Jul 2025 08:00:00 GMT",2025-07-24
"新型コロナ","Google RSS","新型コロナワクチン接種について - city.tsubame.niigata.jp","https://news.google.com/rss/articles/CBMifkFVX3lxTE1jVDJsNmF5bHdCQ0haMGV2d2xlRFY5dDVkek5XcjhQRFBiY3Ribm9Qbno0TFItS0VpbmRtbWRSVFFLVDBtRHpiSkZud2lRaEZSS1pKMXdoTTdFN3VjOXFBTmJJeEtVcW5Gc3FvVEM5bVNBcG10R2J2NEFvUVpKZw?oc=5","新型コロナワクチン接種について,"Tue, 01 Apr 2025 07:00:00 GMT",2025-04-01
"新型コロナ","Google RSS","高齢者を対象とした新型コロナウイルス感染症予防接種（定期接種） - city.nagasaki.lg.jp","https://news.google.com/rss/articles/CBMiWkFVX3lxTE5fcDBQWlFlMXpsYWpET1lVdnBIS1pldWFBd0FDdnNpb0FvalduZS1qb1Y1OUtIdDR0ZVJUVkxoTUplRnZnaGExTHM1dFlCODVpTkRRU0lrbVVPQQ?oc=5","高齢者を対象とした新型コロナウイルス感染症予防接種（定期接種）,"Thu, 26 Jun 2025 07:00:00 GMT",2025-06-26
"新型コロナ","Google RSS","新型コロナ患者の体験を語ったSHIONOGIのCMソングを歌っている人がしりたい！（CDJournal） - Yahoo!ニュース","https://news.google.com/rss/articles/CBMif0FVX3lxTE5fQmM3bUIwY293Umc0S09rTzVMTWh3bFNwZjJSZWJQRnQzRFpraDJqc252ZTdoS2xXdFgxRFRmWnRfaGJhUnBOeXdNclpqNXFzR2RtOXJiT3l1dEMwZzhaMDJkd0o1ZlhmMnN5LWdVYmdtRUVqa1JwYWVEbGJzQ28?oc=5","新型コロナ患者の体験を語ったSHIONOGIのCMソングを歌っている人がしりたい！（CDJournal）,"Fri, 25 Jul 2025 04:45:29 GMT",2025-07-25
"新型コロナ","Google RSS","新型コロナ 全国の1医療機関当たり平均患者数 1人を下回る | NHK - nhk.or.jp","https://news.google.com/rss/articles/CBMib0FVX3lxTE13ZUVpQnBXQ0dCUTh1bDZKVl9oQ2FIUGpMOER5djZ4dkVnaU1sNm4tN3dabkNlZ0NzUVV6anhaN1pPSGNvTzluQnpLZTNTX0hPS1ZHejBtbERicWZseDlEYVZnRUQ1UE9OMERaYl80WQ?oc=5","新型コロナ 全国の1医療機関当たり平均患者数 1人を下回る | NHK,"Fri, 16 May 2025 07:00:00 GMT",2025-05-16
"新型コロナ","Google RSS","新型コロナワクチン接種について - town.aichi-higashiura.lg.jp","https://news.google.com/rss/articles/CBMiiAFBVV95cUxOeDAweDljZ3hiRllDcmprMXpNaW9FRFQ5dUpKeXFSNXZ4azFPTm9EM0NEU1hKYUxkSV91T1FWWkpYMzRVbkpDa3VPdjBjVERfU2N5elJhT2JuYVY3cTFFOXMzWHFrRUlSQW1lLXFIeUZsbTQ0WlBTNXd5WDljYV9PYWdpNmQyMzIx?oc=5","新型コロナワクチン接種について,"Fri, 21 Mar 2025 07:00:00 GMT",2025-03-21
"新型コロナ","Google RSS","「もしかしてコロナ？ 百日せき？」感染者は増加中だが実態は？ この夏、注意したい“紛らわしい”感染症を医師が提言（オリコン） - Yahoo!ニュース","https://news.google.com/rss/articles/CBMif0FVX3lxTE1kSzJrODZ4aXRFcGo0WEdMOHN0NDdJeFlWbkw4T1lIcHpsa0E5YTdiTmJkdVhPUS16MU5EaUt0QkZNcTFDOFZtVk5qbEVuNlpITEpyaFJPWmlmbHQwMTgyeGhYUksyTVA1UC04aXpsQmZnaldQb3VLUTlocGE4YUk?oc=5","「もしかしてコロナ？ 百日せき？」感染者は増加中だが実態は？ この夏、注意したい“紛らわしい”感染症を医師が提言（オリコン）,"Wed, 30 Jul 2025 00:24:24 GMT",2025-07-30
"新型コロナ","Google RSS","新型コロナワクチンの接種により人類全体の寿命がのべ1480万年も長くなったことが判明 - GIGAZINE","https://news.google.com/rss/articles/CBMif0FVX3lxTE5pVnZSbndHcWt3N2RHWWtMcjhlQWx4bFo5eEVKb1UwT19vUUdrMUM3cG94NTlMTS1sN2Y5SUVRT0NpY3J4RTVJQ2NHX281NmdmLTNGWTJ5dTd5dFRtYUV0TFJzN2NsRHRjTUUtbFJRVXdaS0NZcDc1X1FOTG9uVnc?oc=5","新型コロナワクチンの接種により人類全体の寿命がのべ1480万年も長くなったことが判明,"Wed, 30 Jul 2025 06:00:00 GMT",2025-07-30
"新型コロナ","Google RSS","新型コロナワクチン - city.fujieda.shizuoka.jp","https://news.google.com/rss/articles/CBMijwFBVV95cUxNWUJLVG8xbVFvVGJGVENkaGNCb1p2eHNQZU5mTGxtd1V2ckMzWnM3SFJBT0FfWk5CYndmRy1Ub2xPbFo0dENWVlM0U0IzMEo0MlQ2ZW5nVXVJbExlZVc4bktuMzRNQ011ODNkR2JTbnI1OVN4TEg4bzBEUXp5c1pJUzlWWmRKQ0cyUkNOWkIybw?oc=5","新型コロナワクチン,"Tue, 01 Apr 2025 07:00:00 GMT",2025-04-01
"新型コロナ","Google RSS","新型コロナ後遺症外来について - pref.saitama.lg.jp","https://news.google.com/rss/articles/CBMia0FVX3lxTE9nYUNyVlZjZzVDdWRVcEJWY3JLdG5rWmpIVFQyM1ZsWExiT1RWc2ZsbG5SUThCblk0ODRMM0p5bXNUTnhfSFFxYW9BRjhHMzh2WG1sODdCOGNDOHN2bnZyTjd2amhCVjNneVNJ?oc=5","新型コロナ後遺症外来について,"Mon, 10 Mar 2025 07:00:00 GMT",2025-03-10
"新型コロナ","Google RSS","宮崎 新型コロナ死者数 ２割減少 死亡率は全国５番目の高さ - nhk.or.jp","https://news.google.com/rss/articles/CBMib0FVX3lxTE9TN1ZVWVZFbWVRVnVlYXFrZU9IV21GVFNRRG15bmNXSy02VG9zVzNHbkFLbl9IQkJrcTFsNERNbmlzajhrTDdtQ1ptcGsyUkVHWVA2b0Q1Z0Y3TEt4S2h0VDNhN3lOVmlEeTNwY0FLMA?oc=5","宮崎 新型コロナ死者数 ２割減少 死亡率は全国５番目の高さ,"Fri, 11 Jul 2025 07:00:00 GMT",2025-07-11
"新型コロナ","Google RSS","新型コロナワクチン接種 - town.rifu.miyagi.jp","https://news.google.com/rss/articles/CBMijAFBVV95cUxOS1lNZGdDeENJazc2WkkzYllQV0JjclRXT3VoeWRTdm0xTW5HdGJJdWxEcjN4M01JQWJxbldVV2J2UTFxZVh5Y3RFZExjb1ZDWHdCTmJkRzZmVW41bjQyQlotMG1xWU9uOGZPLUNWa3I4dTZvcGE2TElrMTRGOU9nazFNR3RXUTdnb0lIYw?oc=5","新型コロナワクチン接種,"Mon, 27 Jan 2025 08:00:00 GMT",2025-01-27
"新型コロナ","Google RSS","新型コロナ、４週連続増加 和歌山県、平均患者数は３・02人（紀伊民報） - Yahoo!ニュース","https://news.google.com/rss/articles/CBMif0FVX3lxTE1NSkpETE5LWXJMc1ZGSGlBLVFWblBmeHYzaTdDOFhySWxISUtabmJsRkVTczZDOE1NWlYxYnlvSEhqWkl2UU85M2xjYUpJLWVsVTF5azE0dHVBQlJCMEtCT05OS25BVkpYY2hUUDM1NnBqRV9LVTkzOTA2MWxBckE?oc=5","新型コロナ、４週連続増加 和歌山県、平均患者数は３・02人（紀伊民報）,"Fri, 25 Jul 2025 02:39:46 GMT",2025-07-25
"新型コロナ","Google RSS","令和6年度の新型コロナウイルスワクチン接種について - city.kamakura.kanagawa.jp","https://news.google.com/rss/articles/CBMifEFVX3lxTE0zVFF5TkIyQU5DQzl6WWxEWmZHUnZ1b2R0UjJhWEVodjNsQ09JMjQzajZGSmE5bk4zQzloT3lMRUlfVUxUb3VmM3JXbkdnVTVSTjhxUjlveEs3OTZ6aloyYlM0MGNhWXhNSTZHeHVJU200N3J5SzIxWnJnenQ?oc=5","令和6年度の新型コロナウイルスワクチン接種について,"Fri, 04 Apr 2025 07:00:00 GMT",2025-04-04
"新型コロナ","Google RSS","令和6年度 新型コロナワクチン定期予防接種 - city.meguro.tokyo.jp","https://news.google.com/rss/articles/CBMikwFBVV95cUxQZHVXTFBsS2VpWFQ0cUh0Ym1RYUhpZHc4TlFCYzhyVG04cEE3eW9mdHlFTzY3ZlRpVnJkYTdlcFRQdGVGcGdZYm9JMV85VG9Ob2wwMVo0YzBEV1c0bVV0S2pocy1Bb1NKVEpqV0dfdXV4WFNTM2VITXJVdkNWNFdwNTllYXBLVW5maG4tNlZ3aTNQVkE?oc=5","令和6年度 新型コロナワクチン定期予防接種,"Mon, 31 Mar 2025 20:01:29 GMT",2025-03-31
"新型コロナ","Google RSS","新型コロナウイルス感染症予防接種 - city.kamagaya.chiba.jp","https://news.google.com/rss/articles/CBMimgFBVV95cUxPWDhva3VCM0EtaUJYUVVqQ2xfTndtcFRob3EtSGdId2hjUkQ4aHM5ZXhkZ1Y0bm1PbS12VkowNFFXdTRWd1hjX3JCSl9lUWw3Ykhyb2plcUFJMmhDV0xJazFDRzNGMjZJMjZIblhZSjdFaDhKT1MydkRwcm1BbTlHMVBLMjl4aHFQT3U4V3FOSmVfdWRhV3d2QzJR?oc=5","新型コロナウイルス感染症予防接種,"Mon, 31 Mar 2025 07:00:00 GMT",2025-03-31
"新型コロナ","Google RSS","新型コロナワクチン定期接種について - city.komaki.aichi.jp","https://news.google.com/rss/articles/CBMimwFBVV95cUxQYThvQ2FDM0ZTQTVKWjFmTndESGRma1FFUmFwdi1rajZuMmNUQXB5Mm9NVUhuTVdfM3lPSlB2NWUxN0RWdTZaSkdkeXdqN0xPWFZld2JrSnQwcWtBTXBUc1dlc1FudXB6SGFNZ3hBOUp1ZVJyMnlsZEJmS19JQUVrcEo3N0JHaXd5djZXMDFkWW5Gdy1sM3EtX0p3cw?oc=5","新型コロナワクチン定期接種について,"Thu, 23 Jan 2025 08:00:00 GMT",2025-01-23
"新型コロナ","Google RSS","新型コロナウイルス感染症予防接種（令和6年度以降） - city.niigata.lg.jp","https://news.google.com/rss/articles/CBMiiAFBVV95cUxPTzJ3bnptZWpGQktUV1otSTh3bi00enAyMzZfLUV5bEw0WUVyTU9qSEdXM1g4ZVFUVF9iMlVkVWhjNWR1dW5IbTBnS3gtYTJxaEhkX1B1b3U0QU02cjIzWmtKZnlfQnQxRVV6Sm9JaW40UGMtZ3pzN25CVFp2MTNmS0pIc0h1QUFO?oc=5","新型コロナウイルス感染症予防接種（令和6年度以降）,"Tue, 01 Apr 2025 07:00:00 GMT",2025-04-01
"新型コロナ","Google RSS","新型コロナ 高齢者施設の入所者が入院できず死亡 実態を検証へ - nhk.or.jp","https://news.google.com/rss/articles/CBMib0FVX3lxTE9pd3BKQ0NiYXRxcFJ1WlZ0LU05TFFLTnJvdkRMaVhNcGJWaVhZeDdwak1BS1B5c1gxa1QwQnRfYUZNckJUVjNNdVAwVTFaWVRMbEtKdmY5bFRlSXQ4R1ZycXlLYUNGOVZvWmNJLU1YNA?oc=5","新型コロナ 高齢者施設の入所者が入院できず死亡 実態を検証へ,"Thu, 08 May 2025 07:00:00 GMT",2025-05-08
"新型コロナ","Google RSS","新型コロナ治療薬パキロビッドにリトナビルが配合されている理由 - 日経メディカル","https://news.google.com/rss/articles/CBMikAFBVV95cUxOcFlWdXZTaHhaczkzN2ZPYjAtNURZSXdZUTdrT05ILXVtT25yYjV2czNHSmFvalhRSGE2TEVsZ0tKUWdMNGZ6NzRlbG55UnZmemVQcHd5dFJiei05aThxYmRNdGU4R1lJZnJWU0VfYXJJYVd5SEVZSHlENFBKTXBtQ2NKWXVSUXRqcC00bWlEdVg?oc=5","新型コロナ治療薬パキロビッドにリトナビルが配合されている理由,"Mon, 21 Jul 2025 22:45:01 GMT",2025-07-21
"新型コロナ","Google RSS","中国で毎日147の村が消滅している衝撃 - 現代ビジネス","https://news.google.com/rss/articles/CBMiT0FVX3lxTFBsTWV3bXI1VU1VdUF2Z1pxem04aEMzWTFtcGxQbmQxczg1bU1wYTAtNE1Nc2ljNFpxYU9yYWt6MW1LaVZ6OTdvbUg4dVNSUWs?oc=5","中国で毎日147の村が消滅している衝撃,"Sat, 26 Jul 2025 21:04:00 GMT",2025-07-26
"新型コロナ","Google RSS","新型コロナワクチン接種に係る救済制度 - 横浜市","https://news.google.com/rss/articles/CBMiuwFBVV95cUxQS3B5MVRlMlRnQXpzd1N6enBHMDVSTklmMkgxMHhGbWVNRm8yVFdmRmZVUzlZQnJudUVoZTNFY0RwZjJ2NXZJSXlEd0FUbm9VRVBtWWtFZjRTSHEtYS0tZi1yemd2YUNLUHZ4dzNrVW0xdnpndFhrZ2R4a1djSXB5djNUbnRVVDBFci13Nlp4ZV9KdGZncGwwZkt1SHAtWkZTWnFpVmRVWXVubG5hNDZKMndjdFpSTTEwc2Yw?oc=5","新型コロナワクチン接種に係る救済制度,"Fri, 16 May 2025 07:00:00 GMT",2025-05-16
"新型コロナ","Google RSS","新型コロナ“再流行”の危機迫る…変異株「LP.8.1」急増中、WHO「ワクチン接種の継続を」（メディカルドック） - Yahoo!ニュース","https://news.google.com/rss/articles/CBMif0FVX3lxTE9KX3EzaWRvcVBOQmk1VTgzOHBLaEc5ME9IdWpiR252Y0N4UWUtLXQ2bGU4RmJZd0dKc19oWXM4bm9aS0JQWElybm5raGZSR2Jsc0FIMFlxbDBHOVJsOGMyZHUtNTQ5R2NmdXpOS1FQX3NBbG9LRG1EU0dpTmJqdzQ?oc=5","新型コロナ“再流行”の危機迫る…変異株「LP.8.1」急増中、WHO「ワクチン接種の継続を」（メディカルドック）,"Wed, 28 May 2025 07:00:00 GMT",2025-05-28
"新型コロナ","Google RSS","新型コロナなど感染対策の経費 “今の診療報酬 不十分”7割超 | NHK | 医療・健康 - nhk.or.jp","https://news.google.com/rss/articles/CBMib0FVX3lxTFBkd3JIbHF6cTJ5MmlmOHdXdUVJMUVXSkZZOFdJVHViUE12WHBIMFBTbno3V240SVJlTnlFWmlFZVlRSFJfaXpnLUN5bzl4XzEwRm9QZGRoTFd0d1dBd3RwbFh1MGd3Ry1GZHYyNlBSaw?oc=5","新型コロナなど感染対策の経費 “今の診療報酬 不十分”7割超 | NHK | 医療・健康,"Fri, 13 Jun 2025 07:00:00 GMT",2025-06-13
"新型コロナ","Google RSS","新型コロナワクチン接種について - city.namerikawa.toyama.jp","https://news.google.com/rss/articles/CBMie0FVX3lxTE05SENPZ3J2cHVzRFA3ZHlWY3BXNGhDZ3E5d2xWWmpvMkxyd01VQkpoM2o2TTk3dnEwbHRtWmphOVVDeXlLZjRsVnAxTzRqMUt1VzhENlJkaUZRREpTRUtiaXAtOG53MTlOV0RiVy10NGNwMW9naWMzUk5vaw?oc=5","新型コロナワクチン接種について,"Mon, 28 Apr 2025 07:00:00 GMT",2025-04-28
"新型コロナ","Google RSS","新型コロナ 宮崎県内の感染者数が前週の約2倍に 手洗い・うがいや咳エチケットの徹底を - TBS NEWS DIG","https://news.google.com/rss/articles/CBMiZ0FVX3lxTE9wYnFLSnoxV1lLdzhtVU1fSU1ROWkzUmx5R1lrSzIxM21PdHpkVEtrUXpDT2dnY0cxOEd0X1Z3ZE5PMWJxY1dBODBSM0JwTmZEUzQtbk0yRWJyN1RGdkM0am5xNlZGUk0?oc=5","新型コロナ 宮崎県内の感染者数が前週の約2倍に 手洗い・うがいや咳エチケットの徹底を,"Thu, 24 Jul 2025 10:16:00 GMT",2025-07-24
"新型コロナ","Google RSS","「カミソリ刃の喉」が症状？ 新型コロナ変異株「ニンバス」、夏の感染拡大に注意 - Yahoo!ニュース","https://news.google.com/rss/articles/CBMif0FVX3lxTE1vOWplaGpvX3ZJbl9KZE1lSmxUdTVZcXZqWUJwNEwtRHB1dlV6N002V1pUTUVqQTdOd3JKZmR6a21xWWk5WVBWRmxkelptZ0VFckRNTFprMENhN2NTd2NHN1N1RlF5MDdMZnRUMzJrZVRqSkJOek11czEzWjFCcGs?oc=5","「カミソリ刃の喉」が症状？ 新型コロナ変異株「ニンバス」、夏の感染拡大に注意,"Sat, 28 Jun 2025 07:00:00 GMT",2025-06-28
"新型コロナ","Google RSS","高齢者新型コロナウイルス・インフルエンザ定期予防接種 - city.fukushima.fukushima.jp","https://news.google.com/rss/articles/CBMidEFVX3lxTE5WTUpkeFhXMnlyd2xBSy1rYlczT1N2Y042elNJbFRHNVFWQzRkNGRYdGtJZ2VhQlpwbjBPZWRZdWF2MTBmenNIX1YwTV9mNFlZZHY5enVFaHRmSXlEN3k1cWxYcTBMdVVHQWU5RThiTTRNRDJ2?oc=5","高齢者新型コロナウイルス・インフルエンザ定期予防接種,"Tue, 01 Jul 2025 08:16:17 GMT",2025-07-01
"新型コロナ","Google RSS","令和6年度の新型コロナワクチン定期予防接種について - city.ibaraki.osaka.jp","https://news.google.com/rss/articles/CBMimgFBVV95cUxNZjBXcWZvQ3VWd0k3U2kxS1RfS3ZNcTRLSVB4eWRZZnVCeXdmNG1IcndTNjQ0VFdrc1hpX0s1NVpwTEpPVTV0WkRsZ3A4aVpxU0t1Tm1CdDRSLVJ3WnllbjFDMFZJTkRYLXpHY3BVS3BGYmtXTjR0QkpjRTBMa3FoRUtHN1kwaVFVajItT3VHdnZmaHpCWlc2blZR?oc=5","令和6年度の新型コロナワクチン定期予防接種について,"Wed, 01 Jan 2025 08:00:00 GMT",2025-01-01
"新型コロナ","Google RSS","新型コロナウイルス感染症について - pref.hokkaido.lg.jp","https://news.google.com/rss/articles/CBMiYkFVX3lxTE5DOWdRbHlSSVZ4WnBwbmFDZ0ZwaWVDVDhUZS1NVThDZVVGaFpSSFBTXzVNX0tpY3FUNmQtMlNWakszcWNoVFI2S1MwNlpjZGJCaVFPZzEyWWVsQTZrWWpvOVV3?oc=5","新型コロナウイルス感染症について,"Tue, 22 Apr 2025 07:00:00 GMT",2025-04-22
"新型コロナ","Google RSS","（３８）新型コロナと球団のパズル - 熊本日日新聞社","https://news.google.com/rss/articles/CBMiT0FVX3lxTFBDR1ZGbURhNVR5dGFSQTU4WUNKdVBEbWdBNzVnT0tmdjlaQ1hyQ0taQ3BxMlYwbjlTdjB3XzVYaV9DdDhCX3poVFp6OE1MQU0?oc=5","（３８）新型コロナと球団のパズル,"Sun, 27 Jul 2025 20:19:36 GMT",2025-07-27
"新型コロナ","Google RSS","令和6年度新型コロナウイルスワクチン定期接種に関する情報 - city.hiroshima.lg.jp","https://news.google.com/rss/articles/CBMiigFBVV95cUxOOWx4WGdkeWFLSXVDeEhVNzl4SVRGVDBTQjYzS3p4TW9QWGNEaS1LQjdaNDc2Ukt4bDJvYjE3VVVhSmhqMHV1aTlmYXNvcmdOVElhZTZjcDJvV0lwS0l0RUdpVzBVblR2UFNVYXdEbTEzZXZMMzVUNEtkbnVTNGdoY2RVV1FfNnI2dHc?oc=5","令和6年度新型コロナウイルスワクチン定期接種に関する情報,"Wed, 26 Feb 2025 08:49:30 GMT",2025-02-26
"新型コロナ","Google RSS","「新型コロナ」アジアで急増中、日本も“再流行”の不安…コロナ禍に逆戻り? 医師の見解とは（メディカルドック） - Yahoo!ニュース","https://news.google.com/rss/articles/CBMif0FVX3lxTFBGX191MmtqSldRbm8yUnZ5a2FYTEtBU1l0WkY4UUwybElNNmN4Q1N4bGRMc29Lc0ZwdU8wZzNUN1JUZVBnYk9mYUs0cDZwZ1ZGbkllb3ctRnZKTlFIU0pEX3AxVFlxQWtRNDNocmNaNWJKRnlyeTVYMHBYZWZUVDg?oc=5","「新型コロナ」アジアで急増中、日本も“再流行”の不安…コロナ禍に逆戻り? 医師の見解とは（メディカルドック）,"Fri, 06 Jun 2025 07:00:00 GMT",2025-06-06
"新型コロナ","Google RSS","【新型コロナ速報】千葉県内、感染者1・32倍に 7月14～20日 1医療機関当たり4・87人（千葉日報オンライン） - Yahoo!ニュース","https://news.google.com/rss/articles/CBMif0FVX3lxTFAzZVQyZkdYQm15dWNvUTEwX0dNZWNGbUkwcVhrWjdCY3BaNklhZEIwZjN6cWNIdk9NNEZEU0Y5bzVsdzdXWmphS0xvcnlfN1FTNHR3MnNlTzRuTTEzeDMxR0Q3b21UUWF0Y1ZkMmtybnVSMjJTdi12Sjk1YXZMeXM?oc=5","【新型コロナ速報】千葉県内、感染者1・32倍に 7月14～20日 1医療機関当たり4・87人（千葉日報オンライン）,"Wed, 23 Jul 2025 07:00:00 GMT",2025-07-23
"新型コロナ","Google RSS","八幡浜の飲食店 新型コロナ助成金 ４７００万円余を不正受給 - nhk.or.jp","https://news.google.com/rss/articles/CBMib0FVX3lxTFBiV0N1TnFmN3JjZDNWcnhyVkU3bFVZRzBWblhXbzBiMlVCTFZtY0xDQzh0LW13Y090VXpOeWFwOWJLWXlEQlRucXRXakVsazB3N3pYODNQT0FtVmdnY3k1bjZMZ2szRlBhYURtVGJBWQ?oc=5","八幡浜の飲食店 新型コロナ助成金 ４７００万円余を不正受給,"Fri, 18 Jul 2025 07:00:00 GMT",2025-07-18
"新型コロナ","Google RSS","千葉県の新型コロナウイルス感染症情報 - 47news.jp","https://news.google.com/rss/articles/CBMiS0FVX3lxTFBDS3NtSXQ5NTVrZVgxM3lGS2N5a2ZzRzY1bFhQaVZ2aWRTWWpvTmxZX3NTSHRMcjFIeVFnbkV4VmxWT3lLYWhCRFRsMA?oc=5","千葉県の新型コロナウイルス感染症情報,"Wed, 30 Jul 2025 07:50:19 GMT",2025-07-30
"新型コロナ","Google RSS","米厚生長官“新型コロナを推奨予防接種スケジュールから削除” | NHK | アメリカ - nhk.or.jp","https://news.google.com/rss/articles/CBMib0FVX3lxTE9nMW5WbmZjX0R1ZFpQekNUTnZiODVkVFcyMVZaSkZWLXA2UHFBZjFQZ1Z5UzdFemV6UUs3VkpPSk4ydkxCQkI5dWg3QWtUVjdUNllzT3JKRlQwQmhxUE9RM2tDcGhLa0RCUnFqQWNjcw?oc=5","米厚生長官“新型コロナを推奨予防接種スケジュールから削除” | NHK | アメリカ,"Wed, 28 May 2025 07:00:00 GMT",2025-05-28
"新型コロナ","Google RSS","新型コロナ 新規感染者が4週連続増加「換気や手指消毒の徹底を」 百日ぜきは高止まり続く 鹿児島県内 - 南日本新聞","https://news.google.com/rss/articles/CBMiWEFVX3lxTE9hd1F3SDd5cklaak9hRTJWNmhWeEJCX0toM1VsZWEwLXNGeGdzb3laSl9OZ0tXZW5pekQ0bGZvb1ZhUVU0dmozajZXZnpiYWJyYm9NV1pZa2o?oc=5","新型コロナ 新規感染者が4週連続増加「換気や手指消毒の徹底を」 百日ぜきは高止まり続く 鹿児島県内,"Thu, 24 Jul 2025 10:26:00 GMT",2025-07-24
"新型コロナ","Google RSS","盛岡の平和タクシー 破産申請へ 新型コロナで業績悪化 - nhk.or.jp","https://news.google.com/rss/articles/CBMibkFVX3lxTE40X3hRNFJpVGZvaGdSVktiR2tHUzJoRmoxUHlJb25sNW5aMl9sUU1NcndrN3cyb1NhbG1LNzJoM3pOYl92bXB3bHRHbHBvNkF0cXRudEVpX3U4SHlVT0xXTnFJYWZGcDg5QTdmd1Nn?oc=5","盛岡の平和タクシー 破産申請へ 新型コロナで業績悪化,"Tue, 15 Jul 2025 07:00:00 GMT",2025-07-15
"新型コロナ","Google RSS","【新型コロナ】宿泊・自宅療養証明書の発行 - city.hiroshima.lg.jp","https://news.google.com/rss/articles/CBMif0FVX3lxTE5JaFBZa0FkYi1rQjQtbzB0VU1Ua1VvZ1pTOVdCdU9Bd2tQT29LS3dvZlhGUU95NHQ1eU5xV2ZzeWRqd1hfdWpQU040S2M0ZF9Ndjl2Qkdzc1RlTDlFN2JPdGpPZmZyc190YjBjYThXcHowTUVhQWRZUktMaGJLM1k?oc=5","【新型コロナ】宿泊・自宅療養証明書の発行,"Wed, 26 Feb 2025 03:10:15 GMT",2025-02-26
"新型コロナ","Google RSS","新型コロナウイルスの変異株「XFG」が世界で広がっている - WIRED.jp","https://news.google.com/rss/articles/CBMijgFBVV95cUxNODR1NTNRbGNrUERqQ3dUX1dMY1g5Z2xlUGdQdDQwRW1zZTlTRS1sOWNjMUNicU1CN3h3YXFQQThqMkUxUTNNdlRUNlBCakJyeXQ4bzFlZnZxX2xQYWdITXh0TjhiMzViM3dHUEZVQ1VZNGo2RmEyQ0ZubVpCYnNFaTBsa3NmY2FOMFNKaWlB?oc=5","新型コロナウイルスの変異株「XFG」が世界で広がっている,"Fri, 04 Jul 2025 07:00:00 GMT",2025-07-04
"新型コロナ","Google RSS","新型コロナウイルス感染症の罹患後症状（いわゆる後遺症）について - pref.kanagawa.jp","https://news.google.com/rss/articles/CBMiZkFVX3lxTE5SVml2X1Bnem8xZFJ1YTgzeThneklLajFPaDVYaDhFQzkxNGQzbGtEOXNhbzAyLXgtY2ZKSDk2eHA4V1B0Tk1qeWlhMEVnN3hLYkZwV2NIWUpjUHY3dHI0OVRCUEFOZw?oc=5","新型コロナウイルス感染症の罹患後症状（いわゆる後遺症）について,"Mon, 03 Mar 2025 08:00:00 GMT",2025-03-03
"新型コロナ","Google RSS","新型コロナワクチンの臨時接種に係る健康被害救済制度について - 札幌市","https://news.google.com/rss/articles/CBMijgFBVV95cUxNZlFmNUpELTRoQWs4R3I3aFdDaVV2Q0wtWmZLSkd1RURBR1VsSDJEYWhjRG9FM2gyU0JnMXNWWjdhbHpjNEJ0T2xFdVQwTWY0R29pRWUwUFZPUGJHWm02VXR6VEpsRjBPSGI0SmRhUEhGWmlCR01ySGFTYWx2SG5Gb3g5UUktU0tXRlRRRVh3?oc=5","新型コロナワクチンの臨時接種に係る健康被害救済制度について,"Fri, 27 Jun 2025 07:00:00 GMT",2025-06-27
"新型コロナ","Google RSS","尾身茂氏、新型コロナワクチンの効果は「あまりなかった」と断言 橋下徹氏は「メディアが煽りすぎた」（エンタメNEXT） - Yahoo!ニュース","https://news.google.com/rss/articles/CBMif0FVX3lxTE5YczdpSmVhN0tjUFhSY2dJQjlxSWFPbzVGYmxHbWhxOHFudklDWXo4M2tzZl9JcjNLb2VpdFYtLV9lR25vVkx2X3NiX01FOWhMOFNtUHN5dmxJZHBlaTFEN3hOUWxZLVpjNDBhZHVGY1BMTUg5NTY5VEF4aktNLUU?oc=5","尾身茂氏、新型コロナワクチンの効果は「あまりなかった」と断言 橋下徹氏は「メディアが煽りすぎた」（エンタメNEXT）,"Tue, 10 Jun 2025 07:00:00 GMT",2025-06-10
"新型コロナ","Google RSS","［感染症］ 新型コロナウイルス、第25週以降増加続く 感染症週報 - 厚生政策情報センター","https://news.google.com/rss/articles/CBMiU0FVX3lxTFA3SWtrUDZJVmZUSzktZVptQnVFZUdaOWFXR1pha3pVcEVoTGI0bTVaZTZ0N2Q0Z2ZDY3dkQWR0NG5rOTQ4eFZIcG1nekFKcmxZa0lN?oc=5","［感染症］ 新型コロナウイルス、第25週以降増加続く 感染症週報,"Mon, 28 Jul 2025 07:00:00 GMT",2025-07-28
"新型コロナ","Google RSS","新型コロナ 定点当たり感染者5．29人 ／佐賀 - 毎日新聞","https://news.google.com/rss/articles/CBMiaEFVX3lxTE5ZWjlNWW5jeHdaU1JacFd1ZENCN0FibDcwX1d3UWNsRTRkbWZVUHkySFdEdVYwZEpUSXgtMm4zRldEMkhhTmtwUUJPekhuTWlxRHpBTXFSWG1tend6Yi1QSjdWOWxIOTZO?oc=5","新型コロナ 定点当たり感染者5．29人 ／佐賀,"Thu, 24 Jul 2025 20:05:18 GMT",2025-07-24
"新型コロナ","Google RSS","コロナワクチン定期接種 今月末に期限も高齢者接種率は約2割か | NHK - nhk.or.jp","https://news.google.com/rss/articles/CBMib0FVX3lxTE9Ga1g5VWQ0SEJnX01tbWtRNE5JakpoOUZPeXI2TXdPcG9hV2VmUW1UTFRNWDVKM0EyUkduSDBLZ2dnVnBLODFoZzNsZFN6dGpfLVVmN1o1SUlhR1FEVmhoQVI3ckFNMXpJSlBHM19lbw?oc=5","コロナワクチン定期接種 今月末に期限も高齢者接種率は約2割か | NHK,"Sun, 09 Mar 2025 08:00:00 GMT",2025-03-09
"新型コロナ","Google RSS","WHO パンデミック条約 全会一致で採択 新型コロナの教訓踏まえ | NHK - nhk.or.jp","https://news.google.com/rss/articles/CBMib0FVX3lxTE9WWEg4X3pVSjc3Zlp3Z1FQT0dPMXlCQ1NNbktSQjlnRkdZSk5jeGVPZjVHdnVJVUFmUWZhdm5jNlEyRlQ5WmRlMTRPOU1zY0VrOGdEYnBzcS1Tck9oNUlDaHVuZk9UYURfUURnWFY0RQ?oc=5","WHO パンデミック条約 全会一致で採択 新型コロナの教訓踏まえ | NHK,"Tue, 20 May 2025 07:00:00 GMT",2025-05-20
"新型コロナ","Google RSS","新型コロナウイルス感染症について - city.komatsu.lg.jp","https://news.google.com/rss/articles/CBMicEFVX3lxTE9yaU5pcUUtaDc0ZTVWQ3dDaFVCZWtVQ1Y1dzZLRGpHQ2dnT2JoWFdTM1lqMGVXNkdIMmdfT1ZOeHNLLUwxWm1VMWJSS2JUZ2hla0FIY1l5dVFkQm1ZZzFpUWlvYXU2ZVhIR2trZXp4bm4?oc=5","新型コロナウイルス感染症について,"Thu, 03 Jul 2025 07:00:00 GMT",2025-07-03
"新型コロナ","Google RSS","新型コロナ感染症は依然「流行→沈静化→流行・・・」を繰り返し、2025年1月には医療費全体・医科外来医療費の「2位」に再浮上―健保連 - GemMed","https://news.google.com/rss/articles/CBMiSEFVX3lxTE9kUWhCWHdVbjV4eU45c2w1LTFCeDNfY1BhUnBEaFBhWVpYSGtyOWhoV2VNeklWbzJkSGstTmVCVkdjZ0VlZF92cw?oc=5","新型コロナ感染症は依然「流行→沈静化→流行・・・」を繰り返し、2025年1月には医療費全体・医科外来医療費の「2位」に再浮上―健保連,"Mon, 07 Jul 2025 07:00:00 GMT",2025-07-07
"新型コロナ","Google RSS","新型コロナウイルス感染症に関する「よくあるご質問」 - 札幌市","https://news.google.com/rss/articles/CBMib0FVX3lxTE0tSnR3UW1vSkhLeGlvV2c5dnJfd2RTUHZweWI4cW9jeVlDckpvT0FaSVBEc1R0UUdXaXBOY1BIa1lfUkxOanoyM2JaZHlXZmdkelJxNElxTko1bzlJWHNXRl9qSWQ1amJUZ211cXVNbw?oc=5","新型コロナウイルス感染症に関する「よくあるご質問」,"Tue, 01 Apr 2025 07:00:00 GMT",2025-04-01
"新型コロナ","Google RSS","コロナワクチン「予防効果あまりない」は本当? 尾身先生を直撃した - 毎日新聞","https://news.google.com/rss/articles/CBMiaEFVX3lxTFBzOUp1UzltMW9vb1pVSUNSenh4TlVJSEdwTFJSZ0dhSWNDUjhvQkRYbERHQm52T3hITTJxcUJ3WUxmVl9sQlEweG5HTGVtTzY2bElPNkM4LUZQczZEM3FnN3dONEowV0do?oc=5","コロナワクチン「予防効果あまりない」は本当? 尾身先生を直撃した,"Thu, 26 Jun 2025 07:00:00 GMT",2025-06-26
"新型コロナ","Google RSS","高齢者等新型コロナウイルス予防接種 - city.eniwa.hokkaido.jp","https://news.google.com/rss/articles/CBMimgFBVV95cUxOdm9GU3dNUG9HQ0kyN3VQZlAzZ2R4MlI3RGVZaVpVcW5nZE9mYkRPNS1sRWZERDJzeUdCT2M2dGUySXpIQU1pMWs5SS1iZllwSEdGd1VpYU1IQVZwRVlCSG1yMEwtWV90MlpvSjVLenhIV1gwcF9RRjVHSTdRSFF5LS0wM2wzd1BpRmpfWHFWZ0g0V1BfU0dJMjB3?oc=5","高齢者等新型コロナウイルス予防接種,"Tue, 01 Apr 2025 07:00:00 GMT",2025-04-01
"新型コロナ","Google RSS","オミクロン株の後遺症 女性患者がより多くの症状・長期通院の傾向 岡山大学が分析 - KSBニュース","https://news.google.com/rss/articles/CBMiUEFVX3lxTE9uU3FuTDZHMk0wTW5lejQtdkNHc2FDOHQ4b0NoQmR2WXJSMUtBb0daLVM4RUlBZFZkSDdEQUpCX3VjNWtiaWhjcENJX3RZbGh3?oc=5","オミクロン株の後遺症 女性患者がより多くの症状・長期通院の傾向 岡山大学が分析,"Wed, 30 Jul 2025 06:39:00 GMT",2025-07-30
"新型コロナ","Google RSS","新型コロナウイルス感染症 経口治療薬「ラゲブリオR」錠剤を本日5月21日より発売～カプセル剤より小さく、1回の服用数は半分に - msd.co.jp","https://news.google.com/rss/articles/CBMiXkFVX3lxTE5XR2lYODg0WFo3eTVMelliVVdCRTlMLXNkTlBQNTJQWXIwRWtiODlic005VmxsZHdnbC1QMG1zM3d3OEMzeTVNNmdyd0J6Z2puUTFrUlRtX2RmTGpudkE?oc=5","新型コロナウイルス感染症 経口治療薬「ラゲブリオR」錠剤を本日5月21日より発売～カプセル剤より小さく、1回の服用数は半分に,"Wed, 21 May 2025 07:00:00 GMT",2025-05-21
"新型コロナ","Google RSS","新型コロナウイルス感染症関連融資に係る利子補給制度 - city.ibaraki.osaka.jp","https://news.google.com/rss/articles/CBMiiAFBVV95cUxNb04zNHRIbEh6TUYzQmRkbEFQbFNfOTQzUzlPT1VoOE1PcGozM09FX1ByckFPQUtrbXA2OVVHajMtaGRmSGRURU1SQUQyZUJtY1lRQkRfdVQxUlY4MFp5LUlMaXJsYUNtRG4ybXdCTHJyNF8wYWJGbFc0VjB2Y0dkWGx1TkZqd0hH?oc=5","新型コロナウイルス感染症関連融資に係る利子補給制度,"Wed, 21 May 2025 07:00:00 GMT",2025-05-21
"新型コロナ","Google RSS","新型コロナ助成金不正受給で代表取締役に懲役５年 佐賀地裁 - nhk.or.jp","https://news.google.com/rss/articles/CBMiakFVX3lxTE9wdnA3SVNmYi1NR1Q4aWZ6eWJrLVlvb3ExemZPX05pWmNWTHVhdGMyZWdXaFRDaDd4eGYwNkw3TDhmR3VLcV8tcU1NX1l2cm5XMFJIcG9OMEhubmdlWWJmbGVqbmRmVnl0VlE?oc=5","新型コロナ助成金不正受給で代表取締役に懲役５年 佐賀地裁,"Mon, 23 Jun 2025 07:00:00 GMT",2025-06-23
"新型コロナ","Google RSS","新型コロナ前週から微増 “リンゴ病”も再増加…過去10年で最多の患者数 秋田 - 日テレNEWS NNN","https://news.google.com/rss/articles/CBMigwFBVV95cUxNWS1tZ1luX1BUNXpLZWxEMkZvWmpRcDRJdUJYRWR1QjVMbTIyMlY5ZTlTbnpyMWxlbFpkRXQ4YWNZNnAzU1BpYkRPNDlHMXVpOFc1NWE5SFZnRUwwUlN3U2NGX3VPeXRDcnoxWlZ2ME1PdEM4UnJfbUFoS2ROaTdNZi02SQ?oc=5","新型コロナ前週から微増 “リンゴ病”も再増加…過去10年で最多の患者数 秋田,"Thu, 24 Jul 2025 08:52:01 GMT",2025-07-24
"新型コロナ","Google RSS","新型コロナワクチン接種証明書（ワクチンパスポート） - city.meguro.tokyo.jp","https://news.google.com/rss/articles/CBMilgFBVV95cUxOWVRibE9EcENQQllDR2ZsckdWblMzYzU3Rkk5N0MxYVU3T0hJSkN5QUNSSTlSOVJteGROcVBHRFFZaUtTTjFiZFRQdzRnR2FOZDFKU0E3emRjVG1UMWluZExKaVpOaTdnNjNFSEE1YmRTTGV5ZW4tSDJwNEhxWmlneV9NWVh5clRqZFJpWllYN3hDclBRUEE?oc=5","新型コロナワクチン接種証明書（ワクチンパスポート）,"Tue, 01 Apr 2025 07:00:00 GMT",2025-04-01
"新型コロナ","Google RSS","【新型コロナ】罹患後症状（後遺症） - city.hiroshima.lg.jp","https://news.google.com/rss/articles/CBMif0FVX3lxTE5nZGJLVTdCMGVNalhuMmxqYkg3bTNONElCUHFpdngyTXQ4eWpPb2lVMDByZjBLWm56LW9oa1FLMjJjRVpaMHFjZkt3ekdPMVJuOTlIMWdSWExtMGd5UjUwdC1ueHNmb21fcVdSZTF0Vm5BcFZLUktEZGRwTXFTV1k?oc=5","【新型コロナ】罹患後症状（後遺症）,"Wed, 26 Feb 2025 03:30:44 GMT",2025-02-26
"新型コロナ","Google RSS","新型コロナワクチン接種に係る予防接種健康被害救済制度(定期接種) - 横浜市","https://news.google.com/rss/articles/CBMiwwFBVV95cUxQUWV0WGp5YUpwVlZKN0RGZ01QWmhLakdWQTNZOGhtQzRtXzdzZFNERnBmcko4QS1pQVc3SmJhajUyQU14aFBmcHdzUlkxd1A2VmNWQzhscWNPb0FVYS1QdmsyY3dwMjhOd0Z0UWNXR2hjRmZtcmVuMVpySmhyNXpoV0ptRVh2bDBJcU5oaXhjaW1JdWFOUHE3N3RDT2VfcllmdXBYSVpHdENZLWJxeE1mWS1DQ3hUSVdZdkpRdlYtQjdyNTQ?oc=5","新型コロナワクチン接種に係る予防接種健康被害救済制度(定期接種),"Fri, 16 May 2025 07:00:00 GMT",2025-05-16
"新型コロナ","Google RSS","令和6年度新型コロナウイルスワクチン接種について - town.takahata.yamagata.jp","https://news.google.com/rss/articles/CBMisAFBVV95cUxOS29PeFpVVmJSOWRlNWRPRDduNGt5ZGtWY0wyTWdMRWlGajE1LUlKMnhFdnFTbC1zUW9OcmxPTk9VdkdkY0pfS0hOWUREOUZyQzJQUDZPeENicTZ5M09WNm5hRG5uZXJMWml4T3RuV2gwTVBaN3NBR0dkb2tOV3JYY1hhYnJJXzB1Z2Fod3ZpN25UcmdVOVlDaDgwc1k2RDlGTUYxM2gtYTVLYjk0cVdjaw?oc=5","令和6年度新型コロナウイルスワクチン接種について,"Mon, 16 Jun 2025 07:00:00 GMT",2025-06-16
"新型コロナ","Google RSS","高齢者インフルエンザ予防接種および高齢者新型コロナウイルス感染症定期予防接種について - city.honjo.lg.jp","https://news.google.com/rss/articles/CBMilgFBVV95cUxQOC1UbVRMU3gyS0w3QlhSQlFBZERKSzdDYjJ3RktmR29lYlRzbzEzR21tTDZ3VEFvTG14ZkQ0akY0YVJzalg4dWlobndlSEY1QWkyZEZfc0I2ekRrbFBzRkNxa0ZUZW9BYlZyVGJXQlVka3hKVjR2Vk16RXprZW50a3p3NWlkaE1DbmwtSnFjbWhoUnQzeEE?oc=5","高齢者インフルエンザ予防接種および高齢者新型コロナウイルス感染症定期予防接種について,"Sat, 01 Mar 2025 08:00:00 GMT",2025-03-01
"新型コロナ","Google RSS","新型コロナウイルス感染者に関する記事一覧（最新・新着順） - 47news.jp","https://news.google.com/rss/articles/CBMiS0FVX3lxTE42c3BTc3FFMXhDc0tKYnk0Y0RVb1hsN2RTTnM3TGJMajZMLVF6aG1DQU84VlFzbVJXT2NnRWRmazJoV1hxQ2JQQ1NKWQ?oc=5","新型コロナウイルス感染者に関する記事一覧（最新・新着順）,"Wed, 30 Jul 2025 07:52:46 GMT",2025-07-30
"RSウイルス","Google RSS","RSウイルス感染症の流行状況 - pref.hiroshima.lg.jp","https://news.google.com/rss/articles/CBMidEFVX3lxTE15anh4LTVrTmNFdTVKMDR0bERFUGRwV05qYks3TXpsc2tyNzBqUFJhbTFYeHlsVG5QSFNIM21vcHdaUjhjQlhOZFJvSWNGb3Y0OTRvMXVmYThOV0Jlbzd0c0p1OHNreEVaYjBPQS1kTkZtLVZO?oc=5","RSウイルス感染症の流行状況,"Thu, 24 Jul 2025 07:00:00 GMT",2025-07-24
"RSウイルス","Google RSS","乳幼児ほぼ感染 ＲＳウイルス 妊婦 ワクチン打って 医師「安全、有効」訴え 周知不足で接種１割 県立病院 - 福井新聞社","https://news.google.com/rss/articles/CBMiXkFVX3lxTE1vU3hrU0RFcG9ydmFBOE44YVB0NkF6dDhxNENGRjZpZkhqRGdKanhYa1AwZDloNjBoOXJUTU5URmd4Z1RFVk9STkVRU0FlY2NBbGM3Z3B1RG1IQ0oyenc?oc=5","乳幼児ほぼ感染 ＲＳウイルス 妊婦 ワクチン打って 医師「安全、有効」訴え 周知不足で接種１割 県立病院,"Wed, 30 Jul 2025 20:00:00 GMT",2025-07-30
"RSウイルス","Google RSS","RSウイルス感染症について - town.oiso.kanagawa.jp","https://news.google.com/rss/articles/CBMijAFBVV95cUxQaHgwWXlNa3RHSmY0MEpzLTJrVVI3OGNLRUtLMzRmVjQ0Ulh1cHhUU0ZRTjFCNWRHUS1oMmQ5U2ZOdzRqWllUS3A3VnF4TlgyRDJOTFpveTRxeHkxRUpHMDNSQnZoMC0zb0V6RkVxaVljVXRtMnNVZ1hKbXFELTdJaDRDeHNrMXpqREdtTw?oc=5","RSウイルス感染症について,"Wed, 02 Jul 2025 07:00:00 GMT",2025-07-02
"RSウイルス","Google RSS","RSウイルス感染症に注意しましょう - city.yuki.lg.jp","https://news.google.com/rss/articles/CBMiogFBVV95cUxOMmc2VG1LMlhNNzhEcjRlc0lscGpxWjBpRmdxRnpOOUxONUlVc1lNeHVZQS1DRHRWV1EwSHBseVhoZWZqWTB4X0V6bUxmM3U3LUNEMTJmT0JnbkNfdWkxTlVUMTFBa19QblBoQ0hzX3MzWGpROFlNblVPZTJLaTRHQW16YksyYlgtQ3luUEtteHJDdnlsRkVKbHhUZmZoRkVvMFE?oc=5","RSウイルス感染症に注意しましょう,"Tue, 01 Jul 2025 07:00:00 GMT",2025-07-01
"RSウイルス","Google RSS","RSウイルス感染症に注意しましょう - city.minato.tokyo.jp","https://news.google.com/rss/articles/CBMid0FVX3lxTE5DbWNKeWpaRUdxa3ZkWUVvLU41Y2h2UmN3aWNVREpqejE5OE5kdER5eG9xZHBvREZZcHd1ekVXTHhkLW1odk9NLUdtUEJNelpSYzhZYTg3Z0ZmY0l4dUI4RHU4NC1LNGxMVF9kQktNYkQ5Y3V0djFn?oc=5","RSウイルス感染症に注意しましょう,"Wed, 23 Apr 2025 07:00:00 GMT",2025-04-23
"RSウイルス","Google RSS","母子免疫RSウイルスワクチンの一部助成について - city.fukuroi.shizuoka.jp","https://news.google.com/rss/articles/CBMiekFVX3lxTE9yY0xvemZ2WnRiTFdhcnQtVFRMclRwM1Y3ZGZ5Z0ZjMEdXeTJfZWV3THE0XzdIU2VhX1EzU1Z4c2VDREdjaGNTLUF3MTYwT3dZekNBX3kxVlJHYTc3SC1RbmRheVNyUFJsQTJUNDU2Qm5LRE1lZV9SN3Z3?oc=5","母子免疫RSウイルスワクチンの一部助成について,"Fri, 21 Mar 2025 07:00:00 GMT",2025-03-21
"RSウイルス","Google RSS","RSウイルスに注意しましょう - city.kobe.lg.jp","https://news.google.com/rss/articles/CBMiXkFVX3lxTFBGcGxaSU1oeWprSnJsRjlBVHpieVhZZ0Z6SmxJUk56bXdLUms5eFBTal9RT2xobktwUThJQVQ4S2xYNWx5a0N1MS1LUklueHBOd2k5ZENGdURlQUI4QWc?oc=5","RSウイルスに注意しましょう,"Thu, 19 Dec 2024 08:00:00 GMT",2024-12-19
"RSウイルス","Google RSS","RSウイルス用mRNAワクチンを了承、コロナ以外で初 厚労省部会 - 日本経済新聞","https://news.google.com/rss/articles/CBMibEFVX3lxTE1yaVVyaTJJeDJMWTZzQ0VvLW1jRGpkcHExZkNRR29xWTUwb25zTms0WTNyOTdfMlhCYWFZTTZBdjVXVDI3QWh1ZjVwYVpOOXdlTDJlTFluZzFscmNfcGtOVWZzYUZabGNXVF9XVg?oc=5","RSウイルス用mRNAワクチンを了承、コロナ以外で初 厚労省部会,"Mon, 21 Apr 2025 07:00:00 GMT",2025-04-21
"RSウイルス","Google RSS","の有効塩素成分が、RSウイルスを99％以上抑制 - Panasonic Newsroom Global","https://news.google.com/rss/articles/CBMiWkFVX3lxTE5kRUQ2dWZSTjk1RVB6S3AzZEx2enctWURDTVNpbkZvZWxlSldHOFZpMDFrQ2EwWFo3TDJkMV9fZFhtcFlzdGdJQnZUMGJyMTVlRVNRY0lZdmJ3Zw?oc=5","の有効塩素成分が、RSウイルスを99％以上抑制,"Mon, 14 Jul 2025 02:04:46 GMT",2025-07-14
"RSウイルス","Google RSS","抗RSウイルスモノクローナル抗体として開発中のクレスロビマブ（MK-1654）により 健康な早産児および正期産児のRSウイルス感染症の発生率と入院率が有意に低下 - msd.co.jp","https://news.google.com/rss/articles/CBMiVEFVX3lxTE9taC1YMkFSc3Zib1FYazZ4aGg1REhxVlI2QTNBa1pic1FnSmc4ZlJ3bkZiRGFNVHhUWF9INWZtTmsxb1REVlh3UE1jSnUtdW1VS2VLVA?oc=5","抗RSウイルスモノクローナル抗体として開発中のクレスロビマブ（MK-1654）により 健康な早産児および正期産児のRSウイルス感染症の発生率と入院率が有意に低下,"Thu, 07 Nov 2024 08:00:00 GMT",2024-11-07
"RSウイルス","Google RSS","寒い季節に注意!呼吸器の感染症 「ワクチンも登場 RSウイルス」 - きょうの健康 - NHK","https://news.google.com/rss/articles/CBMid0FVX3lxTE1nczF6aE1BOEw0NFM3Y1ItV0dFWV83eWpNazkzYTlCRWtPN28zZUw0ZndqTzRmRzJGZFJad3J2OFRNUUJBV21yVlYwTmFlUUZlakt6ODA5WUlJbDhvaHQySDhPZmRKYXBVeGtSeS0wZFhzbjJrdlJr?oc=5","寒い季節に注意!呼吸器の感染症 「ワクチンも登場 RSウイルス」 - きょうの健康,"Wed, 06 Nov 2024 08:00:00 GMT",2024-11-06
"RSウイルス","Google RSS","2024年能登半島地震と集中豪雨で甚大な被害を受けた地域の妊婦を対象に、RSウイルスワクチン「アブリスボR筋注用」を寄附～石川県産婦人科医会の要請に応じ、被災地で生まれる新しい命を守る活動を支援～ | pfizer.co.jp Press Releases - Pfizer Japan","https://news.google.com/rss/articles/CBMibkFVX3lxTE5fdjhQRHJONzFCZ2hjMEhzckx2aU1oMGh5SGZpNUFaOWZiUjB2anpER3BXc2JXYmRjUXN6ZE85MGZqSzhrYmJQcHNwN0NYUXVlY0lSUnZaUjYzOWdMb1kwWDB6TFBDT1JOUFZ5OXhB?oc=5","2024年能登半島地震と集中豪雨で甚大な被害を受けた地域の妊婦を対象に、RSウイルスワクチン「アブリスボR筋注用」を寄附～石川県産婦人科医会の要請に応じ、被災地で生まれる新しい命を守る活動を支援～ | pfizer.co.jp Press Releases,"Mon, 21 Apr 2025 07:00:00 GMT",2025-04-21
"RSウイルス","Google RSS","高知 須崎市 ＲＳウイルス予防薬接種 １歳未満対象に助成 - nhk.or.jp","https://news.google.com/rss/articles/CBMicEFVX3lxTFBFWXNaTlVnU3p0a0FzTUlhSUNKYjdxVTBOYlRMTWxsWGZQZFk4b0hxejVwMjRUZGJfbHdEX21ZMVlHemdCbXE0a0FvS1I1WmRyQko1WTRGZnBqaUx5WGZobVdaQ3RtUDQ1bndDLW5Kdk8?oc=5","高知 須崎市 ＲＳウイルス予防薬接種 １歳未満対象に助成,"Thu, 03 Apr 2025 07:00:00 GMT",2025-04-03
"RSウイルス","Google RSS","肺炎による死亡者の９７．８％が高齢者 ＲＳウイルス、肺炎球菌…４月以降のワクチン接種スケジュールは？ - 読売新聞オンライン","https://news.google.com/rss/articles/CBMijwFBVV95cUxPZnpJUnNyVE9wNDZsVjhUM2wyNlJxWnRSOGFGNW1NeU10V1ZYSXRkMGtIeDNZQ2xuT2x0b2NRV0Z0VlhoZnZKS25JejdTMTgtVDB0ckJfYlBsREU5NEJPc3NJM1JkUExMRlBGQVNBS0pmbGdnWUx3LXByRE9BQlAwUU9pZHdnUzQ0ci1JNUpxTQ?oc=5","肺炎による死亡者の９７．８％が高齢者 ＲＳウイルス、肺炎球菌…４月以降のワクチン接種スケジュールは？,"Wed, 16 Jul 2025 07:00:00 GMT",2025-07-16
"RSウイルス","Google RSS","RSウイルスワクチン「アレックスビー」 米FDAが重症化リスクの高い成人接種対象者拡大承認申請受理 GSK - 医薬通信社","https://news.google.com/rss/articles/CBMi1AJBVV95cUxQeTh5ZWNmVndieGpmQmlJTkVEYy0zR0lKWDV1TXBnQkREdXNIaWsxamdJYnB0OE50NnZYRVlPd1NFTmdCc0U3T21RNE5ReE5UUFFEQ3pWck5YeTMxa1AtYVp2TlZhWC1wT2wzWFNsMUxqenNVRWRQazNPOGtlX0lNVlNNOVhDNXdsaFlpQ2JmX1ktd3pJNm8xU2N1dFp6Z3JwMTFqeVBWREhrVkhOSFZhM1lqVHlxUEg3X0VJM1BZYWlJZ3NLOEdLWEVzU2g1Nk5QV19aNDdfSkVqUURHTTVpdGVhQlp1S1dtVXRDVkZYLXJYUDhOejRRcmRxYUlnV1BGenZjaUl6WDMtdFZxQUdObnptMjcwc2kwME55cS1JQVJ3OVc3ZWQ4cklVTW9nNUdJVDdhTl9QWjhDcVc2V1ZQa2lQYndLTzRkX1IzU0V0eWhtVGV2?oc=5","RSウイルスワクチン「アレックスビー」 米FDAが重症化リスクの高い成人接種対象者拡大承認申請受理 GSK,"Wed, 23 Jul 2025 06:14:27 GMT",2025-07-23
"RSウイルス","Google RSS","プレママ・パパが知っておきたい！2才までにほぼすべての乳幼児が感染する「RSウイルス感染症」とは?! - たまひよ","https://news.google.com/rss/articles/CBMiYEFVX3lxTE9xQ2k1RVRxazB3Yll3ekJWUm9oQ05mcmNYNUlWUFFfUWZQRE5Qb2w5eTFCOUM1QXpCbEhESUxtSW0yczZ3ZnFZYXRlLUxDMFFnUXRHNU9GNjBmNnFDOFRkQg?oc=5","プレママ・パパが知っておきたい！2才までにほぼすべての乳幼児が感染する「RSウイルス感染症」とは?!,"Fri, 31 Jan 2025 08:00:00 GMT",2025-01-31
"RSウイルス","Google RSS","ヒトiPS細胞由来呼吸器オルガノイドを用いたRSウイルス感染症研究｜ニュース｜ニュース・イベント｜CiRA（サイラ） - cira.kyoto-u.ac.jp","https://news.google.com/rss/articles/CBMieEFVX3lxTE1MT0FYOGgyT3ZOS0V5LXlrR2J2N196TjUzTUc1YmZsdEdJeVZ4bmJrM3oyNUxCdFNlRTN5Z2tKNnRxbktxd09mTDhoTjlRdGFPU2J4SjFrRldEVzVGck9Zb3hIUlFGVVFrVlVXMUd2a28wWExVVS15Tw?oc=5","ヒトiPS細胞由来呼吸器オルガノイドを用いたRSウイルス感染症研究｜ニュース｜ニュース・イベント｜CiRA（サイラ）,"Thu, 24 Apr 2025 07:00:00 GMT",2025-04-24
"RSウイルス","Google RSS","新生児・乳児のRSウイルス感染症予防のため、抗RSウイルスヒトモノクローナル抗体製剤等を広く提供する体制整備を―日本小児科学会 - GemMed","https://news.google.com/rss/articles/CBMiSEFVX3lxTE9CWURRTGZKaFBEcWpsWnROQWY4T0QyYU5hb3o4RV9KVUFEMXZyV2M2b1R0dFgtZFB6YWhUZ2hraGNYMmZ3SkRQbA?oc=5","新生児・乳児のRSウイルス感染症予防のため、抗RSウイルスヒトモノクローナル抗体製剤等を広く提供する体制整備を―日本小児科学会,"Fri, 11 Apr 2025 07:00:00 GMT",2025-04-11
"RSウイルス","Google RSS","クレスロビマブ 日本で新生児・乳児のRSウイルス感染症予防薬として承認申請 MSD - 医薬通信社","https://news.google.com/rss/articles/CBMi3AJBVV95cUxPd0xzVjVhcHp3QzMzTUcwSFpBSjNVTmE1OEdhOHN1bUhWeW5UVnVQWTdaTk4tdnp4eGVBMTUyWXI3ZU9kcGNiak1PVE55LWFMZFVZeXJocU94elhYMlhBb1NtZ3ZhTWhrdmVjblpDZE5HaEhaS2JCei1RUF9DSXpQaVNsdS1DbzY3ZlVOcUNpZWJlckRJQlBuWFdoVko3YjRheW1ZYm1QRUs3b1RXMTB5emJNUC1jRjU2M29zV2FPLXJTZXNzMTN1MFFGNkhlY0VRZ2oyTlJoRjRINjBrNGIxODVZVkJtSTVxX2pIXzVVeExxZGlTdkdlNTJmcnB3RHNSbWU0UWdVV0pONU1BLW83U1BRSkI3WHZha0FzOTJKZkFPSHdPN0xaZUF1RTVzbzFaVmkxOVp1RUNidmNHRVNZRHZfdUJYY1paWlo4T01uekE1d1N5dGl3UjhGLTE?oc=5","クレスロビマブ 日本で新生児・乳児のRSウイルス感染症予防薬として承認申請 MSD,"Mon, 14 Jul 2025 07:00:00 GMT",2025-07-14
"RSウイルス","Google RSS","感染症回復後の再登園（意見書・登園届の様式） - city.kobe.lg.jp","https://news.google.com/rss/articles/CBMikgFBVV95cUxNSHRlYWNlb21iQWI2YjFJYkd5TUpqUzFEVzU2aVNKanNwcGUtTU9WLWRCZFlrRHJvMy16WDhMODd2MXZhZC1KaTVxMWtCY2VncWRUNEo5Vnd2QmlQUVhLUUxvOTd4bnlZX3JaTlNJTUZKYkJpeThDVWdPb3VEM09lNDVKemt0VHJGY0xzUGM1d0VhZw?oc=5","感染症回復後の再登園（意見書・登園届の様式）,"Wed, 26 Mar 2025 07:00:00 GMT",2025-03-26
"RSウイルス","Google RSS","静岡 袋井市 ＲＳウイルス妊婦向けワクチン接種費用助成へ - nhk.or.jp","https://news.google.com/rss/articles/CBMib0FVX3lxTE1QSHVSTHpHWXFBaDljaHd1NEpLRW9JRi1LdGRxRjl1RlRMLVZTMDN1RERfbHJYOXBKcFV3dXFGWW9nbHE4cHRLOURTbG54MTctWVB5Ni1mWEJmU0JfRV81SWliMnB3TXhZS1FNRlBtbw?oc=5","静岡 袋井市 ＲＳウイルス妊婦向けワクチン接種費用助成へ,"Wed, 02 Apr 2025 07:00:00 GMT",2025-04-02
"RSウイルス","Google RSS","GSKのRSウイルスワクチン「Arexvy（アレックスビー）」、RSウイルスによる感染症が重症化するリスクが高い18～49歳の成人への接種対象者拡大の承認申請について米国FDAが受理 - 日経バイオテクONLINE","https://news.google.com/rss/articles/CBMiZkFVX3lxTE1UbTlxYnNNOWNFdGROU0Rjb3FVZHRSMHUyeUNTSldSNXZ5c1BIUTRxSVJKOWwtcXBoZVNBaEh6SGVlaHBRUXB1VXZTMVBZdmZyYTFuZERKam9qYmRRZi1waWFudTQ2Zw?oc=5","GSKのRSウイルスワクチン「Arexvy（アレックスビー）」、RSウイルスによる感染症が重症化するリスクが高い18～49歳の成人への接種対象者拡大の承認申請について米国FDAが受理,"Wed, 23 Jul 2025 10:45:49 GMT",2025-07-23
"RSウイルス","Google RSS","乳児に無料でＲＳウイルス感染症の予防薬 ６月から須崎市、重症化予防 - kochinews.co.jp","https://news.google.com/rss/articles/CBMiXkFVX3lxTE9TeXRVR1dvck05UHpuc1pmSUJhY3VOSExLbzFWb3MtUXM2bU9nMVhhbEp4WDZqTEo5QUtpeEdpN1dvX3VDZUd5LXFMNm0wZXJYYW9ISUNNRVhNU0Q0QXc?oc=5","乳児に無料でＲＳウイルス感染症の予防薬 ６月から須崎市、重症化予防,"Thu, 03 Apr 2025 07:00:00 GMT",2025-04-03
"RSウイルス","Google RSS","感染症の流行状況 2025年 第22週 - pref.saitama.lg.jp","https://news.google.com/rss/articles/CBMidkFVX3lxTE9SN2ZOcENsZUxZejFKWks0OXJvdHdIa0FmeDdNZ3NiTXFrM21xT1JwZjZndnZpRkxhOUxKSjg1bGJJYk1YQldkWkpLWnhTclp1cHllb1hRbHY3czBmU3A2eHVMak14Ry1GYXNFX2NzLVpJWnJSdHc?oc=5","感染症の流行状況 2025年 第22週,"Wed, 04 Jun 2025 07:00:00 GMT",2025-06-04
"RSウイルス","Google RSS","妊婦さん必見！生まれてくる赤ちゃんを守る「RSウイルス感染症」の基礎知識と「母子免疫」 - たまひよ","https://news.google.com/rss/articles/CBMiYEFVX3lxTE41NUJDR0xQUUVQSXkzaV9OaWRpLXBRSWtfdlJNbUJ6aTNJYksySWFYdkN1b0lCa3lNMEpwcjZ0ay0zQzJkaVk1d3d4ejFyWktlaHB0SGdLbWsyWmtsVFVTOQ?oc=5","妊婦さん必見！生まれてくる赤ちゃんを守る「RSウイルス感染症」の基礎知識と「母子免疫」,"Mon, 30 Jun 2025 07:00:00 GMT",2025-06-30
"RSウイルス","Google RSS","2歳までにほぼ全員が感染するRSウイルス感染症って？ 1歳未満でかかると重症化するリスクも - たまひよ","https://news.google.com/rss/articles/CBMiXkFVX3lxTE5Wc2s5VlJxTUdrVkNSUkRZeUhqSDhiTHJIV1JRYUc1X2x5OG9tRjNObnlIUGN5dTUwU18td3U2VUloX1RXbkQzUkxpbXl2dTkwZGltZzZadzF2TkxjLWc?oc=5","2歳までにほぼ全員が感染するRSウイルス感染症って？ 1歳未満でかかると重症化するリスクも,"Mon, 18 Nov 2024 08:00:00 GMT",2024-11-18
"RSウイルス","Google RSS","元気な赤ちゃん、高齢者も油断しないで～RSウイルス、手洗い・消毒、ワクチンで予防を～ - 時事メディカル","https://news.google.com/rss/articles/CBMiTEFVX3lxTFBTdE1NdkNPX2hDalFHNzVpakY2STFhM3IxaTdfUjQ4N29Oak12M28wallrOExRcHE1emZuQll5RG83RVJvcV9ZZ0dMTnDSAVJBVV95cUxPZU9HanJ5RFBfU3E2aU5BekRtRlQ1SWRmdlpreXVnRVo4dmRhRmtycnpmTXlPTTZ0amRZQUV1eWJ1RUNicjZUMFF4RFk2cHQ3SWpB?oc=5","元気な赤ちゃん、高齢者も油断しないで～RSウイルス、手洗い・消毒、ワクチンで予防を～,"Thu, 05 Jun 2025 07:00:00 GMT",2025-06-05
"RSウイルス","Google RSS","子どもだけじゃない！肺炎リスクが3割、特効薬はナシ…実は大人が危ない感染症とは？ - ダイヤモンド・オンライン","https://news.google.com/rss/articles/CBMiTEFVX3lxTE5hb1d3UkJSYkRXWkJ5U0hRV0NXNzdsak1JM2gxRjZLN01WZC10QmZaTzA2VjJsN0lKMnFlX3o3RV9VV1lXbGNQcTNoVnnSAU9BVV95cUxPdUlIenNsZ0dyUlhTUEw4cHp2aEphU19ua1owaFN3Q0M3QmExR0ZXMC1lUWc1SF8wTTEtX1FNT3JITDhUcXRwMVVaczNxRk9F?oc=5","子どもだけじゃない！肺炎リスクが3割、特効薬はナシ…実は大人が危ない感染症とは？,"Fri, 11 Apr 2025 07:00:00 GMT",2025-04-11
"RSウイルス","Google RSS","RSウイルス感染症 重症化を防ぐ新しい抗体薬とは 自費だと１回４５万円以上…公費助成始める自治体も - 読売新聞オンライン","https://news.google.com/rss/articles/CBMibkFVX3lxTE5tUzVidEw4TGIyb1QzcmpxTkpubHBMbzU3eFJpbEQtb2NrRnJ4OGdZWFJCekxhMWdJeDJLS3doaHU5MF9MdGFDXy1yejN5RWY2aG5UZy1OY1NuekN6SkpRdV9Fc0syX2FrSkhXenRR?oc=5","RSウイルス感染症 重症化を防ぐ新しい抗体薬とは 自費だと１回４５万円以上…公費助成始める自治体も,"Wed, 23 Apr 2025 07:00:00 GMT",2025-04-23
"RSウイルス","Google RSS","塩野義製薬、RSウイルス88.9%減 治療薬の臨床試験で - 日本経済新聞","https://news.google.com/rss/articles/CBMibEFVX3lxTE1GWXMzR2hVYWwzYUV2anFxcVFNbjlhMHNrSHZIaWhGbUdRdVRja0s1aEFhS2pwYnJsOWJJa19vVVZQOHlGWG14TGlaQkM0c0dpZ3VfRWppaFB3dDJ5RzkxMGppakxNV0tiMExRYg?oc=5","塩野義製薬、RSウイルス88.9%減 治療薬の臨床試験で,"Fri, 31 Jan 2025 08:00:00 GMT",2025-01-31
"RSウイルス","Google RSS","【静岡県袋井市】妊婦向けRSウイルスワクチンの一部助成開始 - 共同通信PRワイヤー","https://news.google.com/rss/articles/CBMiW0FVX3lxTFBiYndPUHRLTFFJckJSYXk4VnFKVGdab3NseEFqSU5QcEZwZ1JRckxzNmNfc3RNWUZTX0lNTHVLMTU5dGd0TUhkQnVGYmd0a0Y3WUtsWTdVVGwwLWM?oc=5","【静岡県袋井市】妊婦向けRSウイルスワクチンの一部助成開始,"Tue, 01 Apr 2025 07:00:00 GMT",2025-04-01
"RSウイルス","Google RSS","モデルナのmRNAワクチン、国内で承認 RSウイルス用 - 日本経済新聞","https://news.google.com/rss/articles/CBMibEFVX3lxTE40QzZlUkxxQXVUQkpCakIzalRCRVpYb0lLd3kyaC00elhYS3dTa20zMnhtUWVyd3E2b3NpdDJkME12OFNhN1pBWm1TOTRLZFRvU25UamxvdTh0QzBsR000RE5JNGx3ZGhrbHRMYg?oc=5","モデルナのmRNAワクチン、国内で承認 RSウイルス用,"Mon, 19 May 2025 07:00:00 GMT",2025-05-19
"RSウイルス","Google RSS","RSV予防薬・ベイフォータス 高知県須崎市で健常乳児への予防投与を全額助成 全国初 - ミクスOnline","https://news.google.com/rss/articles/CBMiXkFVX3lxTE5rZHZlM0JGMFhzTTNidlBBUS1YV0FrSUpGZ0FEdndPWGd3TmVULVNlRnBMYTRkSHBrd05PMDRVMmVOUEY1dV9NdGpGS0hoNXhybGNkZHB6clpPWXl4RXc?oc=5","RSV予防薬・ベイフォータス 高知県須崎市で健常乳児への予防投与を全額助成 全国初,"Fri, 04 Apr 2025 07:00:00 GMT",2025-04-04
"RSウイルス","Google RSS","子どもは要注意 RSウイルス感染症の患者が去年の9倍 感染性胃腸炎も警報基準超 鹿児島県 - TBS NEWS DIG","https://news.google.com/rss/articles/CBMiZ0FVX3lxTE5URzUzY1pSQWN3SG9yd0l4YzEzYW43QUZBRjAycHp1MmZZZGpfNzE0NDlkUkNFV0lxVVVFOHpWRkY3ZHdPOHFzcjFmM1R3TjNYbE5FdzYybERrbE1kcVhtTktQRmhKNzg?oc=5","子どもは要注意 RSウイルス感染症の患者が去年の9倍 感染性胃腸炎も警報基準超 鹿児島県,"Fri, 21 Mar 2025 07:00:00 GMT",2025-03-21
"RSウイルス","Google RSS","【感染症ニュース】RSウイルス感染症0歳女児が咳・39℃台の発熱… 全国定点1.21（2/17-23） 医師「年明けから着実に増加」 - Yahoo!ニュース","https://news.google.com/rss/articles/CBMif0FVX3lxTE9CQjlFUURENEREMDJub2xOUVh6TFhKQi1xbHFUNjdnaEtnZVJ5U25PTzY0VDdjSC1wcXNzNzRXWkl6Zy1EOTVsQ2FfMWFxSVVFRWo0eHM3a2pqNzBPNHBNTkkzdU9BNUd0QndJZHhTbXhDNnU2RkNzaEFjblp6Z28?oc=5","【感染症ニュース】RSウイルス感染症0歳女児が咳・39℃台の発熱… 全国定点1.21（2/17-23） 医師「年明けから着実に増加」,"Fri, 07 Mar 2025 08:00:00 GMT",2025-03-07
"RSウイルス","Google RSS","妊婦向けRSウイルスワクチン接種費用を助成 足利市が新年度から [栃木県] - 朝日新聞","https://news.google.com/rss/articles/CBMiZ0FVX3lxTFBEYXFKYUg5Qk1KMkVqb3dmQTRVOGtMNHNpZy1teG1GeGFTVkVrLUJzek81bVNzS0JoRXBOTElvVVQxYll4M2RESlI2X2h0bDJDcTJ4d2p3NFJYSHJHdER4NGxUV1NWanM?oc=5","妊婦向けRSウイルスワクチン接種費用を助成 足利市が新年度から [栃木県],"Sun, 02 Mar 2025 08:00:00 GMT",2025-03-02
"RSウイルス","Google RSS","2024年3月1日～2025年3月27日 RSウイルス全国調査の結果 - med.niigata-u.ac.jp","https://news.google.com/rss/articles/CBMiyAJBVV95cUxQWFFsa1RYQURuUzRCMU9YczB4LTdrelNSZkdIdlVLZG1iX0ItN2l5bVpYZHNiTHNvWGVlM25OTTc4T0lkYlhIcmJvY2ZUcGdCYXNTdC1mMXIzX1Y2Z0dQUnkxbUZQZ0d3M3VzQnpRNGFiS0hfSDNhTk9ubzVRSEVaSHd6TXlUUHdGeFVpNVBwRXh5Wl92OTdBaWhYR2Rvb3VUX2xqOGpqd29oVkVFSE9hMlZJLTFJQnpqUUsteXVyVG13M3V2NC1Vek0wY1FWbzZOYWNHZ2dmVy1peTFWQmtyMGlIQ2E4cjc4UWhIbjhVWFBiNVdFWVY0UmhVQThfczJRc2wyS0ZZMTRScXV0RTVCWjZaZ2RmU1MxS09JYTctbGN3b2UtX2dQZEpXVmRqWllDTWUtaEd2RE0tZ0VNTTNZRkZHUnlRVUw4?oc=5","2024年3月1日～2025年3月27日 RSウイルス全国調査の結果,"Wed, 02 Apr 2025 07:00:00 GMT",2025-04-02
"RSウイルス","Google RSS","RSウイルス用「mRNAワクチン」を了承 コロナ以外で初、新たな感染予防に期待高まる（メディカルドック） - Yahoo!ニュース","https://news.google.com/rss/articles/CBMif0FVX3lxTE1pV0RaMFFaejJITmZKc2psTFd3YXdsd0JkZEJsYThfbEgxR0pUVTFIQXJkRmtpWXFGUHMzUWJENG9zeXM4X0RPRlB1aG1ZUHNnSGVSM0pHUEVjbmFNMkEtWnpxVmlSV1ZBMzEzQV9pOTBDaVZjcHZzQlhXSGxPTlU?oc=5","RSウイルス用「mRNAワクチン」を了承 コロナ以外で初、新たな感染予防に期待高まる（メディカルドック）,"Thu, 01 May 2025 07:00:00 GMT",2025-05-01
"RSウイルス","Google RSS","RSウイルスワクチン「打った方がいい？」迷っている間に起きたこと - withnews","https://news.google.com/rss/articles/CBMigwFBVV95cUxPSy1EUmtUMll6ZEswN3ZGc1lscGE3RC1DREJ3MVZ4eE1hdy1leU93dzd6dTZGNmc0SENPNFRWUXJGZUxvdmtyTnBOQ1FmZHI4ZDJrSHk1QkhNdFpveTBwNHYzWWdqZ0VPdkhPQVo2UWNpRmVFaHJ4clRuYVNkMFNxYXlNaw?oc=5","RSウイルスワクチン「打った方がいい？」迷っている間に起きたこと,"Tue, 04 Feb 2025 08:00:00 GMT",2025-02-04
"RSウイルス","Google RSS","三重大学・三重病院と連携しRSウイルス感染症治療薬「ニルセビマブ」の大規模疫学研究開始 サノフィ - 医薬通信社","https://news.google.com/rss/articles/CBMi3AJBVV95cUxPQ2J4YWJPbDVTVW9VNTBiTlF0VHZWMzlNSExDckhmRndQSGZsdXpTTWIzN2dzdDN4S3lfbTZoa29IeUJmNzdZMXpFN3FhSlp3NkduOUkxN3lUQVRqWEZkc2xUTHpqVEwtaF9hV1lMSGpBZFhIWlo3M2VHTU9MbDFCRTdYb3J0UWtqZVdmamE3UjBCWWhIQWlEVVQzbXVOelF1cmlaWHF3S3lxTzY4UXhueFo0THVDTlBCNnZNa29VSDd5SHVwbWNWME14YWROQzhzOTc4bzB2bm9fbVE0YXA0SnItUGVOaklLdGhNVVc3aHZwdVdfN3piNzNaNHduWHg1YTFCTTlUeVRwVUx5STlyRmVJaTQzTEtCOU9oUkRPMVZucG5NWE9pcXl6NWY2aklxdDI4MUJUb0VuWXlIOExFMmxBVkYtUElONWtVeWxZRDVzQk9tcG9MdEh6bks?oc=5","三重大学・三重病院と連携しRSウイルス感染症治療薬「ニルセビマブ」の大規模疫学研究開始 サノフィ,"Mon, 07 Apr 2025 07:00:00 GMT",2025-04-07
"RSウイルス","Google RSS","感染性胃腸炎 ＲＳウイルス感染症の対策を 長野県が呼びかけ - nhk.or.jp","https://news.google.com/rss/articles/CBMibEFVX3lxTE5QTzhSNW54RjhkSk1MaVdGdjZpUzE3WHVyeC1QOV9TaTEtVU82Y2ctR3JpSjkxQWtxb1Q4VnNfeTF2Yk90UUZHcUkzdVU3MmRzenE1Rl9vTzVpOG5zSGhEbjVmbHhIVDVCUHhaWQ?oc=5","感染性胃腸炎 ＲＳウイルス感染症の対策を 長野県が呼びかけ,"Wed, 05 Mar 2025 08:00:00 GMT",2025-03-05
"RSウイルス","Google RSS","RSウイルス感染症について - city.tokorozawa.saitama.jp","https://news.google.com/rss/articles/CBMigAFBVV95cUxNMmpHbDRMdHJIVThBRnVqaFlDeG5MSWJrVGdXeXd2bjJKNnBneUdzYWhYbjY0Y0c0cDVWd3lvdXB5WWdJQVlIRFh2a3k0Ry11Mm9FZWtJbGhKSDBuY1l4MFliV25ZMFJBcVB3bWhyTlRMRGZBVEdwRkRhdjdkT2FxdA?oc=5","RSウイルス感染症について,"Wed, 21 Aug 2024 07:00:00 GMT",2024-08-21
"RSウイルス","Google RSS","【写真】ほとんどの赤ちゃんが一度は感染…RSウイルスの予防ワクチンに一部助成 日置市が県内初 - 南日本新聞","https://news.google.com/rss/articles/CBMiV0FVX3lxTE5vLXo2SGQ1ZGtRQ0dkd1ZQQnBWM1VLWWNJSDh6Z1N2UEZHYTNCeWNXU0s1SmQ2enU0bG5WUnRfLW94bTZuQ3JyWkZ5TFNfQ05wdEF0dEFDNA?oc=5","【写真】ほとんどの赤ちゃんが一度は感染…RSウイルスの予防ワクチンに一部助成 日置市が県内初,"Wed, 23 Jul 2025 11:15:00 GMT",2025-07-23
"RSウイルス","Google RSS","5年ぶり改訂の小児の咳嗽診療ガイドライン、中枢性鎮咳薬の要否、鼻処置の推奨度は？ - 日経メディカル","https://news.google.com/rss/articles/CBMif0FVX3lxTFBDMm9Zd0t4OGVndURISEFZU0tiXzV5VDNPTWpMX3dlZ0dBRmhZSUNOMHN6VkwzNzFIckNmTjZrOWpxQWY5Z25kQTRtODlVblR0QXZSTFN5elVvOElGU2RpVkVKWmE3RU4teldVNDBldlo5Um04ck9acW1zdThaeEU?oc=5","5年ぶり改訂の小児の咳嗽診療ガイドライン、中枢性鎮咳薬の要否、鼻処置の推奨度は？,"Wed, 18 Jun 2025 07:00:00 GMT",2025-06-18
"RSウイルス","Google RSS","どうすれば安全安心：乳幼児のRSウイルス予防 妊婦にワクチン、周知が課題 - 毎日新聞","https://news.google.com/rss/articles/CBMiaEFVX3lxTE1ta2RWd2VERzZQal9lLWwzdDBxdXJ2Yl9MVklkT1hpaDZfam9aR0h4azVGMnJhb3BRNEI4UnBDc0VsMnJXU2w0eFFoV1RyT3pkTjM4VmZoZFZoa3FndXZYczhfMTg5RXBU?oc=5","どうすれば安全安心：乳幼児のRSウイルス予防 妊婦にワクチン、周知が課題,"Fri, 04 Apr 2025 07:00:00 GMT",2025-04-04
"RSウイルス","Google RSS","生後12日で長期入院も｢RSウイルス｣の本当の怖さ 免疫力ない乳幼児はワクチン･予防薬で対応を - 東洋経済オンライン","https://news.google.com/rss/articles/CBMiUkFVX3lxTE1LSUFtUm5nOUdNdlBFYW83cmRMTmhNU2VDdVBPak9HNjl4VFg2QjY1ZG1tUklXelg2Wi01MnpCclhoY05RYU1tMm9DaHpvbjVVakE?oc=5","生後12日で長期入院も｢RSウイルス｣の本当の怖さ 免疫力ない乳幼児はワクチン･予防薬で対応を,"Thu, 14 Nov 2024 23:10:49 GMT",2024-11-14
"RSウイルス","Google RSS","前週に続いて伝染性紅斑は警報 RSウイルス感染症にも注意【上越保健所管内】 - 上越妙高タウン情報","https://news.google.com/rss/articles/CBMiVkFVX3lxTE9GdU5OQUNyOTZLYU53Qm1YRDJsUmlPOU14MmNuZWl6Wkc3ZEw4aFR1cGFjMFpnNndfSkI4U0FkbWxSMGJuVkstV2FGU1dXSHdzTmt1bWR3?oc=5","前週に続いて伝染性紅斑は警報 RSウイルス感染症にも注意【上越保健所管内】,"Thu, 03 Apr 2025 07:00:00 GMT",2025-04-03
"RSウイルス","Google RSS","新型コロナ以外で初のmRNAワクチン「エムレスビア」が承認取得 - 日経メディカル","https://news.google.com/rss/articles/CBMif0FVX3lxTE5pNmNfc2dQSGdaenc0dkthS25oUEd5MWJjZXVQUDF5VlpOR3U3dUkyQkpadndpNUpfSnBFT2N3UGlIMlAxTHZ1RDl3UGtDMF9sTnkzRzg4cUtSMXppTGZDZFBfbzB6dEdNZ3hxS2FwY0lZU092WEplcVpZaVl1clE?oc=5","新型コロナ以外で初のmRNAワクチン「エムレスビア」が承認取得,"Fri, 23 May 2025 07:00:00 GMT",2025-05-23
"RSウイルス","Google RSS","感染症の流行状況 2025年 第15週 - pref.saitama.lg.jp","https://news.google.com/rss/articles/CBMidkFVX3lxTE5hV21qdk5nY2QxcVNuTGhfTHFfWWZVYUxMbDNqUFJTMmlQcWs1LVd5TmZIdTZhTEhIaHZ5M3FLM3pUdVhoUFVHLWt2RVNOT3NLdDc2bC1ySy1XSnd3dVNUUkdmLWFiWDlQekM1NTFrdGI3Rkd6bVE?oc=5","感染症の流行状況 2025年 第15週,"Wed, 16 Apr 2025 07:00:00 GMT",2025-04-16
"RSウイルス","Google RSS","RSウイルスワクチンの製造販売承認を了承（共同通信） - Yahoo!ニュース","https://news.google.com/rss/articles/CBMif0FVX3lxTE5PR1ZhbWpsaWpxa2dycEJBTTBJdHpzZkFHamkyWWR2MTN6QlJaN2pLalpwRl9vM1dnMW14T05BTmRZMkpfZ2xzRkN2RDM3bXRlaHk5dkRCaFFwZXNxa3ZqTk9Ja1VOZXdVYlJMdE9kX25Nb1NLMVE5NXhmRWt3OWM?oc=5","RSウイルスワクチンの製造販売承認を了承（共同通信）,"Mon, 21 Apr 2025 07:00:00 GMT",2025-04-21
"RSウイルス","Google RSS","RSウイルス用「mRNAワクチン」を了承 コロナ以外で初、新たな感染予防に期待高まる - メディカルドック","https://news.google.com/rss/articles/CBMiV0FVX3lxTE82LUhYS3p0TG5oUnlFNVFRMWZmcWFvdkdKME1WZ3hVd1p6WFFudzlvSzdJaC05dm0yY19XNGtaeC1yZE5FangwYlBoMzluX0NuXzlYVmxhQQ?oc=5","RSウイルス用「mRNAワクチン」を了承 コロナ以外で初、新たな感染予防に期待高まる,"Fri, 13 Jun 2025 07:00:00 GMT",2025-06-13
"RSウイルス","Google RSS","米ＣＤＣ、数週間以内に新型コロナとＲＳウイルス感染拡大を予想 - Reuters","https://news.google.com/rss/articles/CBMiekFVX3lxTE1qTHJaRkQ2NjB2a1czRlBCTkkydzFSdEJMM1BNQWsxanNaZ2xPQncxMlBhcXRtR3VJRmNHZ0VXVjFBMXkxajFPZmJldjRvdGt3T2pBNEd3YVJUdjV3MllRNWxueGFjLW9xU3V5UzRfdUttZGNOVVEzVVFn?oc=5","米ＣＤＣ、数週間以内に新型コロナとＲＳウイルス感染拡大を予想,"Wed, 20 Nov 2024 08:00:00 GMT",2024-11-20
"RSウイルス","Google RSS","男の子のママ・栗原 恵。０カ月のとき、子どもがRSウイルスで入院！「判断が遅かったら危なかったかも」と言われ… - たまひよ","https://news.google.com/rss/articles/CBMiXkFVX3lxTE1XSWtJSlFjWGRKV1pGa3J0SDBzVk5iUnRGWE9EeE1xM0pzSWFhakY5YXhFbEFKY2hfS21OSDBjWVhadmZqbnAzNkdZZnVGcFVMLWhkdFBRS2NMVE5udEE?oc=5","男の子のママ・栗原 恵。０カ月のとき、子どもがRSウイルスで入院！「判断が遅かったら危なかったかも」と言われ…,"Tue, 29 Apr 2025 07:00:00 GMT",2025-04-29
"RSウイルス","Google RSS","RSウイルス（RSV）感染による小児の入院が急増 - Vietnam.vn","https://news.google.com/rss/articles/CBMijgFBVV95cUxNeV9MREJvWkR3RkRidnpZZGxYS2VDMkZaVUQ2WENzTjdYdWFNakFUS1Yxdjl1X2xHay1iM1NkMTVsOENodkU2ZE5iWFcydDI0T3U2QVRGSkxqSVNoc3BVUlVOM3BiMndUQl9YZjdpcDdxZnJsQ3FUb2t1QWZnWTY2N2ZfVXpoSmhIV0h5UjBB?oc=5","RSウイルス（RSV）感染による小児の入院が急増,"Sat, 08 Mar 2025 08:00:00 GMT",2025-03-08
"RSウイルス","Google RSS","妊婦向けRSウイルスのワクチン助成 袋井市、新年度から [静岡県] - 朝日新聞","https://news.google.com/rss/articles/CBMiZ0FVX3lxTE1BbEZkeFNIeTdza3lzNW82X0NxQVJiOTdEcmoxdWo4aVMzY2M1SHRPSnRFUTMyeGZsSmNrdWwxSUYyYWhSMjBEb3FxNmYxcG8xRjBzUjFzTV81dlZlN1RoVzQ1TFdGeTg?oc=5","妊婦向けRSウイルスのワクチン助成 袋井市、新年度から [静岡県],"Sat, 15 Feb 2025 08:00:00 GMT",2025-02-15
"RSウイルス","Google RSS","妊婦への接種開始から1年 RSウイルスワクチン、85％知らず - ハナソネ","https://news.google.com/rss/articles/CBMidEFVX3lxTE5BSzhsSjBHRG1lMVllMkd3ZUljT0lqWkhmQ2JwMG1XV3RwczFyOHZsTG5VaXZ2Y3dxWEFJN19hUGJrbVdNRmZDSHRTTXY0dC1GdFdQSUJ6OGZ0T3dEQjBZWm1KY1dIb0ItVWN0OE10M01PVGZu?oc=5","妊婦への接種開始から1年 RSウイルスワクチン、85％知らず,"Wed, 18 Jun 2025 07:00:00 GMT",2025-06-18
"RSウイルス","Google RSS","「RSウイルス」に感染したらどうなるかご存じですか? 症状が悪化しやすい人の特徴も医師が解説! - メディカルドック","https://news.google.com/rss/articles/CBMiWEFVX3lxTFAwd1Jzbnhra1RvMUs5TWpzMFJaMkJycFFfX094VDZnbHQ0YjdhVnpWMHNGd3pvVlVvUzJybUFLcUZZWHFkSFRMdjBsdUl6bzNFYUdleS1ESzE?oc=5","「RSウイルス」に感染したらどうなるかご存じですか? 症状が悪化しやすい人の特徴も医師が解説!,"Sat, 15 Mar 2025 07:00:00 GMT",2025-03-15
"RSウイルス","Google RSS","ヒトメタニューモウイルス、中国で増加 WHO「冬場の予想範囲内」 - 朝日新聞","https://news.google.com/rss/articles/CBMiZ0FVX3lxTE9tZS1EZHpTX3JIbTByMUF2bXc2VlBnV1VEdEtwQzRLbWkycVFtYmktWWZ6U3FlSUxEclo5bTNOcEI5SE9Kd0NxLTh2cHR4cTl3cFNJcDBBMEYxU2hEY19vM2plblB2MzQ?oc=5","ヒトメタニューモウイルス、中国で増加 WHO「冬場の予想範囲内」,"Wed, 08 Jan 2025 08:00:00 GMT",2025-01-08
"RSウイルス","Google RSS","《赤ちゃんがかかると重症化も》RSウイルス感染症の予防薬投与開始へ【高知・須崎市】 ≪ 高知のニュース - 高知さんさんテレビ","https://news.google.com/rss/articles/CBMiW0FVX3lxTE1PLXR1bVczWkVaekpXYjl0ZnpqeUJ3TGFPTFgyNUxydVVndmd2TEpOTG5BdXJ2M2VyNThqZGlqMlRBYm5FNEVjb3VNWUdRc0VSeWtQSkd0d0tIYWs?oc=5","《赤ちゃんがかかると重症化も》RSウイルス感染症の予防薬投与開始へ【高知・須崎市】 ≪ 高知のニュース,"Wed, 02 Apr 2025 07:00:00 GMT",2025-04-02
"RSウイルス","Google RSS","RSウイルス感染症、病態解析や薬効評価にiPS細胞由来オルガノイドが有用－CiRA - QLifePro","https://news.google.com/rss/articles/CBMiW0FVX3lxTE1RX1hJcnVWc3B2T1gxWEdaRGpwX2kwbXVGSW9xbHgtS2hJQy1GMFZ2TE9HY2tya2FrZFZGeWg1SmhJeDRCQS0wWWlEMEhzTGkzMmJOdXZ0MWs2Rm8?oc=5","RSウイルス感染症、病態解析や薬効評価にiPS細胞由来オルガノイドが有用－CiRA,"Fri, 02 May 2025 07:00:00 GMT",2025-05-02
"RSウイルス","Google RSS","モデルナ製RSワクチン承認へ 60歳以上、mRNA利用（共同通信） - Yahoo!ニュース","https://news.google.com/rss/articles/CBMif0FVX3lxTE5PclVHbXdrRHp6Z0pLZkJReC03M2h0TzRyNEhweHV6WUd2MWVNZWVyVlp1SkZWeFloNWNfcGFMNDR4Z2ZFQWVTUV93a21pUjdaQjlpZ1BMQnlKZEFGbi13ZXBRT2hOMDNEN0xaaU10Y0Z2SmhIWXNVLVB2RGVOYjA?oc=5","モデルナ製RSワクチン承認へ 60歳以上、mRNA利用（共同通信）,"Mon, 21 Apr 2025 07:00:00 GMT",2025-04-21
"RSウイルス","Google RSS","韓国で新生児RSウイルス集団感染が拡大…予防注射は「1回100万ウォン」、高額と供給不足に懸念 - AFPBB News","https://news.google.com/rss/articles/CBMiUkFVX3lxTE51YzdFbkx2bWFxYnBkSUFUOF96elZVZVRPbmNZdzMzSlJzZW1VZ0o2MWxkSXNlNW5UeENRczExdk1IdGRkVGhuV3FkWUlQbmJ6M3fSAVRBVV95cUxONGxlTEUzRkpQdUpQSEtiWEh6Nk5YOWZ1QjZncE9VODg5dFpuS2JWclRqMzQtMUY5VHlWc29OSjFJYjJIVkNSZlRvLU9YSnc0eGtMWHc?oc=5","韓国で新生児RSウイルス集団感染が拡大…予防注射は「1回100万ウォン」、高額と供給不足に懸念,"Wed, 26 Mar 2025 07:00:00 GMT",2025-03-26
"RSウイルス","Google RSS","RSウイルス感染予防、ワクチン定期接種化を／党神奈川女性局で識者講演 - 公明党","https://news.google.com/rss/articles/CBMic0FVX3lxTE5xM3VabmJnb3BxSmVScnpwcFZMdE5XODdzMzFuY1dXbXIwdHJ3b3psd3k2Y0Y5RHFsb0lJY1Zyb285MWhFUXV3Q2tsa1NialZZd3BSMUZSVTk4Y19DcXJsMWNla1hFTXRqWHV5dFRMZEhJUEk?oc=5","RSウイルス感染予防、ワクチン定期接種化を／党神奈川女性局で識者講演,"Thu, 17 Apr 2025 07:00:00 GMT",2025-04-17
"RSウイルス","Google RSS","ＲＳウイルス用「ｍＲＮＡワクチン」了承…厚労省専門家部会、新型コロナ以外で初 - 読売新聞オンライン","https://news.google.com/rss/articles/CBMiowFBVV95cUxOSmZ1amRrS092Ym4yN3c4ZDBOekhTZHRVQVdfckdoNnBUYWsySWRORkJmaDBwOGFiQXJJZC12UDlrQnBWUHZSdk1Rdm1wWUlvQUNWX09CdXVSTHowNm9YTE9WdlNOc2VWRi05cE1WTkp1aHhNMm5JalJmMjU4ZHh3ZHM0UkU0czdoZ2tIdnFmU1pLRVVobEZuckY4OGlqLTRYUkJR?oc=5","ＲＳウイルス用「ｍＲＮＡワクチン」了承…厚労省専門家部会、新型コロナ以外で初,"Mon, 21 Apr 2025 07:00:00 GMT",2025-04-21
"RSウイルス","Google RSS","RSウイルスワクチン「アレックスビー」 米国CDCが重症化リスクの高い50歳代への接種推奨勧告 GSK - 医薬通信社","https://news.google.com/rss/articles/CBMi1AJBVV95cUxPVWtXVEQxaS1GVGxObmVWbzgzeXVfSzRLUkRZNWw0ZmJxd0JNaGd4cktPVEtMOEJTOVJ0Y1o2anBDc0ViTkptNllPVm1sb2JPSDhrNFo2ZFdiMURfQmV1OVhVNW9Xa1ZwV0RlMFowZVppMmtSU0pnOXUtTjhSdWJsalo2MkE4NEtnV3hZenJWTU5RNlRHNE5sR1JfczA4X1h5VTdNWUt5XzRsTklMLVN3czUzMmR6VE4zYnQyOEpjMzdmTk9DSTVaNUpFT01sM0NJNGtiMEEwNG9tUUxRVWdFSWN5V1Ntb2NTTHZZT0JOM19RTHZLQnc5M0pkUE1rakFBMW5BRE5XMHdZVmU0ekx1OEY1T2lpRk9lR2tWekxvWDdiZ3p6Q056LU9KWkRFVzBIVEc2M2xrbVhiWGM1d1NYY0U1WFgyeFl5RDR4cV9uLUVVWlYw?oc=5","RSウイルスワクチン「アレックスビー」 米国CDCが重症化リスクの高い50歳代への接種推奨勧告 GSK,"Fri, 25 Apr 2025 07:00:00 GMT",2025-04-25
"RSウイルス","Google RSS","■NEWS RSウイルス定点1.27と8週連続増加―2020年以降最高水準を記録［感染症発生動向調査 2025年第9週（2月24日～3月2日）］｜Web医事新報 - 日本医事新報社","https://news.google.com/rss/articles/CBMiaEFVX3lxTE5zeTNVTmRWRVVkMGtLTVhrT3hRcjJzSkdCRjJCLUdUOHlqRGFPUEx6T0NOSVJkdDIwdmViNGV1blZxQWdPVmxIWHBhMkRleXdmTEtaNUFWVG5EMk50RFhsbGh2UW5vc3Az?oc=5","■NEWS RSウイルス定点1.27と8週連続増加―2020年以降最高水準を記録［感染症発生動向調査 2025年第9週（2月24日～3月2日）］｜Web医事新報,"Tue, 18 Mar 2025 07:00:00 GMT",2025-03-18
"RSウイルス","Google RSS","子どもにとって新型コロナよりも心配なRSウイルスの存在 ～9月1日「ニュースワイドSAKIDORI」 - 文化放送","https://news.google.com/rss/articles/CBMiUkFVX3lxTE5EXzZVRUFwX01KVS1QTzFfVDJFMlFrNnhqM0p3OWdvZnVHQ21XTXBnak1XZ3JuWnVoMGJ5UThUd1hOb1VCdVIwdEVlT3RNdVBwMUE?oc=5","子どもにとって新型コロナよりも心配なRSウイルスの存在 ～9月1日「ニュースワイドSAKIDORI」,"Sun, 01 Sep 2024 07:00:00 GMT",2024-09-01
"RSウイルス","Google RSS","ヒトメタニューモウイルスって？春から流行？「RSウイルス」の仲間 - withnews","https://news.google.com/rss/articles/CBMigwFBVV95cUxNR3NDdk9nUXdhUkdGYVNNZm0yMWgyY2VzQWpfaVRJUkpoOWtqSkFWY3pTTjFWbTJnREktRlRLbEkycE1nUEV3YXJDSndkUjZER2lUOU5PR1B2Yko4RV9mTnZBVTlKTDRVNXZXQnd0ZUxWbEFrQllwemNIOUI4MkhfN2t4VQ?oc=5","ヒトメタニューモウイルスって？春から流行？「RSウイルス」の仲間,"Sun, 23 Feb 2025 08:00:00 GMT",2025-02-23
"RSウイルス","Google RSS","妊婦に接種、赤ちゃん守る ＲＳウイルスワクチン 情報周知へ取り組み - 47news.jp","https://news.google.com/rss/articles/CBMiS0FVX3lxTE1xY2tGbmJzSGliMXJGMzBYUl9kUmtOQWg5TDFoaXBTR2FjNkVicEFrcEhSRl9BSkdadFdaWHE4MDg5NnBPd01OZGtTNA?oc=5","妊婦に接種、赤ちゃん守る ＲＳウイルスワクチン 情報周知へ取り組み,"Tue, 20 May 2025 07:00:00 GMT",2025-05-20
"RSウイルス","Google RSS","■NEWS RSウイルス定点当たり1.18―11週ぶりに減少［感染症発生動向調査 2025年第12週（3月17～23日）］ - 日本医事新報社","https://news.google.com/rss/articles/CBMiaEFVX3lxTFBhS0x0a0JZU1lmTzh2TlJBMkNkQTg0TTFndW5NQVBDRmd4XzFOaW9ta2pmS29PUVN5ZkhoclZ2MDdwX3ZpZUhEQUNPemlkVGtCRUFQR29lem9Ib0dJSG5YZ3IydjlpMlRs?oc=5","■NEWS RSウイルス定点当たり1.18―11週ぶりに減少［感染症発生動向調査 2025年第12週（3月17～23日）］,"Tue, 08 Apr 2025 07:00:00 GMT",2025-04-08
"RSウイルス","Google RSS","日本産科婦人科学会、妊婦と医療従事者に向けて「母子免疫」の重要性を伝える啓発動画3本を制作・公開 - PR TIMES","https://news.google.com/rss/articles/CBMiakFVX3lxTE5ieFc3M01yd0t2Vk5aQ2I1U0duR3d5aThPZ1I3Z1BLdzdmOXBQUGV5akJ5Z25yaFU1OGRUcTZQQUdybzVBak1rSXlwRW9vVXhpSDJOVWtja1ZKM3ZfMUFkSGg2eWpScGRaYUE?oc=5","日本産科婦人科学会、妊婦と医療従事者に向けて「母子免疫」の重要性を伝える啓発動画3本を制作・公開,"Fri, 02 May 2025 07:00:00 GMT",2025-05-02
"RSウイルス","Google RSS","「ヘルパンギーナ」「RSウイルス感染症」流行終わらず、子どもの夏風邪に引き続き注意 - メディカルドック","https://news.google.com/rss/articles/CBMiV0FVX3lxTE4tZFFMRmxJTThYdElSMGdzc3p2d3hHbkRmelFLSWhlUDhVQ1d4ZWpIY2I3OTdJblgtSXhXcE1TVWhtckZKbWxESVFYd0s1M25wel9lUU5UOA?oc=5","「ヘルパンギーナ」「RSウイルス感染症」流行終わらず、子どもの夏風邪に引き続き注意,"Fri, 13 Jun 2025 07:00:00 GMT",2025-06-13
"RSウイルス","Google RSS","長野県のインフルエンザ患者数､前週より減少 RSウイルス感染症が多い状況 - 信濃毎日新聞デジタル","https://news.google.com/rss/articles/CBMiZ0FVX3lxTFBUcmlWb1l3WXI4bHFFeXIyaENMSGE1OHNqb2Zxd3FnZ3BFRE9QSklzUkNwYzZub0ZDVXBfT3VGTmdmaGV0YThEZHVQdGszRThSYTdXMEpDTmtPMVFsaGU2bkZWYzlPRlE?oc=5","長野県のインフルエンザ患者数､前週より減少 RSウイルス感染症が多い状況,"Wed, 05 Mar 2025 08:00:00 GMT",2025-03-05
"RSウイルス","Google RSS","RSウイルスワクチン「アレックスビー」 EMAが18歳以上への接種対象者拡大承認申請受理 GSK - 医薬通信社","https://news.google.com/rss/articles/CBMi1wJBVV95cUxPMm1ITzhkaGFtWWNQaWRNek1KVFlMUUcxUzJiMkc2amltX0VmaXJvWnBjV200LW12ZDRnMDRYb1hwVThibGdLZ3c3MkZJaXhYYnpXWW4zZUxKejFOTzdESThKMWFkTVh2SGczYTBHRnY0Y1Y1NGk0bmh0Z25wZ0xnZ3ZXa2ZWQWY0TllKODBDV0xkeEo1Mk9YV3pwLTJvdER6QXZmZkhoZzgtNmNYeWdtaTJHal9RaHp6dUxFNVNRY01xV0FWQmtqaERLUnZvdjRjTDlJX0xSMVdYc0RHd1BNYjhJcUNIUmEwVEQya2xsNldsMHdBVV94SU1hRGNxeUNfQVZUVzRxZXdXc2V6TFU5NnVyV2FBdE1saXNNcVM0bUE5OFFJbEtjUmZHN21heXBvUDMxRVpnUTRHLWU4Vl84bUlza1cyanZqYmFqM0ZqS0t4UXc3UWk4?oc=5","RSウイルスワクチン「アレックスビー」 EMAが18歳以上への接種対象者拡大承認申請受理 GSK,"Wed, 18 Jun 2025 07:00:00 GMT",2025-06-18
"RSウイルス","Google RSS","静岡県、ＲＳウイルス感染症の流行入り発表 例年と比べ早く「マスク着用、手洗いを」 - 静岡新聞DIGITAL Web","https://news.google.com/rss/articles/CBMiTkFVX3lxTE9sWGVFdjhWU0JIQXlNSFNOOHhYemdoQUY3Ql94dlpBSGo1c3JEeTZZRnMxRWhtSWNqX21vU3NPeXJEcEVYdnVNdDNnOHJFdw?oc=5","静岡県、ＲＳウイルス感染症の流行入り発表 例年と比べ早く「マスク着用、手洗いを」,"Sat, 15 Mar 2025 07:00:00 GMT",2025-03-15
"RSウイルス","Google RSS","重症化しやすい感染症から赤ちゃんを守るために、妊娠中のママができること【小児科医】 - たまひよ","https://news.google.com/rss/articles/CBMiXkFVX3lxTE5MUlpDTTlLUFlfTVBPb2p3SnIwWkh1WXJDQWF3T1FwbVBIdXVGNHd0RUJhUHRLZ0pxVm1jY09PazZac2dCclVuQ3l5Qkp3cElNYnB1YmVGOXRuaVpHNUE?oc=5","重症化しやすい感染症から赤ちゃんを守るために、妊娠中のママができること【小児科医】,"Sat, 30 Nov 2024 08:00:00 GMT",2024-11-30
"RSウイルス","Google RSS","RSウイルスや感染性胃腸炎 例年より多い状況続く 鹿児島市の小児科では - 日テレNEWS NNN","https://news.google.com/rss/articles/CBMihwFBVV95cUxNUWFVNzlqbFBWRG1aSXR2QzJXcW1qX2R1ZVlTY1FtNF81UHdOVzBJYWlwZjdDdEo2bm9vLWJZNnhrOU9mTXpWUTBlalptR09fcGdZY3hZaDlFZnJhdHgwR2NkVHZqc1FLVW1GV2RWc2w3NTl2ZDRIb1M5NmlEVWFkZHgwS1c3cDQ?oc=5","RSウイルスや感染性胃腸炎 例年より多い状況続く 鹿児島市の小児科では,"Thu, 27 Mar 2025 07:00:00 GMT",2025-03-27
"RSウイルス","Google RSS","全国初、須崎市が全乳児向けにRSウイルス予防薬 「ベイフォータス」無料接種へ 2025年6月頃開始 - FNNプライムオンライン","https://news.google.com/rss/articles/CBMiTEFVX3lxTE9jcmJJVHN6N1M5a1pTWkZBYXFPNy01SVpZcUlDSzJjdU1KaU9ySG1EeXdaTVR6VF96T1o1ZU1MY2VKRTYwY0d2TmF0ZnA?oc=5","全国初、須崎市が全乳児向けにRSウイルス予防薬 「ベイフォータス」無料接種へ 2025年6月頃開始,"Mon, 14 Apr 2025 07:00:00 GMT",2025-04-14
"RSウイルス","Google RSS","感染症の流行状況 2025年 第1週 - pref.saitama.lg.jp","https://news.google.com/rss/articles/CBMidkFVX3lxTFBVa29HZmxuMjhuWDZodVJKTmsyZmVPTGJHbjRuRXJQd1MwMXlhaEl2Q3haYUs4YjdvTDJlejJCQmpTb2lCN3RhX1RhY3FHNktqZ01pYU1BUEJEV0JLTXRESnVUQVZ4ZzZwUlNtek1pWmI5OTEwUmc?oc=5","感染症の流行状況 2025年 第1週,"Thu, 09 Jan 2025 05:01:28 GMT",2025-01-09
"RSウイルス","Google RSS","自治体助成の予防接種は全国初 高知県須崎市がRSウイルス予防薬の無料接種を6月から開始発表 1歳未満の乳児が対象 - TBS NEWS DIG","https://news.google.com/rss/articles/CBMiaEFVX3lxTE5aU2tIbFllcU5yVXBVSHpiT1lTWmJVemJEcDV2dzlXc2I3Z3FjMHNIT011Vmo5eU1HUTJ2NzhuX1Vfc25sN3F5LVplUHFyZGx1NFQxNjJnb09kcl9KeTQ1Z2FqTlI3NnZC?oc=5","自治体助成の予防接種は全国初 高知県須崎市がRSウイルス予防薬の無料接種を6月から開始発表 1歳未満の乳児が対象,"Wed, 02 Apr 2025 07:00:00 GMT",2025-04-02
"RSウイルス","Google RSS","GSK「ブーレンレップ」承認、多発性骨髄腫に初のADC／モデルナ、RSウイルスワクチンの承認取得 など｜製薬業界きょうのニュースまとめ読み（2025年5月19日） - 転職×天職","https://news.google.com/rss/articles/CBMiWkFVX3lxTFBXcFhjYjZzdHhUS2lPZi1qUnJaUUwtb2k3TXlqM3NRUVdZZmhaSFBCYlM3VEk1WFdBeWZVZEU2cXVjV2ctRmhIeTBJc0pJaHQ2LVJDeW92MDJvQQ?oc=5","GSK「ブーレンレップ」承認、多発性骨髄腫に初のADC／モデルナ、RSウイルスワクチンの承認取得 など｜製薬業界きょうのニュースまとめ読み（2025年5月19日）,"Mon, 19 May 2025 07:00:00 GMT",2025-05-19
"RSウイルス","Google RSS","【感染症ニュース】RSウイルス感染症全国定点報告数が10週連続増加！乳幼児の感染には特に注意！医師「九州など西日本で流行」 - news.goo.ne.jp","https://news.google.com/rss/articles/CBMie0FVX3lxTE42cmVYQlM3UmVYU25naTlEa0VRM1pCUEsyOWtUWW4yQ2FYRDBNTms5Z0E1Z1lsNW5NcnFyaUFOckNORXd0N2h0dmI0eUJ0MWRXa00wbnlTeVplU09hSm5YUzg2a2wtUFhDblFxRWlzWkN6NWN3dzRWTUtCWdIBgAFBVV95cUxPLUl0MjVhY2ZFb2tZb1hGTFhRS2hMOUlSUEpYZmpCVWRMM0NiRXJzZ0pZZ1EzdlJhYmZrUXRfSmRKRVIxLTE1WmhHX0RHN09YN2RsUm9xVnoteGVvanZrVm5PbElxTVJQR3VVZGpYTEpHenFyWGVpeC1pS0J6X2xQOA?oc=5","【感染症ニュース】RSウイルス感染症全国定点報告数が10週連続増加！乳幼児の感染には特に注意！医師「九州など西日本で流行」,"Fri, 28 Mar 2025 07:00:00 GMT",2025-03-28
"RSウイルス","Google RSS","RSウイルス、5週連続増　　0.96で「かなり多い」、2月3～9日 - 日刊薬業","https://news.google.com/rss/articles/CBMiSEFVX3lxTE9QSEhQT09qU0ROYlo2eGpBRWJ6a1AtRldoMW92bVVqckYwN2d3aFJaV1lCaFB3cmJveUNaTzR4UlZpZFZ2RlRpYdIBTkFVX3lxTE0td3RZNm50LXdoZ3pMZGhPeUN2Y3RCbHEycm1yUmhnRXVibzRoLV9OdkdqVUV5QlF4RTY4dTZNNmk5T29RVlB5NVNnbUswUQ?oc=5","RSウイルス、5週連続増　　0.96で「かなり多い」、2月3～9日,"Tue, 25 Feb 2025 08:00:00 GMT",2025-02-25
"RSウイルス","Google RSS","ヒトメタニューモウイルス→「みんな一度はかかってる」中国で流行も“パニック不要”森内医師が解説 - TBS NEWS DIG","https://news.google.com/rss/articles/CBMiZ0FVX3lxTE9iVWVMeng5NGM4cU9ZazY4cnRacEVJSzF3X1BOUmE0SHNmeTBqTWw3dkQtM0tsY193ZU9BeTFMamxTQ0F0U1NQUzZSRE44V0JBQTBMYk54Y1U1MUpNdDNoVzZVNEl6czg?oc=5","ヒトメタニューモウイルス→「みんな一度はかかってる」中国で流行も“パニック不要”森内医師が解説,"Mon, 13 Jan 2025 08:00:00 GMT",2025-01-13
"RSウイルス","Google RSS","RSウイルス予防、新たな医薬品が相次ぎ登場 妊婦にワクチン接種、赤ちゃんに抗体 費用負担や認知度に課題も - 西日本新聞me","https://news.google.com/rss/articles/CBMiVkFVX3lxTE1hN1FLRGRiNlRRaWEwc21ULXhPaTg4NUdqaWpkbUo1dUk1V0tvQzc3V1V4eldwNDBPRG9lV0tnYzBvN3hRVGQ1bzFWNlhPUTJTNTlwWnhn?oc=5","RSウイルス予防、新たな医薬品が相次ぎ登場 妊婦にワクチン接種、赤ちゃんに抗体 費用負担や認知度に課題も,"Mon, 16 Dec 2024 08:00:00 GMT",2024-12-16
"RSウイルス","Google RSS","発生動向総覧 - pref.shizuoka.jp","https://news.google.com/rss/articles/CBMingFBVV95cUxPdjIzYjQ3ejdWTTNrelhRYnl6T1VyRUo1TTdBdjJfTy1lQXJENHp4LWhQNkpwNDZQODhibnRIUHVnVGl0WGc1aS1kQ1lHajhweUktdUFGWEJxTDVla0ZDMzlmZ3NCR20wXzVWOE9fNHVGQzFsLUtUZVJLdFp3dlJSOTd5cDBuSDh0Yy1iMGdiNHFWR2NPSmZ1ZFpFR1pkdw?oc=5","発生動向総覧,"Mon, 30 Sep 2024 14:12:42 GMT",2024-09-30
"RSウイルス","Google RSS","手足口病にRSウイルス・・・流行り病クエスト[ハハのさけび #25] - たまひよ","https://news.google.com/rss/articles/CBMiXkFVX3lxTE5sVVU1VDdHVDZlRENmSXdVS0FoUkVrWkU1Nnp2QnpzUlhvdk9ELXhrenp4cFZRN0hMXzd6U2RiMTdTUzRKVHhxUzRwSTlJTTdOVEVRQm5CaVFJTm9aOUE?oc=5","手足口病にRSウイルス・・・流行り病クエスト[ハハのさけび #25],"Mon, 13 Jan 2025 08:00:00 GMT",2025-01-13
"RSウイルス","Google RSS","自治体助成の予防接種は全国初 高知県須崎市がRSウイルス予防薬の無料接種を6月から開始発表 1歳未満の乳児が対象 - TBS NEWS DIG","https://news.google.com/rss/articles/CBMiV0FVX3lxTFBOTE41RmJPQ3ZfQm9xd1ZBY1Z0c2E1MDF4amxOR2ZDM2toWGhfbkV4bFB2U29CVXFzbDR0ZEJlZzhJN3BiTWRIM211RXBhV3FsYzB4WTFnaw?oc=5","自治体助成の予防接種は全国初 高知県須崎市がRSウイルス予防薬の無料接種を6月から開始発表 1歳未満の乳児が対象,"Wed, 02 Apr 2025 07:00:00 GMT",2025-04-02
"RSウイルス","Google RSS","RSV感染症vs.インフル、重症度と転帰を比較～日本の成人5万7千例｜CareNet.com - CareNet.com","https://news.google.com/rss/articles/CBMiX0FVX3lxTFBoMkxMTUdnZk9OUXdtMG5jb0I2MnBtUm5CZVNnZDJNM3hnbHVvTlR1eUcyeE81RU1mZUEydlphdDlFUW1oYWxRV0tBUUJLVDQ5SlRha0FjTnE5VnNsSEhR?oc=5","RSV感染症vs.インフル、重症度と転帰を比較～日本の成人5万7千例｜CareNet.com,"Fri, 14 Feb 2025 08:00:00 GMT",2025-02-14
"RSウイルス","Google RSS","ＲＳウイルス母子免疫ワクチンの現状～発売から３カ月～ - 時事メディカル","https://news.google.com/rss/articles/CBMiTEFVX3lxTFBQUlpWbmdSSlBEVGdOZW50dGF0U3M2VDlJUzJCb1daVHhxbGRhWnJVdlNnRzA3alYxNUJmVE0yVV9scEVTNGFRd1AtZ1jSAVJBVV95cUxOTEt1bEluUkZBVWV6a21hQnRrMzFidldTdEVCZV9NaEgtYXU0R1RHTmxJaXJVWjdiTE5xQXBucVZPeFVuVDhVaDJ0elZ2bTNXZ0VB?oc=5","ＲＳウイルス母子免疫ワクチンの現状～発売から３カ月～,"Tue, 17 Sep 2024 07:00:00 GMT",2024-09-17
"RSウイルス","Google RSS","RSウイルス、6週連続増　　1.06で「かなり多い」、2月10～16日 - MEDIFAX web","https://news.google.com/rss/articles/CBMiSEFVX3lxTE9sQnljZ01XZmo2VnZWOUZUdXZlN3NHalItYmlOaVR2RnhoWFk0aWdSbkdScm1BUFVEb0tPbk1fUlV1cVZvVUluYdIBTkFVX3lxTE9XME9jZkpMeXZkUnpmVmNERGFvWEZrOGRCYXhIbVctVUlURjdSSFRWbDhzX2VLZ003UU1JRXRrT2pod0U0aHhTZ051YzFRUQ?oc=5","RSウイルス、6週連続増　　1.06で「かなり多い」、2月10～16日,"Mon, 03 Mar 2025 08:00:00 GMT",2025-03-03
"RSウイルス","Google RSS","2025年も警戒を! 去年の夏に流行した感染症まとめ【手足口病・ヘルパンギーナ・梅毒まで】（メディカルドック） - Yahoo!ニュース","https://news.google.com/rss/articles/CBMif0FVX3lxTE5KYWM3MGs2YzZmM3hFOC1aNlpTeDNHd1NJNUFfaHRqMUg1T2VIMDE3YWRYeDVjS3gwVy1tRjlXb1UwYlR6aXJabEVlQ3k5TDVCN0VfbHFzQUdqUF9fQ3o3TEpYZzdhV3puT0ZMdXhPNTB6U18tVjFFSHp0ZFhJWXM?oc=5","2025年も警戒を! 去年の夏に流行した感染症まとめ【手足口病・ヘルパンギーナ・梅毒まで】（メディカルドック）,"Fri, 27 Jun 2025 07:00:00 GMT",2025-06-27
"RSウイルス","Google RSS","RSVから児を守る！母子免疫ワクチンの可能性 - Medical Tribune","https://news.google.com/rss/articles/CBMiekFVX3lxTFBnZC1RWEJCQjZDQ1hiTEs1UE01SWZ4VHkyekN5dUdYbVEydmJLcV9hY01uT2hqc2swaUFhR3dCMVNNZU9TaWFvaXZVNFFCUC12VGFGWTRtS2NRQUt0WVF6RmJHdmg0bDNuQVVwNmNMOTN3MFEtT2V3b21n?oc=5","RSVから児を守る！母子免疫ワクチンの可能性,"Thu, 27 Feb 2025 08:00:00 GMT",2025-02-27
"RSウイルス","Google RSS","微熱、倦怠感…マイコプラズマ肺炎が大流行 重症化する人の特徴は - 日経Gooday","https://news.google.com/rss/articles/CBMidkFVX3lxTE1Rc1RMRllINno2c1V4VFFiN0ktUDQ1NURhZ3pKX1hiVlpOUUtWNE8zdzc0ZTBaVjNERDZaRnRwdmd2d2xkamh5ZC10UmQ1Ry10Qm9sRWFvVzNxaThQVllFQTFmcklrUWZ2S084LW4xeHgwdXVXd2c?oc=5","微熱、倦怠感…マイコプラズマ肺炎が大流行 重症化する人の特徴は,"Fri, 27 Dec 2024 08:00:00 GMT",2024-12-27
"RSウイルス","Google RSS","全国初、須崎市が全乳児向けにRSウイルス予防薬「ベイフォータス」無料接種へ 2025年6月頃開始 - FNNプライムオンライン","https://news.google.com/rss/articles/CBMiXkFVX3lxTE5jbFVGTS1zcFlfRTVxcEFiTy01Y2RIdi1HUmxXMVlPZTVPRV8yLWR1aW5mSDFZTTZ0VDdvRnRLRDZxSVMxMW9IWVF3TDQtUkl6NnJsU3hsTFVfS1o5VFE?oc=5","全国初、須崎市が全乳児向けにRSウイルス予防薬「ベイフォータス」無料接種へ 2025年6月頃開始,"Mon, 14 Apr 2025 07:00:00 GMT",2025-04-14
"RSウイルス","Google RSS","インフルエンザ警報を解除 福岡で感染者が減少 新型コロナ・RSウイルスは増加 - 日テレNEWS NNN","https://news.google.com/rss/articles/CBMihwFBVV95cUxQdkR2LXV0VlpwYjQ2ejVBUWh0cm9VZjRERU16RXN1ejZyUlh1ZFljSG5Kb3Qta1lrR01oUF9lUzJGLVlYYUpTY3UwcTRFQ0hDbUtDWWVRdmR3YXlZVjhLcU5QOWdRUGIwREhvVzZHQ1dnS1pRWTBJSm5idmdlNTRNbFpSTDFwLTg?oc=5","インフルエンザ警報を解除 福岡で感染者が減少 新型コロナ・RSウイルスは増加,"Thu, 06 Feb 2025 08:00:00 GMT",2025-02-06
"RSウイルス","Google RSS","やしろ優、息子""やさ丸""がRSウイルス感染症で入院していた「みんなも気をつけて」 - Excite エキサイト","https://news.google.com/rss/articles/CBMiY0FVX3lxTE5OdGZXSDJnWlltYlpZT1MwWmZwSGN4SU5CRks5cGlEMFFxQUdrdWZndlZBZG5vSWxaTGtMdUFDMTdYS1RGcm45NmNRMGI4U2lqRWVEOHBCUFJxRGJkTVgtSnlJSQ?oc=5","やしろ優、息子""やさ丸""がRSウイルス感染症で入院していた「みんなも気をつけて」,"Thu, 20 Feb 2025 08:00:00 GMT",2025-02-20
"RSウイルス","Google RSS","RSウイルスに注意呼びかけ、乳幼児に重篤な呼吸器症状の恐れ - タイランドハイパーリンクス","https://news.google.com/rss/articles/CBMiVEFVX3lxTE5TSkFIZkhabm9VTVhIdzJZV25sWHgxM1dEN3hWRGdocXMtSFJvUWJSWU1DV1ZIMWt1bC1iajhlY1l0QS05dUlGSTh1Z1EwN3lVYXpEZw?oc=5","RSウイルスに注意呼びかけ、乳幼児に重篤な呼吸器症状の恐れ,"Sun, 08 Jun 2025 07:00:00 GMT",2025-06-08
"RSウイルス","Google RSS","産児のRSウイルス感染症予防モノクローナル抗体「クレスロビマブ」 P2b/3試験で感染症発生率・入院率を有意に低下 MSD - 医薬通信社","https://news.google.com/rss/articles/CBMi3AJBVV95cUxONUtXM0wteGp5SWlvRk80Z1A2VW5RSWRWdmtoZ2lYMG9TZXVwV3g3ak45N29kNGVSdEFWYmZzZllucGJKQzNTN2xSY3NWeWhvN0FmSm0tbFhmYVd2TkJnbV9JQktQQXZHUVRCNXY2alFPRm84Q01fVG1ZRTZNU1Jtbkg1b1plWlZyMnBjVF9VcGVNQlE2NkVPN3JNVGJxenpOTFppZXk5WDJwRTFWMVFWbEZVNVlQU2NQMXFWQjVoc2U0LXE5VXJsYWVTRHl6enZHOVI3Qk93RkxnVkhObHR4Tko3NVBaUTZtLXJobDQwM1E0Zlc4WXRrbUFQQTdqeUdUR2ZFbjNjNXFLa0QxYy1yTEFBdW8xM3Z4VXVMNnNaMTBOcVZmTHplV0F1RWg0WF94Tm9oV3k5WlVKOW5ReGtURHNMS0xNcGFVSHFoeThxVkJJdjZPQnR5YmhLaDc?oc=5","産児のRSウイルス感染症予防モノクローナル抗体「クレスロビマブ」 P2b/3試験で感染症発生率・入院率を有意に低下 MSD,"Thu, 07 Nov 2024 08:00:00 GMT",2024-11-07
"RSウイルス","Google RSS","RSウイルス感染症による下気道疾患発症抑制に使うニルセビマブ、小児科外来診療料や検査料の扱いを明確化―疑義解釈11【2024年度診療報酬改定】 - GemMed","https://news.google.com/rss/articles/CBMiSEFVX3lxTFBobzFUbEtHVS0xcVBnWVBQOW5XTWJCdzhxclJKUWZXSDZTclVBVjNOTjUyQUtXc29VRUVSVmVkU2I5N2VpQUNwNg?oc=5","RSウイルス感染症による下気道疾患発症抑制に使うニルセビマブ、小児科外来診療料や検査料の扱いを明確化―疑義解釈11【2024年度診療報酬改定】,"Fri, 30 Aug 2024 07:00:00 GMT",2024-08-30
"感染症","Google RSS","社説：マダニ感染症初確認 肌の露出控える対策を - 秋田魁新報電子版","https://news.google.com/rss/articles/CBMiYkFVX3lxTFBSRDZJV2hlRTRDak1odllSM0JpOFc3dGZNVzZaQWtySl9Ca1Y4dHZUekxLLUtQQjZSNTRfcDQ4ckRoMmNVNXVCVFItNXVGcUJPaHlBeDlGMURZZnZ6dUwzcnln?oc=5","社説：マダニ感染症初確認 肌の露出控える対策を,"Thu, 31 Jul 2025 00:35:00 GMT",2025-07-31
"感染症","Google RSS","マダニ感染症「SFTS」拡大の懸念 - Yahoo!ニュース","https://news.google.com/rss/articles/CBMiUEFVX3lxTE5uTGlXbl8tMkhCaTZvMENTV1RFdUtEaGxZejFuWDB4dkRzcTZmRm1oOUlETjdNakFHSk9yX0xkUHB5eFYyUndOOFdKZzB1SjB1?oc=5","マダニ感染症「SFTS」拡大の懸念,"Sun, 27 Jul 2025 22:27:24 GMT",2025-07-27
"感染症","Google RSS","東日本でも拡がる「マダニ感染症」 - FNNプライムオンライン","https://news.google.com/rss/articles/CBMiTEFVX3lxTE43UGVuOXdMOVNVX1BKclJtRy1fcE1iV2h1WkJhb0RILThjcThXOGtiZThhX09XVFNNYkhJUGF5VmEzUldyUE00eU9rSUU?oc=5","東日本でも拡がる「マダニ感染症」,"Thu, 31 Jul 2025 05:00:00 GMT",2025-07-31
"感染症","Google RSS","感染症チクングニア熱が中国で流行、米ＣＤＣが渡航情報発出を準備 - Bloomberg.co.jp","https://news.google.com/rss/articles/CBMidkFVX3lxTE1hRHJOdTR3SFhEUVVLMjBkLXhrYjlxdFdocVM5bzNibDZyNjZLNnhZa2JIeFVKeHVDY3J6Wm9TZTFlZnF5YmdPVG5ER2FmclF4SGdSSlA1RWhnZmNJeFdrZ2tTRkl2Y2NITzNya1pBVnIwQndEM2c?oc=5","感染症チクングニア熱が中国で流行、米ＣＤＣが渡航情報発出を準備,"Wed, 30 Jul 2025 21:04:00 GMT",2025-07-30
"感染症","Google RSS","岡山県内全域に注意報 腸管出血性大腸菌感染症 - 山陽新聞","https://news.google.com/rss/articles/CBMiUkFVX3lxTE9YT2RLTjN2THBObDR5TFNNTmhLZ21qUjZkM1lpbUp6a0JwUGVVVGhYNFdTalpfbmpBVFIzeTJCamgySEpwVUU3ZVZmUmpvejhWYlE?oc=5","岡山県内全域に注意報 腸管出血性大腸菌感染症,"Wed, 30 Jul 2025 01:58:00 GMT",2025-07-30
"感染症","Google RSS","新型コロナ感染者13倍に急増 リンゴ病も警報基準を超え、今年最多 大分 - TBS NEWS DIG","https://news.google.com/rss/articles/CBMiZ0FVX3lxTE40R3ZiQzRnOE9id2U3ME4temUwRERkZ0dsZ0RNZGNwLXdEcDJrRDJzSGRpYm9YR1VPNEluSUVuM2VrUEpCcHd0RGJGR2YyOUVPQzh4WW04SWxOUWF2dmVmRGkwOTVKbW8?oc=5","新型コロナ感染者13倍に急増 リンゴ病も警報基準を超え、今年最多 大分,"Wed, 30 Jul 2025 09:55:00 GMT",2025-07-30
"感染症","Google RSS","日本感染症学会が破傷風トキソイド供給不足への対応策を発表 - 日経メディカル","https://news.google.com/rss/articles/CBMif0FVX3lxTE5fbmRvVkRvVXoxUUZuUk5TcERnWlE5S0Z0OUtFbmZtSlR2MEs3bUdKRjNTMGFRZnY1WnpnaXFNZmh1SGxBdWpXOE0wQk5TTFAtc0hTLWRmSXp5Q0pXd0ZWT1V3T2FzRHk2WFAtVDZudk5VR1pXQXVvSjNYT1ZnVTQ?oc=5","日本感染症学会が破傷風トキソイド供給不足への対応策を発表,"Wed, 30 Jul 2025 14:45:03 GMT",2025-07-30
"感染症","Google RSS","コロナ5週連続増加、1万例突破 - Medical Tribune","https://news.google.com/rss/articles/CBMiekFVX3lxTE1qdHo5eVQyM0RPUGI0QThWRDZqLXlqeFVvOU54TlRnaDQzdFVpb3FHaU9xN1FUM3ZMY0FFb1Z4ODF2ei14V1Zrb0tCeU5KN0hGWDRWWk9wbDBIcFFjOW1pSEE3RXhPLXVvdEF2WktnZ1BtOTdieTI2ZFdR?oc=5","コロナ5週連続増加、1万例突破,"Tue, 29 Jul 2025 07:15:00 GMT",2025-07-29
"感染症","Google RSS","岩手県「百日せき」「リンゴ病」流行続く 感染対策の徹底を - nhk.or.jp","https://news.google.com/rss/articles/CBMibkFVX3lxTE82Y1Via2s3ajZhNVZEbnJYQ1JidXBlcTVtTmRWc1ltSWdCZXVDWHREeVhnZlFkQlpsc0Y0LWtTZ3VhbmU0NF8xVTJDNWdXY2pRYW40enhEMGp6dU5pbFZQUFNUSDRDeTRMWkFLQlln?oc=5","岩手県「百日せき」「リンゴ病」流行続く 感染対策の徹底を,"Wed, 30 Jul 2025 07:54:00 GMT",2025-07-30
"感染症","Google RSS","日本人選手の元同僚、1歳の息子を亡くす悲劇…数日前に感染症で入院、チームメイトは絶句 - ｄメニューニュース","https://news.google.com/rss/articles/CBMie0FVX3lxTE9zNDg0WDhUeFV5bjNDSjVtc0Q2OXFJVTBKdldwYXpwVDhwQlR3YW9yTnpYbm4xVWN6cjYzbUtSV2Q2WHFXLWU0dEw4SkdOR0ZpWHNFMlA3WWlXWW9acVhCM25UZENJZEdsSERuS29sUU1pQTlqbEN0MUd5Z9IBgAFBVV95cUxOb3BFLVBoT09MaFR3aWhYODFTV3ozRm80VndFLU5jS2w0enl1UV9YTnhjOEE1NXpNcmFTZTJTQkl3WS1WdGRTVURFTlp0N3FTMG9NVTdBbjQyYkh6alpndS1kVXpIWUZnd3Q2VUxQVVE4ZXV0VWMxcW5sR2JLUURscw?oc=5","日本人選手の元同僚、1歳の息子を亡くす悲劇…数日前に感染症で入院、チームメイトは絶句,"Mon, 28 Jul 2025 06:20:00 GMT",2025-07-28
"感染症","Google RSS","プレスリリース：劇症型溶連菌感染症の発症メカニズムにかかわる新たな遺伝子変異を解明（PR TIMES） - 毎日新聞","https://news.google.com/rss/articles/CBMiaEFVX3lxTE9wWlc4X05zc0ZqOGlfbHJLYXBQbTZNQkl3c1d2OVdMVmNkcWgyR0hvTDZVSHdkZHAwTXNDT1h1bFoyY2FKUGI2TEZBbldiT1ZKN0VGQUJKdGRtS0I5NHZyYkJuYlotUm42?oc=5","プレスリリース：劇症型溶連菌感染症の発症メカニズムにかかわる新たな遺伝子変異を解明（PR TIMES）,"Wed, 30 Jul 2025 05:27:01 GMT",2025-07-30
"感染症","Google RSS","「命や未来、奪うことも」性感染症 専門医が高校生に授業 検査や予防薬の知識伝える - 産経ニュース","https://news.google.com/rss/articles/CBMidkFVX3lxTE85SV90Tk56cDlva0xYei1CWGFQUDVfeFA1VUtjeGVWV1RCM2tGRnR5Y2xfajZHVXlDdUt4XzBxTjJOZXB1RHRqWTdfMnN4d1NnZWQ1RDVaUUxpREw4TTBTSFVRckNaNlNvMDNmVG1WempXVDd1Nmc?oc=5","「命や未来、奪うことも」性感染症 専門医が高校生に授業 検査や予防薬の知識伝える,"Wed, 30 Jul 2025 02:30:32 GMT",2025-07-30
"感染症","Google RSS","東日本でも拡がる「マダニ感染症」 - PR TIMES","https://news.google.com/rss/articles/CBMiakFVX3lxTE1EckJVX0xSOWZpWFFtUndhb09LRTZGS0haaXNWWnNzdGM3aUxJaHhmV0ZGNnJZbGt3Y2Zjb053d1FmbFhxSERCV2d1WFN0WXNsZlZTNkNMSnlvYWNUYThDQVItblVYSjU3bWc?oc=5","東日本でも拡がる「マダニ感染症」,"Thu, 31 Jul 2025 05:00:02 GMT",2025-07-31
"感染症","Google RSS","豊岡健康福祉事務所感染症発生動向調査週報 - pref.hyogo.lg.jp","https://news.google.com/rss/articles/CBMid0FVX3lxTE8xNjlUX2ptekVCWjl0WmVrMHQwTTZ4U3RoZGNidmJaUnNHY19qVnlVYUl1b2lwdlRjQzVmbVM0c3FUd1JpMllzQmxscndWMTlQaFA3MF9EQzdoTTFxQVdVTWVHS2YxTjNTMEF2Y010RVVCZnEtMVRZ?oc=5","豊岡健康福祉事務所感染症発生動向調査週報,"Fri, 25 Jul 2025 07:00:00 GMT",2025-07-25
"感染症","Google RSS","感染症の流行状況 2025年 第30週 - pref.saitama.lg.jp","https://news.google.com/rss/articles/CBMidkFVX3lxTE0tcHJZcXNPN2VDWWY0NEtXSE14bEVFMmVZbFV6WEFPajZEenpoLTF0LWdleGlDSzZvekh0UWhGazJpNWFJU2pWaDdRc1JFNGFYamRWcVQwQzRtTEE2WjRpTEFZS1hObm1vajFwYXVrSUtWSlk2N2c?oc=5","感染症の流行状況 2025年 第30週,"Wed, 30 Jul 2025 05:35:36 GMT",2025-07-30
"感染症","Google RSS","県が１１週連続でリンゴ病の警報 基本的な感染対策を呼びかけ - nhk.or.jp","https://news.google.com/rss/articles/CBMibEFVX3lxTE0zMXYyYVpEZHJxWlUzYXpGeUhnNnUwUHVRbURLU0xDX3pVNzRyaGFtTzZMd3lSX1Y5elpKQXVSZXBvWDdjYzBpcVUxMEpYRk1GLXlialoxNmg1ZnJla0dfODhrZDNIeUVzcHVodA?oc=5","県が１１週連続でリンゴ病の警報 基本的な感染対策を呼びかけ,"Thu, 31 Jul 2025 03:26:00 GMT",2025-07-31
"感染症","Google RSS","広島県における定点把握感染症(五類)の週別・月別発生状況・5年平均比較 - pref.hiroshima.lg.jp","https://news.google.com/rss/articles/CBMiigFBVV95cUxOcDM2TlZBZDNSdlZLYkxWMld2MElTZkJWcHFSV0FmY09LMGtIc3c2aURwVktMcWN5TGdrZXg0bVRDdDdaMHQ0WFJVYmxweFNoYVI2N1Q2eVB1Y0ZUSVlGdlh2ZW9aR3B3VFBQUUkxV0FjcURuNWE1VFE2aUNjbWhmbVlZZXdZVnRyR0E?oc=5","広島県における定点把握感染症(五類)の週別・月別発生状況・5年平均比較,"Fri, 25 Jul 2025 07:00:00 GMT",2025-07-25
"感染症","Google RSS","百日咳に注意しましょう - 上越妙高タウン情報","https://news.google.com/rss/articles/CBMiVkFVX3lxTE11ZE1WQURSNWhSZTFIZ250bWVRVzdVdml4a1hBVVNDc0M4WXJoMUNkbGJON3djRVV6VURyVTdzd0FzTkhKOHJBQlVGeHpRaWlSeWg5S3Jn?oc=5","百日咳に注意しましょう,"Thu, 31 Jul 2025 07:21:00 GMT",2025-07-31
"感染症","Google RSS","週報ー徳島県感染症発生動向調査ー｜徳島県ホームページ - pref.tokushima.lg.jp","https://news.google.com/rss/articles/CBMihAFBVV95cUxPWWlrdmhmNkVwT3ZTazZUR1c5dGZLTVdFSWE2WjVyTEJFdDRkS01HSVhIYmJwNUJEM09kX2NHdE03ZW9mTHhENHBZRS1zSHAwczRZYXU5ZU41b0hJU2hGWUZHX0c3OEhncnBONzV1djRzNVRrVmFCQkhBU25NaXV3WUdFVnQ?oc=5","週報ー徳島県感染症発生動向調査ー｜徳島県ホームページ,"Thu, 24 Jul 2025 07:00:00 GMT",2025-07-24
"感染症","Google RSS","社説：マダニ感染症初確認 肌の露出控える対策を - 47news.jp","https://news.google.com/rss/articles/CBMiS0FVX3lxTE5OeUV0T3RmVnd4VmE4MjZkeHZkNURtUTNIZk1oNHdmTW94bmNkVkRXYy1haS1NM21QUGgteS1CSDdMUV9RWTdCd3lOSQ?oc=5","社説：マダニ感染症初確認 肌の露出控える対策を,"Thu, 31 Jul 2025 00:35:00 GMT",2025-07-31
"感染症","Google RSS","夏季休暇中に海外渡航される皆様へ - city.hakui.lg.jp","https://news.google.com/rss/articles/CBMihgFBVV95cUxPZUJwRnQySkJPVWJsWHRLT1RNanZWVUo5QTNSWGNyT1FaS3BCcXppOTFMQUZuTkxrU2RXWEVfNDNjc2s0N0QzcHpGY2xMNF9DMlJFZEx4andJMlJwbHBKTExoNHVITHRZNS1tRExvMjViNUFnMm83cm5CMllLNmY5Nk5Qc2htdw?oc=5","夏季休暇中に海外渡航される皆様へ,"Mon, 28 Jul 2025 01:09:18 GMT",2025-07-28
"感染症","Google RSS","長野県内 百日せき患者数 例年より多い状態続く - nhk.or.jp","https://news.google.com/rss/articles/CBMibEFVX3lxTE9reWhiV2VaRDl5U2NQUGlkOVFiNzdOYnRER0J2c0xKb3RGREItMmdMZUp0T1dnSGYtaGVocnNyUmRiY3lpS2RTYXpjajRHMUJmWm1LTzdsMmVISnVmUGdENEhzRjNfc2g3b2NYVg?oc=5","長野県内 百日せき患者数 例年より多い状態続く,"Thu, 31 Jul 2025 00:06:00 GMT",2025-07-31
"感染症","Google RSS","【マダニ感染症SFTS】致死率27％ 東日本でも拡大中 ペットと飼い主が守るべきことは #エキスパートトピ - Yahoo!ニュース","https://news.google.com/rss/articles/CBMiiAFBVV95cUxOVklHZ0IxeHFIMWlVbDhzQWhESDZOQ0gzWDZZY1otbks3S1JKQU1SbEZpekZYbHh0QjRSSlJ2dFQtd01pSXJ4SUVVTE1RejA5ZGN4bEpZRUFBd1ZXQlpxS3hvenU1QklXdDZEZXRHWkp5SnBORXIzXzRfZUpjT1hISEEwMHRJa0pa?oc=5","【マダニ感染症SFTS】致死率27％ 東日本でも拡大中 ペットと飼い主が守るべきことは #エキスパートトピ,"Mon, 28 Jul 2025 03:05:22 GMT",2025-07-28
"感染症","Google RSS","感染症の流行状況 2025年 第28週 - pref.saitama.lg.jp","https://news.google.com/rss/articles/CBMidkFVX3lxTFB5bm5hakFWbkkxR3dORUxicjNkS2tGby05RzJ6Z2hyQ1pBVHN3WTY5d0x0bFFwc1g3Q0dKLUlZbjFJWFk3MnNKajhJVFZPcGVUb0N2SW9hOXpsNUJnTjlNWTkwOUE2eGFwbkJrZ2ZwVE4zN1FrVHc?oc=5","感染症の流行状況 2025年 第28週,"Wed, 16 Jul 2025 07:00:00 GMT",2025-07-16
"感染症","Google RSS","RSウイルス感染症の流行状況 - pref.hiroshima.lg.jp","https://news.google.com/rss/articles/CBMidEFVX3lxTE15anh4LTVrTmNFdTVKMDR0bERFUGRwV05qYks3TXpsc2tyNzBqUFJhbTFYeHlsVG5QSFNIM21vcHdaUjhjQlhOZFJvSWNGb3Y0OTRvMXVmYThOV0Jlbzd0c0p1OHNreEVaYjBPQS1kTkZtLVZO?oc=5","RSウイルス感染症の流行状況,"Thu, 24 Jul 2025 07:00:00 GMT",2025-07-24
"感染症","Google RSS","劇症型溶連菌感染症の発症メカニズムにかかわる新たな遺伝子変異を解明 - PR TIMES","https://news.google.com/rss/articles/CBMiakFVX3lxTFBlNzUtenN5c1V2Ml9JMjI1MUNJMlFCRURoZFhfdWEycVJYSThlTFFhc1ZYWUNKb3F0a2d1ZmEwdksxelF6YVRLanVvaFdsRjE3SmpfeWF4dkJSNGdpV2x2LWZ0UUtzS0VneEE?oc=5","劇症型溶連菌感染症の発症メカニズムにかかわる新たな遺伝子変異を解明,"Wed, 30 Jul 2025 05:00:03 GMT",2025-07-30
"感染症","Google RSS","〔急性呼吸器感染症定点当たり報告数まとめ〕全国の定点報告数52.71人・37都府県で増加(第27週) - Yahoo!ニュース","https://news.google.com/rss/articles/CBMif0FVX3lxTE8tZ3BrUVJUYm9Ha0k1am9XRFotUUZMT2x3YWxOM1k3cFR2TGRFTTdhV3ZpQzNPcmprUkVCQV83RGNZdnotSEdHYXdOcG5jbTRaWDNLdVBiU0xWckR3Ylpkb0wxdkMtQUlNeHNxeGw0a2FQek9QXzh4NkJkNUNaeXM?oc=5","〔急性呼吸器感染症定点当たり報告数まとめ〕全国の定点報告数52.71人・37都府県で増加(第27週),"Wed, 16 Jul 2025 07:00:00 GMT",2025-07-16
"感染症","Google RSS","腸管出血性大腸菌感染症に注意しましょう - pref.fukuoka.lg.jp","https://news.google.com/rss/articles/CBMiaEFVX3lxTE4xX25WaFdWc0RONTJVTG4zWlBxRFRMQVlNS3JiV0RrdkdSYlIyOHdTVGl2WEsyMFZLVDd1dnotV1NLdm5SNS0ydFZraC1GZ2ZEamxvbG5nM0NZdHQ5OS15NldET2hiMWRU?oc=5","腸管出血性大腸菌感染症に注意しましょう,"Thu, 24 Jul 2025 07:00:00 GMT",2025-07-24
"感染症","Google RSS","百日咳の流行状況について - pref.hiroshima.lg.jp","https://news.google.com/rss/articles/CBMib0FVX3lxTE5UbHc1RnlOQm8wcVpWNi1hSS1mV0tCbVlTaGtoWFlBbF9QTnBsNDJqR3FLM1UzV0RjMXEzRFNTRXZDc3VIZmlYbVJwVzFrc3pmTExRLUtHQUpMVFlMaThURkpocFc4djFDYzFJbS1jNA?oc=5","百日咳の流行状況について,"Fri, 25 Jul 2025 02:26:56 GMT",2025-07-25
"感染症","Google RSS","百日咳の流行状況（東京都 2025年） - 東京都感染症情報センター","https://news.google.com/rss/articles/CBMidEFVX3lxTE5tOExTTTIybGxpb09VZnlzTFBGZ21HamhON2tNWEQ4eXdvM0UtLUNhTnFpZHBYa2RITFJ1R1FxT0ZFMkx1ZUhiM0ktNWV4NE8wdWlZeTZEMkRGZ29JdHpicE5OMVFNb3ladHJ0b2NwYUtRNVds?oc=5","百日咳の流行状況（東京都 2025年）,"Thu, 24 Jul 2025 07:00:00 GMT",2025-07-24
"感染症","Google RSS","例年を上回る異常な暑さ　熱中症と感染症のＷパンチに要注意　その対策は？ - nikkansports.com","https://news.google.com/rss/articles/CBMifkFVX3lxTFA1eEFHS0x6TFRVdnQ1Y2xVTnl3T2hFLUpNUVJoUjFab1RGbTE1a3puSUF5em43alRLX09obk9kLW5VVW1aY1pMc1BnN0VjWnk2SmV4YVY5RU5qM040ZGZhekhtN0JsZlRWellJTVlMV05VTzNKZ0g5dm43TERrQdIBgAFBVV95cUxPMFE2QS1ac0g0LXBFMjNyZG1iTHdDcG5xUHBzYU52VUlCbXJMRWlnOU9mSFlvVDBBU0dXSlVvR2RqRDNlcG8zQk1kOFEtN1JoSHlEek9mOGJjTnMzUzJnYmN0eU9QS1l3dlZrUFF2RDcyNFJTM1RQajZtbENrX1hXVQ?oc=5","例年を上回る異常な暑さ　熱中症と感染症のＷパンチに要注意　その対策は？,"Thu, 31 Jul 2025 02:11:04 GMT",2025-07-31
"感染症","Google RSS","百日せき感染者数去年の196倍 過去最多を更新（MBC南日本放送） - Yahoo!ニュース","https://news.google.com/rss/articles/CBMif0FVX3lxTE9GZkZYXzNvM1d0blhFZGd4c0xtWmNJdEFuTndmMnRpVUtmNUVFNktKTTRBaFZSWl9pNENjRlZ2NmRKVGxucVAzWnBlbDBlR0FUQXZyWVBTZVc5bm1GRGpPZEdVVmdvc244Nm1WYm5qLVNyUVNBc2x0Vnc0bTJMODg?oc=5","百日せき感染者数去年の196倍 過去最多を更新（MBC南日本放送）,"Thu, 31 Jul 2025 07:12:33 GMT",2025-07-31
"感染症","Google RSS","栄区感染症対策研修会 - 横浜市","https://news.google.com/rss/articles/CBMiogFBVV95cUxOTktLdGFuWXJ4eFFqM3N1UXdDTW1LSENvZUt6bXZQNVlIWVRQRHBkbWtpNDBSSjhhWmdUVWgtNUZBLWoyd2FEa0tOR1dXdzNGUW1DYlF3cXlLblhpVWpaMEpOTkZxYW5aWDZhVDhpMmVwN0h6S2xJX2ZWSHhsR2toLXlYTGtrN0pDdW5RQjJubFc1eS1fcHVKS1ZOZF84SDRuUlE?oc=5","栄区感染症対策研修会,"Fri, 18 Jul 2025 07:00:00 GMT",2025-07-18
"感染症","Google RSS","【長岡】感染症情報（令和7年第29週：7月14日から7月20日まで） - pref.niigata.lg.jp","https://news.google.com/rss/articles/CBMieEFVX3lxTFBZR1RpSi1rNTJIVXd3WnRMMFplaEIzR1A0WGhjb2pnTW8xdVdKaVdRM2tRSzdNdjUzZ3UyUDhtX0JTRmxOcG54WnROQ0RVTjd3dzRCZ0dGSkx2WDJPQkVZZXpXWjN1NklPeFM1ZmlzT0VkZ0kyWktRbA?oc=5","【長岡】感染症情報（令和7年第29週：7月14日から7月20日まで）,"Thu, 24 Jul 2025 08:15:00 GMT",2025-07-24
"感染症","Google RSS","感染症発生動向調査（臼杵市医師会） - city.usuki.oita.jp","https://news.google.com/rss/articles/CBMiY0FVX3lxTE5GUzVVVXFvcGR4RURhREZKb1hMc0dSbjBKb1Y4TDRYajZBS0YtR3NUbjMxU2RxbWJEZTZ2c3RqX3JTQm5kWFZZNnZhdEZIQnhvWFVaQjd4RWx1elE1WEM4eWZIWQ?oc=5","感染症発生動向調査（臼杵市医師会）,"Tue, 22 Jul 2025 07:00:00 GMT",2025-07-22
"感染症","Google RSS","妊婦が感染すると流産のリスク…佐賀県内でリンゴ病感染者が急増「流行の兆し出ている」（西日本新聞） - Yahoo!ニュース","https://news.google.com/rss/articles/CBMif0FVX3lxTE9pbGV3Vm9raWx6aDItc3BRcE0xbmxOY090dy0yMFNfLS1jek1GbEF5SzNac1FSeC1oaHo2NlU0YXFCVWRMNFVIUmVOQ1NnQUE3aWFPdHBCOUlZajVnU1h0REV0MUZpNnpNV0tIQ3N6MmRKS1FmTlhNdmRDYWpyTUE?oc=5","妊婦が感染すると流産のリスク…佐賀県内でリンゴ病感染者が急増「流行の兆し出ている」（西日本新聞）,"Thu, 31 Jul 2025 06:14:01 GMT",2025-07-31
"感染症","Google RSS","ワクチンも治療薬もないチクングニア熱、中国で感染者５０００人に迫る（中央日報日本語版） - Yahoo!ニュース","https://news.google.com/rss/articles/CBMif0FVX3lxTE0ya0FEVDFVOU9lUVUyZnhTVTMtbWd0WjZlLXpsVmx6SnVpcFZiVlgzeWVNeDZ3a0hpcnNCdFRma1VCZEc0RmwxdldNM3QxeHFCMjl4b0Z0YlNmRk5FR1NaTU50X2E1cnByZXFpX0VMcXd5bVlVdmN1Qkd5eVdaSVU?oc=5","ワクチンも治療薬もないチクングニア熱、中国で感染者５０００人に迫る（中央日報日本語版）,"Wed, 30 Jul 2025 01:51:03 GMT",2025-07-30
"感染症","Google RSS","「感染性胃腸炎警報」を解除しました - pref.hiroshima.lg.jp","https://news.google.com/rss/articles/CBMib0FVX3lxTE1MMXZqWExydm04SnVVNUFSbmc4T09aWGpVS1dtLTV6ZGtUVC1JMVJ1OWJRX196SEdqUkVOWVVrRGdXcXVRdXZUQXlKYVZaSEtkdV9QOVRRRklMZms0SG9OcV9XWmR3Rk9nRXVvSHZPZw?oc=5","「感染性胃腸炎警報」を解除しました,"Thu, 17 Jul 2025 07:00:00 GMT",2025-07-17
"感染症","Google RSS","致死率27％、マダニから感染「SFTS」 東日本でも拡大の兆し（産経新聞） - Yahoo!ニュース","https://news.google.com/rss/articles/CBMif0FVX3lxTFBIUFF5emxITFVkOWZjWDdZbGZGYVZLelRyR2Vxc0lZY3k1eEk1YlJjYVRsVTdPdUptZHd2ajZsT09CMXVRUEJsOE0tWTJKTFM5TXhJc2NUS3ZsRE82SnR5MnRaRXR0N0RmUWtlTG9Za2JQQk9mNE9IZmQ5dEVGV3M?oc=5","致死率27％、マダニから感染「SFTS」 東日本でも拡大の兆し（産経新聞）,"Sun, 27 Jul 2025 13:35:53 GMT",2025-07-27
"感染症","Google RSS","感染症 - city.kamakura.kanagawa.jp","https://news.google.com/rss/articles/CBMid0FVX3lxTE5ZOEFwZGVMaUFUR2NuTHlvQWpfcmdrWmlVblZkUnJudmxwdGVwSk9ZODd3c2V3RThfMVN3bVJYMVdXVDNnb2hfWmdsVW5WNzFnYlV5bmxOWjVHNllMRHFRQlI1dm1tbmsweGRGNXktSzRua0VfbFJV?oc=5","感染症,"Thu, 03 Jul 2025 07:00:00 GMT",2025-07-03
"感染症","Google RSS","群馬 「百日せき」患者減少も流行続く 感染対策の徹底を - nhk.or.jp","https://news.google.com/rss/articles/CBMib0FVX3lxTE5hbHdqeEdJdEVPTWlHQ3VaMmtNWFRyRU1KWUUwSHMtT3ZNelg0RkhGd3ctdTJ2bXRxeVFrREI1Y2c2M3RzcFpPYzI1U3BENk0xUUtyS0x4OXVyNFFrTGU0S2dsWDBMLWExbG1SaDBwZw?oc=5","群馬 「百日せき」患者減少も流行続く 感染対策の徹底を,"Tue, 29 Jul 2025 08:55:00 GMT",2025-07-29
"感染症","Google RSS","豪当局、新たに子供800人を感染症検査の対象に　職員がレイプ罪で訴追された保育施設で - BBC","https://news.google.com/rss/articles/CBMiX0FVX3lxTE5UTE1xRU0tZEZTZ1NUQlhreEZRYklZTWhFZkN0TmpmNmZUMzJ3eHNnTDAzbEtGN2pQY05kTEJlYXh6UkVrUVBvTHVzTzh0d0lvelZ6eVpFblZVVWh5VDc00gFkQVVfeXFMT0YtUGY3eGxaU0pzVnhZN0kxeGpXV0IwNDhDSTRxbDJFekk3OV96MnRmd1R0ald0UmlpMm9rUW9RUmg0cERGbFVjaG56cVdoSFB3ZjZwRTU3SEVrU2NDNVhNaTB5Nw?oc=5","豪当局、新たに子供800人を感染症検査の対象に　職員がレイプ罪で訴追された保育施設で,"Wed, 16 Jul 2025 07:00:00 GMT",2025-07-16
"感染症","Google RSS","福岡県、11週連続でリンゴ病警報 ヘルパンギーナは大幅に減少（西日本新聞） - Yahoo!ニュース","https://news.google.com/rss/articles/CBMif0FVX3lxTE44TzJlQnREQVhoaUh4MnJ0eTFoN0gxSkVVSy00VjVGWWN5amh6aUY3REFTVWxSX1lZeFVKV2l0Mi1ZTkhqSTNOaWVRUFdmYzI1bV9DRURwTnFJSU1UMkIzN0NxTi1kcDloYUdqcUZCWFNWREx2dE5rUEp2QVhPTGM?oc=5","福岡県、11週連続でリンゴ病警報 ヘルパンギーナは大幅に減少（西日本新聞）,"Thu, 31 Jul 2025 03:27:16 GMT",2025-07-31
"感染症","Google RSS","しまね海洋館アクアス、シロイルカの赤ちゃん1頭の一般公開中止 感染症疑い - 47news.jp","https://news.google.com/rss/articles/CBMiS0FVX3lxTE1kZ2x0dFJDRmh0Q05idkZxUDlicEFxSnFNMXdCUGlMbFNmSTVHV1g0aHNXTmhqbVJNTTh3bmZZZl9RZVRIZzBWeXhJaw?oc=5","しまね海洋館アクアス、シロイルカの赤ちゃん1頭の一般公開中止 感染症疑い,"Thu, 31 Jul 2025 05:26:50 GMT",2025-07-31
"感染症","Google RSS","人助け＞した人の心が軽くなりますように…一刻争う救急現場で、感謝と相談先記したカードを手渡す動き（読売新聞オンライン） - Yahoo!ニュース","https://news.google.com/rss/articles/CBMif0FVX3lxTE14SXNheWRLMEtPX0xUY2wxVkstRzBwRExXVUFzY0o5VnRpcEtOR2I5QmNqQmJFOGVZLXBVZ2xrX3Y2UFBjbjVVenhFQzdXcGtFY25IZXozM0tqZXljUG5rTC01QVo2N2o1WVFFMDB4Q0RfSkJtRkU1NnllSGMzSVk?oc=5","人助け＞した人の心が軽くなりますように…一刻争う救急現場で、感謝と相談先記したカードを手渡す動き（読売新聞オンライン）,"Thu, 31 Jul 2025 06:48:22 GMT",2025-07-31
"感染症","Google RSS","〔急性呼吸器感染症定点当たり報告数まとめ〕全国の定点報告数54.03人(第29週)（レスキューナウニュース） - Yahoo!ニュース","https://news.google.com/rss/articles/CBMif0FVX3lxTE1aQm8zOU9qUUlvcjJiZ1VxYWtrSEZrWVktQzhQdnRvRmo3N2tzQ2lncE5wMTlSVnl3S2ZnNjREbDVxVHUyMTJyYTVwVDAzSnd6bWxNWWc4ZllzbTJMQ1NYRUZxMHFYTUZJN1RYTENDUmdtMl9ubG9mZWhNM2h4NTQ?oc=5","〔急性呼吸器感染症定点当たり報告数まとめ〕全国の定点報告数54.03人(第29週)（レスキューナウニュース）,"Tue, 29 Jul 2025 12:00:00 GMT",2025-07-29
"感染症","Google RSS","乳幼児ほぼ感染 ＲＳウイルス 妊婦 ワクチン打って 医師「安全、有効」訴え 周知不足で接種１割 県立病院 - 福井新聞社","https://news.google.com/rss/articles/CBMiXkFVX3lxTE1vU3hrU0RFcG9ydmFBOE44YVB0NkF6dDhxNENGRjZpZkhqRGdKanhYa1AwZDloNjBoOXJUTU5URmd4Z1RFVk9STkVRU0FlY2NBbGM3Z3B1RG1IQ0oyenc?oc=5","乳幼児ほぼ感染 ＲＳウイルス 妊婦 ワクチン打って 医師「安全、有効」訴え 周知不足で接種１割 県立病院,"Wed, 30 Jul 2025 20:00:00 GMT",2025-07-30
"感染症","Google RSS","マダニ媒介の感染症 SFTS患者数91人 同時期比で過去最多に | NHK - nhk.or.jp","https://news.google.com/rss/articles/CBMib0FVX3lxTFBYUWo4UHNqSEpLeHREbVdkNXY0VnI2Y3pNcXZjdlhJYzZ2QU5WZlZ2enJlTVlvUXNUSjdmZHE1MDRVbnFFT1JDVTVoYk96ek5ZeHE2NUJIMnFMbDQzRTZlVlpmWWJadmxsRDhRT203RQ?oc=5","マダニ媒介の感染症 SFTS患者数91人 同時期比で過去最多に | NHK,"Tue, 08 Jul 2025 07:00:00 GMT",2025-07-08
"感染症","Google RSS","破傷風ワクチン出荷停止で感染リスク増…医師が語る“45歳以上”が注意したほうがいいワケ - 女性自身","https://news.google.com/rss/articles/CBMiVEFVX3lxTE5iWnJkRjdySDlPaTdyY0dCV2tFNExjaU5HU2NreFJEcXZESnllbURfUm8tZlRSVmpBN3NBcVRPZ3NPS1ViMUZqb3BTejcxdGswNWFpSg?oc=5","破傷風ワクチン出荷停止で感染リスク増…医師が語る“45歳以上”が注意したほうがいいワケ,"Thu, 31 Jul 2025 02:00:00 GMT",2025-07-31
"感染症","Google RSS","暑さで感染症流行「せき止まらず」原因は？/涼しさより冷たさ「即冷グッズ」大ヒット（テレビ朝日系（ANN）） - Yahoo!ニュース","https://news.google.com/rss/articles/CBMif0FVX3lxTE9kOF9VUmtqcExtWHlodUFkckg3dXh2ZHpudHN4RGctTWVxaVBYQ1pPelFBOHFCUF8wTTRTODBWSWZDeXdXcVlTMW0ybjgzRjhqcEZWSm9sUktxOU95MFBrcENaYjhkM1ZfYWxSQnVKTXdmZVBmWC1fYkQ1cWY2Szg?oc=5","暑さで感染症流行「せき止まらず」原因は？/涼しさより冷たさ「即冷グッズ」大ヒット（テレビ朝日系（ANN））,"Fri, 25 Jul 2025 01:48:00 GMT",2025-07-25
"感染症","Google RSS","群馬・利根沼田の保育施設 園児１４人感染 腸管出血性大腸菌感染症の集団発生（群馬テレビ） - Yahoo!ニュース","https://news.google.com/rss/articles/CBMif0FVX3lxTE9HUHBmUmNaa1ZSVlI1bUZKa0tIWm5KMnMwVzNkZTQwTlhVbHdobUMxVjdwY2tnQXhCQ2ZIbWpoVUVtVHduYlVfTENTY29aeVNZY3N5NUxHYXNZR1hCejlDUWJaXzlrcERmcUxsZEk2a1BYbWhoNElkT1A2dzVDQU0?oc=5","群馬・利根沼田の保育施設 園児１４人感染 腸管出血性大腸菌感染症の集団発生（群馬テレビ）,"Mon, 28 Jul 2025 11:22:32 GMT",2025-07-28
"感染症","Google RSS","マダニが媒介の感染症ＳＦＴＳ 神奈川の女性感染 関東では初 - nhk.or.jp","https://news.google.com/rss/articles/CBMibkFVX3lxTE1tZi1MX0N5aUZlQ2dGQzNFN2IyYXFYbkVwdGo2RXFSYkhBT0Q3QU9uXzFuUzF6V0M0Q2UwbGdDUjhKbkJDa1BIOFh2WEJTal9YQ3o4NEtDSlBGTkFwVk42M2pPdDZvYVlKNHFIQ1ZR?oc=5","マダニが媒介の感染症ＳＦＴＳ 神奈川の女性感染 関東では初,"Thu, 17 Jul 2025 07:00:00 GMT",2025-07-17
"感染症","Google RSS","医療措置協定について|医療機関の方へ - hokeniryo.metro.tokyo.lg.jp","https://news.google.com/rss/articles/CBMic0FVX3lxTE1nSExweVhnQU5iOTB2d1NUVGM5R0VoQnRfS2FLOG42ZTlVUWJYdHptWFdsb1BmZHJFRmVKazNFeENpMHhBdnJRc0xyUnA5NUsyUElLRktNZzdFZDc2UVAxRWRTQWRlSkNhR0lsbS1mZmpFZWM?oc=5","医療措置協定について|医療機関の方へ,"Fri, 11 Jul 2025 07:00:00 GMT",2025-07-11
"感染症","Google RSS","「命や未来、奪うことも」性感染症 専門医が高校生に授業 検査や予防薬の知識伝える（産経新聞） - Yahoo!ニュース","https://news.google.com/rss/articles/CBMif0FVX3lxTE9Pc0l4VFFMSWRJOUNNTWdfTTY4cThLNXdfRzdlU2hldnZZT1YyTzhXWjFQLXRzbDNEblN1SWFxcFlCYm1RbTlOU05WckIyRnhUYU1weTRPbXcwYy1hSi0yU3YwZVdmb2x4VGZsbzNRMm9ET2N1NFo0bEZoSE5sb2s?oc=5","「命や未来、奪うことも」性感染症 専門医が高校生に授業 検査や予防薬の知識伝える（産経新聞）,"Wed, 30 Jul 2025 02:42:38 GMT",2025-07-30
"感染症","Google RSS","感染症の流行状況 2025年 第29週 - pref.saitama.lg.jp","https://news.google.com/rss/articles/CBMidkFVX3lxTE1LOUVEODQwU0dmemJCTjFGSXdDTk1GekhUam56cU5ldFpPWHBHeWFTc3NqODBMTXJfTTNLVjNOODdWSHIwUGZBTmRtMVFyVjRESU9ZazdiSTdRZ0tCWkxkX2pXRlhIeExXZHFaNUtzNlZTMmNyZ2c?oc=5","感染症の流行状況 2025年 第29週,"Wed, 23 Jul 2025 05:16:19 GMT",2025-07-23
"感染症","Google RSS","ふじのくに感染症管理センター - pref.shizuoka.jp","https://news.google.com/rss/articles/CBMiiAFBVV95cUxPYTg3RU5kdUEzOFhkcHRQN1VzMmdTanZJUTZvSnlnbFA3U2k3SUFaY1N4Z0RfNkY4OHctZV9pXzl0UmhEVWVJSk5fZlhOOVp4cHhQZVA0a2VPTl9LZldUTTllUXRWSFR3YkZUSEpmdmF2cUFsYXVEa0c1WDBmSzJPM2IyMnFIV2NH?oc=5","ふじのくに感染症管理センター,"Mon, 30 Jun 2025 07:00:00 GMT",2025-06-30
"感染症","Google RSS","中国や韓国で広がる熱帯感染症の波、日本も無関係ではいられない - ｄメニューニュース","https://news.google.com/rss/articles/CBMiigFBVV95cUxOeXVwdEhwN3hPT0hka1ZZTEVEa0daSktleFhQOW9idTU3NW9BT2JGcjZERnJJVE5DWTRRLS1nVENCMG1LYmxjSXZvRkF3MDVPdjhnQUZMUkpxRHZHSnNvLU1hUXZnZVJSRXJRTU0tUms3elM3WTc1bkVmVzk3UEdTRGU5bDJDaFVGVVHSAY8BQVVfeXFMUEdEekFXR2xVdUItXzJXVDlOeC1zcXNKTWZtaUZoMXBMRC12MGZlb05pSGNpTk02V3NKZlAtNWM5QlRIdWJ3ZEd0X21rWDhiQjRmSlJNamRDV0VGMDN5VW9nTUt0RVNrOE0xRzN3YW5YeFM3cFFhSjREWmliYjNvUGgxc29VVl83RnlwZExDTGM?oc=5","中国や韓国で広がる熱帯感染症の波、日本も無関係ではいられない,"Sat, 26 Jul 2025 01:00:00 GMT",2025-07-26
"感染症","Google RSS","百日ぜきなど、感染症流行止まらず コロナ禍で「免疫」低下か ニュースの「つぼ」 - 秋田魁新報電子版","https://news.google.com/rss/articles/CBMiYkFVX3lxTFBKdlhhcDAyQ0FBUERlYzR4Q0VIZ2VqZHhiejFpWXZzMHVDRHE5VjN5MjZub1hIVTJnRDRJdWw0LUpacEVWbTd4WWRHRjRkbV9pMHFwNVZGdzNGZnVWaVdxZ0Nn?oc=5","百日ぜきなど、感染症流行止まらず コロナ禍で「免疫」低下か ニュースの「つぼ」,"Sun, 27 Jul 2025 05:00:00 GMT",2025-07-27
"感染症","Google RSS","海外旅行は「蚊」が危険信号！ あなたの旅を守る感染症対策とは？ #エキスパートトピ（有吉立） - エキスパート - Yahoo!ニュース","https://news.google.com/rss/articles/CBMiiAFBVV95cUxNa3VGNWEtbzRUUlBQN3RCYUJmQmFHVHRQZmVVcTlaOUpoMlFjYVJ6OU9JZlR5eG1UeFRYQ0Q5RERkN21OeVJjVElsaFktRjhvNlBudldWRXBwaVlveTl4eW9ZbGppV1ZJLVRwcXVLbjhael9Ld2luYlRjNDBMM2ZkZ2VOQlFKaldM?oc=5","海外旅行は「蚊」が危険信号！ あなたの旅を守る感染症対策とは？ #エキスパートトピ（有吉立） - エキスパート,"Wed, 30 Jul 2025 05:52:30 GMT",2025-07-30
"感染症","Google RSS","［感染症］ 新型コロナウイルス、第25週以降増加続く 感染症週報 - 厚生政策情報センター","https://news.google.com/rss/articles/CBMiU0FVX3lxTFA3SWtrUDZJVmZUSzktZVptQnVFZUdaOWFXR1pha3pVcEVoTGI0bTVaZTZ0N2Q0Z2ZDY3dkQWR0NG5rOTQ4eFZIcG1nekFKcmxZa0lN?oc=5","［感染症］ 新型コロナウイルス、第25週以降増加続く 感染症週報,"Mon, 28 Jul 2025 07:00:00 GMT",2025-07-28
"感染症","Google RSS","【緑区内の施設関係者の皆様へ】～感染症に関しての報告・相談について～ - 横浜市","https://news.google.com/rss/articles/CBMiqAFBVV95cUxOV3VDcWdPX2dCdE5FRW91cDhBSEFvS2hRYl9HTmxEb1B0OWZHb3U5YkFOMlJCSnNRWXFGYUZOaVE1c1hSVjNjV293ckF2ZC1MSE1UOWlVQ084eGU0eVgzc3VNdzY0R2RRX1FCNlRqRzRIV016dzgyTlpwcDJUWGN1dTl3Q2RCNnpIcHpQX01meUs5LTZaY2lwNU9hLXJ5X2gwS196eEdVdWM?oc=5","【緑区内の施設関係者の皆様へ】～感染症に関しての報告・相談について～,"Thu, 01 May 2025 07:00:00 GMT",2025-05-01
"感染症","Google RSS","急性呼吸器感染症（ARI）の流行状況 - pref.hiroshima.lg.jp","https://news.google.com/rss/articles/CBMiYEFVX3lxTFB1UTVNOWZsQUphaXBIakNxWUNEUmRkWFFVczkyemkyMHZvNTh6SktNcnE4SWp2U3lyZHM0YkZleDhSTU5raWtnZ0ZVY2t0OTRIQlNQdU91OVY2REc1d1ZZWA?oc=5","急性呼吸器感染症（ARI）の流行状況,"Thu, 05 Jun 2025 07:00:00 GMT",2025-06-05
"感染症","Google RSS","新興感染症等発生時アクションカード（呼吸器感染症編） - pref.saitama.lg.jp","https://news.google.com/rss/articles/CBMic0FVX3lxTE9vYVlHVU1SZ1hrN1Rpa0lFSWFCYUFZTC1xU01nNy0tNFdZTHZLMV9xdHlfX0YwcGtpaGhNZmFwLTkwWk5DbzB2RGY1N05HQ0szRjFXZzY1Zks1VV9rUm82YTJCMk9QanVxQlFFR01ja3l6NGM?oc=5","新興感染症等発生時アクションカード（呼吸器感染症編）,"Mon, 02 Jun 2025 07:00:00 GMT",2025-06-02
"感染症","Google RSS","7月平均気温が過去最高更新へ 酷暑の中『新型コロナ』『百日ぜき』増加傾向 - テレ朝NEWS","https://news.google.com/rss/articles/CBMickFVX3lxTE91YlQxTXFNYmRsNlNwbXJMTVV6LTJ2WTR5VG5KQm4yeVR6UGM5NHR2RzY5V3dYY2ZSVkNVQ3dXSmZfZUlmRnJiT2dqck8tZ01SSHdUU3VHTzVHN2JWdFRzb3FSZlZtdmhHdXA3QVpZa0w3QQ?oc=5","7月平均気温が過去最高更新へ 酷暑の中『新型コロナ』『百日ぜき』増加傾向,"Tue, 29 Jul 2025 16:34:00 GMT",2025-07-29
"感染症","Google RSS","最新の感染症情報 - pref.saitama.lg.jp","https://news.google.com/rss/articles/CBMikAFBVV95cUxQa1JkM2dsYVNSSDZjY2dTX0p3UDM4d3doUS1mVGZNTUd6eXBqQjU3d1Nqdzh4TnA3elhzQ2x5WU5rLXVxUkVGYlVMZ0JibzdPbVRiNzNEQ0pNTFJfTFc3VWZxRWw5Q3BqN2xDa2ljUDV3Z3hzMjNTUkh3T29HTnExZjB4N1Z1QkJ6empQVEk3NGk?oc=5","最新の感染症情報,"Tue, 11 Mar 2025 01:12:13 GMT",2025-03-11
"感染症","Google RSS","身近な市内医療機関でHIV（エイズ）・性感染症の定額検査（1,000円）を実施しています！ - city.sendai.jp","https://news.google.com/rss/articles/CBMipgFBVV95cUxONUVrRzJvOGprUGpqNmFGSmhWbjBEcnBuUXBFRXc1SlpUSXBqU0VtT2MycWtMXzNxdGc0X0JIaGRJWXZPalVUT1N6NlgyUklaTnZOYlZ2SDVMQjNid0otX0FLaXJ2ZnBSNkZTY0dxSXV5eWpneEZ2WnllTVB5bHJ6RlBsVHJTNlRRZm53enZHNGxOVUFvNXJtZjZLSGJ6dDh4dExIQlRn?oc=5","身近な市内医療機関でHIV（エイズ）・性感染症の定額検査（1,000円）を実施しています！,"Thu, 05 Jun 2025 07:00:00 GMT",2025-06-05
"感染症","Google RSS","「大阪大学・日本財団 感染症センター」竣工式典・内覧会を執り行いました - osaka-u.ac.jp","https://news.google.com/rss/articles/CBMiZEFVX3lxTE1GZ1ZPemc2Z0lzRC02cTViRmgxMkUwOEd0dnd2dV9EZzN6RTI5Qy1HRXVFRXVELTRENERKamlzcHF6Z2J3NlgxNHZlVU9iR3MwNEE3b2k3WmtGMl94THdoZXZIU2E?oc=5","「大阪大学・日本財団 感染症センター」竣工式典・内覧会を執り行いました,"Tue, 01 Apr 2025 07:00:00 GMT",2025-04-01
"感染症","Google RSS","性感染症市場規模は2033年に1,922億3,000万米ドルに拡大へ：2025年～2033年に年平均成長率（CAGR）12.08％で拡大する世界的および日本市場における最新動向と診断・治療革新の影響分 - ドリームニュース","https://news.google.com/rss/articles/CBMiVEFVX3lxTFBBdHgzejlTWTN4THNjQW5uSnZMZnFvX0RkRjF0dTRtNW5lNnBnMXFzVXA1SnlRUkJ4cVZPd2VmYUFoR2dIRXdKTWxZZTZDa0ktRlNXMg?oc=5","性感染症市場規模は2033年に1,922億3,000万米ドルに拡大へ：2025年～2033年に年平均成長率（CAGR）12.08％で拡大する世界的および日本市場における最新動向と診断・治療革新の影響分,"Mon, 28 Jul 2025 00:28:00 GMT",2025-07-28
"感染症","Google RSS","改正感染症法における医療措置協定について - 大分県ホームページ","https://news.google.com/rss/articles/CBMiWkFVX3lxTE1wQUgwdzdFMUIyNlpxTnY0c2pYQUhBVE1GVVVsS2pwVnVTMi0taU94b3VJbEp1RTJ3Y1FnZGhwN2FUUlpHUG1hZDJBS2lnR1o1WG5xVDBaLVNVdw?oc=5","改正感染症法における医療措置協定について,"Tue, 01 Apr 2025 07:00:00 GMT",2025-04-01
"感染症","Google RSS","感染症情報 - city.minamisoma.lg.jp","https://news.google.com/rss/articles/CBMigwFBVV95cUxNSXVFYXBJVHVra20xX1FOaEkwSXdqMzFxSDBTYXFvQWhGbndvZ05HRGxRRWNfdVhscDZYdTlrek5RYS0xcDA1aTctUjNkcHFLWDhNRlozYkI0c3JHak9MVHBDYWN2SmFJRlNOZXF2clUzSTBzMnYtM18wdHFDcGs2OUpLVQ?oc=5","感染症情報,"Mon, 26 May 2025 07:00:00 GMT",2025-05-26
"感染症","Google RSS","岡山県内全域に注意報 腸管出血性大腸菌感染症 - 47news.jp","https://news.google.com/rss/articles/CBMiS0FVX3lxTFAyNkxtUzN6dS1raUc1ZDFlODdDb0UzS2VpeUZZZDdHaUNHbnBXN1k1NC1WVnhxMXBwQnN1OU95STI1U3lfWDdEbE5HWQ?oc=5","岡山県内全域に注意報 腸管出血性大腸菌感染症,"Wed, 30 Jul 2025 01:58:46 GMT",2025-07-30
"感染症","Google RSS","学校の感染症対策 - city.nagareyama.chiba.jp","https://news.google.com/rss/articles/CBMihAFBVV95cUxNMDJpSDUtelRDN3JFYndNbGcxREVDT055c3ZGV0V5YS1ZNFJtMnEyeC1DOU5KOVp3MWFZRW13bTI2MU9Ddk94Z0JqVkNXd2o2RDRQM2Q5T0JsOHAtTlFnNGN6UEQ5MnJfYURIbnVqVWp1NmRZRkFXM3VleDR4NW5OSW1FVWw?oc=5","学校の感染症対策,"Thu, 12 Jun 2025 07:00:00 GMT",2025-06-12
"感染症","Google RSS","乳児期のB群溶血性連鎖球菌感染は神経発達障害リスクあり - 日経メディカル","https://news.google.com/rss/articles/CBMigwFBVV95cUxOeHdUZENpZ0tpenNoYklKV1FUaVphMVUyc1lvX0Fka2pIQ1dETURQOEt0cEVRY18zNk1uWldER2Y4aWdna042c2tFcFl1MEJWalV5QUxzTXk0T0tCbXI2S2l5b20tblExalJYTjBSOXpNUF9xUEZISjVsWWdpSEpMNnlRRQ?oc=5","乳児期のB群溶血性連鎖球菌感染は神経発達障害リスクあり,"Tue, 29 Jul 2025 14:45:12 GMT",2025-07-29
"感染症","Google RSS","マダニ感染症、関東に上陸 神奈川県内で感染例を初確認 致死率最大30％「対策が重要」 - 産経ニュース","https://news.google.com/rss/articles/CBMidkFVX3lxTE9YWlZoUHpwYkRsS3NPeDhxbjlvTnF5ODhpZ0EwdzlsTWNuQjZSYnQ5V1FGa0NjRVlxRndDWE1Nb1VpamJ1bWJJNmt6eHpYUE0xTGxrTG5oVFN6cVhydWplc3NXVEhHb21zOWdTb1M5WkpnS2w1RWc?oc=5","マダニ感染症、関東に上陸 神奈川県内で感染例を初確認 致死率最大30％「対策が重要」,"Fri, 18 Jul 2025 07:00:00 GMT",2025-07-18
"感染症","Google RSS","感染症の流行状況 2025年 第26週 - pref.saitama.lg.jp","https://news.google.com/rss/articles/CBMidkFVX3lxTFBIVFVYMlFtcTlySHhrTlN4bWZUbFU5SnY0bkgwY3NGNHVNS2t1S2djNTE2emc5YloxSWFIa0otejVMN29mR1JCcldORzZ0TElzWTFSMTc1eXdWTGliU3dKNTNRaVpCaldMNXRVc3d3U0VYRVhIMXc?oc=5","感染症の流行状況 2025年 第26週,"Wed, 02 Jul 2025 07:00:00 GMT",2025-07-02
"感染症","Google RSS","ダニ類が媒介する感染症に注意しましょう！！ - city.fukuyama.hiroshima.jp","https://news.google.com/rss/articles/CBMidEFVX3lxTE0yRi0zcWtvVzViVTFsamRhT2w5eEZncnhVRnF6ek0zZjU4SEpYWmRzYnlxYkZmQ243X2p0cWttbUw5eTBra2ZWeFhKWG1VbTJGcG1MdVhMQXc5ZFVlVFloT2lfWVNnNlIyM25KZDhCNi16NFA1?oc=5","ダニ類が媒介する感染症に注意しましょう！！,"Mon, 02 Jun 2025 07:00:00 GMT",2025-06-02
"感染症","Google RSS","保育所等における感染症対策について - city.wako.lg.jp","https://news.google.com/rss/articles/CBMifkFVX3lxTE5ZTDJESHA4OThqZ05sbm1kTzFTemhPcGJoSk5oRmswQ3F1ak9YZUVJQlhJc3RPQXBremxxRlE0S3hQVXVPakNlaWhkbTNHaVM2cE9BczFCZWhuZVdTNXNobDlRQmdNRVdhU05sTlhQM29lQlRWeDBYM0Q5UnNXUQ?oc=5","保育所等における感染症対策について,"Fri, 16 May 2025 07:00:00 GMT",2025-05-16
"感染症","Google RSS","千葉県の新型コロナウイルス感染症情報 - 47news.jp","https://news.google.com/rss/articles/CBMiS0FVX3lxTFBDS3NtSXQ5NTVrZVgxM3lGS2N5a2ZzRzY1bFhQaVZ2aWRTWWpvTmxZX3NTSHRMcjFIeVFnbkV4VmxWT3lLYWhCRFRsMA?oc=5","千葉県の新型コロナウイルス感染症情報,"Wed, 30 Jul 2025 07:50:19 GMT",2025-07-30
"感染症","Google RSS","福島市感染症予防計画／福島市公式ホームページ - city.fukushima.fukushima.jp","https://news.google.com/rss/articles/CBMid0FVX3lxTE1FbjlxanNVS2ppVjN4LXBBQXZ0aHBEbEtMTnR4NmhTOXBJZTYxWUtJczlDcUUtZEp1dHcweUp6YnpXM2NaZmJ0N3lXVVlqMjdDbEx4alptMmxBa0lZS2NhX0Y1T3BVSWVFcUpEcTJGYzR3aHZxS2Fj?oc=5","福島市感染症予防計画／福島市公式ホームページ,"Tue, 08 Jul 2025 07:00:00 GMT",2025-07-08
"感染症","Google RSS","感染症を媒介する蚊対策講習会を開催|5月|都庁総合ホームページ - metro.tokyo.lg.jp","https://news.google.com/rss/articles/CBMidEFVX3lxTE5GT2RIZkJfd3NIamdQQWMzSEhxTk5zRm5aT09BUVJLeE9vaXpMWkdlWlFFWW1UdUF4VmFQcjdPQ3RzaVZyR25hNnM0eng0QkhfSHdueW81c0V0Q2xUaGhOYXhFZXdoajBJUGZvaVVfVWhVdDFL?oc=5","感染症を媒介する蚊対策講習会を開催|5月|都庁総合ホームページ,"Wed, 14 May 2025 07:00:00 GMT",2025-05-14
"感染症","Google RSS","大阪大学・日本財団 感染症センター竣工記念シンポジウム - osaka-u.ac.jp","https://news.google.com/rss/articles/CBMiXEFVX3lxTE1Ickdpb2pmaEgzUkFiMFFmYkVyYUY5QmpsbFlLaElTNnVrYnNoOThzc2Y2dGVSbURjcjBOTHRCNk93ZmhDdFVjNGdKRU4xZTdHSE5obGtFQjZXOWxD?oc=5","大阪大学・日本財団 感染症センター竣工記念シンポジウム,"Wed, 04 Jun 2025 07:00:00 GMT",2025-06-04
"感染症","Google RSS","神戸市感染症予防計画 - city.kobe.lg.jp","https://news.google.com/rss/articles/CBMiYkFVX3lxTE81U18wMmt2R0xDUW9JYUNIZGExUmhlZzRsZUFLcDNEUmY1dTN0TFVMMzFWSDZ4NGVYdmFxNVhGYlg5YmxMVG5kQmlHOVV4SjBiTzd3cUNBSEpBb01wQkdjTDFn?oc=5","神戸市感染症予防計画,"Fri, 07 Mar 2025 08:00:00 GMT",2025-03-07
"感染症","Google RSS","長野県の隣県でもマダニが媒介する感染症確認 重症化すると死亡の可能性も、県が注意呼びかけ - 信濃毎日新聞デジタル","https://news.google.com/rss/articles/CBMiZ0FVX3lxTE8xeGl5WS1MS3E5UWRWekx6Q1VtVGg5QmlZdjJfcEdkUUZSSEs2dGVYeUVPcTk3am1idHo0cTM4TDNxLTdZX2ZRVTNoc0I0MjZ0Nk9KTE1xeWl6VlZfQmZCRDBUSUpuQms?oc=5","長野県の隣県でもマダニが媒介する感染症確認 重症化すると死亡の可能性も、県が注意呼びかけ,"Mon, 28 Jul 2025 21:03:00 GMT",2025-07-28
"感染症","Google RSS","目黒区感染症発生動向調査 週報 - city.meguro.tokyo.jp","https://news.google.com/rss/articles/CBMihwFBVV95cUxOc3FwelVqSTNaRUFFMy1FeUNDWnVfamczUE02dU5EZDVmelpvWlk3ejJEX3BXQ3VRMDRjX1VYekhjMUN5MGU4WHJJYmpISmJsTDN3X1BLMlRZamkxbDdpNkdrVllPdE9HbUQ5RUtBUUVQVjFISHB5akFYamIyWVlFeVVNY21qTGc?oc=5","目黒区感染症発生動向調査 週報,"Tue, 15 Apr 2025 06:27:30 GMT",2025-04-15
"感染症","Google RSS","ジカウイルス感染症 - 国立健康危機管理研究機構","https://news.google.com/rss/articles/CBMif0FVX3lxTFBhU0tYejBDY0IyQ09fdFUxWTFULXJjRnVqbENIR194Q0kzQThpSGNZbFV0eUU0WUJfY1R6WkhDcWhCSXlzOGlfcU4wRGRmLURUbkdmcGJVNXhXQ0ZSOWM2czlLR2d4VFpTNG5ZTGlEcVJ5cDZFU0VhMGFRU0RsSkU?oc=5","ジカウイルス感染症,"Fri, 14 Mar 2025 04:32:29 GMT",2025-03-14
"感染症","Google RSS","福岡県感染症発生動向調査感染症週報（令和７年） - pref.fukuoka.lg.jp","https://news.google.com/rss/articles/CBMiY0FVX3lxTE5hX0Y4ODR6VXR6dENFbHFpTVpUV3FlRHN6cGhqUXRlbWFVcTlnVHYtUEtuRGItNlVQMk00THFvcURYUHNLYzJWSU9qSjVoM0JwdXBRRUloazFrYmhQYm5heVZfcw?oc=5","福岡県感染症発生動向調査感染症週報（令和７年）,"Fri, 10 Jan 2025 07:12:01 GMT",2025-01-10
"感染症","Google RSS","サモア、16,000人のデング熱感染者を記録し学校閉鎖（2025年7月29日、アピア、TALAMUA ONLINE/PACNEWS） - 笹川平和財団","https://news.google.com/rss/articles/CBMic0FVX3lxTE1EcTNXV09mMGRPcjBfTlluZEF5dDkxV3JLYmE1SmdFVS1wLW11eFpLUi1palE2ZE1FUWd5LUFwQlhoM0VGRnJDZ0w1VkcwRUpLS1V3ck9vOS0yeGJKcTVXYXNHbWFTaG1WaGFISjV4N29lcE0?oc=5","サモア、16,000人のデング熱感染者を記録し学校閉鎖（2025年7月29日、アピア、TALAMUA ONLINE/PACNEWS）,"Tue, 29 Jul 2025 07:00:00 GMT",2025-07-29
"感染症","Google RSS","要注意「新型コロナ」の報告数が再び上昇中 #エキスパートトピ（石田雅彦） - エキスパート - Yahoo!ニュース","https://news.google.com/rss/articles/CBMiiAFBVV95cUxPSTJhS050SlZLNnVERExHNG1pNGlVbGFTOUVSXzhJdmxFRVhBemhlUGZTUzByRXo2blZwUUI0SEJGR1AtM0Nia2pzLVFraFNQaVBURjUwZjVCOUxYTHlrVElyWmZ0R3M3TnJMS0JzUWFJU1JOb3FldEVoeVIyaGZZQXpNZzBTMmxK?oc=5","要注意「新型コロナ」の報告数が再び上昇中 #エキスパートトピ（石田雅彦） - エキスパート,"Mon, 28 Jul 2025 23:30:55 GMT",2025-07-28
"感染症","Google RSS","家畜の衛生管理や感染症対策を共有 岐阜市で東海北陸発表会 - 岐阜新聞デジタル","https://news.google.com/rss/articles/CBMiVkFVX3lxTFBKU01TMVNYN2s4MTJxU0dQSVZnMHY0TDFtYWxEbmdCTDZDMEFFY2ZxQmhxZ0ZSTmNXMmhCMVQ1WnV6ZVQ3M3cxYXkxQU9ESEN2MHREeDRn?oc=5","家畜の衛生管理や感染症対策を共有 岐阜市で東海北陸発表会,"Sun, 27 Jul 2025 20:00:00 GMT",2025-07-27
"感染症","Google RSS","百日ぜきの患者数公表 最多を大幅更新 累計5万人超 菌原因の感染症 - 産経ニュース","https://news.google.com/rss/articles/CBMidkFVX3lxTE9pdmZ4TjBZNzFUQTU0OGxpTkZ3X09TN0lDdWxEa3poaTdRMlBHbHBscFNmVEg1VGVmc2RqbG5LaHZzc0JRVVNoSUEzTlN2d1FhQmd0QkFTSDFQNjZCNWsxUThodDFMR3E5dGNlcW42THlnSHNFbmc?oc=5","百日ぜきの患者数公表 最多を大幅更新 累計5万人超 菌原因の感染症,"Mon, 28 Jul 2025 21:03:41 GMT",2025-07-28
"感染症","Google RSS","梅毒の発生状況 - pref.ehime.jp","https://news.google.com/rss/articles/CBMiW0FVX3lxTE5yTHB1aXJpd2l5SHhoUWZrVXlpbGloblQ1Uk0yQjB4ZENxZXFqcWlYMHBCYzByYTRyNzNNM2VsVTZXMGw4eWp4b3dNd05VQjZIVkxfSDZYVDBjMVk?oc=5","梅毒の発生状況,"Fri, 27 Jun 2025 07:00:00 GMT",2025-06-27
"感染症","Google RSS","「もしかしてコロナ？ 百日せき？」感染者は増加中だが実態は？ この夏、注意したい“紛らわしい”感染症を医師が提言（オリコン） - Yahoo!ニュース","https://news.google.com/rss/articles/CBMiiAFBVV95cUxPeU5MRGJvOVZmX3dyWHJrV3hSSkZ6d3JWTUZPSmdvRFBGTmhnSktKWTlsT0ZLaHEwZENHckZBVXduQ1lzbXFXV25wOUNpMGdlYjRwWXRCcjIzRFZWNzczcWNtWXpqLUxBVFRkYzJpT2lRUmo0Z0p6TF9pelJibGF4ZGMtaUhzRVB2?oc=5","「もしかしてコロナ？ 百日せき？」感染者は増加中だが実態は？ この夏、注意したい“紛らわしい”感染症を医師が提言（オリコン）,"Wed, 30 Jul 2025 00:10:00 GMT",2025-07-30
"感染症","Google RSS","感染症発生動向調査で届出られたSFTS症例の概要（2025年4月30日更新） - 国立健康危機管理研究機構","https://news.google.com/rss/articles/CBMiiAFBVV95cUxNMkxDeHpEX1lfWmYyTVhZbHhMeFppbzVCLWJjbEc1Y0Jwamg2X0dCZV92dllXb2M4VmljbDJDWkZyTzZhS0gxQm10aUJ0MktOZlV1WHk3Wmh0ZkZlaG16UnlOX2xDd2lIckFkWXdWRDB1T0pwMWhPQ0FxajA4RS14QU5qNExkN05M?oc=5","感染症発生動向調査で届出られたSFTS症例の概要（2025年4月30日更新）,"Fri, 23 May 2025 07:00:00 GMT",2025-05-23
"感染症","Google RSS","感染症プロジェクト | 国立研究開発法人日本医療研究開発機構 - amed.go.jp","https://news.google.com/rss/articles/CBMiYkFVX3lxTFB3elVuQVg5RThwUGdrV2NPSkdQNXROekZsVlZNSDlacGpIOWI3ZmVCOFptM3haWlMwNTZEUDFGY2N5M2RRQWlydTJVTFZ2RkpKUnRNWWJOYUFWQUVMYzNlUjR3?oc=5","感染症プロジェクト | 国立研究開発法人日本医療研究開発機構,"Tue, 01 Apr 2025 07:00:00 GMT",2025-04-01
"感染症","Google RSS","改正感染症法に基づく「医療措置協定」の締結について（薬局・訪問看護事業所） - pref.gunma.jp","https://news.google.com/rss/articles/CBMiVEFVX3lxTE9uVm1XbENzeHc3MnJwZ3BXSHFFOFFYNDhwSVU3aXJ6RndONHl0aUtlcmRaUklVQy0yaUNIYURFZXkyVzUweEpwd29oTGpRblVMUDFJYw?oc=5","改正感染症法に基づく「医療措置協定」の締結について（薬局・訪問看護事業所）,"Tue, 15 Apr 2025 07:00:00 GMT",2025-04-15
"感染症","Google RSS","蚊媒介感染症対策について - pref.hyogo.lg.jp","https://news.google.com/rss/articles/CBMiW0FVX3lxTE9nS1hYNzVZSzRDN3c4YUhTZlRLMjdwMW1TT3dZSG1lUHFiS2w4aE1LeDdvNFRHaHFWdGpxa2x4Y0dtdVFjTUVJOHNVckp6WlVEV0dQcGZtODBHenM?oc=5","蚊媒介感染症対策について,"Fri, 25 Apr 2025 07:00:00 GMT",2025-04-25
"感染症","Google RSS","感染症の予防や検査に関する情報 - pref.kagawa.lg.jp","https://news.google.com/rss/articles/CBMid0FVX3lxTFAzYlFNbUFGeF9rUlQzd0tLRDcxSzZkYlFZa0VyeUwtWjFfb3dLQUdRajROMEhKeVNaTC1vVHF2VVIzTk5WTGFkc1RhZHdvYUs5WnFOTS1SYjY1bk9sSXVCZVBkRkdxeGZWdVlFdzU1TnNJWmNQOFFR?oc=5","感染症の予防や検査に関する情報,"Wed, 04 Jun 2025 07:00:00 GMT",2025-06-04
"感染症","Google RSS","新型コロナウイルス感染症 経口治療薬「ラゲブリオR」錠剤を本日5月21日より発売～カプセル剤より小さく、1回の服用数は半分に - msd.co.jp","https://news.google.com/rss/articles/CBMiXkFVX3lxTE5XR2lYODg0WFo3eTVMelliVVdCRTlMLXNkTlBQNTJQWXIwRWtiODlic005VmxsZHdnbC1QMG1zM3d3OEMzeTVNNmdyd0J6Z2puUTFrUlRtX2RmTGpudkE?oc=5","新型コロナウイルス感染症 経口治療薬「ラゲブリオR」錠剤を本日5月21日より発売～カプセル剤より小さく、1回の服用数は半分に,"Wed, 21 May 2025 07:00:00 GMT",2025-05-21
"感染症","Google RSS","マダニ媒介の感染症 ８０代女性が感染 富山県内で２例目 - nhk.or.jp","https://news.google.com/rss/articles/CBMibEFVX3lxTE4wRXp3dkE1S0VkRXNGZlJ4OXJoWUVOT2Q4dWZ2MGN3YVBpbDZPTV8xVFlPcmFLZ0xCTjJrZExHVXdXMWJUV1JlRWsxWnV4cVFXN1JCYlJoSUlJTXJHV2MyVWMxa2stbmRTaFNTag?oc=5","マダニ媒介の感染症 ８０代女性が感染 富山県内で２例目,"Thu, 10 Jul 2025 07:00:00 GMT",2025-07-10
"感染症","Google RSS","定点把握感染症(五類)の月別患者発生動向 - pref.hiroshima.lg.jp","https://news.google.com/rss/articles/CBMigwFBVV95cUxPV3JCY1dMdXpjWTdDM3BwRlZlZ19ua3haRHhDNUZ1WGpTbktfbEg4WnlTZDRoaDEtMDljWHVLVU41VTlWdmotdzE2NWNpZU5FWlZ3WXhKVWNUUXRFUmYySzV5UGxNZU5iUVBjYURTd0RnVWpfOXl0cUc3MlpkZ19zaDBGaw?oc=5","定点把握感染症(五類)の月別患者発生動向,"Mon, 30 Jun 2025 07:00:00 GMT",2025-06-30
"感染症","Google RSS","蚊・ダニによる感染症にご注意ください！ - city.fujieda.shizuoka.jp","https://news.google.com/rss/articles/CBMijgFBVV95cUxPaGljOC1GMHZiMkU3bFN0Ri12aG5JdEJhZkNneHY2WTREbzQweEREb0hxdm1Bc19xVzNNN2I3ZEdER3EtLXFjRE5tSFRNWWYzdkVuTEtDdGhsWGVvelJuZWp3UjA4M3dadVBpdUhDVmJVbGJsa3pNcEhEYTI5amRLdXEtcHV1MWxRVkZ2c2V3?oc=5","蚊・ダニによる感染症にご注意ください！,"Wed, 02 Jul 2025 07:00:00 GMT",2025-07-02
"感染症","Google RSS","感染症の流行状況 - city.fukushima.fukushima.jp","https://news.google.com/rss/articles/CBMid0FVX3lxTE5GUXQtNHVxb1ZRVnNtWEduZHpfcHhveXBSbDhoOHRVcXh0NWd6cTh4VWd5Q3dCRU5IcXVsVXczaVY5MXlFY3ZEME1ISFRNdU5GUi1LaXlFajRyMVFJTDZzenhGZTJuRlNoYS1FQzhVVWw5X2Y5UlJV?oc=5","感染症の流行状況,"Tue, 01 Jul 2025 02:51:57 GMT",2025-07-01
